file_name,cluster_id
00420000101_00001,1
00420000101_00002,1
00420000101_00003,1
00420000101_00004,1
00420000101_00005,1
00420000101_00006,1
00420000101_00007,1
00420000101_00008,1
00420000101_00009,1
00420000101_00010,1
00420000101_00011,1
00420000101_00012,1
00004210001_00013,6
00420000101_00014,1
00004210001_00015,6
00420000101_00016,1
00004210001_00017,6
00420000101_00018,1
00004210001_00019,6
00420000101_00020,1
00420000101_00021,1
00420000101_00022,1
00004210001_00023,6
00004210001_00024,6
00420000106_00025,6
00420000106_00026,6
00420000106_00027,6
00420000106_00028,6
00004210001_00029,6
00004210001_00030,6
00004210001_00031,6
00004210001_00032,6
00004210001_00033,6
00004220001_00034,1
00004220001_00035,1
00004220001_00036,1
00004220001_00037,1
00004220001_00038,1
00004230001_00039,1
00004230001_00040,1
00004240001_00041,1
00004250001_00042,1
00004250001_00043,1
00004250001_00044,1
00004250001_00045,1
00004250001_00046,1
00004250001_00047,1
00004250001_00048,1
00004250001_00049,1
00004250001_00050,1
00004250001_00051,1
00004250001_00052,1
00004270001_00053,1
00004270001_00054,1
00004270001_00055,1
00004270001_00056,1
00004270001_00057,1
00004270001_00058,1
00004270001_00059,1
00004280001_00060,1
00004270001_00061,1
00004280001_00062,1
00004280001_00063,1
00004280001_00064,1
00004280001_00065,1
00004280001_00066,1
00004290001_00067,1
00004290001_00068,1
00004290001_00069,1
00004290001_00070,1
00004290001_00071,1
00004290001_00072,1
00004290001_00073,1
00004290001_00074,1
00004290001_00075,1
00004300001_00076,1
00004300001_00077,1
00004300001_00078,1
00004300001_00079,1
00004310001_00080,1
00004310001_00081,1
00004310001_00082,1
00004310001_00083,1
00004310001_00084,1
00004310001_00085,1
00004310001_00086,1
00004310001_00087,1
00004310001_00088,1
00004310001_00089,1
00004310001_00090,1
00004320001_00091,1
00004320001_00092,1
00004320001_00093,1
00004320001_00094,1
00004320001_00095,1
00004320001_00096,1
00004330001_00097,1
00004330001_00098,1
00004330001_00099,1
00004330001_00100,1
00004330001_00101,1
00004330001_00102,1
00004330001_00103,1
00004330001_00104,1
00004340001_00105,1
00004340001_00106,1
00004340001_00107,1
00004340001_00108,1
00004340001_00109,1
00004340001_00110,1
00004340001_00111,1
00004340001_00112,1
00004340001_00113,1
00004340001_00114,1
00004340001_00115,1
00004350001_00116,1
00004350001_00117,1
00004350001_00118,1
00004350001_00119,1
00004350001_00120,1
00004350001_00121,1
00004350001_00122,1
00004350001_00123,1
00004350001_00124,1
00004350001_00125,1
00004350001_00126,1
00004350001_00127,1
00004350001_00128,1
00004350001_00129,1
00004350001_00130,1
00004350001_00131,1
00004360001_00132,1
00004360001_00133,1
00004360001_00134,1
00004360001_00135,1
00004360001_00136,1
00004360001_00137,1
00004360001_00138,1
00004360001_00139,1
00004360001_00140,1
00004360001_00141,1
00004360001_00142,1
00004360001_00143,1
00004380001_00144,1
00004380001_00145,1
00004380001_00146,1
00004380001_00147,1
00004380001_00148,1
00004380001_00149,1
00004380001_00150,1
00004380001_00151,1
00004380001_00152,1
00004370001_00153,1
00004370001_00154,1
00004370001_00155,1
00004380001_00156,1
00004380001_00157,1
00004380001_00158,1
00004380001_00159,1
00004380001_00160,1
00004380001_00161,1
00004380001_00162,1
00004380001_00163,1
00004380001_00164,1
00004380001_00165,1
00004380001_00166,1
00004380001_00167,1
00004380001_00168,1
00004380001_00169,1
00004380001_00170,1
00004380001_00171,1
00004380001_00172,1
00004380001_00173,1
00004380001_00174,1
00004380001_00175,1
00004390001_00176,1
00004390001_00177,1
00004390001_00178,1
00004390001_00179,1
00004390001_00180,1
00004400001_00181,1
00004400001_00182,1
00004400001_00183,1
00004400001_00184,1
00004400001_00185,1
00004410001_00186,1
00004410001_00187,1
00004410001_00188,1
00004410001_00189,1
00004410001_00190,1
00004410001_00191,1
00004420001_00192,1
00004420001_00193,1
00004420001_00194,1
00004420001_00195,1
00004420001_00196,1
00004420001_00197,1
00004460001_00198,1
00004460001_00199,1
00004460001_00200,1
00004460001_00201,1
00004460001_00202,1
00004460001_00203,1
00004460001_00204,1
00004460001_00205,1
00004460001_00206,1
00004440001_00207,1
00004440001_00208,1
00004460001_00209,1
00004440001_00210,1
00004440001_00211,1
00004460001_00212,1
00004440001_00213,1
00004460001_00214,1
00004440001_00215,1
00004460001_00216,1
00004440001_00217,1
00004440001_00218,1
00004440001_00219,1
00004440001_00220,1
00004440001_00221,1
00004430001_00222,1
00004430001_00223,1
00004440001_00224,1
00004440001_00225,1
00004440001_00226,1
00004460001_00227,1
00004440001_00228,1
00004460001_00229,1
00004440001_00230,1
00004460001_00231,1
00004440001_00232,1
00004460001_00233,1
00004460001_00234,1
00004460001_00235,1
00004460001_00236,1
00004460001_00237,1
00004460001_00238,1
00004460001_00239,1
00004460001_00240,1
00004460001_00241,1
00004460001_00242,1
00004460001_00243,1
00004460001_00244,1
00004460001_00245,1
00004460001_00246,1
00004460001_00247,1
00004460001_00248,1
00004460001_00249,1
00004460001_00250,1
00004460001_00251,1
00004460001_00252,1
00004460001_00253,1
00004460001_00254,1
00004450001_00255,1
00004460001_00256,1
00004450001_00257,1
00004460001_00258,1
00004450001_00259,1
00004460001_00260,1
00004450001_00261,1
00004460001_00262,1
00004450001_00263,1
00004460001_00264,1
00004450001_00265,1
00004460001_00266,1
00004450001_00267,1
00004460001_00268,1
00004460001_00269,1
00004460001_00270,1
00004460001_00271,1
00004460001_00272,1
00004460001_00273,1
00004460001_00274,1
00004460001_00275,1
00004460001_00276,1
00004470001_00277,1
00004460001_00278,1
00004480001_00279,1
00004480001_00280,1
00004480001_00281,1
00004480001_00282,1
00004480001_00283,1
00004480001_00284,1
00004490001_00285,1
00004490001_00286,1
00004490001_00287,1
00004490001_00288,1
00004490001_00289,1
00004490001_00290,1
00004490001_00291,1
00004490001_00292,1
00004490001_00293,1
00004490001_00294,1
00004490001_00295,1
00004490001_00296,1
00004500001_00297,1
00004500001_00298,1
00004500001_00299,1
00004510001_00300,1
00004500001_00301,1
00004510001_00302,1
00004500001_00303,1
00004510001_00304,1
00004500001_00305,1
00004510001_00306,1
00004500001_00307,1
00004510001_00308,1
00004500001_00309,1
00004510001_00310,1
00004500001_00311,1
00004510001_00312,1
00004500001_00313,1
00004510001_00314,1
00004530001_00315,1
00004530001_00316,1
00004530001_00317,1
00004530001_00318,1
00004530001_00319,1
00004540001_00320,1
00004540001_00321,1
00004540001_00322,1
00004540001_00323,1
00004540001_00324,1
00004550001_00325,1
00004550001_00326,1
00004550001_00327,1
00004560001_00328,1
00004560001_00329,1
00004560001_00330,1
00004560001_00331,1
00004550001_00332,1
00004560001_00333,1
00004560001_00334,1
00004550001_00335,1
00004560001_00336,1
00004560001_00337,1
00004560001_00338,1
00004550001_00339,1
00004560001_00340,1
00004550001_00341,1
00004560001_00342,1
00004550001_00343,1
00004560001_00344,1
00004560001_00345,1
00004560001_00346,1
00004560001_00347,1
00004560001_00348,1
00004560001_00349,1
00004560001_00350,1
00004570001_00351,1
00004560001_00352,1
00004570001_00353,1
00004560001_00354,1
00004570001_00355,1
00004570001_00356,1
00004570001_00357,1
00004570001_00358,1
00004570001_00359,1
00004570001_00360,1
00004580001_00361,1
00004580001_00362,1
00004580001_00363,1
00004580001_00364,1
00004580001_00365,1
00004580001_00366,1
00004600001_00367,1
00004600001_00368,1
00004600001_00369,1
00004600001_00370,1
00004600001_00371,1
00004600001_00372,1
00004600001_00373,1
00004600001_00374,1
00004600001_00375,1
00004600001_00376,1
00004590001_00377,6
00004600001_00378,1
00004590001_00379,6
00004600001_00380,1
00004590001_00381,6
00004600001_00382,1
00004590001_00383,6
00004600001_00384,1
00004590001_00385,6
00004600001_00386,1
00004590001_00387,6
00004600001_00388,1
00004590001_00389,6
00004600001_00390,1
00004590001_00391,6
00004600001_00392,1
00004600001_00393,1
00004600001_00394,1
00004600001_00395,1
00004600001_00396,1
00004600001_00397,1
00004600001_00398,1
00004600001_00399,1
00004600001_00400,1
00004600001_00401,1
00004600001_00402,1
00004600001_00403,1
00004600001_00404,1
00004600001_00405,1
00004600001_00406,1
00004600001_00407,1
00004600001_00408,1
00004600001_00409,1
00004600001_00410,1
00004600001_00411,1
00004600001_00412,1
00004600001_00413,1
00004600001_00414,1
00004600001_00415,1
00004600001_00416,1
00004600001_00417,1
00004600001_00418,1
00004600001_00419,1
00004600001_00420,1
00004620001_00421,1
00004620001_00422,1
00004620001_00423,1
00004620001_00424,1
00004630001_00425,1
00004630001_00426,1
00004630001_00427,1
00004640001_00428,1
00004640001_00429,1
00004640001_00430,1
00004640001_00431,1
00004640001_00432,1
00004670001_00433,1
00004670001_00434,1
00004670001_00435,1
00004670001_00436,1
00004690001_00437,1
00004690001_00438,1
00004690001_00439,1
00004680001_00440,1
00004680001_00441,1
00004680001_00442,1
00004680001_00443,1
00004680001_00444,1
00004680001_00445,1
00004680001_00446,1
00004690001_00447,1
00004690001_00448,1
00004690001_00449,1
00004700001_00450,1
00004700001_00451,1
00004700001_00452,1
00004700001_00453,1
00004700001_00454,1
00004700001_00455,1
00004700001_00456,1
00004700001_00457,1
00004700001_00458,1
00004700001_00459,1
00004700001_00460,1
00004700001_00461,1
00004700001_00462,1
00004700001_00463,1
00004700001_00464,1
00004700001_00465,1
00004700001_00466,1
00004700001_00467,1
00004700001_00468,1
00004700001_00469,1
00004700001_00470,1
00004700001_00471,1
00004700001_00472,1
00004700001_00473,1
00004700001_00474,1
00004700001_00475,1
00004710001_00476,6
00004710001_00477,6
00004710001_00478,6
00004710001_00479,6
00004710001_00480,6
00472000101_00481,1
00004710001_00482,6
00472000101_00483,1
00004710001_00484,6
00472000101_00485,1
00004710001_00486,6
00472000101_00487,1
00004710001_00488,6
00004710001_00489,6
00472000106_00490,6
00004740001_00491,6
00004740001_00492,6
00004740001_00493,6
00004750001_00494,1
00004750001_00495,1
00004750001_00496,1
00004750001_00497,1
00004760001_00498,1
00004750001_00499,1
00004760001_00500,1
00004750001_00501,1
00004760001_00502,1
00004750001_00503,1
00004760001_00504,1
00004750001_00505,1
00004760001_00506,1
00004760001_00507,1
00004760001_00508,1
00004750001_00509,1
00004760001_00510,1
00004750001_00511,1
00004760001_00512,1
00004750001_00513,1
00004760001_00514,1
00004750001_00515,1
00004760001_00516,1
00004750001_00517,1
00004760001_00518,1
00004750001_00519,1
00004750001_00520,1
00004750001_00521,1
00004760001_00522,1
00004760001_00523,1
00004760001_00524,1
00004760001_00525,1
00004760001_00526,1
00004760001_00527,1
00004770001_00528,1
00004770001_00529,1
00004770001_00530,1
00004770001_00531,1
00004770001_00532,1
00004770001_00533,1
00004770001_00534,1
00004770001_00535,1
00004770001_00536,1
00004770001_00537,1
00004770001_00538,1
00004770001_00539,1
00004770001_00540,1
00004780001_00541,1
00004780001_00542,1
00004780001_00543,1
00004780001_00544,1
00004780001_00545,1
00004810001_00546,1
00004810001_00547,1
00004810001_00548,1
00004810001_00549,1
00004810001_00550,1
00004810001_00551,1
00004810001_00552,1
00004810001_00553,1
00004810001_00554,1
00004790001_00555,1
00004810001_00556,1
00004810001_00557,1
00004790001_00558,1
00004810001_00559,1
00004790001_00560,1
00004810001_00561,1
00004810001_00562,1
00004810001_00563,1
00004810001_00564,1
00004810001_00565,1
00004810001_00566,1
00004810001_00567,1
00004810001_00568,1
00004810001_00569,1
00004800001_00570,1
00004800001_00571,1
00004810001_00572,1
00004800001_00573,1
00004810001_00574,1
00004800001_00575,1
00004810001_00576,1
00004810001_00577,1
00004810001_00578,1
00004820001_00579,1
00004820001_00580,1
00004820001_00581,1
00004820001_00582,1
00004820001_00583,1
00004820001_00584,1
00004820001_00585,1
00004820001_00586,1
00004820001_00587,1
00004820001_00588,1
00004820001_00589,1
00004830001_00590,1
00004830001_00591,1
00004830001_00592,1
00004840001_00593,1
00004830001_00594,1
00004830001_00595,1
00004840001_00596,1
00004830001_00597,1
00004840001_00598,1
00004840001_00599,1
00004830001_00600,1
00004840001_00601,1
00004840001_00602,1
00004850001_00603,1
00004850001_00604,1
00004860001_00605,1
00004860001_00606,1
00004860001_00607,1
00004860001_00608,1
00004870001_00609,1
00004870001_00610,1
00004870001_00611,1
00004870001_00612,1
00004860001_00613,1
00004880001_00614,1
00004860001_00615,1
00004880001_00616,1
00004860001_00617,1
00004880001_00618,1
00004880001_00619,1
00004880001_00620,1
00004880001_00621,1
00004870001_00622,1
00004880001_00623,1
00004880001_00624,1
00004890001_00625,1
00004890001_00626,1
00004890001_00627,1
00004890001_00628,1
00004890001_00629,1
00004890001_00630,1
00004890001_00631,1
00004890001_00632,1
00004900001_00633,6
00004900001_00634,6
00004900001_00635,6
00004900001_00636,6
00004900001_00637,6
00004900001_00638,6
00004900001_00639,6
00004910001_00640,1
00004910001_00641,1
00004910001_00642,1
00004910001_00643,1
00004910001_00644,1
00004910001_00645,1
00004910001_00646,1
00004930001_00647,1
00004930001_00648,1
00004930001_00649,1
00004930001_00650,1
00004930001_00651,1
00004930001_00652,1
00004930001_00653,1
00004940001_00654,1
00004940001_00655,1
00004940001_00656,1
00004960001_00657,6
00004960001_00658,6
00004960001_00659,6
00004960001_00660,6
00004960001_00661,6
00004960001_00662,6
00004970001_00663,1
00004970001_00664,1
00004970001_00665,1
00006840001_00666,1
00006840001_00667,1
00006840001_00668,1
00006880001_00669,1
00006880001_00670,1
00006880001_00671,1
00006880001_00672,1
00006880001_00673,1
00006910001_00674,1
00006880001_00675,1
00006910001_00676,1
00006880001_00677,1
00006910001_00678,1
00006910001_00679,1
00006910001_00680,1
00006910001_00681,1
00006910001_00682,1
00006910001_00683,1
00006900001_00684,1
00006900001_00685,1
00006900001_00686,1
00006900001_00687,1
00006900001_00688,1
00006900001_00689,1
00006900001_00690,1
00006900001_00691,1
00006910001_00692,1
00006910001_00693,1
00006910001_00694,1
00006910001_00695,1
00006930001_00696,1
00006930001_00697,1
00006930001_00698,1
00006930001_00699,1
00006930001_00700,1
00006930001_00701,1
00006950001_00702,1
00006950001_00703,1
00006950001_00704,1
00006940001_00705,1
00006950001_00706,1
00006940001_00707,1
00006940001_00708,1
00006940001_00709,1
00006940001_00710,1
00006940001_00711,1
00006940001_00712,1
00006950001_00713,1
00006970001_00714,1
00006960001_00715,1
00006960001_00716,1
00006960001_00717,1
00006960001_00718,1
00006970001_00719,1
00006970001_00720,1
00006970001_00721,1
00006970001_00722,1
00006970001_00723,1
00006970001_00724,1
00006970001_00725,1
00006970001_00726,1
00006970001_00727,1
00006990001_00728,1
00006990001_00729,1
00006990001_00730,1
00006990001_00731,1
00006990001_00732,1
00006990001_00733,1
00006990001_00734,1
00006990001_00735,1
00006990001_00736,1
00007010001_00737,1
00007010001_00738,1
00007010001_00739,1
00007010001_00740,1
00007010001_00741,1
00007010001_00742,1
00007010001_00743,1
00007010001_00744,1
00007000001_00745,1
00007010001_00746,1
00007000001_00747,1
00007000001_00748,1
00007000001_00749,1
00007010001_00750,1
00007000001_00751,1
00007000001_00752,1
00007010001_00753,1
00007010001_00754,1
00007010001_00755,1
00007020001_00756,1
00007020001_00757,1
00007020001_00758,1
00007020001_00759,1
00007020001_00760,1
00007020001_00761,1
00007020001_00762,1
00007020001_00763,1
00007020001_00764,1
00007020001_00765,1
00007020001_00766,1
00007020001_00767,1
00007020001_00768,1
00007020001_00769,1
00007020001_00770,1
00007020001_00771,1
00704000101_00772,1
00007030001_00773,1
00704000101_00774,1
00007030001_00775,1
00007030001_00776,1
00007030001_00777,1
00007030001_00778,1
00007030001_00779,1
00007030001_00780,1
00704000101_00781,1
00704000123_00782,23
00704000123_00783,23
00704000123_00784,23
00704000123_00785,23
00704000123_00786,23
00704000123_00787,23
00704000123_00788,23
00007060001_00789,23
00007060001_00790,23
00007060001_00791,23
00007060001_00792,23
00007060001_00793,23
00007060001_00794,23
00007070001_00795,1
00007070001_00796,1
00007070001_00797,1
00007080001_00798,1
00007080001_00799,1
00007080001_00800,1
00007080001_00801,1
00007080001_00802,1
00007080001_00803,1
00007080001_00804,1
00007080001_00805,1
00007090001_00806,1
00007090001_00807,1
00007090001_00808,1
00007090001_00809,1
00007090001_00810,1
00007090001_00811,1
00007090001_00812,1
00007110001_00813,1
00007090001_00814,1
00007090001_00815,1
00007090001_00816,1
00007090001_00817,1
00007110001_00818,1
00007110001_00819,1
00007110001_00820,1
00007110001_00821,1
00007110001_00822,1
00007110001_00823,1
00007110001_00824,1
00007110001_00825,1
00007110001_00826,1
00007110001_00827,1
00007110001_00828,1
00007100001_00829,1
00007100001_00830,1
00007110001_00831,1
00007100001_00832,1
00007100001_00833,1
00007110001_00834,1
00007120001_00835,1
00007120001_00836,1
00007120001_00837,1
00007120001_00838,1
00007120001_00839,1
00007120001_00840,1
00007120001_00841,1
00007120001_00842,1
00007120001_00843,1
00007120001_00844,1
00007120001_00845,1
00007140001_00846,1
00007140001_00847,1
00007140001_00848,1
00007140001_00849,1
00007140001_00850,1
00007140001_00851,1
00007140001_00852,1
00007140001_00853,1
00007140001_00854,1
00007140001_00855,1
00007140001_00856,1
00007140001_00857,1
00007150001_00858,1
00007150001_00859,1
00007150001_00860,1
00007150001_00861,1
00007150001_00862,1
00007150001_00863,1
00007150001_00864,1
00007150001_00865,1
00007150001_00866,1
00007150001_00867,1
00007160001_00868,23
00007160001_00869,23
00007160001_00870,23
00007160001_00871,23
00007160001_00872,23
00007160001_00873,23
00007160001_00874,23
00007180001_00875,1
00717000101_00876,1
00007180001_00877,1
00717000101_00878,1
00007180001_00879,1
00717000101_00880,1
00007180001_00881,1
00717000101_00882,1
00007180001_00883,1
00717000101_00884,1
00007180001_00885,1
00717000101_00886,1
00007190001_00887,1
00007190001_00888,1
00007190001_00889,1
00007190001_00890,1
00007210001_00891,1
00007210001_00892,1
00007210001_00893,1
00007210001_00894,1
00007210001_00895,1
00007210001_00896,1
00007210001_00897,1
00007210001_00898,1
00007210001_00899,1
00007210001_00900,1
00007210001_00901,1
00007210001_00902,1
00007200001_00903,1
00007210001_00904,1
00007200001_00905,1
00007200001_00906,1
00007210001_00907,1
00007200001_00908,1
00007210001_00909,1
00007200001_00910,1
00007210001_00911,1
00007200001_00912,1
00007210001_00913,1
00007210001_00914,1
00007210001_00915,1
00007200001_00916,1
00007200001_00917,1
00007210001_00918,1
00007220001_00919,1
00007220001_00920,1
00007220001_00921,1
00007220001_00922,1
00007220001_00923,1
00007220001_00924,1
00007220001_00925,1
00007220001_00926,1
00007220001_00927,1
00007220001_00928,1
00007220001_00929,1
00007220001_00930,1
00007240001_00931,1
00007240001_00932,1
00007240001_00933,1
00007240001_00934,1
00007240001_00935,1
00007230001_00936,1
00007240001_00937,1
00007230001_00938,1
00007240001_00939,1
00007240001_00940,1
00007240001_00941,1
00007240001_00942,1
00007240001_00943,1
00007240001_00944,1
00007240001_00945,1
00007240001_00946,1
00007240001_00947,1
00007240001_00948,1
00007240001_00949,1
00007240001_00950,1
00007240001_00951,1
00007240001_00952,1
00007240001_00953,1
00007260001_00954,1
00007260001_00955,1
00007260001_00956,1
00007260001_00957,1
00007260001_00958,1
00007260001_00959,1
00007260001_00960,1
00007260001_00961,1
00007260001_00962,1
00007280001_00963,23
00007310001_00964,1
00007310001_00965,1
00007310001_00966,1
00007320001_00967,1
00007320001_00968,1
00007320001_00969,1
00007320001_00970,1
00007320001_00971,1
00007320001_00972,1
00007320001_00973,1
00007330001_00974,1
00007330001_00975,1
00007330001_00976,1
00007330001_00977,1
00007330001_00978,1
00007330001_00979,1
00007330001_00980,1
00007330001_00981,1
00007330001_00982,1
00007340001_00983,1
00007340001_00984,1
00007340001_00985,1
00007350001_00986,1
00007350001_00987,1
00007350001_00988,1
00007350001_00989,1
00007350001_00990,1
00007360001_00991,1
00007360001_00992,1
00007360001_00993,1
00007360001_00994,1
00007360001_00995,1
00007360001_00996,1
00007360001_00997,1
00007360001_00998,1
00007360001_00999,1
00007380001_01000,1
00007380001_01001,1
00007380001_01002,1
00007380001_01003,1
00007380001_01004,1
00007380001_01005,1
00007380001_01006,1
00007380001_01007,1
00007380001_01008,1
00007380001_01009,1
00007380001_01010,1
00007380001_01011,1
00007380001_01012,1
00007380001_01013,1
00007380001_01014,1
00007380001_01015,1
00007380001_01016,1
00007380001_01017,1
00007390001_01018,23
00007390001_01019,23
00007390001_01020,23
00007420001_01021,23
00007440001_01022,1
00007440001_01023,1
00007440001_01024,1
00007440001_01025,1
00007440001_01026,1
00007440001_01027,1
00007440001_01028,1
00007440001_01029,1
00007440001_01030,1
00007440001_01031,1
00007450001_01032,1
00007450001_01033,1
00007450001_01034,1
00007450001_01035,1
00007450001_01036,1
00007450001_01037,1
00007450001_01038,1
00007460001_01039,1
00007460001_01040,1
00007460001_01041,1
00007470001_01042,1
00007470001_01043,1
00007470001_01044,1
00007470001_01045,1
00007470001_01046,1
00007470001_01047,1
00007470001_01048,1
00007470001_01049,1
00007470001_01050,1
00007470001_01051,1
00007480001_01052,1
00007480001_01053,1
00007480001_01054,1
00007490001_01055,1
00007490001_01056,1
00007490001_01057,1
00007490001_01058,1
00007490001_01059,1
00007500001_01060,1
00007490001_01061,1
00007500001_01062,1
00011280001_01063,1
00011280001_01064,1
00011310001_01065,1
00011310001_01066,1
00011310001_01067,1
00011310001_01068,1
00011310001_01069,1
00011310001_01070,1
00011310001_01071,1
00011310001_01072,1
00011310001_01073,1
00011310001_01074,1
00011310001_01075,1
00011310001_01076,1
00011310001_01077,1
00011320001_01078,1
00011340001_01079,1
00011340001_01080,1
00011360001_01081,1
00011360001_01082,1
00011360001_01083,1
00011360001_01084,1
00011390001_01085,1
00011390001_01086,1
00011390001_01087,1
00011390001_01088,1
00013090001_01089,3
00013090001_01090,3
00013110001_01091,3
00013110001_01092,3
00013110001_01093,3
00013110001_01094,3
00013110001_01095,3
00013110001_01096,3
00013110001_01097,3
00013110001_01098,3
00013120001_01099,2
00013120001_01100,2
00013120001_01101,2
00013120001_01102,2
00013120001_01103,2
00013120001_01104,2
00013120001_01105,2
00013120001_01106,2
00013120001_01107,2
00013120001_01108,2
00013120001_01109,2
00013120001_01110,2
00013120001_01111,2
00013120001_01112,2
00013130001_01113,2
00013130001_01114,2
00013130001_01115,2
00013130001_01116,2
00013130001_01117,2
00013130001_01118,2
00013130001_01119,2
00013130001_01120,2
00013140001_01121,3
00013140001_01122,3
00013140001_01123,3
00013140001_01124,3
00013140001_01125,3
00013140001_01126,3
00013150001_01127,3
00013150001_01128,3
00013150001_01129,3
00013150001_01130,3
00013150001_01131,3
00013150001_01132,3
00013150001_01133,3
00013150001_01134,3
00013160001_01135,3
00013160001_01136,3
00013160001_01137,3
00013160001_01138,3
00013160001_01139,3
00013160001_01140,3
00013160001_01141,3
00013160001_01142,3
00013160001_01143,3
00013160001_01144,3
00013160001_01145,3
00013160001_01146,3
00013160001_01147,3
00013160001_01148,3
00013160001_01149,3
00013160001_01150,3
00013160001_01151,3
00013160001_01152,3
00013160001_01153,3
00013160001_01154,3
00013160001_01155,3
00013160001_01156,3
00013160001_01157,3
00013160001_01158,3
00013160001_01159,3
00013160001_01160,3
00013160001_01161,3
00013160001_01162,3
00013160001_01163,3
00013160001_01164,3
00013160001_01165,3
00013160001_01166,3
00013160001_01167,3
00013160001_01168,3
00013180001_01169,3
00013180001_01170,3
00013180001_01171,3
00013180001_01172,3
00013180001_01173,3
00013180001_01174,3
00013180001_01175,3
00013180001_01176,3
00013180001_01177,3
00013180001_01178,3
00013180001_01179,3
00013180001_01180,3
00013180001_01181,3
00013180001_01182,3
00013180001_01183,3
00013180001_01184,3
00013180001_01185,3
00013180001_01186,3
00013200001_01187,3
00013200001_01188,3
00013200001_01189,3
00013230001_01190,3
00013230001_01191,3
00013230001_01192,3
00013230001_01193,3
00013250001_01194,2
00013250001_01195,2
00013250001_01196,2
00013250001_01197,2
00013250001_01198,2
00013310001_01199,7
00013310001_01200,7
00013310001_01201,7
00013310001_01202,7
00013310001_01203,7
00013310001_01204,7
00013310001_01205,7
00013310001_01206,7
00013310001_01207,7
00013310001_01208,7
00013310001_01209,7
00013310001_01210,7
00013310001_01211,7
00013310001_01212,7
00013310001_01213,7
00013310001_01214,7
00013310001_01215,7
00013310001_01216,7
00013310001_01217,7
00013310001_01218,7
00013310001_01219,7
00013310001_01220,7
00013310001_01221,7
00013310001_01222,7
00013310001_01223,7
00013310001_01224,7
00013310001_01225,7
00013320001_01226,3
00013320001_01227,3
00013320001_01228,3
00013320001_01229,3
00013320001_01230,3
00013350001_01231,7
00013350001_01232,7
00013350001_01233,7
00013330001_01234,2
00013350001_01235,7
00013330001_01236,2
00013350001_01237,7
00013330001_01238,2
00013330001_01239,2
00013350001_01240,7
00013350001_01241,7
00013350001_01242,7
00013350001_01243,7
00013350001_01244,7
00013350001_01245,7
00013350001_01246,7
00013350001_01247,7
00013350001_01248,7
00013350001_01249,7
00013350001_01250,7
00013350001_01251,7
00013350001_01252,7
00013350001_01253,7
00013350001_01254,7
00013350001_01255,7
00013360001_01256,1
00013370001_01257,1
01343000107_01258,7
01343000107_01259,7
01343000107_01260,7
01343000107_01261,7
01343000107_01262,7
01343000107_01263,7
01343000107_01264,7
01343000107_01265,7
01343000107_01266,7
01343000107_01267,7
01343000107_01268,7
01343000107_01269,7
01343000107_01270,7
01343000107_01271,7
01343000107_01272,7
01343000107_01273,7
01343000107_01274,7
01343000107_01275,7
00013410001_01276,7
00013410001_01277,7
00013410001_01278,7
00013410001_01279,7
00013410001_01280,7
00013410001_01281,7
01343000103_01282,3
01343000103_01283,3
01343000103_01284,3
01343000103_01285,3
01343000103_01286,3
01343000103_01287,3
01343000103_01288,3
00013440001_01289,3
00013440001_01290,3
00013440001_01291,3
00013440001_01292,3
00013440001_01293,3
00013440001_01294,3
00013440001_01295,3
00013440001_01296,3
00013440001_01297,3
00013440001_01298,3
00013440001_01299,3
00013440001_01300,3
00013440001_01301,3
00013440001_01302,3
00013450001_01303,3
00013450001_01304,3
00013450001_01305,3
00013450001_01306,3
00013450001_01307,3
00013450001_01308,3
00013460001_01309,7
00013460001_01310,7
00013460001_01311,7
00013460001_01312,7
00013460001_01313,7
00013460001_01314,7
01348000118_01315,18
01348000118_01316,18
01348000108_01317,8
01348000108_01318,8
01348000108_01319,8
00013490001_01320,3
00013490001_01321,3
00013500001_01322,1
00013500001_01323,1
00013500001_01324,1
00013510001_01325,1
00013510001_01326,1
00013510001_01327,1
00013510001_01328,1
00013510001_01329,1
00013510001_01330,1
00013510001_01331,1
00013510001_01332,1
00013520001_01333,1
00013520001_01334,1
00013520001_01335,1
00013520001_01336,1
00013520001_01337,1
00013520001_01338,1
00013520001_01339,1
00013540001_01340,1
00013540001_01341,1
00013540001_01342,1
00013540001_01343,1
00013540001_01344,1
00013560001_01345,2
00013560001_01346,2
00013560001_01347,2
00013630001_01348,2
00013630001_01349,2
00013630001_01350,2
00013630001_01351,2
00013630001_01352,2
00013630001_01353,2
00013630001_01354,2
00013640001_01355,7
00013640001_01356,7
00013640001_01357,7
00013640001_01358,7
00013640001_01359,7
00013640001_01360,7
00013640001_01361,7
00013640001_01362,7
00013640001_01363,7
00013640001_01364,7
00013640001_01365,7
01371000118_01366,18
01371000118_01367,18
01371000118_01368,18
01371000118_01369,18
01371000118_01370,18
01371000118_01371,18
01371000101_01372,1
01371000101_01373,1
01371000101_01374,1
01371000101_01375,1
01371000101_01376,1
01371000101_01377,1
00013740001_01378,2
00013740001_01379,2
00013740001_01380,2
00013740001_01381,2
00013740001_01382,2
00013740001_01383,2
00013740001_01384,2
00013760001_01385,3
00013760001_01386,3
00013760001_01387,3
00013770001_01388,1
00013770001_01389,1
00013770001_01390,1
00013770001_01391,1
00013770001_01392,1
00013770001_01393,1
00013770001_01394,1
00013770001_01395,1
00013770001_01396,1
00013770001_01397,1
00013770001_01398,1
00013770001_01399,1
00013770001_01400,1
00013770001_01401,1
00013770001_01402,1
01379000103_01403,3
01379000103_01404,3
01379000103_01405,3
01379000103_01406,3
01379000103_01407,3
01379000103_01408,3
01379000103_01409,3
01379000103_01410,3
01379000103_01411,3
01379000103_01412,3
01379000103_01413,3
01379000103_01414,3
01379000103_01415,3
01379000103_01416,3
01379000103_01417,3
01379000103_01418,3
01379000103_01419,3
01379000103_01420,3
01379000103_01421,3
01379000103_01422,3
01379000103_01423,3
01379000103_01424,3
01379000103_01425,3
01379000103_01426,3
01379000103_01427,3
01379000103_01428,3
01379000103_01429,3
01379000103_01430,3
01379000103_01431,3
00013860001_01432,1
00013860001_01433,1
00013860001_01434,1
00013860001_01435,1
00013860001_01436,1
00013860001_01437,1
00013860001_01438,1
00013860001_01439,1
00013920001_01440,2
00013920001_01441,2
00013920001_01442,2
00013920001_01443,2
00013920001_01444,2
00013920001_01445,2
00013920001_01446,2
00013920001_01447,2
01394000101_01448,1
01394000101_01449,1
01394000101_01450,1
01394000101_01451,1
01394000101_01452,1
01394000102_01453,2
01394000102_01454,2
01394000102_01455,2
01394000102_01456,2
01394000102_01457,2
01394000102_01458,2
01394000102_01459,2
01394000102_01460,2
01394000102_01461,2
00013610001_01462,1
00013890001_01463,8
00013890001_01464,8
00013890001_01465,8
00013170001_01466,1
00013170001_01467,1
00013380001_01468,1
00013380001_01469,1
00013380001_01470,1
00013380001_01471,1
00013380001_01472,1
00013590001_01473,1
00013590001_01474,1
00013590001_01475,1
00013620001_01476,1
00013620001_01477,1
00013620001_01478,1
00013620001_01479,1
00013650001_01480,1
00013660001_01481,1
00013660001_01482,1
00013660001_01483,1
00013660001_01484,1
00013690001_01485,1
00013690001_01486,1
00013690001_01487,1
00013690001_01488,1
00013690001_01489,1
00013690001_01490,1
00013690001_01491,1
00013700001_01492,1
00013700001_01493,1
00013700001_01494,1
00013700001_01495,1
00013700001_01496,1
00013700001_01497,1
00013700001_01498,1
00013720001_01499,1
00013720001_01500,1
00013720001_01501,1
00013720001_01502,1
00015070001_01503,1
00015070001_01504,1
00015070001_01505,1
00015070001_01506,1
00015070001_01507,1
00015070001_01508,1
00015070001_01509,1
00015090001_01510,1
00015090001_01511,1
00015090001_01512,1
00015090001_01513,1
00015090001_01514,1
00015090001_01515,1
00015090001_01516,1
00015230001_01517,1
00015230001_01518,1
00015280001_01519,1
00015280001_01520,1
00015280001_01521,1
00015280001_01522,1
00015860001_01523,1
00015860001_01524,1
00015860001_01525,1
00015860001_01526,1
00015860001_01527,1
00015860001_01528,1
00015860001_01529,1
00015860001_01530,1
00015860001_01531,1
00015860001_01532,1
00017100001_01533,4
00017100001_01534,4
00017100001_01535,4
00017100001_01536,4
00017100001_01537,4
00017140001_01538,1
00017140001_01539,1
00017140001_01540,1
00017170001_01541,1
00017170001_01542,1
00017170001_01543,1
00017170001_01544,1
00017170001_01545,1
00017170001_01546,1
00017170001_01547,1
00017170001_01548,1
00017350001_01549,1
00017350001_01550,1
00017350001_01551,1
00017350001_01552,1
00017350001_01553,1
00017510001_01554,1
00017510001_01555,1
00017510001_01556,1
00017510001_01557,1
00017510001_01558,1
00017510001_01559,1
00017510001_01560,1
00017510001_01561,1
00017520001_01562,1
00017520001_01563,1
00017520001_01564,1
00017520001_01565,1
00017520001_01566,1
00017520001_01567,1
00017520001_01568,1
00017520001_01569,1
00017520001_01570,1
00017520001_01571,1
00017600001_01572,1
00017600001_01573,1
00017600001_01574,1
00017610001_01575,1
00017610001_01576,1
00017610001_01577,1
00017610001_01578,1
00017610001_01579,1
00017640001_01580,1
00017690001_01581,1
00017690001_01582,1
00017690001_01583,1
00017690001_01584,1
00017700001_01585,1
00017700001_01586,1
00017700001_01587,1
00017790001_01588,1
00017790001_01589,1
00017790001_01590,1
00017790001_01591,1
00017790001_01592,1
00017790001_01593,1
00017790001_01594,1
00017790001_01595,1
00017790001_01596,1
00017790001_01597,1
00017790001_01598,1
00017790001_01599,1
00017790001_01600,1
00017790001_01601,1
00017790001_01602,1
00017790001_01603,1
00017810001_01604,1
00017810001_01605,1
00017810001_01606,1
00017840001_01607,1
00017840001_01608,1
00017840001_01609,1
00017840001_01610,1
00017840001_01611,1
00017840001_01612,1
00017840001_01613,1
00017840001_01614,1
00017840001_01615,1
00017840001_01616,1
00017830001_01617,1
00017830001_01618,1
00017830001_01619,1
00017830001_01620,1
00017850001_01621,1
00017850001_01622,1
00017860001_01623,1
00017860001_01624,1
00017860001_01625,1
00017860001_01626,1
00017860001_01627,1
00017860001_01628,1
00017860001_01629,1
00017860001_01630,1
00017860001_01631,1
00017970001_01632,1
00017970001_01633,1
00017970001_01634,1
00017970001_01635,1
00017970001_01636,1
00017970001_01637,1
00017970001_01638,1
00017230001_01639,1
00017250001_01640,1
00017250001_01641,1
00017250001_01642,1
00017250001_01643,1
00017250001_01644,1
00017250001_01645,1
00017280001_01646,1
00017360001_01647,1
00017360001_01648,1
00017360001_01649,1
00017390001_01650,1
00017440001_01651,1
00017440001_01652,1
00017480001_01653,1
00017480001_01654,1
00017480001_01655,1
00017480001_01656,1
00017480001_01657,1
00017560001_01658,1
00017590001_01659,1
00017590001_01660,1
00017620001_01661,1
00017620001_01662,1
00017620001_01663,1
00017620001_01664,1
00017630001_01665,1
00017630001_01666,1
00017630001_01667,1
00017630001_01668,1
00017630001_01669,1
00017660001_01670,1
00017660001_01671,1
00017750001_01672,1
00017750001_01673,1
00017750001_01674,1
00017750001_01675,1
00017750001_01676,1
00017750001_01677,1
00017750001_01678,1
00017750001_01679,1
00017750001_01680,1
00017750001_01681,1
00017750001_01682,1
00017750001_01683,1
00017750001_01684,1
00017760001_01685,1
00017760001_01686,1
00017760001_01687,1
00017760001_01688,1
00017760001_01689,1
00017760001_01690,1
00017760001_01691,1
00017880001_01692,1
00017880001_01693,1
00017880001_01694,1
00017880001_01695,1
00017910001_01696,1
00017910001_01697,1
00017910001_01698,1
00017910001_01699,1
00017910001_01700,1
00017910001_01701,1
00017910001_01702,1
00017910001_01703,1
00017910001_01704,1
00017910001_01705,1
00017910001_01706,1
00017910001_01707,1
00017910001_01708,1
00017930001_01709,1
00017930001_01710,1
00017930001_01711,1
00017930001_01712,1
00017930001_01713,1
00017930001_01714,1
00017940001_01715,1
00017940001_01716,1
00017940001_01717,1
00017940001_01718,1
00017990001_01719,1
00017990001_01720,1
00017990001_01721,1
00017990001_01722,1
00017990001_01723,1
00017990001_01724,1
00017990001_01725,1
00017990001_01726,1
00017990001_01727,1
00017990001_01728,1
00018000001_01729,1
00018000001_01730,1
00018000001_01731,1
00018000001_01732,1
00018000001_01733,1
00018000001_01734,1
00018000001_01735,1
00018000001_01736,1
00018000001_01737,1
00018000001_01738,1
00018000001_01739,1
00018010001_01740,1
00018010001_01741,1
00018010001_01742,1
00018010001_01743,1
00018010001_01744,1
00018010001_01745,1
00018010001_01746,1
00018010001_01747,1
00018010001_01748,1
00018010001_01749,1
00018030001_01750,1
00018030001_01751,1
00018030001_01752,1
00018030001_01753,1
00018030001_01754,1
00018060001_01755,1
00018060001_01756,1
00018060001_01757,1
00018060001_01758,1
00018060001_01759,1
00018060001_01760,1
00018060001_01761,1
00018060001_01762,1
00018060001_01763,1
00019460001_01764,1
00019460001_01765,1
00019520001_01766,2
00019520001_01767,2
00019550001_01768,7
00019620001_01769,2
00019820001_01770,1
00019820001_01771,1
00019870001_01772,2
00019870001_01773,2
00019870001_01774,2
00019870001_01775,2
00019870001_01776,2
00019870001_01777,2
00019920001_01778,3
00019920001_01779,3
00020230001_01780,3
00020330001_01781,3
00020330001_01782,3
00020330001_01783,3
00020430001_01784,3
00020430001_01785,3
00020430001_01786,3
00020430001_01787,3
00020830001_01788,12
00020830001_01789,12
00020830001_01790,12
00020830001_01791,12
00021730001_01792,1
00021730001_01793,1
00021730001_01794,1
00021730001_01795,1
00021730001_01796,1
00021730001_01797,1
00021730001_01798,1
00021740001_01799,1
00021740001_01800,1
00021740001_01801,1
00021750001_01802,1
00021750001_01803,1
00021750001_01804,1
00021750001_01805,1
00021750001_01806,1
00021750001_01807,1
00021750001_01808,1
00021750001_01809,1
00021750001_01810,1
00021760001_01811,22
00021760001_01812,22
00021760001_01813,22
00021760001_01814,22
00021760001_01815,22
00021760001_01816,22
00021760001_01817,22
00021760001_01818,22
00021760001_01819,22
00021780001_01820,1
00021780001_01821,1
00021780001_01822,1
00021800001_01823,1
00021800001_01824,1
00021800001_01825,1
00021800001_01826,1
00021800001_01827,1
00021810001_01828,1
00021810001_01829,1
00021810001_01830,1
00021810001_01831,1
00021820001_01832,22
00021820001_01833,22
00021820001_01834,22
00021820001_01835,22
00021820001_01836,22
00021820001_01837,22
00021830001_01838,22
00021830001_01839,22
00021830001_01840,22
00021830001_01841,22
00021830001_01842,22
00021830001_01843,22
00021830001_01844,22
00021830001_01845,22
00021830001_01846,22
00021830001_01847,22
00021830001_01848,22
00021850001_01849,22
00021850001_01850,22
00021850001_01851,22
00021850001_01852,22
00021850001_01853,22
00021850001_01854,22
00021850001_01855,22
00021850001_01856,22
00021850001_01857,22
00021850001_01858,22
00021860001_01859,1
00021860001_01860,1
00021880001_01861,1
00021890001_01862,1
00021890001_01863,1
00021890001_01864,1
00021890001_01865,1
00021910001_01866,1
00021910001_01867,1
00021950001_01868,1
00021950001_01869,1
00021950001_01870,1
00021950001_01871,1
00021950001_01872,1
00021950001_01873,1
00021950001_01874,1
00021950001_01875,1
00021950001_01876,1
00021950001_01877,1
00021950001_01878,1
00021930001_01879,1
00021950001_01880,1
00021950001_01881,1
00021950001_01882,1
00021940001_01883,1
00021950001_01884,1
00021940001_01885,1
00021950001_01886,1
00021940001_01887,1
00021940001_01888,1
00021950001_01889,1
00021950001_01890,1
00021950001_01891,1
00021950001_01892,1
00021950001_01893,1
00021950001_01894,1
00021950001_01895,1
00021950001_01896,1
00021950001_01897,1
00021950001_01898,1
00021950001_01899,1
00021950001_01900,1
00021960001_01901,1
00021950001_01902,1
00021960001_01903,1
00021960001_01904,1
00021960001_01905,1
00021960001_01906,1
00021960001_01907,1
00021960001_01908,1
00021960001_01909,1
00021960001_01910,1
00021960001_01911,1
00021970001_01912,1
00021970001_01913,1
00021970001_01914,1
00021970001_01915,1
00021970001_01916,1
02199000115_01917,15
02199000115_01918,15
02199000115_01919,15
00021980001_01920,15
00021980001_01921,15
02199000104_01922,4
02199000104_01923,4
02199000104_01924,4
02199000104_01925,4
02199000104_01926,4
02199000104_01927,4
02199000104_01928,4
02199000104_01929,4
00022000001_01930,1
00022000001_01931,1
00022000001_01932,1
00022000001_01933,1
00022000001_01934,1
00022000001_01935,1
00022000001_01936,1
00022000001_01937,1
00022000001_01938,1
00022010001_01939,1
00022010001_01940,1
00022010001_01941,1
00022010001_01942,1
00022010001_01943,1
00022010001_01944,1
00022010001_01945,1
00022030001_01946,1
00022030001_01947,1
00022030001_01948,1
00022030001_01949,1
00022030001_01950,1
00022030001_01951,1
00022050001_01952,1
00022070001_01953,1
00022070001_01954,1
00022070001_01955,1
00022070001_01956,1
00022070001_01957,1
00022070001_01958,1
00022070001_01959,1
00022070001_01960,1
00022070001_01961,1
00022070001_01962,1
00022070001_01963,1
00022070001_01964,1
00022070001_01965,1
00022070001_01966,1
00022070001_01967,1
00022070001_01968,1
00022070001_01969,1
00022070001_01970,1
00022070001_01971,1
00022070001_01972,1
00022070001_01973,1
00022070001_01974,1
00022070001_01975,1
00022080001_01976,1
00022080001_01977,1
00022080001_01978,1
00022080001_01979,1
00022080001_01980,1
00022080001_01981,1
00022080001_01982,1
00022080001_01983,1
00022080001_01984,1
00022080001_01985,1
00022080001_01986,1
00022080001_01987,1
00022080001_01988,1
00022080001_01989,1
00022080001_01990,1
00022080001_01991,1
00022080001_01992,1
00022110001_01993,1
00022110001_01994,1
00022110001_01995,1
00022110001_01996,1
00022110001_01997,1
00022110001_01998,1
00022110001_01999,1
00022110001_02000,1
00022110001_02001,1
00022110001_02002,1
00022110001_02003,1
00022110001_02004,1
00022110001_02005,1
00022110001_02006,1
00022110001_02007,1
00022110001_02008,1
00022110001_02009,1
00022110001_02010,1
00022110001_02011,1
00022110001_02012,1
00022110001_02013,1
00022110001_02014,1
00022110001_02015,1
00022110001_02016,1
00022110001_02017,1
00022110001_02018,1
00022110001_02019,1
00022110001_02020,1
00022110001_02021,1
00022110001_02022,1
00022110001_02023,1
00022110001_02024,1
00022110001_02025,1
00022110001_02026,1
00022110001_02027,1
00022110001_02028,1
00022120001_02029,1
00022120001_02030,1
00022120001_02031,1
00022120001_02032,1
00022120001_02033,1
00022120001_02034,1
00022120001_02035,1
00022120001_02036,1
00022120001_02037,1
00022120001_02038,1
00022120001_02039,1
00022120001_02040,1
00022120001_02041,1
00022120001_02042,1
00022120001_02043,1
00022130001_02044,1
00022130001_02045,1
00022130001_02046,1
00022130001_02047,1
00022130001_02048,1
00022130001_02049,1
00022130001_02050,1
00022130001_02051,1
00022130001_02052,1
00022140001_02053,1
00022140001_02054,1
00022140001_02055,1
00022140001_02056,1
00022140001_02057,1
00022140001_02058,1
00022140001_02059,1
00022140001_02060,1
00022150001_02061,1
00022150001_02062,1
00022150001_02063,1
00022150001_02064,1
00022150001_02065,1
00022150001_02066,1
00022150001_02067,1
00022150001_02068,1
00022150001_02069,1
00022150001_02070,1
00022150001_02071,1
00022150001_02072,1
00022150001_02073,1
00022150001_02074,1
00022150001_02075,1
00022150001_02076,1
00022150001_02077,1
00022150001_02078,1
00022170001_02079,1
00022170001_02080,1
00022170001_02081,1
00022170001_02082,1
00022170001_02083,1
00022170001_02084,1
00022180001_02085,1
00022180001_02086,1
00022180001_02087,1
00022190001_02088,1
00022190001_02089,1
00022190001_02090,1
00022190001_02091,1
00022190001_02092,1
00022190001_02093,1
00022190001_02094,1
00022200001_02095,1
00022200001_02096,1
00022200001_02097,1
00022200001_02098,1
00022200001_02099,1
00022200001_02100,1
00022220001_02101,1
00022220001_02102,1
00022220001_02103,1
00022220001_02104,1
00022220001_02105,1
00022220001_02106,1
00022220001_02107,1
00022220001_02108,1
00022220001_02109,1
00022220001_02110,1
00022220001_02111,1
00022220001_02112,1
00022220001_02113,1
00022220001_02114,1
00022210001_02115,1
00022220001_02116,1
00022210001_02117,1
00022220001_02118,1
00022220001_02119,1
00022220001_02120,1
00022210001_02121,1
00022210001_02122,1
00022220001_02123,1
00022210001_02124,1
00022210001_02125,1
00022210001_02126,1
00022210001_02127,1
00022220001_02128,1
00022220001_02129,1
00022220001_02130,1
00022220001_02131,1
00022220001_02132,1
00022220001_02133,1
00022220001_02134,1
00022220001_02135,1
00022690001_02136,1
00022690001_02137,1
00022690001_02138,1
00022690001_02139,1
00022850001_02140,1
00022850001_02141,1
00022850001_02142,1
00022850001_02143,1
00022850001_02144,1
00022850001_02145,1
00022850001_02146,1
00022850001_02147,1
00022850001_02148,1
00022850001_02149,1
00022850001_02150,1
00022850001_02151,1
00022850001_02152,1
00022850001_02153,1
00022850001_02154,1
00022850001_02155,1
00022850001_02156,1
00022850001_02157,1
00022850001_02158,1
00022850001_02159,1
00023070001_02160,1
00023090001_02161,1
00023090001_02162,1
00023090001_02163,1
00023090001_02164,1
00023090001_02165,1
00023090001_02166,1
00023090001_02167,1
00023090001_02168,1
00023090001_02169,1
00023090001_02170,1
00023090001_02171,1
00023090001_02172,1
00023080001_02173,1
00023080001_02174,1
00023080001_02175,1
00023080001_02176,1
00023090001_02177,1
00023090001_02178,1
00023130001_02179,1
00023130001_02180,1
00023150001_02181,17
00023150001_02182,17
00023150001_02183,17
00023150001_02184,17
00023150001_02185,17
00023150001_02186,17
00023160001_02187,1
00023160001_02188,1
00023160001_02189,1
00023160001_02190,1
00023170001_02191,1
00023170001_02192,1
00023170001_02193,1
00023170001_02194,1
00023180001_02195,1
00023180001_02196,1
00023180001_02197,1
00023180001_02198,1
00023180001_02199,1
00023190001_02200,13
00023190001_02201,13
00023190001_02202,13
00023190001_02203,13
00023190001_02204,13
00023190001_02205,13
00023190001_02206,13
00023190001_02207,13
00023190001_02208,13
00023200001_02209,1
00023210001_02210,1
00023210001_02211,1
00023210001_02212,1
00023210001_02213,1
00023210001_02214,1
00023210001_02215,1
00023210001_02216,1
00023210001_02217,1
00023250001_02218,13
00023250001_02219,13
00023250001_02220,13
00023250001_02221,13
00023250001_02222,13
00023250001_02223,13
00023250001_02224,13
00023250001_02225,13
00023250001_02226,13
00023250001_02227,13
00023330001_02228,1
00023430001_02229,1
00023430001_02230,1
00023430001_02231,1
00023430001_02232,1
00023460001_02233,1
00023460001_02234,1
00023460001_02235,1
00023460001_02236,1
00023460001_02237,1
00023460001_02238,1
00023460001_02239,1
00023460001_02240,1
00023460001_02241,1
00023460001_02242,1
00023460001_02243,1
00023460001_02244,1
00023460001_02245,1
00023460001_02246,1
00023540001_02247,1
00023540001_02248,1
00023540001_02249,1
00023540001_02250,1
00023540001_02251,1
00023540001_02252,1
00023540001_02253,1
00023540001_02254,1
00023540001_02255,1
00023550001_02256,1
00023550001_02257,1
00023550001_02258,1
00023550001_02259,1
00023550001_02260,1
00023550001_02261,1
00023560001_02262,1
00023560001_02263,1
00023560001_02264,1
00023560001_02265,1
00023560001_02266,1
00023720001_02267,17
00023720001_02268,17
00023740001_02269,1
00023740001_02270,1
00023740001_02271,1
00023740001_02272,1
00023740001_02273,1
00023740001_02274,1
00023770001_02275,1
00023790001_02276,1
00023790001_02277,1
00023790001_02278,1
00023790001_02279,1
00023790001_02280,1
00023870001_02281,17
00023870001_02282,17
00023870001_02283,17
00023870001_02284,17
00023870001_02285,17
00023870001_02286,17
00023870001_02287,17
00023890001_02288,17
00023890001_02289,17
00023890001_02290,17
00023890001_02291,17
00023900001_02292,17
00023900001_02293,17
00023900001_02294,17
00023900001_02295,17
00023900001_02296,17
00023950001_02297,17
00023950001_02298,17
00023950001_02299,17
00023950001_02300,17
00023950001_02301,17
00023950001_02302,17
00023950001_02303,17
00023950001_02304,17
00023950001_02305,17
00023950001_02306,17
00023950001_02307,17
00023950001_02308,17
00023950001_02309,17
00023950001_02310,17
00023960001_02311,17
00023960001_02312,17
00023960001_02313,17
00023960001_02314,17
00023960001_02315,17
00023960001_02316,17
00023960001_02317,17
00023710001_02318,1
00023710001_02319,1
00023710001_02320,1
00023710001_02321,1
02382000102_02322,2
02382000102_02323,2
02382000101_02324,1
02382000101_02325,1
02382000101_02326,1
02382000101_02327,1
02382000101_02328,1
00023830001_02329,1
00023830001_02330,1
00023830001_02331,1
00023830001_02332,1
00023840001_02333,21
00023850001_02334,6
00023850001_02335,6
00023860001_02336,21
00023860001_02337,21
00023860001_02338,21
00023860001_02339,21
00023860001_02340,21
00023860001_02341,21
00023860001_02342,21
00023860001_02343,21
00023940001_02344,1
00023940001_02345,1
00023940001_02346,1
00023940001_02347,1
00023940001_02348,1
00025940001_02349,3
00025940001_02350,3
00025940001_02351,3
00025940001_02352,3
00025940001_02353,3
00025940001_02354,3
00025940001_02355,3
00025940001_02356,3
00025940001_02357,3
00025940001_02358,3
00025940001_02359,3
00025950001_02360,3
00025950001_02361,3
00025950001_02362,3
00025950001_02363,3
00025950001_02364,3
00025950001_02365,3
00025950001_02366,3
00025960001_02367,3
00025960001_02368,3
00025960001_02369,3
00025960001_02370,3
00025960001_02371,3
00025970001_02372,1
00025970001_02373,1
00025970001_02374,1
00025970001_02375,1
00025970001_02376,1
00025970001_02377,1
00025970001_02378,1
00025970001_02379,1
02600000102_02380,2
00025990001_02381,1
00025990001_02382,1
00025990001_02383,1
00025990001_02384,1
00025990001_02385,1
02600000103_02386,3
02600000103_02387,3
02600000103_02388,3
02600000103_02389,3
02600000103_02390,3
02600000103_02391,3
02600000103_02392,3
02600000103_02393,3
02600000103_02394,3
02605000103_02395,3
02605000103_02396,3
02605000103_02397,3
02603000101_02398,1
02605000103_02399,3
02605000103_02400,3
02603000103_02401,3
02605000101_02402,1
02605000101_02403,1
02605000101_02404,1
02605000101_02405,1
02605000102_02406,2
00026060001_02407,1
00026060001_02408,1
00026060001_02409,1
02605000101_02410,1
00026060001_02411,1
00026060001_02412,1
00026060001_02413,1
00026070001_02414,1
00026060001_02415,1
00026070001_02416,1
00026080001_02417,1
00026080001_02418,1
00026080001_02419,1
00026080001_02420,1
00026080001_02421,1
00026080001_02422,1
00026080001_02423,1
00026090001_02424,1
02611000103_02425,3
02611000103_02426,3
02611000103_02427,3
02611000103_02428,3
02611000103_02429,3
02611000103_02430,3
02611000103_02431,3
00026150001_02432,1
00026150001_02433,1
00026150001_02434,1
00026150001_02435,1
00026170001_02436,2
00026210001_02437,1
00026210001_02438,1
00026210001_02439,1
00026210001_02440,1
00026210001_02441,1
00026210001_02442,1
00026210001_02443,1
00026210001_02444,1
00026210001_02445,1
00026220001_02446,1
00026220001_02447,1
00026220001_02448,1
00026220001_02449,1
00026220001_02450,1
00026220001_02451,1
00026220001_02452,1
00026220001_02453,1
00026220001_02454,1
02626000101_02455,1
02626000103_02456,3
02626000103_02457,3
02626000103_02458,3
00026270001_02459,1
00026270001_02460,1
00026360001_02461,1
00026370001_02462,1
00026370001_02463,1
00026370001_02464,1
00026370001_02465,1
00026420001_02466,1
00026420001_02467,1
00026420001_02468,1
00026500001_02469,1
00026500001_02470,1
00026500001_02471,1
00026500001_02472,1
00026500001_02473,1
00026500001_02474,1
00026500001_02475,1
00026500001_02476,1
00026500001_02477,1
00026500001_02478,1
00026520001_02479,1
00026520001_02480,1
00026560001_02481,1
00026560001_02482,1
00026560001_02483,1
00026560001_02484,1
00026560001_02485,1
00026560001_02486,1
00026560001_02487,1
00026560001_02488,1
00026560001_02489,1
00026560001_02490,1
00026770001_02491,1
00026780001_02492,1
00026780001_02493,1
00026770001_02494,1
00026780001_02495,1
00026780001_02496,1
00026780001_02497,1
00026780001_02498,1
00026780001_02499,1
00026870001_02500,1
00026870001_02501,1
00026870001_02502,1
00026870001_02503,1
00027090001_02504,1
00027090001_02505,1
00027090001_02506,1
00027090001_02507,1
00027090001_02508,1
00027150001_02509,1
00027150001_02510,1
00027150001_02511,1
00027160001_02512,3
00027170001_02513,1
00027220001_02514,21
00027220001_02515,21
00027240001_02516,3
00027240001_02517,3
00027240001_02518,3
00027240001_02519,3
00027240001_02520,3
00027260001_02521,1
00027270001_02522,1
00027330001_02523,2
00027380001_02524,2
00027380001_02525,2
00027400001_02526,7
00027400001_02527,7
00027400001_02528,7
00027400001_02529,7
00027400001_02530,7
00027430001_02531,2
00027440001_02532,2
00027440001_02533,2
00027440001_02534,2
00027440001_02535,2
00027440001_02536,2
00027440001_02537,2
00026130001_02538,1
00026130001_02539,1
00026130001_02540,1
00026130001_02541,1
00026130001_02542,1
00026140001_02543,7
00026140001_02544,7
00026140001_02545,7
00026140001_02546,7
00026140001_02547,7
00026200001_02548,2
00026190001_02549,8
00026190001_02550,8
00026200001_02551,2
00026190001_02552,8
00026190001_02553,8
00026190001_02554,8
00026200001_02555,2
00026240001_02556,7
00026240001_02557,7
00026240001_02558,7
00026240001_02559,7
00026240001_02560,7
00026240001_02561,7
00026240001_02562,7
00026240001_02563,7
00026240001_02564,7
00026310001_02565,8
00026310001_02566,8
00026310001_02567,8
00026310001_02568,8
00026310001_02569,8
00026310001_02570,8
00026380001_02571,8
00026380001_02572,8
00026380001_02573,8
00026380001_02574,8
00026380001_02575,8
00026380001_02576,8
00026380001_02577,8
00026380001_02578,8
00026380001_02579,8
00026380001_02580,8
00026380001_02581,8
00026380001_02582,8
00026380001_02583,8
00026380001_02584,8
00026380001_02585,8
00026380001_02586,8
00026380001_02587,8
00026380001_02588,8
00026380001_02589,8
00026380001_02590,8
00026380001_02591,8
00026410001_02592,2
00026410001_02593,2
00026410001_02594,2
00026410001_02595,2
00026410001_02596,2
00026410001_02597,2
00026430001_02598,1
00026430001_02599,1
00026430001_02600,1
00026440001_02601,1
00026440001_02602,1
00026440001_02603,1
00026440001_02604,1
00026440001_02605,1
00026440001_02606,1
00026450001_02607,1
00026450001_02608,1
00026450001_02609,1
00026460001_02610,1
00026470001_02611,8
00026460001_02612,1
00026470001_02613,8
00026460001_02614,1
00026470001_02615,8
00026460001_02616,1
00026510001_02617,1
00026510001_02618,1
00026510001_02619,1
00026510001_02620,1
00026510001_02621,1
00026510001_02622,1
00026510001_02623,1
00026510001_02624,1
00026490001_02625,1
00026490001_02626,1
00026510001_02627,1
00026510001_02628,1
00026510001_02629,1
00026510001_02630,1
00026510001_02631,1
00026510001_02632,1
00026510001_02633,1
00026510001_02634,1
00026510001_02635,1
00026510001_02636,1
00026510001_02637,1
00026510001_02638,1
00026510001_02639,1
00026510001_02640,1
00026510001_02641,1
00026550001_02642,14
00026510001_02643,1
00026550001_02644,14
00026510001_02645,1
00026550001_02646,14
00026550001_02647,14
00026550001_02648,14
00026550001_02649,14
00026550001_02650,14
00026550001_02651,14
00026550001_02652,14
00026550001_02653,14
00026550001_02654,14
00026550001_02655,14
00026550001_02656,14
00026580001_02657,1
00026580001_02658,1
00026580001_02659,1
00026610001_02660,8
00026610001_02661,8
00026610001_02662,8
00026610001_02663,8
00026610001_02664,8
02664000101_02665,1
02664000101_02666,1
00026630001_02667,8
00026630001_02668,8
00026630001_02669,8
02664000102_02670,2
00026630001_02671,8
02664000102_02672,2
00026630001_02673,8
02664000102_02674,2
00026630001_02675,8
02664000102_02676,2
00026630001_02677,8
00026630001_02678,8
02664000102_02679,2
00026630001_02680,8
00026630001_02681,8
02667000114_02682,14
02667000114_02683,14
02667000108_02684,8
00026690001_02685,14
02667000108_02686,8
00026690001_02687,14
02667000108_02688,8
00026690001_02689,14
00026690001_02690,14
00026690001_02691,14
00026690001_02692,14
00026690001_02693,14
00026710001_02694,14
00026710001_02695,14
00026710001_02696,14
00026720001_02697,2
00026710001_02698,14
00026720001_02699,2
00026710001_02700,14
00026720001_02701,2
00026710001_02702,14
00026720001_02703,2
00026720001_02704,2
00026720001_02705,2
00026720001_02706,2
00026720001_02707,2
00026740001_02708,2
00026760001_02709,2
00026760001_02710,2
00026760001_02711,2
00026760001_02712,2
00026740001_02713,2
00026760001_02714,2
00026740001_02715,2
00026760001_02716,2
00026750001_02717,14
00026750001_02718,14
00026750001_02719,14
00026750001_02720,14
00026750001_02721,14
00026760001_02722,2
00026750001_02723,14
00026760001_02724,2
00026750001_02725,14
00026760001_02726,2
00026760001_02727,2
00026760001_02728,2
00026760001_02729,2
00026760001_02730,2
00026760001_02731,2
00026760001_02732,2
00026760001_02733,2
00026760001_02734,2
00026760001_02735,2
00026760001_02736,2
00026760001_02737,2
00026760001_02738,2
00026760001_02739,2
00026760001_02740,2
00026760001_02741,2
00026760001_02742,2
00026760001_02743,2
00026760001_02744,2
00026760001_02745,2
00026760001_02746,2
00026820001_02747,2
00026820001_02748,2
00026820001_02749,2
00026830001_02750,2
00026830001_02751,2
00026830001_02752,2
00026830001_02753,2
00026830001_02754,2
00026880001_02755,1
00026880001_02756,1
00026880001_02757,1
00026880001_02758,1
00026880001_02759,1
00026880001_02760,1
00026880001_02761,1
00026900001_02762,2
00026900001_02763,2
00026900001_02764,2
00026900001_02765,2
00026900001_02766,2
00026900001_02767,2
00026900001_02768,2
00026900001_02769,2
00026920001_02770,8
00026920001_02771,8
00026920001_02772,8
00026920001_02773,8
00026930001_02774,8
00026940001_02775,8
00026920001_02776,8
00026930001_02777,8
00026940001_02778,8
00026930001_02779,8
00026940001_02780,8
00026920001_02781,8
00026930001_02782,8
00026930001_02783,8
00026930001_02784,8
00026940001_02785,8
00026940001_02786,8
00026940001_02787,8
00027010001_02788,1
00027010001_02789,1
00027010001_02790,1
00027010001_02791,1
00027010001_02792,1
00027010001_02793,1
00027010001_02794,1
00027010001_02795,1
00027010001_02796,1
00027010001_02797,1
00027010001_02798,1
00027010001_02799,1
00027020001_02800,1
00027020001_02801,1
00027020001_02802,1
00027020001_02803,1
00027020001_02804,1
00027020001_02805,1
00027020001_02806,1
00027020001_02807,1
00027020001_02808,1
00027020001_02809,1
00027020001_02810,1
00027020001_02811,1
00027020001_02812,1
00027080001_02813,18
00027080001_02814,18
00027080001_02815,18
00027080001_02816,18
00027080001_02817,18
00027080001_02818,18
00027080001_02819,18
00027190001_02820,8
00027190001_02821,8
00027190001_02822,8
00027210001_02823,1
00027190001_02824,8
00027210001_02825,1
00027190001_02826,8
00027190001_02827,8
00027200001_02828,1
00027190001_02829,8
00027200001_02830,1
00027210001_02831,1
00027200001_02832,1
00027210001_02833,1
00027200001_02834,1
00027210001_02835,1
00027200001_02836,1
00027210001_02837,1
00027210001_02838,1
00027210001_02839,1
00027210001_02840,1
00027210001_02841,1
00027210001_02842,1
00027210001_02843,1
00027210001_02844,1
00027230001_02845,8
00027230001_02846,8
00027230001_02847,8
00027230001_02848,8
00027230001_02849,8
00027230001_02850,8
00027230001_02851,8
00027230001_02852,8
00027230001_02853,8
00027230001_02854,8
00027230001_02855,8
00027230001_02856,8
00027230001_02857,8
00027230001_02858,8
00027230001_02859,8
00027230001_02860,8
00027230001_02861,8
00027230001_02862,8
00027230001_02863,8
02730000118_02864,18
02730000118_02865,18
02730000118_02866,18
02730000118_02867,18
02730000118_02868,18
02730000118_02869,18
02730000118_02870,18
02730000118_02871,18
02730000118_02872,18
02730000118_02873,18
02730000118_02874,18
00027280001_02875,8
02730000118_02876,18
00027280001_02877,8
02730000118_02878,18
02730000118_02879,18
02730000118_02880,18
02730000118_02881,18
02730000118_02882,18
02730000118_02883,18
02730000118_02884,18
02730000118_02885,18
02730000118_02886,18
02730000118_02887,18
02730000118_02888,18
00027320001_02889,18
02730000108_02890,8
00027320001_02891,18
00027320001_02892,18
00027320001_02893,18
00027320001_02894,18
00027320001_02895,18
00027320001_02896,18
00027320001_02897,18
00027320001_02898,18
00027320001_02899,18
00027320001_02900,18
00027320001_02901,18
00027320001_02902,18
00027320001_02903,18
00027320001_02904,18
00027320001_02905,18
00027310001_02906,14
00027320001_02907,18
00027320001_02908,18
00027350001_02909,2
00027390001_02910,2
00027420001_02911,9
00027420001_02912,9
00027420001_02913,9
00027420001_02914,9
00027420001_02915,9
00027420001_02916,9
00027480001_02917,8
00027480001_02918,8
00027480001_02919,8
00027490001_02920,9
00027490001_02921,9
00027490001_02922,9
00027490001_02923,9
00027490001_02924,9
00027490001_02925,9
00027490001_02926,9
00027490001_02927,9
00027510001_02928,3
00027510001_02929,3
00027510001_02930,3
00027510001_02931,3
00027510001_02932,3
00027510001_02933,3
00027510001_02934,3
00027510001_02935,3
00027510001_02936,3
00027510001_02937,3
00027510001_02938,3
00027520001_02939,3
00027520001_02940,3
00027520001_02941,3
00027520001_02942,3
00027520001_02943,3
00026040001_02944,1
00026040001_02945,1
00026230001_02946,1
00026570001_02947,2
00026570001_02948,2
00026570001_02949,2
00026620001_02950,1
00026620001_02951,1
00026620001_02952,1
00026620001_02953,1
00026620001_02954,1
00026620001_02955,1
00026660001_02956,1
00026660001_02957,1
00026660001_02958,1
00026660001_02959,1
00026660001_02960,1
00026660001_02961,1
00026660001_02962,1
00026660001_02963,1
00026660001_02964,1
00026660001_02965,1
00026700001_02966,1
00026700001_02967,1
00026700001_02968,1
00026700001_02969,1
00026700001_02970,1
00026850001_02971,1
00026850001_02972,1
00026850001_02973,1
00026850001_02974,1
00026850001_02975,1
00026910001_02976,1
00026910001_02977,1
00026910001_02978,1
00026910001_02979,1
00026950001_02980,1
00026950001_02981,1
00026950001_02982,1
00026980001_02983,1
00026980001_02984,1
00026980001_02985,1
00027050001_02986,1
00027050001_02987,1
00027050001_02988,1
00027050001_02989,1
00027050001_02990,1
00027050001_02991,1
00027070001_02992,1
00027070001_02993,1
00027070001_02994,1
00027070001_02995,1
00027070001_02996,1
00027070001_02997,1
00027070001_02998,1
00027070001_02999,1
00027070001_03000,1
00027070001_03001,1
00027070001_03002,1
00027070001_03003,1
00027070001_03004,1
00027340001_03005,1
00027340001_03006,1
00027340001_03007,1
00027340001_03008,1
00027340001_03009,1
00027340001_03010,1
00027500001_03011,1
00027500001_03012,1
00027500001_03013,1
00027500001_03014,1
00027500001_03015,1
00027500001_03016,1
00027500001_03017,1
00027500001_03018,1
00027500001_03019,1
00027500001_03020,1
00027500001_03021,1
00027500001_03022,1
00027500001_03023,1
00027500001_03024,1
00027500001_03025,1
00027500001_03026,1
00027500001_03027,1
00027500001_03028,1
00027500001_03029,1
00027530001_03030,1
00027540001_03031,1
00031020001_03032,4
00031020001_03033,4
00031020001_03034,4
00031020001_03035,4
00031020001_03036,4
00031020001_03037,4
00031040001_03038,4
00031040001_03039,4
00031040001_03040,4
00031040001_03041,4
00031040001_03042,4
00031070001_03043,4
00031070001_03044,4
00031070001_03045,4
00031070001_03046,4
00031200001_03047,1
00031200001_03048,1
00031270001_03049,4
00031270001_03050,4
00031270001_03051,4
00031270001_03052,4
00031270001_03053,4
00031270001_03054,4
00033460001_03055,1
00033460001_03056,1
00033460001_03057,1
00033460001_03058,1
00033480001_03059,3
00033480001_03060,3
00033480001_03061,3
00033520001_03062,3
00033520001_03063,3
00033520001_03064,3
00033570001_03065,3
00033570001_03066,3
00033570001_03067,3
00033570001_03068,3
00033570001_03069,3
00033570001_03070,3
00033570001_03071,3
00033570001_03072,3
00033570001_03073,3
00033560001_03074,3
00033560001_03075,3
00033570001_03076,3
03363000101_03077,1
03363000101_03078,1
03363000101_03079,1
03360000101_03080,1
03360000101_03081,1
03360000101_03082,1
03363000103_03083,3
03360000103_03084,3
00033590001_03085,1
03363000103_03086,3
03363000103_03087,3
03363000103_03088,3
00033610001_03089,1
00033610001_03090,1
00033610001_03091,1
03363000103_03092,3
00033610001_03093,1
03363000103_03094,3
00033610001_03095,1
00033610001_03096,1
03363000103_03097,3
03363000103_03098,3
03363000103_03099,3
03363000103_03100,3
03363000103_03101,3
03363000103_03102,3
03363000103_03103,3
03363000103_03104,3
03363000103_03105,3
03363000103_03106,3
03363000103_03107,3
03364000102_03108,2
03363000103_03109,3
03364000102_03110,2
03364000101_03111,1
03364000101_03112,1
03364000101_03113,1
03364000101_03114,1
00033680001_03115,3
00033680001_03116,3
00033680001_03117,3
00033680001_03118,3
00033680001_03119,3
00033680001_03120,3
00033680001_03121,3
00033680001_03122,3
00033670001_03123,14
00033680001_03124,3
00033670001_03125,14
00033680001_03126,3
00033680001_03127,3
00033680001_03128,3
00033680001_03129,3
00033680001_03130,3
00033680001_03131,3
00033680001_03132,3
00033680001_03133,3
00033680001_03134,3
00033700001_03135,3
00033700001_03136,3
00033700001_03137,3
00033700001_03138,3
00033700001_03139,3
00033820001_03140,3
00033820001_03141,3
00033820001_03142,3
00033820001_03143,3
00033820001_03144,3
00033820001_03145,3
00033820001_03146,3
00033820001_03147,3
00033820001_03148,3
00033820001_03149,3
00033820001_03150,3
00033820001_03151,3
00033820001_03152,3
00033820001_03153,3
00033820001_03154,3
00033820001_03155,3
00033820001_03156,3
00033820001_03157,3
00033820001_03158,3
00033820001_03159,3
00033820001_03160,3
00033820001_03161,3
00033820001_03162,3
00033820001_03163,3
00033820001_03164,3
00033820001_03165,3
00033820001_03166,3
00033820001_03167,3
00033820001_03168,3
00033910001_03169,3
00033910001_03170,3
00033910001_03171,3
00033910001_03172,3
00033910001_03173,3
00033910001_03174,3
00033910001_03175,3
00033910001_03176,3
00033910001_03177,3
00033910001_03178,3
00033910001_03179,3
00033910001_03180,3
00033910001_03181,3
00033910001_03182,3
00033910001_03183,3
00033940001_03184,8
00033950001_03185,3
00033950001_03186,3
00033950001_03187,3
00033950001_03188,3
00033960001_03189,2
00033950001_03190,3
00033960001_03191,2
00033960001_03192,2
00033960001_03193,2
00033960001_03194,2
00033960001_03195,2
00034000001_03196,2
00034000001_03197,2
00034000001_03198,2
03404000114_03199,14
03404000114_03200,14
03404000114_03201,14
00034050001_03202,3
00034050001_03203,3
00034050001_03204,3
00034050001_03205,3
00034050001_03206,3
00034050001_03207,3
00034050001_03208,3
00034050001_03209,3
00034050001_03210,3
00034050001_03211,3
00034050001_03212,3
00034050001_03213,3
00034050001_03214,3
00034050001_03215,3
00034150001_03216,2
00034150001_03217,2
00034220001_03218,1
00034220001_03219,1
00034220001_03220,1
00034220001_03221,1
00034250001_03222,1
00034220001_03223,1
00034250001_03224,1
00034220001_03225,1
00034240001_03226,8
00034240001_03227,8
00034240001_03228,8
00034240001_03229,8
00034240001_03230,8
00034240001_03231,8
00034240001_03232,8
00034240001_03233,8
00034250001_03234,1
00034250001_03235,1
00034250001_03236,1
00034280001_03237,3
00034280001_03238,3
00034280001_03239,3
00034280001_03240,3
00034280001_03241,3
00034280001_03242,3
00034300001_03243,1
00034370001_03244,3
00034370001_03245,3
00034370001_03246,3
00034370001_03247,3
00034370001_03248,3
00034370001_03249,3
00034390001_03250,3
00034390001_03251,3
00034390001_03252,3
00034390001_03253,3
00034390001_03254,3
00034390001_03255,3
00034390001_03256,3
00034390001_03257,3
00034430001_03258,14
00034390001_03259,3
00034430001_03260,14
00034430001_03261,14
00034430001_03262,14
00034430001_03263,14
00034430001_03264,14
00034430001_03265,14
00034530001_03266,2
00034560001_03267,8
03460000101_03268,1
03460000101_03269,1
03460000101_03270,1
03460000101_03271,1
03460000101_03272,1
03460000101_03273,1
03460000101_03274,1
03460000101_03275,1
03460000108_03276,8
03460000108_03277,8
00034610001_03278,3
00034610001_03279,3
00034610001_03280,3
00034610001_03281,3
00034610001_03282,3
00034610001_03283,3
00034690001_03284,3
00034690001_03285,3
00034690001_03286,3
00034690001_03287,3
00034690001_03288,3
00034690001_03289,3
00034690001_03290,3
00034690001_03291,3
00034690001_03292,3
00034690001_03293,3
00034690001_03294,3
00034690001_03295,3
00034690001_03296,3
00034690001_03297,3
00034760001_03298,3
00034760001_03299,3
00034760001_03300,3
00034760001_03301,3
00034760001_03302,3
00034760001_03303,3
00034760001_03304,3
00034760001_03305,3
00034760001_03306,3
00034760001_03307,3
00034760001_03308,3
00034760001_03309,3
00034760001_03310,3
00034760001_03311,3
00034760001_03312,3
00034760001_03313,3
00034760001_03314,3
00034760001_03315,3
00034800001_03316,3
00034800001_03317,3
00034800001_03318,3
00034800001_03319,3
00034800001_03320,3
00034800001_03321,3
00034800001_03322,3
00034850001_03323,3
00034850001_03324,3
00034850001_03325,3
00034850001_03326,3
00034850001_03327,3
00034850001_03328,3
00034850001_03329,3
00034850001_03330,3
00034930001_03331,3
00034930001_03332,3
00034930001_03333,3
00034930001_03334,3
00034930001_03335,3
00034930001_03336,3
00034930001_03337,3
00034880001_03338,1
00034880001_03339,1
00034880001_03340,1
00034930001_03341,3
00034930001_03342,3
00034930001_03343,3
00034930001_03344,3
00034930001_03345,3
00034930001_03346,3
00034930001_03347,3
00034930001_03348,3
00034930001_03349,3
00034930001_03350,3
00034930001_03351,3
00034950001_03352,1
00034950001_03353,1
00034950001_03354,1
00034950001_03355,1
00034950001_03356,1
00034950001_03357,1
00034960001_03358,3
00034960001_03359,3
00034960001_03360,3
00034960001_03361,3
00034960001_03362,3
03506000103_03363,3
03506000103_03364,3
03506000103_03365,3
03506000103_03366,3
03506000103_03367,3
03506000103_03368,3
03506000103_03369,3
03506000103_03370,3
03506000103_03371,3
03506000103_03372,3
03506000103_03373,3
03506000103_03374,3
03506000103_03375,3
03506000103_03376,3
03506000103_03377,3
03506000103_03378,3
03506000103_03379,3
03506000101_03380,1
03506000101_03381,1
03506000101_03382,1
03506000101_03383,1
03506000101_03384,1
00035070001_03385,3
00035070001_03386,3
00035070001_03387,3
00035070001_03388,3
00035070001_03389,3
00035070001_03390,3
00035070001_03391,3
00035090001_03392,1
00035090001_03393,1
00035090001_03394,1
00035090001_03395,1
00035090001_03396,1
00001719594_03397,11
00001719594_03398,11
00001719594_03399,11
00001719594_03400,11
00001719594_03401,11
00000819594_03402,16
00000819594_03403,16
00000819594_03404,16
00000819594_03405,16
00000819594_03406,16
00000819594_03407,16
00000819594_03408,16
00000819594_03409,16
00000819594_03410,16
00000819594_03411,16
00000819594_03412,16
00000819594_03413,16
00000819594_03414,16
00000819594_03415,16
00000819594_03416,16
00000819594_03417,16
00000819594_03418,16
00000819594_03419,16
00000819594_03420,16
00000819594_03421,16
00000819594_03422,16
00000819594_03423,16
00000819594_03424,16
00000819594_03425,16
00000819594_03426,16
00000819594_03427,16
00000819594_03428,16
00000819594_03429,16
00000819594_03430,16
00000819594_03431,16
00000819594_03432,16
00000819594_03433,16
00011519592_03434,11
00011519592_03435,11
00011519592_03436,11
00011519592_03437,11
00011519592_03438,11
00011519592_03439,11
00011519592_03440,11
00011519592_03441,11
00011519592_03442,11
00011519592_03443,11
00011519592_03444,11
00011519592_03445,11
00011519592_03446,11
00011519592_03447,11
00007519592_03448,1
00005949592_03449,11
00005949592_03450,11
00005949592_03451,11
00005949592_03452,11
00005949592_03453,11
00005949592_03454,11
00005949592_03455,11
00005829592_03456,11
00005829592_03457,11
00005829592_03458,11
00005829592_03459,11
00003709594_03460,11
00004939594_03461,16
00004939594_03462,16
00004939594_03463,16
00004939594_03464,16
00004939594_03465,16
00004939594_03466,16
00004939594_03467,16
00004939594_03468,16
00004939594_03469,16
00010519594_03470,16
00010519594_03471,16
00010519594_03472,16
00010519594_03473,16
00010519594_03474,16
00010519594_03475,16
00010519594_03476,16
00010519594_03477,16
00010169594_03478,16
00010519594_03479,16
00010519594_03480,16
00010089594_03481,16
00010169594_03482,16
00010519594_03483,16
00010089594_03484,16
00010519594_03485,16
00010089594_03486,16
00010519594_03487,16
00010519594_03488,16
00010519594_03489,16
00010519594_03490,16
00010519594_03491,16
00010169594_03492,16
00010519594_03493,16
00010169594_03494,16
00010169594_03495,16
00010519594_03496,16
00010519594_03497,16
00010169594_03498,16
00010519594_03499,16
00010169594_03500,16
00010519594_03501,16
00010169594_03502,16
00010519594_03503,16
00010519594_03504,16
00010519594_03505,16
00010519594_03506,16
00010519594_03507,16
00010519594_03508,16
00010519594_03509,16
00011679594_03510,16
00010519594_03511,16
00011679594_03512,16
00010519594_03513,16
00010519594_03514,16
00011679594_03515,16
00011679594_03516,16
00010519594_03517,16
00011679594_03518,16
00010519594_03519,16
00011679594_03520,16
00011679594_03521,16
00011679594_03522,16
00011679594_03523,16
00011679594_03524,16
00011679594_03525,16
00011679594_03526,16
00011679594_03527,16
00011679594_03528,16
00011679594_03529,16
00011679594_03530,16
00011679594_03531,16
00011679594_03532,16
00011679594_03533,16
00011679594_03534,16
00011679594_03535,16
00011679594_03536,16
00011679594_03537,16
00011679594_03538,16
00011679594_03539,16
00011679594_03540,16
00013099594_03541,16
00013099594_03542,16
00013099594_03543,16
00013099594_03544,16
00013099594_03545,16
00013609594_03546,16
00013609594_03547,16
00013609594_03548,16
00013609594_03549,16
00013609594_03550,16
00013609594_03551,16
00013609594_03552,16
00013609594_03553,16
00013609594_03554,16
00013609594_03555,16
00013609594_03556,16
00013609594_03557,16
00014129594_03558,16
00014129594_03559,16
00014129594_03560,16
00014129594_03561,16
00014129594_03562,16
00014129594_03563,16
00014129594_03564,16
00014129594_03565,16
00014129594_03566,16
00014129594_03567,16
00014129594_03568,16
00014129594_03569,16
00014129594_03570,16
00014129594_03571,16
00014129594_03572,16
00014129594_03573,16
00014129594_03574,16
00014129594_03575,16
00014129594_03576,16
00014129594_03577,16
00014129594_03578,16
00014129594_03579,16
00014129594_03580,16
00014129594_03581,16
00014129594_03582,16
00014129594_03583,16
00014979594_03584,16
00014979594_03585,16
00014979594_03586,16
00014979594_03587,16
00014979594_03588,16
00014979594_03589,16
00014979594_03590,16
00014979594_03591,16
00014979594_03592,16
00014979594_03593,16
00014979594_03594,16
00014979594_03595,16
00014979594_03596,16
00014979594_03597,16
00014979594_03598,16
00014979594_03599,16
00014979594_03600,16
00014979594_03601,16
00014979594_03602,16
00014979594_03603,16
00014979594_03604,16
00015529594_03605,16
00015529594_03606,16
00015909594_03607,16
00015909594_03608,16
00015909594_03609,16
00015909594_03610,16
00015909594_03611,16
00015909594_03612,16
00015909594_03613,16
00015909594_03614,16
00015909594_03615,16
00016299594_03616,16
00016469594_03617,16
00016469594_03618,16
00016659594_03619,16
00016659594_03620,16
00016659594_03621,16
00016659594_03622,16
00016659594_03623,16
00016659594_03624,16
00016659594_03625,16
00016659594_03626,16
00016659594_03627,16
00016659594_03628,16
00016659594_03629,16
00016659594_03630,16
00016659594_03631,16
00016659594_03632,16
00016659594_03633,16
00016659594_03634,16
00017569594_03635,11
00017569594_03636,11
00017959594_03637,11
00017959594_03638,11
00017959594_03639,11
00017959594_03640,11
00017959594_03641,11
00018349594_03642,11
00001329595_03643,11
00007369595_03644,11
00011109595_03645,11
00011109595_03646,11
00000019596_03647,7
00000019596_03648,7
00000019596_03649,7
00000109596_03650,7
00000109596_03651,7
00000109596_03652,7
00000109596_03653,7
00000109596_03654,7
00000109596_03655,7
00000249596_03656,2
00000109596_03657,7
00000249596_03658,2
00000109596_03659,7
00000249596_03660,2
00000109596_03661,7
00000249596_03662,2
00001229596_03663,7
00000679596_03664,3
00001229596_03665,7
00000679596_03666,3
00001229596_03667,7
00000679596_03668,3
00001229596_03669,7
00000679596_03670,3
00001229596_03671,7
00000679596_03672,3
00001229596_03673,7
00000679596_03674,3
00001229596_03675,7
00000679596_03676,3
00001229596_03677,7
00001229596_03678,7
00000679596_03679,3
00001229596_03680,7
00001229596_03681,7
00001229596_03682,7
00001229596_03683,7
00001229596_03684,7
00001229596_03685,7
00001229596_03686,7
00001229596_03687,7
00001979596_03688,7
00001979596_03689,7
00001979596_03690,7
00001979596_03691,7
00001979596_03692,7
00002199596_03693,3
00002199596_03694,3
00002199596_03695,3
00002439596_03696,7
00002199596_03697,3
00002439596_03698,7
00002199596_03699,3
00002199596_03700,3
00002489596_03701,7
00002199596_03702,3
00002489596_03703,7
00002199596_03704,3
00002489596_03705,7
00002199596_03706,3
00002489596_03707,7
00002199596_03708,3
00002489596_03709,7
00002199596_03710,3
00002489596_03711,7
00002199596_03712,3
00002489596_03713,7
00002199596_03714,3
00002489596_03715,7
00002489596_03716,7
00002489596_03717,7
00002199596_03718,3
00002489596_03719,7
00002199596_03720,3
00002199596_03721,3
00002899596_03722,7
00002199596_03723,3
00002899596_03724,7
00002989596_03725,7
00002989596_03726,7
00002989596_03727,7
00002989596_03728,7
00002989596_03729,7
00003089596_03730,3
00003089596_03731,3
00003089596_03732,3
00003089596_03733,3
00003089596_03734,3
00003089596_03735,3
00003089596_03736,3
00003219596_03737,14
00003249596_03738,7
00003089596_03739,3
00003249596_03740,7
00003219596_03741,14
00003089596_03742,3
00003249596_03743,7
00003219596_03744,14
00003089596_03745,3
00003249596_03746,7
00003219596_03747,14
00003589596_03748,14
00003089596_03749,3
00003249596_03750,7
00003219596_03751,14
00003089596_03752,3
00003249596_03753,7
00003219596_03754,14
00003089596_03755,3
00003589596_03756,14
00003219596_03757,14
00003089596_03758,3
00003589596_03759,14
00003219596_03760,14
00003089596_03761,3
00003219596_03762,14
00003089596_03763,3
00003589596_03764,14
00003089596_03765,3
00003089596_03766,3
00003089596_03767,3
00004349596_03768,7
00003589596_03769,14
00004349596_03770,7
00003589596_03771,14
00003589596_03772,14
00004599596_03773,3
00004599596_03774,3
00004599596_03775,3
00004759596_03776,7
00004759596_03777,7
00004869596_03778,3
00004869596_03779,3
00004869596_03780,3
00004869596_03781,3
00004869596_03782,3
00004979596_03783,7
00004869596_03784,3
00005099596_03785,7
00005109596_03786,3
00005219596_03787,7
00005089596_03788,14
00005349596_03789,2
00005109596_03790,3
00005419596_03791,7
00005109596_03792,3
00005419596_03793,7
00005419596_03794,7
00005419596_03795,7
00005479596_03796,14
00005489596_03797,7
00005479596_03798,14
00005489596_03799,7
00005479596_03800,14
00005489596_03801,7
00005479596_03802,14
00005559596_03803,7
00005569596_03804,2
00005579596_03805,2
00005559596_03806,7
00005579596_03807,2
00005479596_03808,14
00005579596_03809,2
00005479596_03810,14
00005729596_03811,3
00005579596_03812,2
00005479596_03813,14
00005729596_03814,3
00005579596_03815,2
00005479596_03816,14
00005729596_03817,3
00005479596_03818,14
00005729596_03819,3
00005569596_03820,2
00005729596_03821,3
00005919596_03822,8
00005729596_03823,3
00005919596_03824,8
00005729596_03825,3
00006019596_03826,8
00006139596_03827,14
00006019596_03828,8
00006019596_03829,8
00006019596_03830,8
00006019596_03831,8
00006019596_03832,8
00006019596_03833,8
00006019596_03834,8
00006519596_03835,7
00006519596_03836,7
00006519596_03837,7
00006519596_03838,7
00006519596_03839,7
00006479596_03840,8
00007479596_03841,2
00007609596_03842,2
00007609596_03843,2
00007609596_03844,2
00007609596_03845,2
00007609596_03846,2
00007609596_03847,2
00007759596_03848,7
00007759596_03849,7
00007759596_03850,7
00007759596_03851,7
00007759596_03852,7
00007759596_03853,7
00008059596_03854,7
00008059596_03855,7
00008059596_03856,7
00008059596_03857,7
00008059596_03858,7
00008059596_03859,7
00008059596_03860,7
00008059596_03861,7
00008279596_03862,3
00008279596_03863,3
00008059596_03864,7
00008059596_03865,7
00008059596_03866,7
00008059596_03867,7
00008059596_03868,7
00008979596_03869,3
00008059596_03870,7
00008979596_03871,3
00008059596_03872,7
00008979596_03873,3
00008059596_03874,7
00008059596_03875,7
00008059596_03876,7
00008979596_03877,3
00008979596_03878,3
00008059596_03879,7
00008979596_03880,3
00008979596_03881,3
00009449596_03882,3
00009549596_03883,3
00008059596_03884,7
00008059596_03885,7
00009549596_03886,3
00009549596_03887,3
00009549596_03888,3
00009549596_03889,3
00008059596_03890,7
00008059596_03891,7
00010079596_03892,3
00010199596_03893,3
00010199596_03894,3
00010199596_03895,3
00008059596_03896,7
00010199596_03897,3
00008059596_03898,7
00008059596_03899,7
00008059596_03900,7
00008059596_03901,7
00010429596_03902,2
00008059596_03903,7
00010429596_03904,2
00008059596_03905,7
00008059596_03906,7
00008059596_03907,7
00010429596_03908,2
00008059596_03909,7
00008059596_03910,7
00010429596_03911,2
00008059596_03912,7
00010429596_03913,2
00008059596_03914,7
00010849596_03915,3
00008059596_03916,7
00008059596_03917,7
00011239596_03918,3
00011239596_03919,3
00011349596_03920,3
00011349596_03921,3
00011349596_03922,3
00011349596_03923,3
00011349596_03924,3
00011349596_03925,3
00011349596_03926,3
00011349596_03927,3
00011349596_03928,3
00011349596_03929,3
00011349596_03930,3
00011349596_03931,3
00011349596_03932,3
00011349596_03933,3
00011349596_03934,3
00008059596_03935,7
00008059596_03936,7
00008059596_03937,7
00011349596_03938,3
00008059596_03939,7
00012909596_03940,3
00012689596_03941,2
00012689596_03942,2
00012689596_03943,2
00012689596_03944,2
00012689596_03945,2
00012909596_03946,3
00012689596_03947,2
00008059596_03948,7
00012909596_03949,3
00012709596_03950,2
00012689596_03951,2
00008059596_03952,7
00012709596_03953,2
00012689596_03954,2
00008059596_03955,7
00012909596_03956,3
00012709596_03957,2
00008059596_03958,7
00008059596_03959,7
00012709596_03960,2
00008059596_03961,7
00012689596_03962,2
00008059596_03963,7
00012709596_03964,2
00012689596_03965,2
00008059596_03966,7
00012709596_03967,2
00012689596_03968,2
00008059596_03969,7
00008059596_03970,7
00012689596_03971,2
00012709596_03972,2
00008059596_03973,7
00012689596_03974,2
00008059596_03975,7
00008059596_03976,7
00015059596_03977,7
00015059596_03978,7
00015059596_03979,7
00015059596_03980,7
00016069596_03981,3
00016479596_03982,7
00016839596_03983,8
00016839596_03984,8
00016839596_03985,8
00017169596_03986,3
00017169596_03987,3
00017329596_03988,3
00017329596_03989,3
00017329596_03990,3
00017329596_03991,3
00017689596_03992,7
00017699596_03993,7
00017699596_03994,7
00018929596_03995,2
00018929596_03996,2
00018929596_03997,2
00018929596_03998,2
00018929596_03999,2
00019159596_04000,2
00019159596_04001,2
00019429596_04002,2
00019459596_04003,3
00019459596_04004,3
00019459596_04005,3
00019459596_04006,3
00019459596_04007,3
00019459596_04008,3
00019459596_04009,3
00019459596_04010,3
00019459596_04011,3
00019459596_04012,3
00019459596_04013,3
00019459596_04014,3
00019459596_04015,3
00019459596_04016,3
00019459596_04017,3
00020979596_04018,3
00020979596_04019,3
00020979596_04020,3
00020979596_04021,3
00020979596_04022,3
00020979596_04023,3
00021719596_04024,2
00021719596_04025,2
00021719596_04026,2
00021719596_04027,2
00021719596_04028,2
00021719596_04029,2
00022309596_04030,3
00022309596_04031,3
00022309596_04032,3
00022309596_04033,3
00022849596_04034,2
00022849596_04035,2
00022849596_04036,2
00022849596_04037,2
00022849596_04038,2
00023049596_04039,3
00022849596_04040,2
00023049596_04041,3
00023049596_04042,3
00023049596_04043,3
00023049596_04044,3
00023049596_04045,3
00023049596_04046,3
00023049596_04047,3
00023879596_04048,3
00024089596_04049,1
00024629596_04050,1
00024629596_04051,1
00024739596_04052,3
00024739596_04053,3
00024739596_04054,3
00025529596_04055,3
00025549596_04056,2
00025529596_04057,3
00025549596_04058,2
00025529596_04059,3
00025549596_04060,2
00025529596_04061,3
00025549596_04062,2
00025529596_04063,3
00025549596_04064,2
00025549596_04065,2
00025779596_04066,2
00025779596_04067,2
00025779596_04068,2
00025779596_04069,2
00025779596_04070,2
00025779596_04071,2
00025949596_04072,3
00026859596_04073,3
00026949596_04074,3
00026949596_04075,3
00026949596_04076,3
00026949596_04077,3
00027319596_04078,3
00027329596_04079,3
00027329596_04080,3
00027329596_04081,3
00027329596_04082,3
00027329596_04083,3
00027329596_04084,3
00027329596_04085,3
00027329596_04086,3
00027329596_04087,3
00027329596_04088,3
00027329596_04089,3
00027329596_04090,3
00027459596_04091,3
00027459596_04092,3
00027459596_04093,3
00027799596_04094,3
00027799596_04095,3
00027799596_04096,3
00027979596_04097,3
00028099596_04098,3
00028099596_04099,3
00028099596_04100,3
00028199596_04101,1
00028739596_04102,2
00028739596_04103,2
00029249596_04104,3
00029249596_04105,3
00029249596_04106,3
00029249596_04107,3
00029249596_04108,3
00030359596_04109,2
00030359596_04110,2
00030359596_04111,2
00030379596_04112,3
00030359596_04113,2
00030359596_04114,2
00030359596_04115,2
00030359596_04116,2
00030589596_04117,2
00030589596_04118,2
00030589596_04119,2
00030589596_04120,2
00030589596_04121,2
00030589596_04122,2
00030589596_04123,2
00030589596_04124,2
00030819596_04125,3
00030819596_04126,3
00030819596_04127,3
00030819596_04128,3
00030819596_04129,3
00030819596_04130,3
00030819596_04131,3
00030819596_04132,3
00030819596_04133,3
00030819596_04134,3
00030819596_04135,3
00030819596_04136,3
00030819596_04137,3
00030819596_04138,3
00030819596_04139,3
00030819596_04140,3
00030819596_04141,3
00031839596_04142,1
00031839596_04143,1
00031839596_04144,1
00031989596_04145,3
00031989596_04146,3
00031989596_04147,3
00031989596_04148,3
00031989596_04149,3
00031989596_04150,3
00031989596_04151,3
00031989596_04152,3
00031989596_04153,3
00032559596_04154,3
00032559596_04155,3
00032559596_04156,3
00032559596_04157,3
00032559596_04158,3
00032559596_04159,3
00032559596_04160,3
00032559596_04161,3
00032899596_04162,3
00032899596_04163,3
00032899596_04164,3
00032899596_04165,3
00032559596_04166,3
00032899596_04167,3
00032559596_04168,3
00032559596_04169,3
00032559596_04170,3
00032559596_04171,3
00033249596_04172,3
00033249596_04173,3
00033289596_04174,3
00033289596_04175,3
00033289596_04176,3
00033289596_04177,3
00033289596_04178,3
00033289596_04179,3
00033839596_04180,2
00033839596_04181,2
00034029596_04182,2
00034109596_04183,1
00034029596_04184,2
00034029596_04185,2
00034029596_04186,2
00034189596_04187,3
00034189596_04188,3
00034189596_04189,3
00034289596_04190,2
00034189596_04191,3
00034189596_04192,3
00034289596_04193,2
00034189596_04194,3
00034289596_04195,2
00034189596_04196,3
00034289596_04197,2
00034189596_04198,3
00034289596_04199,2
00034189596_04200,3
00034189596_04201,3
00034289596_04202,2
00034189596_04203,3
00034289596_04204,2
00034289596_04205,2
00034289596_04206,2
00034189596_04207,3
00034699596_04208,3
00034719596_04209,3
00034719596_04210,3
00034719596_04211,3
00034719596_04212,3
00034719596_04213,3
00034699596_04214,3
00034719596_04215,3
00034719596_04216,3
00034719596_04217,3
00034699596_04218,3
00034719596_04219,3
00034699596_04220,3
00034719596_04221,3
00034699596_04222,3
00034699596_04223,3
00034719596_04224,3
00034719596_04225,3
00034699596_04226,3
00034699596_04227,3
00034699596_04228,3
00034699596_04229,3
00034699596_04230,3
00034699596_04231,3
00034699596_04232,3
00034699596_04233,3
00035969596_04234,3
00035969596_04235,3
00035969596_04236,3
00036049596_04237,3
00035969596_04238,3
00036049596_04239,3
00035969596_04240,3
00036049596_04241,3
00035969596_04242,3
00036049596_04243,3
00035969596_04244,3
00036049596_04245,3
00035969596_04246,3
00036049596_04247,3
00036049596_04248,3
00036049596_04249,3
00035969596_04250,3
00035969596_04251,3
00036049596_04252,3
00035969596_04253,3
00036599596_04254,3
00036599596_04255,3
00036049596_04256,3
00036049596_04257,3
00035969596_04258,3
00036049596_04259,3
00035969596_04260,3
00035969596_04261,3
00036049596_04262,3
00035969596_04263,3
00035969596_04264,3
00035969596_04265,3
00035969596_04266,3
00036969596_04267,3
00036969596_04268,3
00036969596_04269,3
00036969596_04270,3
00036969596_04271,3
00036969596_04272,3
00036969596_04273,3
00037299596_04274,2
00036969596_04275,3
00037299596_04276,2
00037299596_04277,2
00037299596_04278,2
00036969596_04279,3
00037299596_04280,2
00036969596_04281,3
00037509596_04282,3
00037299596_04283,2
00036969596_04284,3
00037509596_04285,3
00037299596_04286,2
00037299596_04287,2
00037509596_04288,3
00037299596_04289,2
00037509596_04290,3
00037699596_04291,8
00037299596_04292,2
00037509596_04293,3
00037509596_04294,3
00037509596_04295,3
00037509596_04296,3
00037699596_04297,8
00037509596_04298,3
00037509596_04299,3
00037699596_04300,8
00037509596_04301,3
00037509596_04302,3
00037509596_04303,3
00037699596_04304,8
00037509596_04305,3
00037509596_04306,3
00037509596_04307,3
00037509596_04308,3
00037509596_04309,3
00037509596_04310,3
00037509596_04311,3
00037509596_04312,3
00037509596_04313,3
00038109596_04314,8
00038749596_04315,3
00038749596_04316,3
00038749596_04317,3
00038749596_04318,3
00038749596_04319,3
00038749596_04320,3
00038829596_04321,3
00038749596_04322,3
00038829596_04323,3
00038749596_04324,3
00038829596_04325,3
00038749596_04326,3
00038829596_04327,3
00038749596_04328,3
00038829596_04329,3
00038749596_04330,3
00038829596_04331,3
00038749596_04332,3
00038749596_04333,3
00038829596_04334,3
00038749596_04335,3
00038749596_04336,3
00039109596_04337,3
00038749596_04338,3
00038749596_04339,3
00039109596_04340,3
00038749596_04341,3
00039109596_04342,3
00038749596_04343,3
00039109596_04344,3
00038749596_04345,3
00039109596_04346,3
00038749596_04347,3
00038749596_04348,3
00039109596_04349,3
00038749596_04350,3
00039109596_04351,3
00039109596_04352,3
00039109596_04353,3
00039109596_04354,3
00039619596_04355,3
00039109596_04356,3
00039109596_04357,3
00039109596_04358,3
00039109596_04359,3
00039109596_04360,3
00039109596_04361,3
00039109596_04362,3
00039109596_04363,3
00039119596_04364,8
00040059596_04365,8
00040059596_04366,8
00040059596_04367,8
00040729596_04368,3
00040729596_04369,3
00040719596_04370,8
00040729596_04371,3
00040059596_04372,8
00040729596_04373,3
00040719596_04374,8
00040729596_04375,3
00040729596_04376,3
00040729596_04377,3
00040059596_04378,8
00040059596_04379,8
00040989596_04380,2
00040989596_04381,2
00040729596_04382,3
00040729596_04383,3
00040729596_04384,3
00040729596_04385,3
00040729596_04386,3
00040729596_04387,3
00040729596_04388,3
00040729596_04389,3
00040729596_04390,3
00040729596_04391,3
00040729596_04392,3
00040729596_04393,3
00040729596_04394,3
00040729596_04395,3
00040729596_04396,3
00040729596_04397,3
00040729596_04398,3
00040729596_04399,3
00040729596_04400,3
00040729596_04401,3
00040729596_04402,3
00040729596_04403,3
00040729596_04404,3
00040729596_04405,3
00040729596_04406,3
00040729596_04407,3
00040729596_04408,3
00040729596_04409,3
00040729596_04410,3
00040729596_04411,3
00040729596_04412,3
00040729596_04413,3
00040729596_04414,3
00040729596_04415,3
00040729596_04416,3
00040729596_04417,3
00040729596_04418,3
00041869596_04419,1
00040729596_04420,3
00040729596_04421,3
00040729596_04422,3
00040729596_04423,3
00042209596_04424,1
00042209596_04425,1
00041839596_04426,8
00041839596_04427,8
00041839596_04428,8
00040729596_04429,3
00040729596_04430,3
00040729596_04431,3
00041839596_04432,8
00040729596_04433,3
00040729596_04434,3
00040729596_04435,3
00040729596_04436,3
00040729596_04437,3
00040729596_04438,3
00040729596_04439,3
00043109596_04440,2
00040729596_04441,3
00043109596_04442,2
00040729596_04443,3
00040729596_04444,3
00043109596_04445,2
00040729596_04446,3
00040729596_04447,3
00043299596_04448,2
00040729596_04449,3
00043299596_04450,2
00040729596_04451,3
00040729596_04452,3
00040729596_04453,3
00040729596_04454,3
00043299596_04455,2
00040729596_04456,3
00040729596_04457,3
00043299596_04458,2
00040729596_04459,3
00040729596_04460,3
00040729596_04461,3
00040729596_04462,3
00040729596_04463,3
00040729596_04464,3
00043999596_04465,3
00043999596_04466,3
00043999596_04467,3
00043999596_04468,3
00043999596_04469,3
00043999596_04470,3
00043999596_04471,3
00043999596_04472,3
00043999596_04473,3
00043999596_04474,3
00043999596_04475,3
00043999596_04476,3
00043999596_04477,3
00044319596_04478,2
00043999596_04479,3
00044319596_04480,2
00043999596_04481,3
00044319596_04482,2
00043999596_04483,3
00044599596_04484,1
00044599596_04485,1
00043999596_04486,3
00043999596_04487,3
00044599596_04488,1
00044319596_04489,2
00044599596_04490,1
00044319596_04491,2
00043999596_04492,3
00043999596_04493,3
00043999596_04494,3
00044319596_04495,2
00044319596_04496,2
00044319596_04497,2
00044319596_04498,2
04479959607_04499,7
04479959607_04500,7
04479959607_04501,7
04479959607_04502,7
04479959607_04503,7
00045949596_04504,3
00045949596_04505,3
00045949596_04506,3
00045949596_04507,3
00045949596_04508,3
00045949596_04509,3
04479959607_04510,7
00045949596_04511,3
00045949596_04512,3
00045949596_04513,3
00045949596_04514,3
00045949596_04515,3
00045949596_04516,3
00045949596_04517,3
00045949596_04518,3
00045949596_04519,3
00045949596_04520,3
00045949596_04521,3
00046909596_04522,2
00046909596_04523,2
00046909596_04524,2
00046909596_04525,2
00046909596_04526,2
00046909596_04527,2
00046909596_04528,2
00045569596_04529,8
00045569596_04530,8
00047469596_04531,2
00047469596_04532,2
00047469596_04533,2
00047469596_04534,2
00047469596_04535,2
00048789596_04536,3
00048769596_04537,3
00048769596_04538,3
00049289596_04539,3
00049189596_04540,1
00049479596_04541,2
00049539596_04542,3
00049479596_04543,2
00049539596_04544,3
00049539596_04545,3
00049539596_04546,3
00049479596_04547,2
00049479596_04548,2
00049479596_04549,2
00049479596_04550,2
00049479596_04551,2
00049479596_04552,2
00050139596_04553,3
00050139596_04554,3
00050139596_04555,3
00050139596_04556,3
00050649596_04557,2
00050649596_04558,2
00050139596_04559,3
00050489596_04560,1
00050489596_04561,1
00050489596_04562,1
00050939596_04563,3
00050939596_04564,3
00050939596_04565,3
00050939596_04566,3
00050939596_04567,3
00050939596_04568,3
00051199596_04569,1
00051109596_04570,3
00051109596_04571,3
00051199596_04572,1
00051199596_04573,1
00051109596_04574,3
00051109596_04575,3
00051109596_04576,3
00051109596_04577,3
00051109596_04578,3
00051109596_04579,3
00051109596_04580,3
00051109596_04581,3
00051109596_04582,3
00051759596_04583,2
00051759596_04584,2
00051379596_04585,14
00051759596_04586,2
00051759596_04587,2
00051759596_04588,2
00051759596_04589,2
00051759596_04590,2
00051759596_04591,2
00053709596_04592,3
00053709596_04593,3
00053709596_04594,3
00054849596_04595,3
00055059596_04596,2
00055059596_04597,2
00055059596_04598,2
00055239596_04599,2
00055239596_04600,2
00055239596_04601,2
00055349596_04602,3
00055239596_04603,2
00055239596_04604,2
00055349596_04605,3
00055349596_04606,3
00055349596_04607,3
00055349596_04608,3
00057239596_04609,3
00057229596_04610,1
00057229596_04611,1
00057229596_04612,1
00056649596_04613,1
00057849596_04614,1
00058309596_04615,3
00058169596_04616,3
00057849596_04617,1
00058399596_04618,3
00058399596_04619,3
00057849596_04620,1
00058399596_04621,3
00058399596_04622,3
00058399596_04623,3
00058729596_04624,3
00058729596_04625,3
00059259596_04626,2
00058729596_04627,3
00058729596_04628,3
00059489596_04629,2
00059489596_04630,2
00057749596_04631,7
00059489596_04632,2
00057749596_04633,7
00059489596_04634,2
00058729596_04635,3
00058729596_04636,3
00057749596_04637,7
00058729596_04638,3
00058729596_04639,3
00057749596_04640,7
00058729596_04641,3
00058729596_04642,3
00057749596_04643,7
00058729596_04644,3
00057749596_04645,7
00058729596_04646,3
00057749596_04647,7
00058729596_04648,3
00057749596_04649,7
00058729596_04650,3
00057749596_04651,7
00057749596_04652,7
00057749596_04653,7
00058729596_04654,3
00058729596_04655,3
00058729596_04656,3
00058729596_04657,3
00058729596_04658,3
00058729596_04659,3
00058729596_04660,3
00058729596_04661,3
00058729596_04662,3
00058729596_04663,3
00058729596_04664,3
00058729596_04665,3
00058729596_04666,3
00058729596_04667,3
00058729596_04668,3
00058729596_04669,3
00058729596_04670,3
00061619596_04671,2
00061619596_04672,2
00061619596_04673,2
00061619596_04674,2
00061619596_04675,2
00061829596_04676,2
00061829596_04677,2
00061829596_04678,2
00061829596_04679,2
00061829596_04680,2
00061829596_04681,2
00061829596_04682,2
00061829596_04683,2
00061829596_04684,2
00062189596_04685,2
00062189596_04686,2
00062189596_04687,2
00062189596_04688,2
00062339596_04689,3
00062339596_04690,3
00062339596_04691,3
00062389596_04692,2
00062339596_04693,3
00062339596_04694,3
00062519596_04695,3
00062519596_04696,3
00062519596_04697,3
00062519596_04698,3
00062519596_04699,3
00062609596_04700,2
00062609596_04701,2
00062609596_04702,2
00062609596_04703,2
00062609596_04704,2
00062829596_04705,2
00062829596_04706,2
00062829596_04707,2
00063679596_04708,2
00063679596_04709,2
00063679596_04710,2
00063679596_04711,2
00063679596_04712,2
00063679596_04713,2
00063679596_04714,2
00063989596_04715,3
00063989596_04716,3
00063989596_04717,3
00064269596_04718,2
00063989596_04719,3
00063989596_04720,3
00063989596_04721,3
00063989596_04722,3
00064449596_04723,2
00063989596_04724,3
00063989596_04725,3
00063989596_04726,3
00063989596_04727,3
00063679596_04728,2
00063989596_04729,3
00063989596_04730,3
00063989596_04731,3
00063989596_04732,3
00065009596_04733,3
00065009596_04734,3
00065009596_04735,3
00065009596_04736,3
00065009596_04737,3
00065009596_04738,3
00065009596_04739,3
00065009596_04740,3
00065009596_04741,3
00065009596_04742,3
00065009596_04743,3
00065009596_04744,3
00065789596_04745,7
00066209596_04746,2
00065789596_04747,7
00066209596_04748,2
00065789596_04749,7
00066209596_04750,2
00065789596_04751,7
00066209596_04752,2
00066209596_04753,2
00066209596_04754,2
00066209596_04755,2
00065789596_04756,7
00065789596_04757,7
00066209596_04758,2
00065789596_04759,7
00066209596_04760,2
00065789596_04761,7
00066209596_04762,2
00065789596_04763,7
00065789596_04764,7
00065789596_04765,7
00065789596_04766,7
00065789596_04767,7
00065789596_04768,7
00065789596_04769,7
00065789596_04770,7
00065789596_04771,7
00065789596_04772,7
00066869596_04773,3
00065789596_04774,7
00066869596_04775,3
00066819596_04776,2
00065789596_04777,7
00066869596_04778,3
00066819596_04779,2
00065789596_04780,7
00066819596_04781,2
00066819596_04782,2
00066819596_04783,2
00066819596_04784,2
00066819596_04785,2
00065789596_04786,7
00065789596_04787,7
00065789596_04788,7
00066819596_04789,2
00065789596_04790,7
00066819596_04791,2
00065789596_04792,7
00065789596_04793,7
00065789596_04794,7
00065789596_04795,7
00065789596_04796,7
00066819596_04797,2
00065789596_04798,7
00066819596_04799,2
00065789596_04800,7
00065789596_04801,7
00065789596_04802,7
00066819596_04803,2
00066819596_04804,2
00066819596_04805,2
00065789596_04806,7
00065789596_04807,7
00065789596_04808,7
00065789596_04809,7
00067919596_04810,3
00067919596_04811,3
00067919596_04812,3
00067919596_04813,3
00065789596_04814,7
00065789596_04815,7
00065789596_04816,7
00065789596_04817,7
00065789596_04818,7
00065789596_04819,7
00065789596_04820,7
00065789596_04821,7
00065789596_04822,7
00065789596_04823,7
00065789596_04824,7
00068119596_04825,3
00068119596_04826,3
00065789596_04827,7
00068119596_04828,3
00065789596_04829,7
00065789596_04830,7
00065789596_04831,7
00065789596_04832,7
00065789596_04833,7
00065789596_04834,7
00065789596_04835,7
00065789596_04836,7
00065789596_04837,7
00065789596_04838,7
00065789596_04839,7
00068419596_04840,3
00068429596_04841,2
00065789596_04842,7
00068429596_04843,2
00065789596_04844,7
00065789596_04845,7
00065789596_04846,7
00065789596_04847,7
00065789596_04848,7
00065789596_04849,7
00068669596_04850,3
00065789596_04851,7
00068669596_04852,3
00065789596_04853,7
00068669596_04854,3
00065789596_04855,7
00068669596_04856,3
00065789596_04857,7
00068669596_04858,3
00065789596_04859,7
00068669596_04860,3
00065789596_04861,7
00068669596_04862,3
00065789596_04863,7
00065789596_04864,7
00068669596_04865,3
00069109596_04866,2
00068669596_04867,3
00069109596_04868,2
00069169596_04869,2
00065789596_04870,7
00069169596_04871,2
00065789596_04872,7
00069169596_04873,2
00068669596_04874,3
00065789596_04875,7
00069169596_04876,2
00069119596_04877,2
00068669596_04878,3
00065789596_04879,7
00069119596_04880,2
00065789596_04881,7
00069119596_04882,2
00069169596_04883,2
00069709596_04884,2
00069889596_04885,3
00069119596_04886,2
00069169596_04887,2
00069709596_04888,2
00069889596_04889,3
00069169596_04890,2
00069999596_04891,3
00069119596_04892,2
00069999596_04893,3
00069119596_04894,2
00069999596_04895,3
00069119596_04896,2
00069999596_04897,3
00069119596_04898,2
00069999596_04899,3
00069119596_04900,2
00069119596_04901,2
00069119596_04902,2
00069119596_04903,2
00070549596_04904,2
00070549596_04905,2
00069119596_04906,2
00070549596_04907,2
00070549596_04908,2
00070549596_04909,2
00070859596_04910,2
00070549596_04911,2
00069119596_04912,2
00070549596_04913,2
00070549596_04914,2
00070989596_04915,2
00069119596_04916,2
00069119596_04917,2
00069119596_04918,2
00071289596_04919,7
00069119596_04920,2
00071319596_04921,2
00071289596_04922,7
00069119596_04923,2
00071319596_04924,2
00071289596_04925,7
00069119596_04926,2
00071319596_04927,2
00071289596_04928,7
00071319596_04929,2
00071289596_04930,7
00071319596_04931,2
00071289596_04932,7
00071319596_04933,2
00071289596_04934,7
00071759596_04935,3
00071319596_04936,2
00071289596_04937,7
00071759596_04938,3
00071289596_04939,7
00071219596_04940,3
00071289596_04941,7
00071819596_04942,2
00071759596_04943,3
00071289596_04944,7
00071819596_04945,2
00071759596_04946,3
00071289596_04947,7
00071819596_04948,2
00071759596_04949,3
00071289596_04950,7
00071819596_04951,2
00072049596_04952,2
00072049596_04953,2
00071289596_04954,7
00071289596_04955,7
00071759596_04956,3
00071289596_04957,7
00071819596_04958,2
00071289596_04959,7
00072209596_04960,3
00071759596_04961,3
00071819596_04962,2
00071289596_04963,7
00071759596_04964,3
00071819596_04965,2
00071289596_04966,7
00071759596_04967,3
00071759596_04968,3
00071759596_04969,3
00072479596_04970,2
00072479596_04971,2
00071759596_04972,3
00071759596_04973,3
00071759596_04974,3
00072589596_04975,2
00071759596_04976,3
00072589596_04977,2
00071759596_04978,3
00071759596_04979,3
00071759596_04980,3
00072589596_04981,2
00072479596_04982,2
00072589596_04983,2
00072589596_04984,2
00072589596_04985,2
00071759596_04986,3
00071759596_04987,3
00072479596_04988,2
00072479596_04989,2
00071759596_04990,3
00071759596_04991,3
00000999597_04992,13
00000999597_04993,13
00000999597_04994,13
00000999597_04995,13
00000999597_04996,13
00000999597_04997,13
00000999597_04998,13
00000999597_04999,13
00000999597_05000,13
00000999597_05001,13
00000999597_05002,13
00000999597_05003,13
00000999597_05004,13
00000999597_05005,13
00000999597_05006,13
00000999597_05007,13
00001399597_05008,13
00001399597_05009,13
00001399597_05010,13
00001399597_05011,13
00001399597_05012,13
00001399597_05013,13
00001399597_05014,13
00001399597_05015,13
00001399597_05016,13
00001399597_05017,13
00001399597_05018,13
00001399597_05019,13
00001399597_05020,13
00001399597_05021,13
00001399597_05022,13
00001399597_05023,13
00001399597_05024,13
00001399597_05025,13
00001399597_05026,13
00001399597_05027,13
00001399597_05028,13
00001399597_05029,13
00001399597_05030,13
00001399597_05031,13
00001399597_05032,13
00001399597_05033,13
00001399597_05034,13
00001399597_05035,13
00001399597_05036,13
00001399597_05037,13
00001399597_05038,13
00001399597_05039,13
00001399597_05040,13
00001399597_05041,13
00001399597_05042,13
00001399597_05043,13
00001399597_05044,13
00001399597_05045,13
00001399597_05046,13
00001399597_05047,13
00001399597_05048,13
00001399597_05049,13
00001399597_05050,13
00001399597_05051,13
00001399597_05052,13
00001399597_05053,13
00001399597_05054,13
00002919597_05055,13
00002919597_05056,13
00002919597_05057,13
00002919597_05058,13
00002919597_05059,13
00002919597_05060,13
00002919597_05061,13
00002919597_05062,13
00002919597_05063,13
00002919597_05064,13
00002919597_05065,13
00002919597_05066,13
00003939597_05067,13
00003939597_05068,13
00003939597_05069,13
00003939597_05070,13
00003939597_05071,13
00003939597_05072,13
00003939597_05073,13
00003939597_05074,13
00003939597_05075,13
00003939597_05076,13
00004479597_05077,13
00004479597_05078,13
00004479597_05079,13
00004479597_05080,13
00004479597_05081,13
00004479597_05082,13
00004479597_05083,13
00004479597_05084,13
00004479597_05085,13
00004479597_05086,13
00004479597_05087,13
00004479597_05088,13
00590959702_05089,2
00590959702_05090,2
00006389597_05091,1
00006389597_05092,1
00006389597_05093,1
00007729597_05094,13
00006389597_05095,1
00007729597_05096,13
00006389597_05097,1
00007729597_05098,13
00006389597_05099,1
00007729597_05100,13
00007729597_05101,13
00007729597_05102,13
00006389597_05103,1
00006389597_05104,1
00007729597_05105,13
00007729597_05106,13
00007729597_05107,13
00007729597_05108,13
00007729597_05109,13
00007729597_05110,13
00007729597_05111,13
00007729597_05112,13
00007729597_05113,13
00007729597_05114,13
00007729597_05115,13
00007729597_05116,13
00007729597_05117,13
00007729597_05118,13
00008919597_05119,8
00008919597_05120,8
00008919597_05121,8
00008919597_05122,8
00008919597_05123,8
00009299597_05124,8
00009989597_05125,1
00009989597_05126,1
00009989597_05127,1
00009989597_05128,1
00009989597_05129,1
00009989597_05130,1
00009989597_05131,1
00009989597_05132,1
00009989597_05133,1
00009989597_05134,1
00009989597_05135,1
00010669597_05136,8
00009989597_05137,1
00009989597_05138,1
00009989597_05139,1
00009989597_05140,1
00009989597_05141,1
00009989597_05142,1
00009989597_05143,1
00009989597_05144,1
00009989597_05145,1
00011659597_05146,1
00011659597_05147,1
00011659597_05148,1
00011659597_05149,1
00011659597_05150,1
00011659597_05151,1
00012449597_05152,1
00012449597_05153,1
00012739597_05154,1
00012739597_05155,1
00012739597_05156,1
00012739597_05157,1
00012739597_05158,1
00012739597_05159,1
00012739597_05160,1
00013519597_05161,1
00012739597_05162,1
00012739597_05163,1
00012739597_05164,1
00012739597_05165,1
00012739597_05166,1
00012739597_05167,1
00012739597_05168,1
00012739597_05169,1
00012739597_05170,1
00015009597_05171,1
00015009597_05172,1
00015009597_05173,1
00015009597_05174,1
00015009597_05175,1
00017259597_05176,1
00017259597_05177,1
00018049597_05178,1
00019459597_05179,13
00019399597_05180,1
00019459597_05181,13
00019399597_05182,1
00019399597_05183,1
00019459597_05184,13
00019459597_05185,13
00019459597_05186,13
00019459597_05187,13
00020999597_05188,13
00020999597_05189,13
00021379597_05190,1
00021379597_05191,1
00022429597_05192,6
00023979597_05193,6
00023979597_05194,6
00023979597_05195,6
00023979597_05196,6
00023979597_05197,6
00023979597_05198,6
00024219597_05199,20
00023979597_05200,6
00024219597_05201,20
00023979597_05202,6
00024219597_05203,20
00023979597_05204,6
00024219597_05205,20
00023979597_05206,6
00024219597_05207,20
00023979597_05208,6
00024219597_05209,20
00023979597_05210,6
00024219597_05211,20
00024219597_05212,20
00023979597_05213,6
00024219597_05214,20
00023979597_05215,6
00024219597_05216,20
00024219597_05217,20
00024219597_05218,20
00023979597_05219,6
00023979597_05220,6
00024769597_05221,1
00024769597_05222,1
00024769597_05223,1
00024769597_05224,1
00024769597_05225,1
00024769597_05226,1
00026439597_05227,1
00026439597_05228,1
00026439597_05229,1
00024769597_05230,1
00024769597_05231,1
00024769597_05232,1
00024769597_05233,1
00024769597_05234,1
00024769597_05235,1
00024769597_05236,1
00024769597_05237,1
00024769597_05238,1
00024769597_05239,1
00024769597_05240,1
00024769597_05241,1
00024769597_05242,1
00024769597_05243,1
00024769597_05244,1
00024769597_05245,1
00024769597_05246,1
00024769597_05247,1
00024769597_05248,1
00024769597_05249,1
00024769597_05250,1
00024769597_05251,1
00024769597_05252,1
00024769597_05253,1
00024769597_05254,1
00024769597_05255,1
00024769597_05256,1
00024769597_05257,1
00024769597_05258,1
00024769597_05259,1
00024769597_05260,1
00024769597_05261,1
00024769597_05262,1
00024769597_05263,1
00029249597_05264,1
00029249597_05265,1
00030069597_05266,1
00030659597_05267,1
00030659597_05268,1
00030659597_05269,1
00030959597_05270,1
03269959708_05271,8
03269959708_05272,8
03269959708_05273,8
00030959597_05274,1
03269959708_05275,8
00030959597_05276,1
00033079597_05277,1
00030959597_05278,1
00033079597_05279,1
00000029598_05280,1
00000009598_05281,1
00000029598_05282,1
00000009598_05283,1
00000029598_05284,1
00000009598_05285,1
00000029598_05286,1
00000009598_05287,1
00000009598_05288,1
00000029598_05289,1
00000029598_05290,1
00000039598_05291,1
00000479598_05292,1
00000029598_05293,1
00000589598_05294,1
00000589598_05295,1
00000029598_05296,1
00000039598_05297,1
00000589598_05298,1
00000039598_05299,1
00000029598_05300,1
00000039598_05301,1
00000029598_05302,1
00000589598_05303,1
00001239598_05304,1
00000589598_05305,1
00000029598_05306,1
00000039598_05307,1
00000589598_05308,1
00000029598_05309,1
00000039598_05310,1
00000029598_05311,1
00000039598_05312,1
00000589598_05313,1
00000029598_05314,1
00000029598_05315,1
00000589598_05316,1
00000029598_05317,1
00000029598_05318,1
00000039598_05319,1
00000589598_05320,1
00000029598_05321,1
00000039598_05322,1
00000589598_05323,1
00000039598_05324,1
00000029598_05325,1
00000589598_05326,1
00000589598_05327,1
00000039598_05328,1
00000589598_05329,1
00000039598_05330,1
00000029598_05331,1
00000029598_05332,1
00000589598_05333,1
00002819598_05334,1
00000029598_05335,1
00000589598_05336,1
00002819598_05337,1
00000039598_05338,1
00000589598_05339,1
00000589598_05340,1
00000029598_05341,1
00000039598_05342,1
00000039598_05343,1
00000039598_05344,1
00000029598_05345,1
00000039598_05346,1
00000029598_05347,1
00000029598_05348,1
00000589598_05349,1
00000029598_05350,1
00000009598_05351,1
00000009598_05352,1
00000029598_05353,1
00000039598_05354,1
00000029598_05355,1
00000039598_05356,1
00000589598_05357,1
00000029598_05358,1
00000009598_05359,1
00002609598_05360,1
00000029598_05361,1
00000009598_05362,1
00002019598_05363,1
00000009598_05364,1
00002609598_05365,1
00000009598_05366,1
00002019598_05367,1
00002609598_05368,1
00000009598_05369,1
00002609598_05370,1
00000589598_05371,1
00002609598_05372,1
00000589598_05373,1
00000589598_05374,1
00002609598_05375,1
00000589598_05376,1
00002609598_05377,1
00000589598_05378,1
00000009598_05379,1
00005069598_05380,4
00005069598_05381,4
00005299598_05382,1
00002609598_05383,1
00005299598_05384,1
00002609598_05385,1
00000009598_05386,1
00005069598_05387,4
00002609598_05388,1
00005069598_05389,4
00005299598_05390,1
00005299598_05391,1
00002609598_05392,1
00005069598_05393,4
00005299598_05394,1
00002609598_05395,1
00002609598_05396,1
00005299598_05397,1
00005909598_05398,1
00002609598_05399,1
00002609598_05400,1
00002609598_05401,1
00002609598_05402,1
00002609598_05403,1
00002609598_05404,1
00005439598_05405,1
00005439598_05406,1
00005909598_05407,1
00005909598_05408,1
00002609598_05409,1
00005299598_05410,1
00005909598_05411,1
00005299598_05412,1
00005299598_05413,1
00005909598_05414,1
00005299598_05415,1
00007289598_05416,1
00005299598_05417,1
00005299598_05418,1
00007289598_05419,1
00005299598_05420,1
00007289598_05421,1
00005299598_05422,1
00005299598_05423,1
00000009598_05424,1
00005299598_05425,1
00005299598_05426,1
00005439598_05427,1
00000009598_05428,1
00000009598_05429,1
00007289598_05430,1
00005439598_05431,1
00007289598_05432,1
00007289598_05433,1
00007289598_05434,1
00007289598_05435,1
00005439598_05436,1
00005439598_05437,1
00007289598_05438,1
00005439598_05439,1
00007289598_05440,1
00007289598_05441,1
00005439598_05442,1
00005439598_05443,1
00007289598_05444,1
00007289598_05445,1
00005439598_05446,1
00007289598_05447,1
00009809598_05448,1
00000009598_05449,1
00000009598_05450,1
00009809598_05451,1
00010109598_05452,1
00000009598_05453,1
00009809598_05454,1
00000009598_05455,1
00009809598_05456,1
00007289598_05457,1
00010309598_05458,1
00000009598_05459,1
00000009598_05460,1
00010309598_05461,1
00010309598_05462,1
00000009598_05463,1
00010309598_05464,1
00010229598_05465,1
00010309598_05466,1
00010309598_05467,1
00000009598_05468,1
00006069598_05469,1
00010309598_05470,1
00010699598_05471,1
00010309598_05472,1
00010699598_05473,1
00010229598_05474,1
00010309598_05475,1
00010699598_05476,1
00010309598_05477,1
00000009598_05478,1
00011189598_05479,1
00010699598_05480,1
00010229598_05481,1
00000009598_05482,1
00011189598_05483,1
00010229598_05484,1
00010309598_05485,1
00011189598_05486,1
00011499598_05487,1
00010229598_05488,1
00010309598_05489,1
00000009598_05490,1
00011189598_05491,1
00010699598_05492,1
00010309598_05493,1
00011189598_05494,1
00000009598_05495,1
00010309598_05496,1
00010309598_05497,1
00011189598_05498,1
00011189598_05499,1
00011189598_05500,1
00010309598_05501,1
00011189598_05502,1
00010309598_05503,1
00000009598_05504,1
00010309598_05505,1
00011189598_05506,1
00010309598_05507,1
00011189598_05508,1
00000009598_05509,1
00010309598_05510,1
00011189598_05511,1
00000009598_05512,1
00011189598_05513,1
00000009598_05514,1
00012479598_05515,1
00000009598_05516,1
00010309598_05517,1
00010309598_05518,1
00012479598_05519,1
00010309598_05520,1
00010309598_05521,1
00010309598_05522,1
00010309598_05523,1
00010699598_05524,1
00010309598_05525,1
00010309598_05526,1
00010309598_05527,1
00010309598_05528,1
00010309598_05529,1
00014179598_05530,1
00010309598_05531,1
00014179598_05532,1
00010309598_05533,1
00010309598_05534,1
00010309598_05535,1
00014179598_05536,1
00010309598_05537,1
00014179598_05538,1
00010699598_05539,1
00011279598_05540,1
00014499598_05541,1
00010699598_05542,1
00011279598_05543,1
00010309598_05544,1
00014499598_05545,1
00010309598_05546,1
00011279598_05547,1
00014499598_05548,1
00014499598_05549,1
00014499598_05550,1
00014179598_05551,1
00014499598_05552,1
00010699598_05553,1
00014499598_05554,1
00011279598_05555,1
00014499598_05556,1
00011279598_05557,1
00014499598_05558,1
00011279598_05559,1
00014499598_05560,1
00011279598_05561,1
00011279598_05562,1
00014499598_05563,1
00011279598_05564,1
00014499598_05565,1
00014499598_05566,1
00014499598_05567,1
00016069598_05568,1
00014499598_05569,1
00016069598_05570,1
00016069598_05571,1
00016389598_05572,1
00016069598_05573,1
00016389598_05574,1
00016069598_05575,1
00016069598_05576,1
00014499598_05577,1
00016069598_05578,1
00014499598_05579,1
00016069598_05580,1
00016069598_05581,1
00014499598_05582,1
00010699598_05583,1
00010309598_05584,1
00016069598_05585,1
00014499598_05586,1
00016069598_05587,1
00014499598_05588,1
00010699598_05589,1
00010309598_05590,1
00016069598_05591,1
00014499598_05592,1
00010699598_05593,1
00016069598_05594,1
00017499598_05595,1
00010309598_05596,1
00010309598_05597,1
00010309598_05598,1
00010309598_05599,1
00010309598_05600,1
00016229598_05601,1
00017499598_05602,1
00017499598_05603,1
00017499598_05604,1
00010309598_05605,1
00017499598_05606,1
00017499598_05607,1
00017499598_05608,1
00014499598_05609,1
00017499598_05610,1
00017499598_05611,1
00014499598_05612,1
00019199598_05613,4
00019069598_05614,1
00017499598_05615,1
00019199598_05616,4
00019199598_05617,4
00019199598_05618,4
00019199598_05619,4
00019199598_05620,4
00014499598_05621,1
00019199598_05622,4
00019199598_05623,4
00014499598_05624,1
00019199598_05625,4
00019199598_05626,4
00019199598_05627,4
00019199598_05628,4
00019069598_05629,1
00017499598_05630,1
00017499598_05631,1
00017499598_05632,1
00010309598_05633,1
00017499598_05634,1
00017499598_05635,1
00010309598_05636,1
00017499598_05637,1
00010309598_05638,1
00010309598_05639,1
00017499598_05640,1
00017499598_05641,1
00017499598_05642,1
00014499598_05643,1
00017499598_05644,1
00017499598_05645,1
00019069598_05646,1
00017499598_05647,1
00017499598_05648,1
00017499598_05649,1
00019069598_05650,1
00017499598_05651,1
00017499598_05652,1
00019069598_05653,1
00017499598_05654,1
00017499598_05655,1
00017499598_05656,1
00017499598_05657,1
00017499598_05658,1
00017499598_05659,1
00017499598_05660,1
00017499598_05661,1
00017499598_05662,1
00010309598_05663,1
00017499598_05664,1
00017499598_05665,1
00017499598_05666,1
00017499598_05667,1
00017499598_05668,1
00017499598_05669,1
00017499598_05670,1
00017499598_05671,1
00010309598_05672,1
00017499598_05673,1
00017499598_05674,1
00017499598_05675,1
00010309598_05676,1
00010309598_05677,1
00017499598_05678,1
00010309598_05679,1
00017499598_05680,1
00017499598_05681,1
00010309598_05682,1
00017499598_05683,1
00010309598_05684,1
00017499598_05685,1
00010309598_05686,1
00022699598_05687,1
00017499598_05688,1
00010309598_05689,1
00017499598_05690,1
00022699598_05691,1
00010309598_05692,1
00017499598_05693,1
00010309598_05694,1
00022699598_05695,1
00017499598_05696,1
00010309598_05697,1
00010309598_05698,1
00010309598_05699,1
00010309598_05700,1
00023749598_05701,1
00010309598_05702,1
00010309598_05703,1
00010309598_05704,1
00010309598_05705,1
00023749598_05706,1
00023749598_05707,1
00010309598_05708,1
00010309598_05709,1
00010309598_05710,1
00010309598_05711,1
00010309598_05712,1
00023749598_05713,1
00010309598_05714,1
00010309598_05715,1
00025279598_05716,4
00010309598_05717,1
00023749598_05718,1
00026089598_05719,1
00026089598_05720,1
00025279598_05721,4
00025279598_05722,4
00025279598_05723,4
00025279598_05724,4
00025279598_05725,4
00025279598_05726,4
00025279598_05727,4
00025279598_05728,4
00025279598_05729,4
00025279598_05730,4
00010309598_05731,1
00025279598_05732,4
00025279598_05733,4
00026079598_05734,1
00028479598_05735,1
00026079598_05736,1
00026079598_05737,1
00025279598_05738,4
00026079598_05739,1
00026079598_05740,1
00026079598_05741,1
00026079598_05742,1
00026079598_05743,1
00026079598_05744,1
00026079598_05745,1
00026079598_05746,1
00030249598_05747,1
00025279598_05748,4
00030249598_05749,1
00030249598_05750,1
00026079598_05751,1
00026079598_05752,1
00034619598_05753,4
00034619598_05754,4
00034639598_05755,1
00033649598_05756,1
00034639598_05757,1
00034639598_05758,1
00034639598_05759,1
00035769598_05760,1
00034639598_05761,1
00033649598_05762,1
00033649598_05763,1
00033649598_05764,1
00033649598_05765,1
00033649598_05766,1
00033649598_05767,1
00035769598_05768,1
00033649598_05769,1
00033649598_05770,1
00035769598_05771,1
00035359598_05772,1
00036659598_05773,1
00035359598_05774,1
00033649598_05775,1
00036659598_05776,1
00035359598_05777,1
00035359598_05778,1
00033649598_05779,1
00035359598_05780,1
00036659598_05781,1
00035359598_05782,1
00036659598_05783,1
00035359598_05784,1
00033649598_05785,1
00036659598_05786,1
00035359598_05787,1
00033649598_05788,1
00035359598_05789,1
00035359598_05790,1
00035359598_05791,1
00035359598_05792,1
00033649598_05793,1
00035359598_05794,1
00035359598_05795,1
00035359598_05796,1
00033649598_05797,1
00035359598_05798,1
00035359598_05799,1
00035769598_05800,1
00036659598_05801,1
00038479598_05802,1
00036659598_05803,1
00038479598_05804,1
00035769598_05805,1
00035769598_05806,1
00035769598_05807,1
00036659598_05808,1
00035769598_05809,1
00036659598_05810,1
00039059598_05811,1
00036659598_05812,1
00039059598_05813,1
00036659598_05814,1
00039059598_05815,1
00039059598_05816,1
00036659598_05817,1
00039059598_05818,1
00036659598_05819,1
00036659598_05820,1
00036659598_05821,1
00036659598_05822,1
00039059598_05823,1
00036659598_05824,1
00039059598_05825,1
00038229598_05826,4
00036659598_05827,1
00039059598_05828,1
00038229598_05829,4
00038229598_05830,4
00039019598_05831,1
00039059598_05832,1
00036659598_05833,1
00039799598_05834,1
00039059598_05835,1
00036659598_05836,1
00039019598_05837,1
00039799598_05838,1
00036659598_05839,1
00035769598_05840,1
00039059598_05841,1
00039019598_05842,1
00038229598_05843,4
00038229598_05844,4
00036659598_05845,1
00039059598_05846,1
00036659598_05847,1
00038229598_05848,4
00039059598_05849,1
00038229598_05850,4
00038229598_05851,4
00039019598_05852,1
00038229598_05853,4
00039059598_05854,1
00038229598_05855,4
00038229598_05856,4
00039059598_05857,1
00038229598_05858,4
00039059598_05859,1
00038229598_05860,4
00039059598_05861,1
00039059598_05862,1
00039059598_05863,1
00039059598_05864,1
00041499598_05865,1
00039059598_05866,1
00039059598_05867,1
00039059598_05868,1
00039059598_05869,1
00039059598_05870,1
00039059598_05871,1
00039059598_05872,1
00039019598_05873,1
00039059598_05874,1
00036659598_05875,1
00039059598_05876,1
00039059598_05877,1
00039059598_05878,1
00039059598_05879,1
00039059598_05880,1
00039059598_05881,1
00039059598_05882,1
00035769598_05883,1
00036659598_05884,1
00039059598_05885,1
00036659598_05886,1
00035769598_05887,1
00043959598_05888,1
00035769598_05889,1
00036659598_05890,1
00035769598_05891,1
00036659598_05892,1
00043959598_05893,1
00035769598_05894,1
00036659598_05895,1
00043959598_05896,1
00036659598_05897,1
00036659598_05898,1
00039059598_05899,1
00035769598_05900,1
00035769598_05901,1
00044239598_05902,4
00035769598_05903,1
00044239598_05904,4
00044239598_05905,4
00044239598_05906,4
00043959598_05907,1
00043959598_05908,1
00043959598_05909,1
00043959598_05910,1
00043959598_05911,1
00043959598_05912,1
00043959598_05913,1
00043959598_05914,1
00043959598_05915,1
00043959598_05916,1
00043959598_05917,1
00044239598_05918,4
00044239598_05919,4
00044239598_05920,4
00044239598_05921,4
00043959598_05922,1
00043959598_05923,1
00043959598_05924,1
00044239598_05925,4
00043959598_05926,1
00044239598_05927,4
00043959598_05928,1
00044239598_05929,4
00044239598_05930,4
00043959598_05931,1
00044239598_05932,4
00043959598_05933,1
00044239598_05934,4
00043959598_05935,1
00044239598_05936,4
00043959598_05937,1
00044239598_05938,4
00044239598_05939,4
00044239598_05940,4
00044239598_05941,4
00043959598_05942,1
00044239598_05943,4
00043959598_05944,1
00044239598_05945,4
00043959598_05946,1
00044239598_05947,4
00044239598_05948,4
00044239598_05949,4
00043959598_05950,1
00044239598_05951,4
00043959598_05952,1
00044239598_05953,4
00044239598_05954,4
00044239598_05955,4
00043959598_05956,1
00044239598_05957,4
00044239598_05958,4
00044239598_05959,4
00046919598_05960,8
00044239598_05961,4
00044239598_05962,4
00043959598_05963,1
00044239598_05964,4
00044239598_05965,4
00044239598_05966,4
00044239598_05967,4
00044239598_05968,4
00044239598_05969,4
00044239598_05970,4
00044239598_05971,4
00043959598_05972,1
00044239598_05973,4
00044239598_05974,4
00043959598_05975,1
00044239598_05976,4
00044239598_05977,4
00049479598_05978,1
00049479598_05979,1
00049479598_05980,1
00049479598_05981,1
00049479598_05982,1
00049479598_05983,1
00049479598_05984,1
00049479598_05985,1
00049479598_05986,1
00049479598_05987,1
00049479598_05988,1
00049479598_05989,1
00049479598_05990,1
00049479598_05991,1
00049479598_05992,1
00049479598_05993,1
00050759598_05994,1
00049479598_05995,1
00049479598_05996,1
00049479598_05997,1
00049479598_05998,1
00049479598_05999,1
00049479598_06000,1
00049479598_06001,1
00052439598_06002,4
00052479598_06003,9
00052479598_06004,9
00052479598_06005,9
00052479598_06006,9
00052649598_06007,1
00052479598_06008,9
00052439598_06009,4
00052479598_06010,9
00052649598_06011,1
00052479598_06012,9
00052479598_06013,9
00052439598_06014,4
00052479598_06015,9
00052439598_06016,4
00052649598_06017,1
00052649598_06018,1
00052649598_06019,1
00052649598_06020,1
00052649598_06021,1
00052649598_06022,1
00053419598_06023,1
00052649598_06024,1
00053419598_06025,1
00052649598_06026,1
00052649598_06027,1
00052649598_06028,1
00052439598_06029,4
00053419598_06030,1
00052649598_06031,1
00052439598_06032,4
00052649598_06033,1
00052649598_06034,1
00052439598_06035,4
00052439598_06036,4
00052649598_06037,1
00052649598_06038,1
00053419598_06039,1
00053049598_06040,1
00052649598_06041,1
00052439598_06042,4
00053419598_06043,1
00053049598_06044,1
00053049598_06045,1
00053419598_06046,1
00052649598_06047,1
00053419598_06048,1
00053419598_06049,1
00052649598_06050,1
00052649598_06051,1
00052649598_06052,1
00052439598_06053,4
00052439598_06054,4
00052439598_06055,4
00055399598_06056,9
00055399598_06057,9
00055399598_06058,9
00052439598_06059,4
00055399598_06060,9
00052439598_06061,4
00052439598_06062,4
00052439598_06063,4
00052439598_06064,4
00052439598_06065,4
00052439598_06066,4
00057279598_06067,11
00052439598_06068,4
00057549598_06069,11
00052439598_06070,4
00057549598_06071,11
00052439598_06072,4
00057549598_06073,11
00052439598_06074,4
00052439598_06075,4
00052439598_06076,4
00052439598_06077,4
00052439598_06078,4
00052439598_06079,4
00052439598_06080,4
00052439598_06081,4
00052439598_06082,4
00052439598_06083,4
00059159598_06084,4
00059159598_06085,4
00059159598_06086,4
00059159598_06087,4
00059159598_06088,4
00059159598_06089,4
00059159598_06090,4
00059159598_06091,4
00059159598_06092,4
00059159598_06093,4
00059159598_06094,4
00059159598_06095,4
00059159598_06096,4
00059159598_06097,4
00059159598_06098,4
00059159598_06099,4
00059159598_06100,4
00059159598_06101,4
00059159598_06102,4
00059159598_06103,4
00059159598_06104,4
00059159598_06105,4
00059159598_06106,4
00059159598_06107,4
00059159598_06108,4
00059159598_06109,4
00059159598_06110,4
00059159598_06111,4
00059159598_06112,4
00059159598_06113,4
00059159598_06114,4
00060489598_06115,4
00060489598_06116,4
00060489598_06117,4
00060489598_06118,4
00060489598_06119,4
00060489598_06120,4
00060489598_06121,4
00060489598_06122,4
00060489598_06123,4
00060489598_06124,4
00060649598_06125,1
00060489598_06126,4
00060489598_06127,4
00060649598_06128,1
00060489598_06129,4
00060649598_06130,1
00060489598_06131,4
00060649598_06132,1
00060489598_06133,4
00060649598_06134,1
00060489598_06135,4
00060649598_06136,1
00060489598_06137,4
00060649598_06138,1
00060489598_06139,4
00060649598_06140,1
00060489598_06141,4
00060649598_06142,1
00060489598_06143,4
00060649598_06144,1
00060489598_06145,4
00060649598_06146,1
00060489598_06147,4
00060489598_06148,4
00060649598_06149,1
00060649598_06150,1
00060649598_06151,1
00060649598_06152,1
00060649598_06153,1
00060649598_06154,1
00060649598_06155,1
00060649598_06156,1
00060649598_06157,1
00060649598_06158,1
00060649598_06159,1
00060649598_06160,1
00060649598_06161,1
00060649598_06162,1
00060649598_06163,1
00060649598_06164,1
00061579598_06165,4
00061579598_06166,4
00061579598_06167,4
00061579598_06168,4
00061579598_06169,4
00061579598_06170,4
00061579598_06171,4
00061579598_06172,4
00061579598_06173,4
00061579598_06174,4
00061579598_06175,4
00061579598_06176,4
00061579598_06177,4
00061579598_06178,4
00061579598_06179,4
00061579598_06180,4
00061579598_06181,4
00061579598_06182,4
00061579598_06183,4
00061579598_06184,4
00061579598_06185,4
00061579598_06186,4
00061579598_06187,4
00061579598_06188,4
00061579598_06189,4
00061579598_06190,4
00063299598_06191,4
00063299598_06192,4
00063299598_06193,4
00063299598_06194,4
00063299598_06195,4
00063299598_06196,4
00064219598_06197,4
00064219598_06198,4
00064219598_06199,4
00064219598_06200,4
00064219598_06201,4
00064219598_06202,4
00064219598_06203,4
00064219598_06204,4
00064219598_06205,4
00064219598_06206,4
00064219598_06207,4
00064219598_06208,4
00064219598_06209,4
00064219598_06210,4
00064639598_06211,11
00064219598_06212,4
00064219598_06213,4
00064219598_06214,4
00064219598_06215,4
00064219598_06216,4
00064219598_06217,4
00064219598_06218,4
00064219598_06219,4
00064219598_06220,4
00064219598_06221,4
00064219598_06222,4
00064219598_06223,4
00064219598_06224,4
00064219598_06225,4
00064219598_06226,4
00065969598_06227,4
00066469598_06228,1
00066469598_06229,1
00066469598_06230,1
00066469598_06231,1
00066469598_06232,1
00066469598_06233,1
00066469598_06234,1
00066469598_06235,1
00066469598_06236,1
00066469598_06237,1
00066939598_06238,4
00066939598_06239,4
00066939598_06240,4
00066939598_06241,4
00066939598_06242,4
00066939598_06243,4
00067269598_06244,1
00067959598_06245,1
00067959598_06246,1
00067959598_06247,1
00067959598_06248,1
00067959598_06249,1
00068229598_06250,1
00066939598_06251,4
00067959598_06252,1
00066939598_06253,4
00067959598_06254,1
00066939598_06255,4
00068229598_06256,1
00066939598_06257,4
00067959598_06258,1
00066939598_06259,4
00068229598_06260,1
00067959598_06261,1
00067959598_06262,1
00068229598_06263,1
00067959598_06264,1
00067959598_06265,1
00068229598_06266,1
00068229598_06267,1
00068229598_06268,1
00068229598_06269,1
00068229598_06270,1
00068229598_06271,1
00068759598_06272,4
00068759598_06273,4
00067959598_06274,1
00068229598_06275,1
00068229598_06276,1
00068759598_06277,4
00068759598_06278,4
00068229598_06279,1
00068759598_06280,4
00068759598_06281,4
00068229598_06282,1
00068759598_06283,4
00068759598_06284,4
00068759598_06285,4
00069349598_06286,1
00068759598_06287,4
00069549598_06288,1
00069349598_06289,1
00069549598_06290,1
00069349598_06291,1
00069549598_06292,1
00069349598_06293,1
00069549598_06294,1
00069349598_06295,1
00069349598_06296,1
00069549598_06297,1
00069889598_06298,1
00069349598_06299,1
00069349598_06300,1
00069549598_06301,1
00069549598_06302,1
00069349598_06303,1
00069549598_06304,1
00068229598_06305,1
00069349598_06306,1
00068759598_06307,4
00069549598_06308,1
00068229598_06309,1
00069349598_06310,1
00069549598_06311,1
00068229598_06312,1
00069349598_06313,1
00069549598_06314,1
00068229598_06315,1
00069349598_06316,1
00069549598_06317,1
00068229598_06318,1
00069349598_06319,1
00068759598_06320,4
00069549598_06321,1
00068229598_06322,1
00068759598_06323,4
00069349598_06324,1
00068759598_06325,4
00068229598_06326,1
00069349598_06327,1
00068759598_06328,4
00069349598_06329,1
00068759598_06330,4
00069349598_06331,1
00068759598_06332,4
00069349598_06333,1
00068759598_06334,4
00069549598_06335,1
00068759598_06336,4
00068759598_06337,4
00068759598_06338,4
00069349598_06339,1
00069349598_06340,1
00069349598_06341,1
00069549598_06342,1
00069549598_06343,1
00069549598_06344,1
00069549598_06345,1
00069549598_06346,1
00067809598_06347,1
00069549598_06348,1
00069549598_06349,1
00069549598_06350,1
00069549598_06351,1
00069349598_06352,1
00069549598_06353,1
00067809598_06354,1
00069349598_06355,1
00069549598_06356,1
00069349598_06357,1
00069549598_06358,1
00067809598_06359,1
00069349598_06360,1
00069549598_06361,1
00069349598_06362,1
00069549598_06363,1
00067809598_06364,1
00069349598_06365,1
00069349598_06366,1
00069549598_06367,1
00069349598_06368,1
00069549598_06369,1
00069349598_06370,1
00069549598_06371,1
00069549598_06372,1
00069549598_06373,1
00068759598_06374,4
00068759598_06375,4
00068759598_06376,4
00067809598_06377,1
00068759598_06378,4
00067809598_06379,1
00068759598_06380,4
00068759598_06381,4
00068759598_06382,4
00068759598_06383,4
00069549598_06384,1
00068759598_06385,4
00069549598_06386,1
00068759598_06387,4
00069549598_06388,1
00068759598_06389,4
00069549598_06390,1
00068759598_06391,4
00069549598_06392,1
00069549598_06393,1
00069549598_06394,1
00069549598_06395,1
00069549598_06396,1
00069549598_06397,1
00069549598_06398,1
00069549598_06399,1
00069549598_06400,1
00068759598_06401,4
00069549598_06402,1
00068759598_06403,4
00069549598_06404,1
00068759598_06405,4
00068759598_06406,4
00068759598_06407,4
00068759598_06408,4
00069549598_06409,1
00068759598_06410,4
00069549598_06411,1
00068759598_06412,4
00069549598_06413,1
00069549598_06414,1
00069549598_06415,1
00069549598_06416,1
00069549598_06417,1
00069549598_06418,1
00069549598_06419,1
00069549598_06420,1
00069549598_06421,1
00069549598_06422,1
00069549598_06423,1
00069549598_06424,1
00069549598_06425,1
00069549598_06426,1
00069549598_06427,1
00069549598_06428,1
00069549598_06429,1
00069549598_06430,1
00069549598_06431,1
00069549598_06432,1
00069549598_06433,1
00069549598_06434,1
00076569598_06435,1
00069549598_06436,1
00069549598_06437,1
00069549598_06438,1
00076569598_06439,1
00069549598_06440,1
00069549598_06441,1
00076569598_06442,1
00069549598_06443,1
00076569598_06444,1
00076569598_06445,1
00069549598_06446,1
00069549598_06447,1
00076569598_06448,1
00069549598_06449,1
00076569598_06450,1
00069549598_06451,1
00077249598_06452,1
00069549598_06453,1
00077249598_06454,1
00069549598_06455,1
00076569598_06456,1
00069549598_06457,1
00077249598_06458,1
00069549598_06459,1
00069549598_06460,1
00076569598_06461,1
00069549598_06462,1
00069549598_06463,1
00076939598_06464,1
00069549598_06465,1
00076939598_06466,1
00078379598_06467,1
00069549598_06468,1
00069549598_06469,1
00078569598_06470,1
00078909598_06471,1
00076939598_06472,1
00078909598_06473,1
00076939598_06474,1
00078249598_06475,1
00076939598_06476,1
00076939598_06477,1
00076939598_06478,1
00078569598_06479,1
00076939598_06480,1
00076939598_06481,1
00076939598_06482,1
00079399598_06483,1
00079579598_06484,1
00079579598_06485,1
00079399598_06486,1
00080349598_06487,1
00080349598_06488,1
00079399598_06489,1
00079399598_06490,1
00080349598_06491,1
00079579598_06492,1
00080779598_06493,1
00080349598_06494,1
00080409598_06495,1
00080349598_06496,1
00080409598_06497,1
00081289598_06498,1
00080349598_06499,1
00080409598_06500,1
00080409598_06501,1
00080409598_06502,1
00079579598_06503,1
00081289598_06504,1
00081289598_06505,1
00080409598_06506,1
00079579598_06507,1
00081289598_06508,1
00080349598_06509,1
00081289598_06510,1
00080409598_06511,1
00079579598_06512,1
00080349598_06513,1
00081289598_06514,1
00080349598_06515,1
00079579598_06516,1
00080349598_06517,1
00079579598_06518,1
00081569598_06519,1
00081289598_06520,1
00080349598_06521,1
00081289598_06522,1
00079579598_06523,1
00079579598_06524,1
00079579598_06525,1
00079579598_06526,1
00079579598_06527,1
00079579598_06528,1
00081909598_06529,1
00079579598_06530,1
00081909598_06531,1
00079579598_06532,1
00081909598_06533,1
00079579598_06534,1
00082529598_06535,4
00081909598_06536,1
00081909598_06537,1
00082559598_06538,1
00079579598_06539,1
00081909598_06540,1
00082529598_06541,4
00081909598_06542,1
00081909598_06543,1
00082529598_06544,4
00081909598_06545,1
00081909598_06546,1
00079579598_06547,1
00082559598_06548,1
00081909598_06549,1
00079579598_06550,1
00081909598_06551,1
00082529598_06552,4
00082529598_06553,4
00082529598_06554,4
00082559598_06555,1
00082559598_06556,1
00082529598_06557,4
00082529598_06558,4
00083139598_06559,1
00082529598_06560,4
00083099598_06561,1
00083139598_06562,1
00082529598_06563,4
00083459598_06564,1
00082529598_06565,4
00082529598_06566,4
00083099598_06567,1
00082529598_06568,4
00083139598_06569,1
00082529598_06570,4
00082529598_06571,4
00083099598_06572,1
00083099598_06573,1
00084239598_06574,1
00084239598_06575,1
00084239598_06576,1
00084239598_06577,1
00083099598_06578,1
00084239598_06579,1
00083099598_06580,1
00084239598_06581,1
00084289598_06582,1
00083099598_06583,1
00084289598_06584,1
00084289598_06585,1
00084289598_06586,1
00083459598_06587,1
00083459598_06588,1
00082529598_06589,4
00083099598_06590,1
00085369598_06591,1
00083099598_06592,1
00085369598_06593,1
00085369598_06594,1
00085369598_06595,1
00083099598_06596,1
00085369598_06597,1
00083099598_06598,1
00085369598_06599,1
00085369598_06600,1
00085369598_06601,1
00085369598_06602,1
00083099598_06603,1
00085369598_06604,1
00083099598_06605,1
00085369598_06606,1
00086459598_06607,1
00085369598_06608,1
00086459598_06609,1
00086459598_06610,1
00085369598_06611,1
00086459598_06612,1
00085369598_06613,1
00086459598_06614,1
00083099598_06615,1
00083099598_06616,1
00086459598_06617,1
00086459598_06618,1
00086459598_06619,1
00086459598_06620,1
00087869598_06621,1
00086459598_06622,1
00087869598_06623,1
00087869598_06624,1
00084289598_06625,1
00086459598_06626,1
00086459598_06627,1
00086459598_06628,1
00087869598_06629,1
00086459598_06630,1
00087869598_06631,1
00087869598_06632,1
00086459598_06633,1
00087869598_06634,1
00086459598_06635,1
00086459598_06636,1
00086459598_06637,1
00086459598_06638,1
00086459598_06639,1
00087869598_06640,1
00086459598_06641,1
00087869598_06642,1
00086459598_06643,1
00086459598_06644,1
00086459598_06645,1
00086459598_06646,1
00086459598_06647,1
00086459598_06648,1
00090079598_06649,1
00090519598_06650,1
00090079598_06651,1
00090079598_06652,1
00090079598_06653,1
00090079598_06654,1
00090079598_06655,1
00090519598_06656,1
00090079598_06657,1
00090519598_06658,1
00090519598_06659,1
00087869598_06660,1
00087869598_06661,1
00094389598_06662,1
00094579598_06663,1
00094389598_06664,1
00093829598_06665,1
00094579598_06666,1
00094389598_06667,1
00093029598_06668,1
00091699598_06669,1
00093829598_06670,1
00094579598_06671,1
00094389598_06672,1
00093829598_06673,1
00094579598_06674,1
00094389598_06675,1
00093829598_06676,1
00094579598_06677,1
00094389598_06678,1
00094579598_06679,1
00094579598_06680,1
00094579598_06681,1
00094579598_06682,1
00094389598_06683,1
00094579598_06684,1
00091699598_06685,1
00094579598_06686,1
00094389598_06687,1
00095519598_06688,1
00094579598_06689,1
00094389598_06690,1
00094389598_06691,1
00095519598_06692,1
00094579598_06693,1
00093829598_06694,1
00096339598_06695,4
00096659598_06696,1
00096339598_06697,4
00093829598_06698,1
00093829598_06699,1
00096339598_06700,4
00093829598_06701,1
00093829598_06702,1
00096339598_06703,4
00093829598_06704,1
00096339598_06705,4
00095519598_06706,1
00093829598_06707,1
00093829598_06708,1
00093829598_06709,1
00093829598_06710,1
00093829598_06711,1
00093829598_06712,1
00093829598_06713,1
00093829598_06714,1
00099129598_06715,1
00093829598_06716,1
00099129598_06717,1
00099219598_06718,1
00093829598_06719,1
00099129598_06720,1
00099219598_06721,1
00093829598_06722,1
00099129598_06723,1
00099219598_06724,1
00093829598_06725,1
00099129598_06726,1
00093829598_06727,1
00099129598_06728,1
00099219598_06729,1
00093829598_06730,1
00099129598_06731,1
00099219598_06732,1
00093829598_06733,1
00099219598_06734,1
00093829598_06735,1
00099129598_06736,1
00093829598_06737,1
00099129598_06738,1
00099219598_06739,1
00093829598_06740,1
00099219598_06741,1
00099129598_06742,1
00093829598_06743,1
00099129598_06744,1
00099219598_06745,1
00093829598_06746,1
00099129598_06747,1
00099219598_06748,1
00099029598_06749,1
00093829598_06750,1
00099129598_06751,1
00093829598_06752,1
00099129598_06753,1
00099029598_06754,1
00093829598_06755,1
00099129598_06756,1
00093829598_06757,1
00099129598_06758,1
00099219598_06759,1
00093829598_06760,1
00099129598_06761,1
00099219598_06762,1
00093829598_06763,1
00100429598_06764,1
00099129598_06765,1
00099219598_06766,1
00100429598_06767,1
00099129598_06768,1
00099219598_06769,1
00100529598_06770,1
00093829598_06771,1
00099129598_06772,1
00099219598_06773,1
00100529598_06774,1
00093829598_06775,1
00099129598_06776,1
00093829598_06777,1
00099129598_06778,1
00099219598_06779,1
00100529598_06780,1
00093829598_06781,1
00099129598_06782,1
00099219598_06783,1
00093829598_06784,1
00099129598_06785,1
00093829598_06786,1
00099129598_06787,1
00099219598_06788,1
00093829598_06789,1
00099129598_06790,1
00099219598_06791,1
00100979598_06792,1
00093829598_06793,1
00099129598_06794,1
00099219598_06795,1
00093829598_06796,1
00099129598_06797,1
00093829598_06798,1
00099129598_06799,1
00093829598_06800,1
00099219598_06801,1
00093829598_06802,1
00099129598_06803,1
00099219598_06804,1
00099129598_06805,1
00099129598_06806,1
00101739598_06807,1
00099129598_06808,1
00101739598_06809,1
00101739598_06810,1
00093829598_06811,1
00099219598_06812,1
00101739598_06813,1
00099129598_06814,1
00093829598_06815,1
00093829598_06816,1
00093829598_06817,1
00099129598_06818,1
00102369598_06819,1
00102409598_06820,1
00099129598_06821,1
00101739598_06822,1
00093829598_06823,1
00093829598_06824,1
00093829598_06825,1
00102369598_06826,1
00102369598_06827,1
00102369598_06828,1
00101739598_06829,1
00102369598_06830,1
00099129598_06831,1
00102369598_06832,1
00093829598_06833,1
00102369598_06834,1
00102369598_06835,1
00102369598_06836,1
00103059598_06837,1
00093829598_06838,1
00102369598_06839,1
00103059598_06840,1
00093829598_06841,1
00102369598_06842,1
00103059598_06843,1
00103059598_06844,1
00104289598_06845,1
00103059598_06846,1
00104639598_06847,1
00102409598_06848,1
00104639598_06849,1
00104639598_06850,1
00104639598_06851,1
00104639598_06852,1
00104989598_06853,1
00104989598_06854,1
00104989598_06855,1
00104989598_06856,1
00104989598_06857,1
00102369598_06858,1
00104989598_06859,1
00102369598_06860,1
00104989598_06861,1
00102369598_06862,1
00104729598_06863,1
00102369598_06864,1
00104989598_06865,1
00102369598_06866,1
00104989598_06867,1
00102369598_06868,1
00105809598_06869,1
00104989598_06870,1
00102369598_06871,1
00104989598_06872,1
00102369598_06873,1
00104989598_06874,1
00102369598_06875,1
00104989598_06876,1
00102369598_06877,1
00102369598_06878,1
00102369598_06879,1
00104989598_06880,1
00102369598_06881,1
00104989598_06882,1
00102369598_06883,1
00102369598_06884,1
00102369598_06885,1
00102369598_06886,1
00102369598_06887,1
00102369598_06888,1
00102369598_06889,1
00107579598_06890,1
00102369598_06891,1
00107559598_06892,1
00102369598_06893,1
00102369598_06894,1
00102369598_06895,1
00107669598_06896,1
00107669598_06897,1
00107669598_06898,1
00102369598_06899,1
00102369598_06900,1
00107669598_06901,1
00104989598_06902,1
00102369598_06903,1
00107669598_06904,1
00107669598_06905,1
00102369598_06906,1
00107669598_06907,1
00102369598_06908,1
00102369598_06909,1
00109159598_06910,1
00109159598_06911,1
00102369598_06912,1
00109159598_06913,1
00102369598_06914,1
00109159598_06915,1
00102369598_06916,1
00109159598_06917,1
00102369598_06918,1
00109159598_06919,1
00102369598_06920,1
00109539598_06921,1
00109159598_06922,1
00102369598_06923,1
00109539598_06924,1
00109159598_06925,1
00102369598_06926,1
00109159598_06927,1
00109539598_06928,1
00109159598_06929,1
00109159598_06930,1
00109159598_06931,1
00109159598_06932,1
00109539598_06933,1
00109159598_06934,1
00109539598_06935,1
00102369598_06936,1
00109159598_06937,1
00109539598_06938,1
00102369598_06939,1
00109159598_06940,1
00102369598_06941,1
00102369598_06942,1
00102369598_06943,1
00109159598_06944,1
00109159598_06945,1
00109159598_06946,1
00109159598_06947,1
00109159598_06948,1
00110709598_06949,1
00109159598_06950,1
00110709598_06951,1
00109159598_06952,1
00102369598_06953,1
00110709598_06954,1
00110709598_06955,1
00109159598_06956,1
00109159598_06957,1
00109159598_06958,1
00110989598_06959,1
00109159598_06960,1
00110989598_06961,1
00102369598_06962,1
00110989598_06963,1
00102369598_06964,1
00110989598_06965,1
00109159598_06966,1
00111759598_06967,1
00111759598_06968,1
00109159598_06969,1
00111759598_06970,1
00110709598_06971,1
00110989598_06972,1
00109159598_06973,1
00110989598_06974,1
00109159598_06975,1
00109159598_06976,1
00109159598_06977,1
00109159598_06978,1
00109159598_06979,1
00111979598_06980,1
00109159598_06981,1
00112029598_06982,1
00109159598_06983,1
00109159598_06984,1
00109159598_06985,1
00111759598_06986,1
00111979598_06987,1
00109159598_06988,1
00111759598_06989,1
00111979598_06990,1
00109159598_06991,1
00111759598_06992,1
00111979598_06993,1
00112029598_06994,1
00111979598_06995,1
00112029598_06996,1
00109159598_06997,1
00111979598_06998,1
00109159598_06999,1
00109159598_07000,1
00111979598_07001,1
00109159598_07002,1
00111979598_07003,1
00113559598_07004,1
00113559598_07005,1
00113409598_07006,1
00113409598_07007,1
00109159598_07008,1
00113559598_07009,1
00113559598_07010,1
00113559598_07011,1
00109159598_07012,1
00113559598_07013,1
00109159598_07014,1
00113559598_07015,1
00109159598_07016,1
00109159598_07017,1
00113559598_07018,1
00113559598_07019,1
00113559598_07020,1
00113559598_07021,1
00116089598_07022,1
00113559598_07023,1
00116089598_07024,1
00113559598_07025,1
00116089598_07026,1
00116089598_07027,1
00116089598_07028,1
00113559598_07029,1
00116089598_07030,1
00113559598_07031,1
00116089598_07032,1
00116089598_07033,1
00116089598_07034,1
00113559598_07035,1
00113559598_07036,1
00113559598_07037,1
00116089598_07038,1
00113559598_07039,1
00116089598_07040,1
00113559598_07041,1
00116089598_07042,1
00118619598_07043,1
00118619598_07044,1
00113559598_07045,1
00113559598_07046,1
00113559598_07047,1
00118619598_07048,1
00113559598_07049,1
00113559598_07050,1
00113559598_07051,1
00113559598_07052,1
00116089598_07053,1
00116089598_07054,1
00116089598_07055,1
00116089598_07056,1
00119689598_07057,1
00119599598_07058,1
00119689598_07059,1
00116089598_07060,1
00119689598_07061,1
00119689598_07062,1
00119689598_07063,1
00116089598_07064,1
00119689598_07065,1
00119689598_07066,1
00116089598_07067,1
00116089598_07068,1
00116089598_07069,1
00119689598_07070,1
00116089598_07071,1
00116089598_07072,1
00116089598_07073,1
00116089598_07074,1
00116089598_07075,1
00116089598_07076,1
00121069598_07077,1
00121259598_07078,1
00121069598_07079,1
00121259598_07080,1
00121069598_07081,1
00121069598_07082,1
00121259598_07083,1
00121259598_07084,1
00121259598_07085,1
00121259598_07086,1
00121259598_07087,1
00121259598_07088,1
00121259598_07089,1
00121259598_07090,1
00121259598_07091,1
00121259598_07092,1
00121259598_07093,1
00121259598_07094,1
00122669598_07095,4
00121259598_07096,1
00121259598_07097,1
00121259598_07098,1
00121259598_07099,1
00121259598_07100,1
00121259598_07101,1
00121259598_07102,1
00121259598_07103,1
00121259598_07104,1
00121259598_07105,1
00124679598_07106,4
00121259598_07107,1
00124679598_07108,4
00124679598_07109,4
00124679598_07110,4
00124679598_07111,4
00121259598_07112,1
00121259598_07113,1
00125419598_07114,1
00125419598_07115,1
00125419598_07116,1
00125419598_07117,1
00121259598_07118,1
00121259598_07119,1
00121259598_07120,1
00125419598_07121,1
00121259598_07122,1
00125419598_07123,1
00121259598_07124,1
00125419598_07125,1
00121259598_07126,1
00121259598_07127,1
00121259598_07128,1
00121259598_07129,1
00127079598_07130,1
00121259598_07131,1
00127079598_07132,1
00121259598_07133,1
00127079598_07134,1
00125419598_07135,1
00121259598_07136,1
00127079598_07137,1
00125419598_07138,1
00125419598_07139,1
00126109598_07140,1
00127079598_07141,1
00126239598_07142,1
00126119598_07143,1
00125419598_07144,1
00121259598_07145,1
00126109598_07146,1
00126119598_07147,1
00127079598_07148,1
00121259598_07149,1
00126119598_07150,1
00128789598_07151,1
00127079598_07152,1
00126969598_07153,4
00121259598_07154,1
00126969598_07155,4
00121259598_07156,1
00126969598_07157,4
00126969598_07158,4
00125419598_07159,1
00127079598_07160,1
00128789598_07161,1
00127079598_07162,1
00127079598_07163,1
00127079598_07164,1
00127079598_07165,1
00127079598_07166,1
00127079598_07167,1
00127079598_07168,1
00127079598_07169,1
00127079598_07170,1
00127079598_07171,1
00128789598_07172,1
00127079598_07173,1
00128789598_07174,1
00127079598_07175,1
00125419598_07176,1
00127079598_07177,1
00125419598_07178,1
00127079598_07179,1
00129779598_07180,1
00125419598_07181,1
00127079598_07182,1
00129779598_07183,1
00125419598_07184,1
00128789598_07185,1
00127079598_07186,1
00125419598_07187,1
00125419598_07188,1
00127079598_07189,1
00127079598_07190,1
00127079598_07191,1
00128789598_07192,1
00127079598_07193,1
00128789598_07194,1
00127079598_07195,1
00128789598_07196,1
00127079598_07197,1
00125419598_07198,1
00127079598_07199,1
00125419598_07200,1
00128789598_07201,1
00125419598_07202,1
00125419598_07203,1
00125419598_07204,1
00128789598_07205,1
00125419598_07206,1
00125419598_07207,1
00128789598_07208,1
00128789598_07209,1
00130639598_07210,1
00128789598_07211,1
00127079598_07212,1
00128789598_07213,1
00128789598_07214,1
00130639598_07215,1
00127079598_07216,1
00127079598_07217,1
00128789598_07218,1
00130639598_07219,1
00127079598_07220,1
00128789598_07221,1
00130639598_07222,1
00127079598_07223,1
00128789598_07224,1
00130639598_07225,1
00127079598_07226,1
00125419598_07227,1
00128789598_07228,1
00127079598_07229,1
00128789598_07230,1
00134019598_07231,1
00127079598_07232,1
00128789598_07233,1
00127079598_07234,1
00128789598_07235,1
00127079598_07236,1
00128789598_07237,1
00127079598_07238,1
00128789598_07239,1
00127079598_07240,1
00128789598_07241,1
00130639598_07242,1
00127079598_07243,1
00128789598_07244,1
00127079598_07245,1
00130639598_07246,1
00127079598_07247,1
00135129598_07248,1
00130639598_07249,1
00127079598_07250,1
00127079598_07251,1
00127079598_07252,1
00127079598_07253,1
00127079598_07254,1
00127079598_07255,1
00125419598_07256,1
00135469598_07257,1
00127079598_07258,1
00128789598_07259,1
00128789598_07260,1
00127079598_07261,1
00128789598_07262,1
00127079598_07263,1
00128789598_07264,1
00128789598_07265,1
00128789598_07266,1
00127079598_07267,1
00127079598_07268,1
00128789598_07269,1
00127079598_07270,1
00127079598_07271,1
00128789598_07272,1
00127079598_07273,1
00128789598_07274,1
00128789598_07275,1
00130639598_07276,1
00128789598_07277,1
00128789598_07278,1
00128789598_07279,1
00137839598_07280,1
00128789598_07281,1
00130639598_07282,1
00128789598_07283,1
00137839598_07284,1
00128789598_07285,1
00137619598_07286,1
00138389598_07287,4
00137619598_07288,1
00128789598_07289,1
00137619598_07290,1
00138389598_07291,4
00128789598_07292,1
00128789598_07293,1
00138849598_07294,1
00128789598_07295,1
00128789598_07296,1
00138389598_07297,4
00128789598_07298,1
00138389598_07299,4
00128789598_07300,1
00138389598_07301,4
00128789598_07302,1
00138389598_07303,4
00138389598_07304,4
00128789598_07305,1
00138389598_07306,4
00138389598_07307,4
00128789598_07308,1
00138389598_07309,4
00138849598_07310,1
00128789598_07311,1
00138849598_07312,1
00128789598_07313,1
00138849598_07314,1
00138389598_07315,4
00130639598_07316,1
00138389598_07317,4
00138389598_07318,4
00138389598_07319,4
00130639598_07320,1
00128789598_07321,1
00138389598_07322,4
00130639598_07323,1
00138389598_07324,4
00140849598_07325,1
00140849598_07326,1
00140849598_07327,1
00140849598_07328,1
00140849598_07329,1
00140849598_07330,1
00140879598_07331,1
00140849598_07332,1
00140849598_07333,1
00140859598_07334,1
00141599598_07335,1
00141599598_07336,1
00140859598_07337,1
00140859598_07338,1
00140859598_07339,1
00140849598_07340,1
00140849598_07341,1
00140849598_07342,1
00140849598_07343,1
00140849598_07344,1
00140849598_07345,1
00140849598_07346,1
00140849598_07347,1
00140849598_07348,1
00140849598_07349,1
00140849598_07350,1
00140849598_07351,1
00140849598_07352,1
00140859598_07353,1
00140849598_07354,1
00140859598_07355,1
00140849598_07356,1
00140859598_07357,1
00140849598_07358,1
00140859598_07359,1
00140849598_07360,1
00140859598_07361,1
00140849598_07362,1
00140859598_07363,1
00140849598_07364,1
00140849598_07365,1
00140859598_07366,1
00140859598_07367,1
00140859598_07368,1
00138389598_07369,4
00140849598_07370,1
00140859598_07371,1
00140849598_07372,1
00140849598_07373,1
00143079598_07374,1
00140849598_07375,1
00143079598_07376,1
00143839598_07377,4
00140859598_07378,1
00140859598_07379,1
00140859598_07380,1
00140849598_07381,1
00140849598_07382,1
00140849598_07383,1
00140859598_07384,1
00140859598_07385,1
00140849598_07386,1
00140849598_07387,1
00144179598_07388,1
00140849598_07389,1
00144179598_07390,1
00140849598_07391,1
00144179598_07392,1
00140849598_07393,1
00144149598_07394,1
00144179598_07395,1
00140849598_07396,1
00144149598_07397,1
00144179598_07398,1
00144589598_07399,4
00140849598_07400,1
00144589598_07401,4
00140849598_07402,1
00140859598_07403,1
00144589598_07404,4
00140859598_07405,1
00144589598_07406,4
00140849598_07407,1
00144589598_07408,4
00144589598_07409,4
00140849598_07410,1
00144589598_07411,4
00140859598_07412,1
00144179598_07413,1
00144589598_07414,4
00140859598_07415,1
00144179598_07416,1
00144589598_07417,4
00140849598_07418,1
00140859598_07419,1
00144179598_07420,1
00144589598_07421,4
00140849598_07422,1
00140859598_07423,1
00144179598_07424,1
00144589598_07425,4
00140849598_07426,1
00144179598_07427,1
00144589598_07428,4
00140849598_07429,1
00144589598_07430,4
00140849598_07431,1
00144179598_07432,1
00140849598_07433,1
00144589598_07434,4
00140849598_07435,1
00144179598_07436,1
00144789598_07437,1
00144179598_07438,1
00146769598_07439,1
00146689598_07440,1
00146769598_07441,1
00146769598_07442,1
00144179598_07443,1
00146769598_07444,1
00147239598_07445,1
00147069598_07446,4
00147549598_07447,1
00148389598_07448,1
00147549598_07449,1
00148389598_07450,1
00147549598_07451,1
00148389598_07452,1
00147549598_07453,1
00148389598_07454,1
00147549598_07455,1
00147069598_07456,4
00148389598_07457,1
00147549598_07458,1
00147549598_07459,1
00147069598_07460,4
00147069598_07461,4
00147069598_07462,4
00147069598_07463,4
00147069598_07464,4
00147069598_07465,4
00148389598_07466,1
00146769598_07467,1
00146769598_07468,1
00148389598_07469,1
00148389598_07470,1
00149499598_07471,1
00149499598_07472,1
00150659598_07473,1
00146769598_07474,1
00150659598_07475,1
00146769598_07476,1
00146769598_07477,1
00151499598_07478,1
00146769598_07479,1
00152499598_07480,1
00152499598_07481,1
00151499598_07482,1
00152499598_07483,1
00152499598_07484,1
00152499598_07485,1
00152499598_07486,1
00153179598_07487,1
00153179598_07488,1
00152499598_07489,1
00153179598_07490,1
00152499598_07491,1
00152499598_07492,1
00152499598_07493,1
00152499598_07494,1
00152499598_07495,1
00152499598_07496,1
00152499598_07497,1
00155219598_07498,4
00152499598_07499,1
00152499598_07500,1
00155219598_07501,4
00155219598_07502,4
00152499598_07503,1
00155219598_07504,4
00155219598_07505,4
00152499598_07506,1
00155219598_07507,4
00155699598_07508,1
00155219598_07509,4
00155699598_07510,1
00155219598_07511,4
00152499598_07512,1
00155219598_07513,4
00152499598_07514,1
00155219598_07515,4
00152499598_07516,1
00155679598_07517,1
00152499598_07518,1
00152499598_07519,1
00155679598_07520,1
00155219598_07521,4
00155219598_07522,4
00155219598_07523,4
00155219598_07524,4
00155219598_07525,4
00155219598_07526,4
00156629598_07527,1
00156629598_07528,1
00155219598_07529,4
00155219598_07530,4
00155219598_07531,4
00155219598_07532,4
00155219598_07533,4
00156629598_07534,1
00155219598_07535,4
00157259598_07536,1
00156749598_07537,1
00156749598_07538,1
00156629598_07539,1
00157259598_07540,1
00157259598_07541,1
00157259598_07542,1
00157169598_07543,1
00157169598_07544,1
00157169598_07545,1
00157169598_07546,1
00157259598_07547,1
00157169598_07548,1
00157259598_07549,1
00157259598_07550,1
00159199598_07551,1
00157259598_07552,1
00159199598_07553,1
00157259598_07554,1
00159199598_07555,1
00157259598_07556,1
00157259598_07557,1
00157169598_07558,1
00157259598_07559,1
00159279598_07560,4
00159279598_07561,4
00157259598_07562,1
00159199598_07563,1
00157169598_07564,1
00159199598_07565,1
00159109598_07566,1
00157259598_07567,1
00159109598_07568,1
00157259598_07569,1
00159199598_07570,1
00159199598_07571,1
00157169598_07572,1
00157259598_07573,1
00159199598_07574,1
00159199598_07575,1
00157259598_07576,1
00159199598_07577,1
00157259598_07578,1
00159199598_07579,1
00159199598_07580,1
00159199598_07581,1
00157259598_07582,1
00157169598_07583,1
00157259598_07584,1
00157259598_07585,1
00157259598_07586,1
00159199598_07587,1
00161919598_07588,1
00160939598_07589,1
00160939598_07590,1
00161919598_07591,1
00161919598_07592,1
00161919598_07593,1
00161919598_07594,1
00162519598_07595,1
00161919598_07596,1
00161919598_07597,1
00161919598_07598,1
00163309598_07599,1
00163309598_07600,1
00162409598_07601,1
00162519598_07602,1
00162519598_07603,1
00162519598_07604,1
00162519598_07605,1
00164899598_07606,1
00164899598_07607,1
00164899598_07608,1
00164509598_07609,1
00164509598_07610,1
00164509598_07611,1
00164899598_07612,1
00164899598_07613,1
00164899598_07614,1
00162409598_07615,1
00164899598_07616,1
00164899598_07617,1
00160939598_07618,1
00160939598_07619,1
00160939598_07620,1
00164899598_07621,1
00166779598_07622,1
00164899598_07623,1
00166779598_07624,1
00164899598_07625,1
00166779598_07626,1
00166779598_07627,1
00164899598_07628,1
00168089598_07629,1
00166779598_07630,1
00168219598_07631,1
00168219598_07632,1
00168219598_07633,1
00168219598_07634,1
00168219598_07635,1
00168089598_07636,1
00168089598_07637,1
00168089598_07638,1
00168219598_07639,1
00168219598_07640,1
00168219598_07641,1
00168089598_07642,1
00168219598_07643,1
00168219598_07644,1
00168089598_07645,1
00168219598_07646,1
00168089598_07647,1
00168089598_07648,1
00168219598_07649,1
00168219598_07650,1
00168219598_07651,1
00168219598_07652,1
00168219598_07653,1
00168089598_07654,1
00168089598_07655,1
00170209598_07656,1
00170209598_07657,1
00168089598_07658,1
00170209598_07659,1
00168089598_07660,1
00170209598_07661,1
00170209598_07662,1
00168089598_07663,1
00170209598_07664,1
00168089598_07665,1
00168089598_07666,1
00168089598_07667,1
00168089598_07668,1
00168089598_07669,1
00168089598_07670,1
00170209598_07671,1
00170209598_07672,1
00168219598_07673,1
00168219598_07674,1
00168219598_07675,1
00172359598_07676,1
00168219598_07677,1
00168219598_07678,1
00172339598_07679,4
00168219598_07680,1
00172339598_07681,4
00168219598_07682,1
00172339598_07683,4
00168219598_07684,1
00170209598_07685,1
00168219598_07686,1
00168219598_07687,1
00168219598_07688,1
00172749598_07689,1
00168219598_07690,1
00172749598_07691,1
00172749598_07692,1
00172749598_07693,1
00172749598_07694,1
00172749598_07695,1
00172749598_07696,1
00172749598_07697,1
00172749598_07698,1
00173879598_07699,1
00172749598_07700,1
00171869598_07701,1
00172749598_07702,1
00171869598_07703,1
00172749598_07704,1
00174389598_07705,4
00174389598_07706,4
00171869598_07707,1
00174389598_07708,4
00174389598_07709,4
00171869598_07710,1
00174389598_07711,4
00174389598_07712,4
00172749598_07713,1
00171869598_07714,1
00175059598_07715,1
00172749598_07716,1
00175059598_07717,1
00175059598_07718,1
00175059598_07719,1
00174389598_07720,4
00174389598_07721,4
00174389598_07722,4
00175059598_07723,1
00174389598_07724,4
00176579598_07725,1
00176579598_07726,1
00176579598_07727,1
00176579598_07728,1
00175059598_07729,1
00176579598_07730,1
00176579598_07731,1
00175059598_07732,1
00175059598_07733,1
00175059598_07734,1
00175059598_07735,1
00176579598_07736,1
00175059598_07737,1
00176699598_07738,1
00177699598_07739,1
00176699598_07740,1
00176699598_07741,1
00176699598_07742,1
00176699598_07743,1
00176699598_07744,1
00176699598_07745,1
00177739598_07746,1
00176699598_07747,1
00177739598_07748,1
00176699598_07749,1
00177739598_07750,1
00176699598_07751,1
00177739598_07752,1
00000019599_07753,4
00000019599_07754,4
00000019599_07755,4
00000019599_07756,4
00000019599_07757,4
00000019599_07758,4
00000019599_07759,4
00000019599_07760,4
00000019599_07761,4
00000019599_07762,4
00000019599_07763,4
00000019599_07764,4
00000019599_07765,4
00000019599_07766,4
00000019599_07767,4
00000019599_07768,4
00000019599_07769,4
00000019599_07770,4
00000019599_07771,4
00000019599_07772,4
00000019599_07773,4
00000019599_07774,4
00000019599_07775,4
00000019599_07776,4
00000019599_07777,4
00000019599_07778,4
00000019599_07779,4
00000019599_07780,4
00000019599_07781,4
00000019599_07782,4
00000019599_07783,4
00000019599_07784,4
00000019599_07785,4
00000019599_07786,4
00000019599_07787,4
00000019599_07788,4
00000019599_07789,4
00000619599_07790,4
00000819599_07791,4
00000819599_07792,4
00000819599_07793,4
00000819599_07794,4
00000819599_07795,4
00000819599_07796,4
00000819599_07797,4
00000819599_07798,4
00000819599_07799,4
00000819599_07800,4
00001009599_07801,4
00001009599_07802,4
00001009599_07803,4
00001099599_07804,4
00001099599_07805,4
00001099599_07806,4
00001099599_07807,4
00001099599_07808,4
00001099599_07809,4
00001099599_07810,4
00001099599_07811,4
00001099599_07812,4
00001099599_07813,4
00001099599_07814,4
00001099599_07815,4
00001099599_07816,4
00001099599_07817,4
00001099599_07818,4
00001099599_07819,4
00001099599_07820,4
00001099599_07821,4
00001099599_07822,4
00001099599_07823,4
00001099599_07824,4
00001099599_07825,4
00001099599_07826,4
00001099599_07827,4
00001099599_07828,4
00001099599_07829,4
00001099599_07830,4
00001099599_07831,4
00001099599_07832,4
00001099599_07833,4
00001099599_07834,4
00001099599_07835,4
00001099599_07836,4
00001099599_07837,4
00001099599_07838,4
00001099599_07839,4
00001099599_07840,4
00001099599_07841,4
00001099599_07842,4
00001099599_07843,4
00001099599_07844,4
00001099599_07845,4
00001969599_07846,4
00001969599_07847,4
00001969599_07848,4
00001969599_07849,4
00001969599_07850,4
00001969599_07851,4
00001969599_07852,4
00001969599_07853,4
00001969599_07854,4
00001969599_07855,4
00001969599_07856,4
00001969599_07857,4
00001969599_07858,4
00001969599_07859,4
00001969599_07860,4
00001969599_07861,4
00001969599_07862,4
00001969599_07863,4
00001969599_07864,4
00001969599_07865,4
00001969599_07866,4
00001969599_07867,4
00001969599_07868,4
00001969599_07869,4
00001969599_07870,4
00001969599_07871,4
00001969599_07872,4
00001969599_07873,4
00001969599_07874,4
00001969599_07875,4
00001969599_07876,4
00001969599_07877,4
00001969599_07878,4
00001969599_07879,4
00001969599_07880,4
00001969599_07881,4
00001969599_07882,4
00001969599_07883,4
00001969599_07884,4
00001969599_07885,4
00001969599_07886,4
00001969599_07887,4
00001969599_07888,4
00001969599_07889,4
00001969599_07890,4
00001969599_07891,4
00001969599_07892,4
00001969599_07893,4
00001969599_07894,4
00001969599_07895,4
00001969599_07896,4
00001969599_07897,4
00001969599_07898,4
00001969599_07899,4
00003139599_07900,4
00003139599_07901,4
00003139599_07902,4
00003139599_07903,4
00003259599_07904,4
00003279599_07905,4
00003279599_07906,4
00003279599_07907,4
00003279599_07908,4
00003279599_07909,4
00003279599_07910,4
00003279599_07911,4
00003279599_07912,4
00003279599_07913,4
00003279599_07914,4
00003279599_07915,4
00003279599_07916,4
00003279599_07917,4
00003279599_07918,4
00003279599_07919,4
00003279599_07920,4
00003279599_07921,4
00003279599_07922,4
00003279599_07923,4
00003279599_07924,4
00003279599_07925,4
00003279599_07926,4
00003279599_07927,4
00003279599_07928,4
00003279599_07929,4
00003279599_07930,4
00003279599_07931,4
00003279599_07932,4
00003279599_07933,4
00003279599_07934,4
00003279599_07935,4
00003279599_07936,4
00003629599_07937,4
00003629599_07938,4
00003629599_07939,4
00003629599_07940,4
00003629599_07941,4
00003889599_07942,4
00003889599_07943,4
00003979599_07944,4
00003979599_07945,4
00003979599_07946,4
00003979599_07947,4
00003979599_07948,4
00003979599_07949,4
00003979599_07950,4
00003979599_07951,4
00003979599_07952,4
00004249599_07953,4
00004249599_07954,4
00004249599_07955,4
00004249599_07956,4
00004249599_07957,4
00004249599_07958,4
00004249599_07959,4
00004249599_07960,4
00004249599_07961,4
00004249599_07962,4
00004249599_07963,4
00004249599_07964,4
00004249599_07965,4
00004249599_07966,4
00004249599_07967,4
00004249599_07968,4
00004249599_07969,4
00004249599_07970,4
00004249599_07971,4
00004249599_07972,4
00004249599_07973,4
00004249599_07974,4
00004249599_07975,4
00004249599_07976,4
00004249599_07977,4
00004249599_07978,4
00004249599_07979,4
00004249599_07980,4
00004249599_07981,4
00004249599_07982,4
00004249599_07983,4
00004249599_07984,4
00004249599_07985,4
00004249599_07986,4
00004249599_07987,4
00004249599_07988,4
00004249599_07989,4
00004249599_07990,4
00004249599_07991,4
00004859599_07992,4
00004859599_07993,4
00004859599_07994,4
00004859599_07995,4
00004859599_07996,4
00004859599_07997,4
00004859599_07998,4
00004859599_07999,4
00004859599_08000,4
00004859599_08001,4
00004859599_08002,4
00004859599_08003,4
00004859599_08004,4
00004859599_08005,4
00004859599_08006,4
00004859599_08007,4
00004859599_08008,4
00004859599_08009,4
00004859599_08010,4
00004859599_08011,4
00004859599_08012,4
00004859599_08013,4
00004859599_08014,4
00004859599_08015,4
00004859599_08016,4
00004859599_08017,4
00004859599_08018,4
00004859599_08019,4
00004859599_08020,4
00004859599_08021,4
00004859599_08022,4
00004859599_08023,4
00004859599_08024,4
00004859599_08025,4
00004859599_08026,4
00004859599_08027,4
00004859599_08028,4
00005509599_08029,4
00005509599_08030,4
00005509599_08031,4
00005509599_08032,4
00005509599_08033,4
00005509599_08034,4
00005509599_08035,4
00005509599_08036,4
00005509599_08037,4
00005509599_08038,4
00005509599_08039,4
00005509599_08040,4
00005509599_08041,4
00005509599_08042,4
00005849599_08043,4
00005849599_08044,4
00005849599_08045,4
00005849599_08046,4
00005849599_08047,4
00005849599_08048,4
00005849599_08049,4
00005849599_08050,4
00005849599_08051,4
00005849599_08052,4
00005849599_08053,4
00005849599_08054,4
00005849599_08055,4
00005849599_08056,4
00005849599_08057,4
00005849599_08058,4
00005849599_08059,4
00005849599_08060,4
00005849599_08061,4
00005849599_08062,4
00005849599_08063,4
00005849599_08064,4
00005849599_08065,4
00005849599_08066,4
00005849599_08067,4
00005849599_08068,4
00005849599_08069,4
00005849599_08070,4
00005849599_08071,4
00005849599_08072,4
00005849599_08073,4
00005849599_08074,4
00005849599_08075,4
00005849599_08076,4
00005849599_08077,4
00005849599_08078,4
00005849599_08079,4
00005849599_08080,4
00005849599_08081,4
00005849599_08082,4
00005849599_08083,4
00005849599_08084,4
00005849599_08085,4
00005849599_08086,4
00005849599_08087,4
00005849599_08088,4
00005849599_08089,4
00005849599_08090,4
00005849599_08091,4
00005849599_08092,4
00005849599_08093,4
00006999599_08094,4
00006999599_08095,4
00006999599_08096,4
00006999599_08097,4
00006999599_08098,4
00006999599_08099,4
00006999599_08100,4
00006999599_08101,4
00006999599_08102,4
00006999599_08103,4
00006999599_08104,4
00006999599_08105,4
00007209599_08106,4
00007209599_08107,4
00007209599_08108,4
00007209599_08109,4
00007209599_08110,4
00007209599_08111,4
00007209599_08112,4
00007209599_08113,4
00007209599_08114,4
00007209599_08115,4
00007209599_08116,4
00007209599_08117,4
00007209599_08118,4
00007209599_08119,4
00007209599_08120,4
00007209599_08121,4
00007669599_08122,4
00007669599_08123,4
00007669599_08124,4
00007669599_08125,4
00007669599_08126,4
00007669599_08127,4
00007669599_08128,4
00007669599_08129,4
00007669599_08130,4
00007669599_08131,4
00007669599_08132,4
00007669599_08133,4
00007809599_08134,4
00007809599_08135,4
00007929599_08136,4
00007929599_08137,4
00007929599_08138,4
00007929599_08139,4
00007929599_08140,4
00007929599_08141,4
00007929599_08142,4
00007929599_08143,4
00007929599_08144,4
00007929599_08145,4
00007929599_08146,4
00008279599_08147,4
00008279599_08148,4
00008279599_08149,4
00008279599_08150,4
00008279599_08151,4
00008279599_08152,4
00008279599_08153,4
00008279599_08154,4
00008279599_08155,4
00008279599_08156,4
00008279599_08157,4
00008279599_08158,4
00008759599_08159,4
00008759599_08160,4
00008759599_08161,4
00008759599_08162,4
00008759599_08163,4
00008759599_08164,4
00008919599_08165,4
00008919599_08166,4
00008919599_08167,4
00008919599_08168,4
00008919599_08169,4
00008919599_08170,4
00008919599_08171,4
00008919599_08172,4
00008919599_08173,4
00008919599_08174,4
00008919599_08175,4
00008919599_08176,4
00008919599_08177,4
00008919599_08178,4
00008919599_08179,4
00008919599_08180,4
00008919599_08181,4
00008919599_08182,4
00008919599_08183,4
00008919599_08184,4
00008919599_08185,4
00008919599_08186,4
00008919599_08187,4
00008919599_08188,4
00008919599_08189,4
00008919599_08190,4
00008919599_08191,4
00008919599_08192,4
00008919599_08193,4
00008919599_08194,4
00008919599_08195,4
00008919599_08196,4
00008919599_08197,4
00008919599_08198,4
00008919599_08199,4
00008919599_08200,4
00008919599_08201,4
00008919599_08202,4
00008919599_08203,4
00008919599_08204,4
00008919599_08205,4
00008919599_08206,4
00008919599_08207,4
00008919599_08208,4
00008919599_08209,4
00008919599_08210,4
00008919599_08211,4
00008919599_08212,4
00009569599_08213,4
00009569599_08214,4
00009569599_08215,4
00009569599_08216,4
00009569599_08217,4
00009569599_08218,4
00009569599_08219,4
00009569599_08220,4
00009569599_08221,4
00009569599_08222,4
00009569599_08223,4
00009569599_08224,4
00009569599_08225,4
00009569599_08226,4
00009569599_08227,4
00009569599_08228,4
00009569599_08229,4
00009569599_08230,4
00009569599_08231,4
00009569599_08232,4
00009569599_08233,4
00009569599_08234,4
00009569599_08235,4
00009569599_08236,4
00009569599_08237,4
00009569599_08238,4
00009569599_08239,4
00009569599_08240,4
00009569599_08241,4
00009569599_08242,4
00009569599_08243,4
00009569599_08244,4
00009569599_08245,4
00009569599_08246,4
00010129599_08247,4
00010129599_08248,4
00010129599_08249,4
00010129599_08250,4
00010129599_08251,4
00010129599_08252,4
00010129599_08253,4
00010129599_08254,4
00010129599_08255,4
00010129599_08256,4
00010129599_08257,4
00010129599_08258,4
00010129599_08259,4
00010129599_08260,4
00010129599_08261,4
00010129599_08262,4
00010679599_08263,4
00010679599_08264,4
00010679599_08265,4
00010679599_08266,4
00010679599_08267,4
00010679599_08268,4
00010679599_08269,4
00010679599_08270,4
00010679599_08271,4
00010679599_08272,4
00010679599_08273,4
00010679599_08274,4
00010679599_08275,4
00010679599_08276,4
00010679599_08277,4
00010679599_08278,4
00010679599_08279,4
00010909599_08280,4
00010919599_08281,4
00010919599_08282,4
00010919599_08283,4
00010919599_08284,4
00010919599_08285,4
00010919599_08286,4
00010919599_08287,4
00011329599_08288,4
00011329599_08289,4
00011329599_08290,4
00011329599_08291,4
00011329599_08292,4
00011329599_08293,4
00011329599_08294,4
00011329599_08295,4
00011329599_08296,4
00011329599_08297,4
00011329599_08298,4
00011329599_08299,4
00011529599_08300,4
00011529599_08301,4
00011529599_08302,4
00011529599_08303,4
00011529599_08304,4
00011529599_08305,4
00011529599_08306,4
00011529599_08307,4
00011529599_08308,4
00011529599_08309,4
00011529599_08310,4
00011529599_08311,4
00011529599_08312,4
00011529599_08313,4
00011529599_08314,4
00011529599_08315,4
00011529599_08316,4
00011769599_08317,4
00011769599_08318,4
00011769599_08319,4
00011769599_08320,4
00011769599_08321,4
00011769599_08322,4
00011769599_08323,4
00011769599_08324,4
00011769599_08325,4
00011769599_08326,4
00011769599_08327,4
00011769599_08328,4
00011769599_08329,4
00011769599_08330,4
00011769599_08331,4
00011769599_08332,4
00011769599_08333,4
00011769599_08334,4
00011769599_08335,4
00011769599_08336,4
00011769599_08337,4
00011769599_08338,4
00011769599_08339,4
00011769599_08340,4
00011769599_08341,4
00011769599_08342,4
00011769599_08343,4
00011769599_08344,4
00011769599_08345,4
00011769599_08346,4
00011769599_08347,4
00011769599_08348,4
00011769599_08349,4
00011769599_08350,4
00011769599_08351,4
00011769599_08352,4
00011769599_08353,4
00011769599_08354,4
00011769599_08355,4
00011769599_08356,4
00011769599_08357,4
00011769599_08358,4
00011769599_08359,4
00011769599_08360,4
00011769599_08361,4
00011769599_08362,4
00011769599_08363,4
00011769599_08364,4
00011769599_08365,4
00011769599_08366,4
00011769599_08367,4
00011769599_08368,4
00011769599_08369,4
00011769599_08370,4
00011769599_08371,4
00012719599_08372,4
00012719599_08373,4
00012719599_08374,4
00012719599_08375,4
00012719599_08376,4
00012719599_08377,4
00012719599_08378,4
00012719599_08379,4
00012719599_08380,4
00012719599_08381,4
00012719599_08382,4
00012719599_08383,4
00012719599_08384,4
00012719599_08385,4
00012719599_08386,4
00012719599_08387,4
00012719599_08388,4
00012719599_08389,4
00012719599_08390,4
00012719599_08391,4
00012719599_08392,4
00012719599_08393,4
00012719599_08394,4
00012719599_08395,4
00012719599_08396,4
00012719599_08397,4
00012719599_08398,4
00012719599_08399,4
00012719599_08400,4
00012719599_08401,4
00012719599_08402,4
00012719599_08403,4
00012719599_08404,4
00012719599_08405,4
00013269599_08406,4
00013269599_08407,4
00013269599_08408,4
00013269599_08409,4
00013269599_08410,4
00013269599_08411,4
00013269599_08412,4
00013269599_08413,4
00013269599_08414,4
00013269599_08415,4
00013269599_08416,4
00013269599_08417,4
00013269599_08418,4
00013269599_08419,4
00013269599_08420,4
00013269599_08421,4
00013269599_08422,4
00013269599_08423,4
00013269599_08424,4
00013269599_08425,4
00013269599_08426,4
00013269599_08427,4
00013269599_08428,4
00013269599_08429,4
00013269599_08430,4
00013269599_08431,4
00013269599_08432,4
00013809599_08433,4
00013809599_08434,4
00013809599_08435,4
00013809599_08436,4
00013809599_08437,4
00013999599_08438,4
00013999599_08439,4
00013999599_08440,4
00013999599_08441,4
00013999599_08442,4
00013999599_08443,4
00014389599_08444,4
00014389599_08445,4
00014389599_08446,4
00014389599_08447,4
00014389599_08448,4
00014509599_08449,4
00014509599_08450,4
00014549599_08451,4
00014549599_08452,4
00014549599_08453,4
00014549599_08454,4
00014549599_08455,4
00014549599_08456,4
00014549599_08457,4
00014549599_08458,4
00014549599_08459,4
00014549599_08460,4
00014549599_08461,4
00014549599_08462,4
00014549599_08463,4
00014549599_08464,4
00014549599_08465,4
00014759599_08466,4
00014759599_08467,4
00014759599_08468,4
00014759599_08469,4
00014759599_08470,4
00014759599_08471,4
00014759599_08472,4
00014759599_08473,4
00014759599_08474,4
00014759599_08475,4
00014989599_08476,4
00014989599_08477,4
00014989599_08478,4
00014989599_08479,4
00014989599_08480,4
00014989599_08481,4
00014989599_08482,4
00014989599_08483,4
00014989599_08484,4
00014989599_08485,4
00014989599_08486,4
00014989599_08487,4
00014989599_08488,4
00014989599_08489,4
00014989599_08490,4
00014989599_08491,4
00014989599_08492,4
00014989599_08493,4
00014989599_08494,4
00014989599_08495,4
00014989599_08496,4
00014989599_08497,4
00014989599_08498,4
00014989599_08499,4
00015359599_08500,4
00015359599_08501,4
00015359599_08502,4
00015359599_08503,4
00015359599_08504,4
00015359599_08505,4
00015359599_08506,4
00015359599_08507,4
00015359599_08508,4
00015359599_08509,4
00015359599_08510,4
00015359599_08511,4
00015359599_08512,4
00015359599_08513,4
00015359599_08514,4
00015359599_08515,4
00015359599_08516,4
00015359599_08517,4
00015359599_08518,4
00015359599_08519,4
00015359599_08520,4
00015359599_08521,4
00015359599_08522,4
00015359599_08523,4
00015359599_08524,4
00015359599_08525,4
00015359599_08526,4
00015359599_08527,4
00015359599_08528,4
00015359599_08529,4
00015359599_08530,4
00015359599_08531,4
00015359599_08532,4
00015999599_08533,4
00015999599_08534,4
00015999599_08535,4
00015999599_08536,4
00015999599_08537,4
00015999599_08538,4
00015999599_08539,4
00015999599_08540,4
00015999599_08541,4
00015999599_08542,4
00016179599_08543,4
00016179599_08544,4
00016179599_08545,4
00016179599_08546,4
00016179599_08547,4
00016179599_08548,4
00016179599_08549,4
00016179599_08550,4
00016179599_08551,4
00016179599_08552,4
00016179599_08553,4
00016179599_08554,4
00016179599_08555,4
00016179599_08556,4
00016179599_08557,4
00016179599_08558,4
00016179599_08559,4
00016179599_08560,4
00016179599_08561,4
00016429599_08562,4
00016429599_08563,4
00016429599_08564,4
00016429599_08565,4
00016429599_08566,4
00016429599_08567,4
00016429599_08568,4
00016429599_08569,4
00016429599_08570,4
00016429599_08571,4
00016429599_08572,4
00016429599_08573,4
00016569599_08574,4
00016619599_08575,4
00016619599_08576,4
00016619599_08577,4
00016619599_08578,4
00016619599_08579,4
00016619599_08580,4
00016619599_08581,4
00016619599_08582,4
00016909599_08583,4
00016909599_08584,4
00016909599_08585,4
00016949599_08586,4
00016949599_08587,4
00016949599_08588,4
00016949599_08589,4
00016949599_08590,4
00016949599_08591,4
00016949599_08592,4
00017069599_08593,4
00017069599_08594,4
00017139599_08595,4
00017139599_08596,4
00017139599_08597,4
00017139599_08598,4
00017139599_08599,4
00017139599_08600,4
00017139599_08601,4
00017139599_08602,4
00017139599_08603,4
00017139599_08604,4
00017139599_08605,4
00017139599_08606,4
00017139599_08607,4
00017139599_08608,4
00017139599_08609,4
00017139599_08610,4
00017139599_08611,4
00017139599_08612,4
00017139599_08613,4
00017139599_08614,4
00017139599_08615,4
00017379599_08616,4
00017379599_08617,4
00017379599_08618,4
00017379599_08619,4
00017379599_08620,4
00017379599_08621,4
00017379599_08622,4
00017379599_08623,4
00017379599_08624,4
00017379599_08625,4
00017379599_08626,4
00017379599_08627,4
00017379599_08628,4
00017379599_08629,4
00017379599_08630,4
00017379599_08631,4
00017379599_08632,4
00017379599_08633,4
00017379599_08634,4
00017379599_08635,4
00017379599_08636,4
00017379599_08637,4
00017379599_08638,4
00017379599_08639,4
00017379599_08640,4
00017379599_08641,4
00017799599_08642,4
00017799599_08643,4
00017799599_08644,4
00017799599_08645,4
00017799599_08646,4
00017799599_08647,4
00017799599_08648,4
00017799599_08649,4
00017799599_08650,4
00017799599_08651,4
00017799599_08652,4
00017799599_08653,4
00017799599_08654,4
00017799599_08655,4
00017799599_08656,4
00017799599_08657,4
00017799599_08658,4
00017799599_08659,4
00017799599_08660,4
00017799599_08661,4
00017799599_08662,4
00017799599_08663,4
00017799599_08664,4
00017799599_08665,4
00017799599_08666,4
00018169599_08667,4
00018169599_08668,4
00018169599_08669,4
00018169599_08670,4
00018169599_08671,4
00018169599_08672,4
00018169599_08673,4
00018169599_08674,4
00018169599_08675,4
00018169599_08676,4
00018169599_08677,4
00018169599_08678,4
00018169599_08679,4
00018169599_08680,4
00018169599_08681,4
00018169599_08682,4
00018169599_08683,4
00018169599_08684,4
00018519599_08685,4
00018519599_08686,4
00018519599_08687,4
00018519599_08688,4
00018519599_08689,4
00018519599_08690,4
00018519599_08691,4
00018519599_08692,4
00018519599_08693,4
00018519599_08694,4
00018519599_08695,4
00018519599_08696,4
00018519599_08697,4
00018519599_08698,4
00018519599_08699,4
00018519599_08700,4
00018519599_08701,4
00018519599_08702,4
00018519599_08703,4
00018519599_08704,4
00018519599_08705,4
00018519599_08706,4
00018519599_08707,4
00018519599_08708,4
00018519599_08709,4
00018519599_08710,4
00018519599_08711,4
00018519599_08712,4
00018519599_08713,4
00018519599_08714,4
00018519599_08715,4
00018519599_08716,4
00018519599_08717,4
00018519599_08718,4
00018519599_08719,4
00018939599_08720,4
00018939599_08721,4
00018939599_08722,4
00018939599_08723,4
00018939599_08724,4
00018939599_08725,4
00018939599_08726,4
00018939599_08727,4
00018939599_08728,4
00018939599_08729,4
00018939599_08730,4
00018939599_08731,4
00018939599_08732,4
00018939599_08733,4
00018939599_08734,4
00018939599_08735,4
00018939599_08736,4
00018939599_08737,4
00018939599_08738,4
00018939599_08739,4
00019259599_08740,4
00019259599_08741,4
00019259599_08742,4
00019259599_08743,4
00019259599_08744,4
00019259599_08745,4
00019259599_08746,4
00019259599_08747,4
00019259599_08748,4
00019259599_08749,4
00019259599_08750,4
00019259599_08751,4
00019259599_08752,4
00019259599_08753,4
00019259599_08754,4
00019259599_08755,4
00019259599_08756,4
00019259599_08757,4
00019259599_08758,4
00019259599_08759,4
00019259599_08760,4
00019259599_08761,4
00019259599_08762,4
00019259599_08763,4
00019259599_08764,4
00019259599_08765,4
00019259599_08766,4
00019259599_08767,4
00019259599_08768,4
00019259599_08769,4
00019749599_08770,4
00019749599_08771,4
00019749599_08772,4
00019749599_08773,4
00019749599_08774,4
00019749599_08775,4
00019749599_08776,4
00019749599_08777,4
00019749599_08778,4
00019749599_08779,4
00019749599_08780,4
00019749599_08781,4
00019749599_08782,4
00019749599_08783,4
00019749599_08784,4
00019749599_08785,4
00019749599_08786,4
00019749599_08787,4
00019749599_08788,4
00019749599_08789,4
00019749599_08790,4
00019749599_08791,4
00019749599_08792,4
00019749599_08793,4
00019749599_08794,4
00019749599_08795,4
00019749599_08796,4
00019749599_08797,4
00019749599_08798,4
00019749599_08799,4
00019749599_08800,4
00019749599_08801,4
00019749599_08802,4
00019749599_08803,4
00019749599_08804,4
00019749599_08805,4
00019749599_08806,4
00019749599_08807,4
00019749599_08808,4
00019749599_08809,4
00019749599_08810,4
00019749599_08811,4
00019749599_08812,4
00019749599_08813,4
00019749599_08814,4
00019749599_08815,4
00019749599_08816,4
00019749599_08817,4
00019749599_08818,4
00019749599_08819,4
00019749599_08820,4
00019749599_08821,4
00019749599_08822,4
00019749599_08823,4
00020639599_08824,4
00020639599_08825,4
00020639599_08826,4
00020639599_08827,4
00020639599_08828,4
00020639599_08829,4
00020639599_08830,4
00020639599_08831,4
00020639599_08832,4
00020639599_08833,4
00020639599_08834,4
00020639599_08835,4
00020639599_08836,4
00020639599_08837,4
00020639599_08838,4
00020639599_08839,4
00020639599_08840,4
00020639599_08841,4
00020639599_08842,4
00020639599_08843,4
00020639599_08844,4
00020639599_08845,4
00020639599_08846,4
00020639599_08847,4
00020639599_08848,4
00020639599_08849,4
00021009599_08850,4
00021009599_08851,4
00021009599_08852,4
00021009599_08853,4
00021009599_08854,4
00021009599_08855,4
00021009599_08856,4
00021119599_08857,4
00021119599_08858,4
00021119599_08859,4
00021119599_08860,4
00021189599_08861,4
00021189599_08862,4
00021189599_08863,4
00021189599_08864,4
00021189599_08865,4
00021189599_08866,4
00021189599_08867,4
00021189599_08868,4
00021189599_08869,4
00021319599_08870,4
00021419599_08871,4
00021419599_08872,4
00021419599_08873,4
00021419599_08874,4
00021419599_08875,4
00021419599_08876,4
00021419599_08877,4
00021539599_08878,4
00021539599_08879,4
00021539599_08880,4
00021539599_08881,4
00021539599_08882,4
00021539599_08883,4
00021539599_08884,4
00021539599_08885,4
00021539599_08886,4
00021539599_08887,4
00021539599_08888,4
00021539599_08889,4
00021539599_08890,4
00021539599_08891,4
00021539599_08892,4
00021539599_08893,4
00021539599_08894,4
00022119599_08895,4
00022119599_08896,4
00022119599_08897,4
00022119599_08898,4
00022289599_08899,4
00022119599_08900,4
00022119599_08901,4
00022289599_08902,4
00022289599_08903,4
00022289599_08904,4
00022289599_08905,4
00022289599_08906,4
00022289599_08907,4
00022289599_08908,4
00022289599_08909,4
00022729599_08910,4
00022729599_08911,4
03563415500_08912,1
380994611403_08913,3
04598737455_08914,1
03720525869_08915,1
421392689003_08916,3
03799016094_08917,2
03561125496_08918,2
03561125496_08919,2
03561125496_08920,2
03849146201_08921,1
03560255495_08922,1
03559005487_08923,1
03559005487_08924,1
03558755487_08925,1
03849176201_08926,1
03524285418_08927,1
04100366726_08928,1
03557285482_08929,1
04101146725_08930,1
04106016731_08931,1
04105606731_08932,1
04105866731_08933,1
04105536731_08934,1
04598447454_08935,2
04105996731_08936,1
03556605482_08937,1
03556605482_08938,1
04095106724_08939,1
03849026201_08940,1
03848846201_08941,1
03556605482_08942,1
03849106201_08943,1
04099886725_08944,1
04106226731_08945,1
04100976725_08946,1
03849106201_08947,1
04105956731_08948,1
04105996731_08949,1
04105866731_08950,1
04106216731_08951,1
03556585482_08952,1
03556585482_08953,1
03556585482_08954,1
03556985482_08955,1
03557285482_08956,1
04597877454_08957,1
04101546728_08958,4
04283556991_08959,5
04605497458_08960,4
03782576044_08961,4
04401847134_08962,4
04525247335_08963,4
04525247335_08964,4
03759455985_08965,4
03903666329_08966,4
04604977458_08967,4
04604757458_08968,4
04401937134_08969,4
04604757458_08970,4
04336547054_08971,4
03759915985_08972,4
03782606044_08973,4
03555245480_08974,4
04448197200_08975,4
03904106329_08976,4
03903516329_08977,4
04449757202_08978,4
04605497458_08979,4
03555065480_08980,4
04397547126_08981,4
03491495368_08982,4
03589525583_08983,4
04397737126_08984,4
04506847290_08985,4
03782316044_08986,4
03782246044_08987,4
03903816329_08988,4
04589127441_08989,4
04604697458_08990,4
03585255556_08991,4
03903516329_08992,4
04336907054_08993,4
03554735480_08994,4
04449757202_08995,4
03759175985_08996,4
03760045985_08997,4
04141936790_08998,4
04182806838_08999,4
03554735480_09000,4
04283386992_09001,4
04101246728_09002,4
03554615480_09003,4
03903596329_09004,4
04340017061_09005,4
04449907202_09006,4
04525717335_09007,4
04401697134_09008,4
04205026876_09009,4
03591355585_09010,4
04236826932_09011,4
03760105985_09012,4
04101486728_09013,4
03554635480_09014,4
03554595480_09015,4
04237856932_09016,4
04237716932_09017,4
04336737054_09018,4
03760125985_09019,4
04406567141_09020,4
03555185480_09021,4
03554495480_09022,4
04604697458_09023,4
04299817030_09024,4
03554485480_09025,4
04433447191_09026,1
03554385478_09027,1
03861276228_09028,1
03849176201_09029,1
04176016832_09030,1
04568607401_09031,1
04388407119_09032,2
03722925870_09033,2
03564745506_09034,2
03722615870_09035,2
03602485602_09036,2
04079506696_09037,2
03602485602_09038,2
03554155478_09039,2
03554155478_09040,2
03603095602_09041,1
03588975576_09042,5
03553545474_09043,12
03553545474_09044,12
03553545474_09045,12
03553545474_09046,12
03553545474_09047,12
03553545474_09048,12
03553545474_09049,12
03553545474_09050,12
03553545474_09051,12
04337007054_09052,4
04285897001_09053,4
04337007054_09054,4
04401917134_09055,4
04283596992_09056,4
03955766462_09057,1
03689905794_09058,1
04573577411_09059,1
04094746724_09060,1
04476227256_09061,1
04096496724_09062,1
03815366124_09063,1
03416885270_09064,1
04094416724_09065,1
03552605472_09066,1
03742335918_09067,5
04144256793_09068,4
04496167271_09069,4
03903596329_09070,4
04370147107_09071,1
03949606445_09072,11
03550445470_09073,1
03707265844_09074,2
03549735470_09075,2
03823746136_09076,4
04604837458_09077,4
04604757458_09078,4
03555055480_09079,4
04605497458_09080,4
04182546838_09081,4
03925896380_09082,6
03811416116_09083,6
03549585469_09084,6
03813666123_09085,6
03549575469_09086,6
03738815907_09087,6
03861116228_09088,6
03813566123_09089,6
03692515800_09090,6
03776726026_09091,6
03698565825_09092,6
03813596123_09093,6
04218046897_09094,6
03738745907_09095,6
03915716351_09096,6
03693975805_09097,6
03549545469_09098,6
03549545469_09099,6
03549545469_09100,6
03549545469_09101,6
03549545469_09102,6
03549545469_09103,6
03549545469_09104,6
03549545469_09105,6
03771286010_09106,4
03876746270_09107,3
04154746805_09108,3
03805856105_09109,3
04410027147_09110,3
04146536796_09111,3
03805856105_09112,3
03664805765_09113,3
03681325782_09114,3
04410077147_09115,3
04360207105_09116,3
04480697258_09117,3
03666515765_09118,3
03735275892_09119,3
03548875463_09120,3
03548875463_09121,3
03548875463_09122,3
03548875463_09123,3
03548875463_09124,3
03548875463_09125,3
03548875463_09126,3
03548875463_09127,3
03555195480_09128,4
03554735480_09129,4
04455207220_09130,1
03772406012_09131,2
04427077186_09132,2
04433347191_09133,2
03929576388_09134,2
03547525460_09135,2
03547525460_09136,2
04270216972_09137,3
04200996866_09138,2
04347597078_09139,2
03542965448_09140,2
04094026722_09141,9
03542955448_09142,9
03542955448_09143,9
03549585469_09144,6
03681445782_09145,3
03706365838_09146,3
03542855448_09147,3
03542835448_09148,3
04341897064_09149,3
03542235448_09150,3
03542215448_09151,3
04382117116_09152,3
03542565448_09153,3
04342577064_09154,3
03764865997_09155,3
03542215448_09156,3
03681445782_09157,3
03680905782_09158,3
03680205782_09159,3
03542605448_09160,3
03542965448_09161,2
03542965448_09162,2
03708935845_09163,3
03541895448_09164,3
03681445782_09165,3
03764865997_09166,3
03680205782_09167,3
03542105448_09168,3
03541895448_09169,3
03541895448_09170,3
03542095448_09171,3
03542105448_09172,3
04341987064_09173,3
03700495833_09174,1
03883396287_09175,1
04195616859_09176,1
03527245419_09177,1
04430017189_09178,1
03695735806_09179,1
03541865448_09180,1
04196206859_09181,1
03701445833_09182,1
03701295833_09183,1
03702115833_09184,1
03680655782_09185,1
03620305639_09186,1
03700455833_09187,1
03883486287_09188,1
03701615833_09189,1
03702045833_09190,1
03680015782_09191,1
03700455833_09192,1
03701745833_09193,1
04360577105_09194,1
03700455833_09195,1
03701745833_09196,1
03701565833_09197,1
04414347149_09198,1
03398895232_09199,1
03701615833_09200,1
03701015833_09201,1
03681415782_09202,1
03398295232_09203,1
03701295833_09204,1
04497707273_09205,1
04414347149_09206,1
04154756805_09207,1
04342657065_09208,1
03679915782_09209,1
03541885448_09210,1
03541885448_09211,1
03541885448_09212,1
03541885448_09213,1
04521127324_09214,1
04232536918_09215,9
03541765448_09216,9
03541765448_09217,9
03541765448_09218,9
04413297149_09219,9
04414457149_09220,1
04094756723_09221,9
03541885448_09222,1
04094756723_09223,9
04094756723_09224,9
03541715448_09225,9
03541385448_09226,1
03541345448_09227,9
03548875463_09228,3
03849116201_09229,1
04590597446_09230,1
03799126094_09231,1
04377217110_09232,1
03560715495_09233,1
03561415496_09234,1
03868846240_09235,1
04451887211_09236,1
03540615442_09237,1
03868226240_09238,1
03575855532_09239,1
03816906126_09240,1
03540715442_09241,1
03540715442_09242,1
03509765395_09243,1
03540695442_09244,1
03556405482_09245,1
04424777181_09246,1
03394885228_09247,1
03742175918_09248,1
04300667031_09249,1
03540505442_09250,1
03816906126_09251,1
03816906126_09252,1
03517975416_09253,1
03540545442_09254,1
03540545442_09255,1
03540545442_09256,1
03540545442_09257,1
03540545442_09258,1
03540545442_09259,1
03540545442_09260,1
03875906262_09261,4
04340257061_09262,4
04571457406_09263,4
04283656992_09264,4
04283476992_09265,4
04339597061_09266,4
04283656992_09267,4
04237676932_09268,4
03554805480_09269,4
04448247200_09270,4
04283656992_09271,4
04341507063_09272,4
04341197063_09273,4
04451937210_09274,4
03773896016_09275,4
04336827054_09276,4
04240046936_09277,4
04451937210_09278,4
04183066838_09279,4
04340127061_09280,4
04496137271_09281,4
04238056932_09282,4
04496247271_09283,4
04403817139_09284,4
03773806016_09285,4
04339767061_09286,4
03539955441_09287,4
03539955441_09288,4
04237856932_09289,4
04262886961_09290,12
04525097335_09291,4
04403197137_09292,4
03894176308_09293,4
04262886961_09294,12
03773986016_09295,4
03539645441_09296,4
04182766838_09297,4
03539935441_09298,4
03554705480_09299,4
03742915920_09300,4
04285937001_09301,4
03539915441_09302,4
04168576821_09303,4
04236966932_09304,4
04182896838_09305,4
03759485985_09306,4
04341027063_09307,4
04206346878_09308,4
03539995441_09309,4
03774096016_09310,4
04336927054_09311,4
04525097335_09312,4
03554615480_09313,4
03593095586_09314,4
04086356713_09315,4
04312697037_09316,4
04236916932_09317,4
04182826838_09318,4
04182946838_09319,4
04218696898_09320,4
04240716937_09321,4
04240336936_09322,4
03930856390_09323,4
04283686992_09324,4
03903796329_09325,4
04496177271_09326,4
04340907063_09327,4
04182776838_09328,4
04237366932_09329,4
04283186992_09330,4
04182896838_09331,4
04283386992_09332,4
04237366932_09333,4
03539805441_09334,4
03759835985_09335,4
04237006933_09336,4
04567857400_09337,4
04204876876_09338,4
04283616992_09339,4
04168496821_09340,4
03539865441_09341,4
03959516471_09342,4
03771616010_09343,4
03782606044_09344,4
04589457441_09345,4
03903736329_09346,4
03554745480_09347,4
03554745480_09348,4
03554495480_09349,4
03904356329_09350,4
03555145480_09351,4
04406427141_09352,4
03539845441_09353,4
03539845441_09354,4
03561125496_09355,2
03759575985_09356,4
03585205556_09357,4
04595397451_09358,4
03458495314_09359,4
03741475916_09360,4
04525247335_09361,4
04300407030_09362,4
03692205800_09363,6
03759875985_09364,4
04341237063_09365,4
04525227335_09366,4
03585785560_09367,4
04525717335_09368,4
04340997063_09369,4
03554635480_09370,4
04340777063_09371,4
03752805961_09372,12
04101426728_09373,4
03692145800_09374,4
03773736016_09375,4
04460297236_09376,4
04208706881_09377,4
04454387217_09378,4
04236876932_09379,4
04168576821_09380,4
04182686838_09381,4
04101526728_09382,4
03540005441_09383,4
03540005441_09384,4
03539745441_09385,4
04168536821_09386,4
04193726855_09387,4
04283896992_09388,4
04403057137_09389,4
03636435686_09390,4
04264316965_09391,4
04237026932_09392,4
04237996932_09393,4
03539865441_09394,4
04341497063_09395,4
04204606876_09396,4
03539735441_09397,4
04237996932_09398,4
04236946932_09399,4
04237996932_09400,4
03539865441_09401,4
04237636932_09402,4
04086396713_09403,4
04341497063_09404,4
03539735441_09405,4
04525687336_09406,4
03903666329_09407,4
04204646876_09408,4
03620435640_09409,4
03759515985_09410,4
04101326728_09411,4
04237446932_09412,4
03539865441_09413,4
03584755552_09414,4
04183016838_09415,4
04299887030_09416,4
03575055530_09417,4
03539675441_09418,4
04237016932_09419,4
04206586878_09420,4
03575045530_09421,4
04247226949_09422,4
03759895985_09423,4
04403047137_09424,4
04283816992_09425,4
03853996218_09426,4
03539995441_09427,4
04401807134_09428,4
03903346329_09429,4
04525387336_09430,4
04206356878_09431,4
03904356329_09432,4
03554565480_09433,4
04283266992_09434,4
04101526728_09435,4
04588637436_09436,4
04286127001_09437,4
04237016932_09438,4
04341447063_09439,4
04283806992_09440,4
03555065480_09441,4
04283156992_09442,4
04238056932_09443,4
03931036390_09444,4
04204626876_09445,4
04389287119_09446,3
04240516937_09447,4
04241576938_09448,4
04339827061_09449,4
04341137063_09450,4
04401937134_09451,4
03904356329_09452,4
04340797063_09453,4
04283576992_09454,4
03903666329_09455,4
03555135480_09456,4
03759525985_09457,4
04525717335_09458,4
04406627141_09459,4
04339987061_09460,4
03759885985_09461,4
03760125985_09462,4
04339927061_09463,4
04401807134_09464,4
03555065480_09465,4
04604407458_09466,4
04283156992_09467,4
04402237134_09468,4
03759885985_09469,4
03773856016_09470,4
04402017134_09471,4
04402237134_09472,4
04341137063_09473,4
04449677202_09474,4
04182926838_09475,4
03555135480_09476,4
03903286329_09477,4
03555215480_09478,4
03554595480_09479,4
04341397063_09480,4
03554595480_09481,4
03593195586_09482,4
04406437141_09483,4
04496187271_09484,4
03760125985_09485,4
04237136932_09486,4
04193786855_09487,4
04168526821_09488,4
03575045530_09489,4
03555275480_09490,4
04283766992_09491,4
03555065480_09492,4
04403287137_09493,4
04283836992_09494,4
03911166343_09495,4
04341037063_09496,4
03754265970_09497,4
03759175985_09498,4
03759635985_09499,4
03760045985_09500,4
03759175985_09501,4
03539595441_09502,4
03539595441_09503,4
04210856888_09504,2
04413727149_09505,1
04160906811_09506,1
03788906066_09507,1
03526325419_09508,1
376462599703_09509,3
04164816815_09510,1
03645925716_09511,1
04196006859_09512,1
04409947147_09513,1
04543427366_09514,1
04349157078_09515,1
03910036343_09516,1
04502957286_09517,1
03537345434_09518,1
04210856888_09519,2
03542625448_09520,2
03705815838_09521,2
03542275448_09522,2
03444875304_09523,2
03542245448_09524,2
03542245448_09525,2
03552605472_09526,1
04099416725_09527,1
03840686187_09528,1
03558705487_09529,1
04138596778_09530,1
04138366778_09531,1
03723495870_09532,2
04286247001_09533,4
04605497458_09534,4
03553545474_09535,12
03535745429_09536,1
03604565610_09537,1
03658685754_09538,1
03553545474_09539,12
03535285429_09540,1
03556375482_09541,1
04658213558_09542,1
03822026135_09543,1
04099606726_09544,1
03535385429_09545,1
03556505482_09546,1
03535725429_09547,1
04105886731_09548,1
04100806725_09549,1
03565745509_09550,2
03540615442_09551,1
03868136240_09552,1
03535285429_09553,1
03860816228_09554,1
03658685754_09555,1
03535415429_09556,1
03535725429_09557,1
03558835487_09558,1
03418375273_09559,1
03767946001_09560,1
03535675429_09561,1
04658213558_09562,1
04135706775_09563,1
03535675429_09564,1
03535335429_09565,1
03600005598_09566,1
04138596778_09567,1
03767946001_09568,1
04135696774_09569,1
03535725429_09570,1
03535725429_09571,1
03661745760_09572,1
03661765760_09573,1
03661865760_09574,1
03604665610_09575,1
03535205429_09576,1
03535205429_09577,1
03535215429_09578,1
03535215429_09579,1
03535215429_09580,1
03535215429_09581,1
03849146201_09582,1
04138276778_09583,1
04138276778_09584,1
04138276778_09585,1
04099646725_09586,1
03840716187_09587,1
03658895754_09588,1
03558785487_09589,1
03558825487_09590,1
03558785487_09591,1
03558785487_09592,1
03535685429_09593,1
03540545442_09594,1
03661745760_09595,1
03658685754_09596,1
03535675429_09597,1
03535725429_09598,1
03659025754_09599,1
03535745429_09600,1
03535535429_09601,1
04099726726_09602,1
04100836726_09603,1
03556575482_09604,1
03535535429_09605,1
03535125429_09606,1
03664025763_09607,1
03558735487_09608,1
03661765760_09609,1
04135976774_09610,1
03659025754_09611,1
03558825487_09612,1
03535445429_09613,1
03558735487_09614,1
03558735487_09615,1
03556745482_09616,1
03558735487_09617,1
03535715429_09618,1
04604977458_09619,4
03554105478_09620,1
03535495429_09621,1
03535575429_09622,1
03535145429_09623,1
03535695429_09624,1
03933456402_09625,1
03943596429_09626,1
04101766728_09627,1
04571857407_09628,1
04353837082_09629,5
04559337385_09630,5
03903446328_09631,5
04585317429_09632,5
04604697458_09633,4
03553545474_09634,12
04402427135_09635,11
03533865426_09636,11
03550315470_09637,1
03850096208_09638,1
03571805521_09639,12
04341037063_09640,4
03571805521_09641,12
04341137063_09642,4
04564447391_09643,1
04604697458_09644,4
03796386083_09645,5
03581755544_09646,2
04556377381_09647,1
03542965448_09648,2
03542295448_09649,2
03708585845_09650,2
03790776075_09651,2
04147156796_09652,2
04147006796_09653,2
04414457149_09654,1
04414267149_09655,1
04094026722_09656,9
04094026722_09657,9
379176607509_09658,9
04413247149_09659,9
03571805521_09660,12
03790936075_09661,9
03527595419_09662,9
03527595419_09663,9
03527595419_09664,9
03527595419_09665,9
03527595419_09666,9
03527595419_09667,9
03542245448_09668,2
04093696723_09669,9
03790936075_09670,9
03527595419_09671,9
03725385873_09672,2
04299817030_09673,4
03642055707_09674,1
03541765448_09675,9
04414457149_09676,1
03398295232_09677,1
04503047286_09678,9
04413277149_09679,9
04094146723_09680,9
04094756723_09681,9
03541765448_09682,9
04093696723_09683,9
03527285419_09684,9
03541755448_09685,9
03790936075_09686,9
03541755448_09687,9
04295687022_09688,1
03903206328_09689,5
04094756723_09690,9
03527485419_09691,9
04328907042_09692,9
04540267360_09693,9
04094756723_09694,9
04413277149_09695,9
04094756723_09696,9
03541715448_09697,9
03917936356_09698,9
04503047286_09699,9
03541715448_09700,9
03527045419_09701,9
03527045419_09702,9
03541765448_09703,9
04656833558_09704,2
04430617189_09705,2
04430617189_09706,2
03542245448_09707,2
04094676723_09708,2
03397925232_09709,2
03651705728_09710,2
04656573558_09711,2
03920966366_09712,2
04160126811_09713,2
04413617149_09714,2
04161316811_09715,2
04161036811_09716,2
03680845782_09717,2
03679825782_09718,2
04161236811_09719,2
04161036811_09720,2
03526665419_09721,2
03526665419_09722,2
03526665419_09723,2
03789026066_09724,2
04154126805_09725,2
04160076811_09726,2
04341967064_09727,3
03542275448_09728,2
04154156805_09729,2
04526627339_09730,2
03537435434_09731,2
03789016066_09732,2
04148366796_09733,2
03967996494_09734,2
04155016805_09735,2
04440217194_09736,2
03709485845_09737,2
03542125448_09738,2
03642275707_09739,2
04439197194_09740,2
03526455419_09741,2
03526455419_09742,2
04430617189_09743,2
04342077064_09744,2
03705775838_09745,2
04161186811_09746,2
04598457454_09747,2
04210726888_09748,2
04148136796_09749,2
03708785845_09750,2
04165026815_09751,2
04165026815_09752,2
03542065448_09753,2
03537485434_09754,2
04165076815_09755,2
03666655765_09756,2
03525875417_09757,2
03525875417_09758,2
03841116187_09759,1
04519307323_09760,1
03881716285_09761,1
04260076960_09762,1
04358727102_09763,1
04502247285_09764,1
03535245429_09765,1
04122016751_09766,1
03698345825_09767,1
03810066114_09768,14
04436977192_09769,1
03653565737_09770,1
03525775417_09771,3
04313687038_09772,3
04388917119_09773,3
04313747038_09774,3
04388917119_09775,3
03525755417_09776,3
03525755417_09777,3
03525755417_09778,3
426262696106_09779,6
03725505873_09780,1
03527275419_09781,9
03705665838_09782,2
03878366276_09783,1
04135716774_09784,1
04300537030_09785,1
04658283558_09786,3
03798166092_09787,1
04443577197_09788,1
388928629903_09789,3
03889026299_09790,1
04598827454_09791,8
04713633565_09792,1
04135716774_09793,1
04110536741_09794,1
04718573566_09795,1
04135696774_09796,1
03515955414_09797,1
04110586741_09798,1
04134376772_09799,1
04437347192_09800,1
03878696276_09801,1
03933896405_09802,1
04712683565_09803,1
04313097038_09804,1
03879116276_09805,1
04707183564_09806,1
04437347192_09807,1
04706803564_09808,1
04713633565_09809,1
03888196299_09810,8
03798306092_09811,1
04714723565_09812,1
03525065417_09813,1
03525065417_09814,1
03525065417_09815,1
03525065417_09816,1
03525065417_09817,1
03525065417_09818,1
03525065417_09819,1
04336737054_09820,4
03542325448_09821,2
03542565448_09822,3
03742885920_09823,4
04334227049_09824,1
03944146429_09825,1
04196766862_09826,1
03525765417_09827,1
04260016960_09828,1
03775826025_09829,1
04501907285_09830,1
03524595417_09831,1
04328447042_09832,1
04094756723_09833,9
04214306890_09834,3
03554515480_09835,4
04314047038_09836,8
422344690608_09837,8
04526937339_09838,2
03791166075_09839,2
03798156092_09840,2
04519337323_09841,2
04657103558_09842,2
04563287390_09843,2
03651695728_09844,2
03524475417_09845,2
03524475417_09846,2
03524475417_09847,2
04527157339_09848,14
03524425417_09849,14
03539735441_09850,4
04208716881_09851,4
03524355417_09852,2
03524355417_09853,2
04551007377_09854,1
04156946808_09855,1
03477485348_09856,1
04428627188_09857,1
03669245772_09858,1
03524355417_09859,2
03796396083_09860,5
04346857076_09861,1
04301577031_09862,2
03524135417_09863,2
03524135417_09864,2
03633515671_09865,1
03633635671_09866,1
03955756462_09867,1
03523695418_09868,1
04397547126_09869,4
04590597446_09870,1
03523605417_09871,2
03523605417_09872,2
03526625419_09873,3
03524695417_09874,1
04599327455_09875,1
04707183564_09876,1
03837386178_09877,1
03523275417_09878,1
03524595417_09879,1
03645655716_09880,3
04094026722_09881,9
03943996429_09882,1
04544287366_09883,1
04600307455_09884,1
04503317286_09885,3
03776236025_09886,3
03926356379_09887,3
04269976972_09888,3
03645985716_09889,3
03517575415_09890,3
03577715534_09891,2
03774866022_09892,2
04288187004_09893,2
03705485838_09894,2
03541985448_09895,2
03809556114_09896,2
04470667254_09897,2
03517545415_09898,2
03542065448_09899,2
03542975448_09900,2
04472937254_09901,3
04502957286_09902,1
03388895223_09903,1
04093306722_09904,1
04333797049_09905,1
04544117366_09906,1
04502717286_09907,1
04475337254_09908,1
03642435707_09909,1
04495067267_09910,1
03804946105_09911,2
03582845545_09912,6
03579375536_09913,6
03633925672_09914,6
03860456228_09915,6
03581225542_09916,6
03582835545_09917,6
03540185442_09918,6
03582725545_09919,6
03516895416_09920,6
03516895416_09921,6
03516895416_09922,6
03516895416_09923,6
03516895416_09924,6
03516895416_09925,6
03516895416_09926,6
03516895416_09927,6
03516895416_09928,6
03516895416_09929,6
03516895416_09930,6
03516895416_09931,6
03516895416_09932,6
03516895416_09933,6
03516895416_09934,6
03525825417_09935,1
04168476821_09936,4
04503367286_09937,3
03926506379_09938,3
03871546248_09939,3
03516885415_09940,3
03516885415_09941,3
03645675716_09942,1
03542565448_09943,3
03962276475_09944,1
04601227455_09945,3
03764575997_09946,1
04527237339_09947,1
03764575997_09948,1
04429477189_09949,1
04328997042_09950,1
03845996197_09951,1
03680045782_09952,1
04115726748_09953,1
04280306983_09954,1
03791606075_09955,1
04266496971_09956,1
03805036105_09957,1
465413355703_09958,3
03563115500_09959,3
03527595419_09960,9
03909726343_09961,1
03805856105_09962,3
04503047286_09963,9
04334427049_09964,1
03658715752_09965,1
03524695417_09966,1
04093796722_09967,1
03446585305_09968,1
04557137383_09969,3
443757719203_09970,3
04311967037_09971,1
03809906114_09972,3
04437457192_09973,3
04414277149_09974,1
04347227078_09975,1
03821486134_09976,1
04348757078_09977,1
03717825859_09978,1
03516325414_09979,1
03961936475_09980,1
04306547033_09981,1
04543427366_09982,1
03937736411_09983,1
03516445414_09984,1
03516445414_09985,1
04287357004_09986,3
04389267119_09987,3
04479637258_09988,3
04269346972_09989,3
04223386906_09990,3
04223856906_09991,3
04442897197_09992,3
04223856906_09993,3
03776166025_09994,3
04598497454_09995,3
03717345859_09996,3
04270086972_09997,3
04557407383_09998,3
04656953558_09999,3
04543357366_10000,3
04105906731_10001,1
04585847430_10002,1
03937916411_10003,1
03666015765_10004,1
03620615640_10005,1
04205306877_10006,1
377488602201_10007,1
04328047042_10008,1
03702105833_10009,1
04585847430_10010,1
04527147339_10011,1
04409307147_10012,1
03645915716_10013,1
03883166287_10014,1
03858696227_10015,1
04409907147_10016,1
03516345414_10017,1
03516345414_10018,1
03516345414_10019,1
03516345414_10020,1
03516445414_10021,1
04600737455_10022,3
04536377356_10023,3
04287877004_10024,3
04273856975_10025,3
04200746867_10026,3
04429557189_10027,3
03646075716_10028,3
04154766805_10029,3
04474997254_10030,3
03563455500_10031,3
03516175415_10032,3
03516175415_10033,3
03516175415_10034,3
03516175415_10035,3
03516175415_10036,3
03832456168_10037,1
03432105292_10038,2
03705515838_10039,2
04093046723_10040,2
03839346184_10041,2
04524057333_10042,2
03790726075_10043,2
03432285292_10044,2
04503337286_10045,2
04410427147_10046,2
03925666379_10047,2
04592507447_10048,2
03651875728_10049,2
03726315873_10050,2
04200846866_10051,2
04480497258_10052,2
04232246918_10053,2
03642155707_10054,2
03709355845_10055,2
03388695223_10056,2
04524007333_10057,2
04480497258_10058,2
04341677064_10059,2
03726315873_10060,2
03726315873_10061,2
04147956796_10062,2
03804986105_10063,2
04560057386_10064,2
03805546105_10065,2
04501897285_10066,2
03586555569_10067,2
03805546105_10068,2
03805026105_10069,2
03516075415_10070,2
03516075415_10071,2
03516075415_10072,2
03516075415_10073,2
04161286811_10074,2
03784336052_10075,3
04653503557_10076,3
03809966114_10077,3
03839466184_10078,3
04342557064_10079,3
03516205414_10080,3
04437657192_10081,3
04664393562_10082,3
03784426052_10083,3
03896216309_10084,3
04443787197_10085,3
03516005414_10086,3
04161176811_10087,1
03516075415_10088,2
04563817390_10089,2
04160706812_10090,3
04559497386_10091,3
03839556184_10092,3
03596675595_10093,3
04200726867_10094,3
03516085414_10095,3
04598837455_10096,3
03798476092_10097,3
04444437197_10098,3
04557267383_10099,3
04223566906_10100,3
04282466990_10101,3
04222866906_10102,3
04656953558_10103,3
04444497197_10104,3
04563527390_10105,3
03542565448_10106,3
04523987333_10107,3
03515705414_10108,3
03515705414_10109,3
03516385414_10110,1
03798616092_10111,1
03524395417_10112,1
03621045640_10113,1
04348217078_10114,1
04113766745_10115,1
03515705414_10116,3
03968766494_10117,1
03526475419_10118,1
03524005417_10119,1
03516435414_10120,3
03943826429_10121,1
03516555414_10122,1
03515565414_10123,1
03515535414_10124,1
03937116411_10125,1
03515735414_10126,1
03515505414_10127,1
04348947078_10128,1
04444047197_10129,3
04227386913_10130,3
04342677064_10131,3
04436577192_10132,3
370542583803_10133,3
04657603558_10134,3
03706365838_10135,3
03548865463_10136,3
04598527455_10137,3
03516005414_10138,3
03445305304_10139,3
04388997119_10140,3
03516495414_10141,3
04444047197_10142,3
380994611403_10143,3
04444127197_10144,3
03515325414_10145,3
03515325414_10146,3
03516435414_10147,3
04511837302_10148,1
04599587454_10149,3
04718783566_10150,3
04656983558_10151,3
04657833558_10152,3
04160776812_10153,3
03516205414_10154,3
04444047197_10155,3
04479057258_10156,3
04543317366_10157,3
04437457192_10158,3
04656983558_10159,3
03723085870_10160,3
04653253557_10161,3
04665373562_10162,3
388928629903_10163,3
04657813558_10164,3
04444127197_10165,3
04599847454_10166,3
04563487390_10167,3
380939611403_10168,3
03805426105_10169,3
04519657323_10170,3
03925726379_10171,3
03515495414_10172,3
04313897038_10173,3
04154806805_10174,3
03515305414_10175,3
03515305414_10176,3
03515305414_10177,3
03515305414_10178,3
03515305414_10179,3
04313897038_10180,3
04558037383_10181,3
04656953558_10182,3
03515305414_10183,3
03680735782_10184,1
04656253558_10185,1
03680735782_10186,1
04348297078_10187,1
03695685806_10188,1
04601257455_10189,1
04342907065_10190,1
04536107356_10191,1
04214506890_10192,1
04287117004_10193,1
03745555931_10194,1
03513835411_10195,1
03513835411_10196,1
03513835411_10197,1
03916126353_10198,1
03547525460_10199,2
03513575411_10200,22
03513575411_10201,22
03513575411_10202,22
03513575411_10203,22
03888256299_10204,1
04598327455_10205,1
03568165517_10206,1
04313147038_10207,1
04313657038_10208,1
03858996227_10209,1
03568165517_10210,1
04598287455_10211,1
04432127191_10212,1
04355187091_10213,1
03879116276_10214,1
04349117078_10215,1
04135926774_10216,1
03879116276_10217,1
04300537030_10218,1
03879116276_10219,1
04178886835_10220,1
03515305414_10221,3
04604757458_10222,4
03903406329_10223,4
04101486728_10224,4
04236876932_10225,4
04336477054_10226,4
04237716932_10227,4
04208716881_10228,4
04283686992_10229,4
03636495685_10230,4
04401907134_10231,4
04183016838_10232,4
04283376991_10233,5
04559377385_10234,5
03790326073_10235,4
04570747405_10236,5
04570747405_10237,5
03701555833_10238,5
04191226853_10239,5
03511445406_10240,5
03571955521_10241,5
04585287429_10242,5
04585287429_10243,5
04353917082_10244,5
03511415406_10245,5
04570747405_10246,5
03631975663_10247,5
04093696723_10248,9
04571387405_10249,5
04571377405_10250,5
03796336083_10251,5
03903446328_10252,5
04515357318_10253,5
03903446328_10254,5
04570877405_10255,5
04263196961_10256,5
04263466961_10257,5
03796266083_10258,5
04571387405_10259,5
03796336083_10260,5
04191526853_10261,5
03631905663_10262,5
04588717436_10263,5
04236896932_10264,4
04559587385_10265,5
03511375406_10266,5
04496587272_10267,5
03590605584_10268,5
04515357318_10269,5
03590305584_10270,5
03572015521_10271,5
03511355406_10272,5
03511355406_10273,5
04135696774_10274,1
04135696774_10275,1
03561125496_10276,2
03848846201_10277,1
04527107339_10278,1
03776246025_10279,2
03585295556_10280,4
03658945754_10281,1
03535645429_10282,1
04449597202_10283,4
03511355406_10284,5
03762475989_10285,5
03557165482_10286,1
03561125496_10287,2
03600135598_10288,1
03661695760_10289,1
03658845754_10290,1
04237116932_10291,4
04285897001_10292,4
04100546726_10293,1
04095976724_10294,1
04101136728_10295,4
04110586741_10296,1
03974576507_10297,1
04313577038_10298,1
03525065417_10299,1
04309387035_10300,1
04313097038_10301,1
03609025618_10302,2
03535425429_10303,1
03535725429_10304,1
04135766774_10305,1
04427407186_10306,2
03841526187_10307,1
04511377300_10308,1
03395325228_10309,1
04310247035_10310,1
03506505386_10311,1
03693695804_10312,1
04594207451_10313,1
04495067267_10314,1
04313577038_10315,1
03508725390_10316,1
03856076225_10317,1
03878836276_10318,1
04399687131_10319,1
03506725386_10320,1
03506675386_10321,1
03397475231_10322,1
03604665610_10323,1
03608925618_10324,1
03508765390_10325,1
03508725390_10326,1
03856076225_10327,1
03653585736_10328,1
03506685386_10329,1
03506715386_10330,1
03506715386_10331,1
03506715386_10332,1
03506715386_10333,1
03506715386_10334,1
03722125870_10335,2
03904306330_10336,1
03558755487_10337,1
03535455429_10338,1
04589167441_10339,4
03840686187_10340,1
03604755610_10341,1
03525065417_10342,1
04664493562_10343,1
03879116276_10344,1
04574737412_10345,1
03525065417_10346,1
04714723565_10347,1
04210826888_10348,2
04414567149_10349,2
04547767374_10350,2
03650205725_10351,1
03505555383_10352,2
03856846226_10353,4
03880706278_10354,4
04551307377_10355,4
04220856902_10356,4
04403907139_10357,4
03857366226_10358,4
04189046845_10359,4
03768016001_10360,1
03431415291_10361,1
03535205429_10362,1
04136116774_10363,1
04100836726_10364,1
03955796462_10365,1
03840896187_10366,1
03879106276_10367,1
03624835644_10368,1
04100836726_10369,1
03505555383_10370,2
03658795754_10371,1
03461945325_10372,2
03505375383_10373,2
03505375383_10374,2
03505375383_10375,2
03505375383_10376,2
03903926329_10377,4
04437347192_10378,1
03553545474_10379,12
03505355383_10380,2
03505355383_10381,2
03607155612_10382,1
03722275870_10383,2
03505415383_10384,2
04713953565_10385,3
03516535414_10386,3
04396167125_10387,1
03542245448_10388,2
04571077405_10389,5
04570877405_10390,5
03590305584_10391,5
04585287429_10392,5
04496737272_10393,5
03503425380_10394,5
03503375380_10395,5
03503375380_10396,5
04559557385_10397,5
03956536464_10398,5
04496587272_10399,5
03511375406_10400,5
03503405380_10401,5
03503405380_10402,5
03796316083_10403,6
04403337137_10404,4
03698575825_10405,6
04205246876_10406,4
03759175985_10407,4
03760045985_10408,4
04449757202_10409,4
04449657202_10410,4
03555145480_10411,4
03631685663_10412,5
03776016025_10413,1
03554955480_10414,4
04101326728_10415,4
03645675716_10416,1
03658025752_10417,1
03916136353_10418,1
04577747417_10419,1
04116556748_10420,1
03523585417_10421,1
04235616929_10422,1
04533797351_10423,1
03503135380_10424,1
03503135380_10425,1
435464708705_10426,5
03941876420_10427,5
04515507318_10428,5
04191606853_10429,5
03590245584_10430,5
03503055380_10431,5
03767946001_10432,1
04403087137_10433,4
03503055380_10434,5
03590265584_10435,5
04262786961_10436,5
03542295448_10437,2
04585317429_10438,5
03783956047_10439,5
03753135961_10440,5
03502965380_10441,5
03502965380_10442,5
04401847134_10443,4
03563455500_10444,3
455805738301_10445,1
03525895417_10446,1
03502855380_10447,1
04099646725_10448,1
04105656731_10449,1
03502075378_10450,1
04437347192_10451,1
03607145612_10452,1
03554485480_10453,4
04235566929_10454,1
03554735480_10455,4
04100146726_10456,1
04601207455_10457,1
03502065378_10458,1
03895156309_10459,1
03841536187_10460,1
04231806918_10461,1
03501935378_10462,1
03501935378_10463,1
04100006725_10464,1
03560435495_10465,1
03939876416_10466,1
03815446124_10467,1
04653333557_10468,3
04133636772_10469,1
03525065417_10470,1
03553545474_10471,12
03955756462_10472,1
04336827054_10473,4
04312147038_10474,3
04429037188_10475,1
03780716038_10476,1
03801686101_10477,1
03840726187_10478,1
03525895417_10479,1
03796956085_10480,1
03501785378_10481,1
03501785378_10482,1
04337247054_10483,4
03553545474_10484,12
04376997110_10485,1
04548597375_10486,1
04376997110_10487,1
04548597375_10488,1
04428927188_10489,1
04376907110_10490,1
04300227030_10491,1
04387277118_10492,1
03501745379_10493,1
04380057113_10494,1
03501545379_10495,1
03501735379_10496,1
03501735379_10497,1
04295617022_10498,4
04296297022_10499,4
03955756462_10500,1
03819576127_10501,1
04309387035_10502,1
04096346724_10503,1
04429187188_10504,1
03689815794_10505,1
04594677451_10506,1
03615145628_10507,1
04260156960_10508,1
04428927188_10509,1
03693625804_10510,1
04260246960_10511,1
04548747375_10512,1
04419287161_10513,1
04380017113_10514,1
04380017113_10515,1
04380017113_10516,1
04428667188_10517,1
03426125286_10518,1
03501655379_10519,1
03501655379_10520,1
03501655379_10521,1
03501655379_10522,1
03501655379_10523,1
03501655379_10524,1
03501655379_10525,1
03848846201_10526,1
03849016201_10527,1
04283896992_10528,4
03759385985_10529,4
03881836285_10530,1
04094916724_10531,1
04105996731_10532,1
04283896992_10533,4
03502065378_10534,1
03501465378_10535,1
03501385378_10536,1
03939816416_10537,1
04133706771_10538,1
03501535378_10539,1
03629465658_10540,1
03958336470_10541,1
03501535378_10542,1
04500217280_10543,1
03604435609_10544,1
03501285378_10545,1
03501285378_10546,1
03501285378_10547,1
03515565414_10548,1
04358897102_10549,1
03782776044_10550,4
03658945754_10551,1
03658945754_10552,1
04340127061_10553,4
04525717335_10554,4
04342647065_10555,1
03674045773_10556,1
04100166725_10557,1
04496587272_10558,5
04339517061_10559,4
03887566298_10560,1
04099146725_10561,1
03843726191_10562,1
03849116201_10563,1
03933436402_10564,1
03560245495_10565,1
03419335275_10566,1
04343007065_10567,1
03653585736_10568,1
03735585894_10569,1
04105786731_10570,1
03793056077_10571,1
03560605495_10572,1
03501255378_10573,1
03838516180_10574,1
04455227220_10575,1
03958366470_10576,1
03501185378_10577,1
03501985378_10578,1
03501385378_10579,1
03500925378_10580,1
03500925378_10581,1
04661863561_10582,3
03501015378_10583,1
04342357065_10584,1
04185996842_10585,1
03623005641_10586,1
04380107113_10587,1
03881836285_10588,1
03633815671_10589,1
03501535378_10590,1
03501655379_10591,1
03535675429_10592,1
04426327184_10593,1
04135716774_10594,1
04133946772_10595,3
03419375275_10596,1
04431107190_10597,1
04426387184_10598,1
03501785378_10599,1
03821126134_10600,1
04465327252_10601,1
03501655379_10602,1
03819896127_10603,1
04361107106_10604,1
03819806127_10605,1
03500875378_10606,1
03500865378_10607,1
03500865378_10608,1
03500865378_10609,1
03931946398_10610,1
04569457403_10611,4
03556585482_10612,1
04099956725_10613,1
04096526724_10614,1
03843866191_10615,1
03500805378_10616,1
03516385414_10617,1
03501285378_10618,1
03843386191_10619,1
04260016960_10620,1
04100406725_10621,1
03501785378_10622,1
03789636070_10623,1
03550315470_10624,1
03510805403_10625,1
03713225848_10626,1
03540545442_10627,1
03744505928_10628,4
04604677458_10629,4
04503047286_10630,9
04496167271_10631,4
04106016731_10632,1
04236956932_10633,4
03903666329_10634,4
03554595480_10635,4
408616671301_10636,1
03590545585_10637,1
04186266842_10638,1
04598287455_10639,1
03515755415_10640,3
04511957302_10641,1
03814096124_10642,1
03379545208_10643,1
04599867455_10644,1
04569167401_10645,1
03497935374_10646,1
04237306932_10647,4
04461827244_10648,1
03657255751_10649,1
04461937244_10650,1
04461937244_10651,1
04461897244_10652,1
04241626938_10653,4
03789576070_10654,1
03550445470_10655,1
03497725374_10656,1
03903856329_10657,4
04569167401_10658,1
03555335480_10659,4
04126186756_10660,1
03497655374_10661,1
04676185109_10662,4
04238056932_10663,4
03556665482_10664,1
04339977061_10665,4
03773856016_10666,4
04283686992_10667,4
04283236992_10668,4
04283156992_10669,4
03501785378_10670,1
03715345857_10671,1
04339977061_10672,4
04340927063_10673,4
03574995530_10674,4
03501105378_10675,1
04105996731_10676,1
04237986932_10677,4
03962076475_10678,1
04334447049_10679,1
04502287285_10680,1
03780646038_10681,1
03715315857_10682,1
03814966124_10683,1
03837416178_10684,1
03524075417_10685,1
03789466070_10686,1
03524075417_10687,1
03943906429_10688,1
03646405718_10689,1
04435917192_10690,1
03496995374_10691,1
03496995374_10692,1
03496995374_10693,1
04568917401_10694,1
03815216124_10695,1
03907696336_10696,1
03497505374_10697,1
03496965374_10698,1
03554545480_10699,4
04341137063_10700,4
04182936838_10701,4
04105626731_10702,1
04401847134_10703,4
04397547126_10704,4
04237396932_10705,4
03501505378_10706,1
04237446932_10707,4
03496825374_10708,1
04285957001_10709,4
04340997063_10710,4
04236946932_10711,4
04568607401_10712,1
03819426127_10713,1
03496795374_10714,1
04283576992_10715,4
04604697458_10716,4
04285967001_10717,4
04094816724_10718,1
03497265374_10719,1
04126276756_10720,1
04283896992_10721,4
04461937244_10722,1
03955046461_10723,6
03511415406_10724,5
03759175985_10725,4
03550315470_10726,1
04461707244_10727,1
03554595480_10728,4
03814766124_10729,1
03501095378_10730,1
04100726725_10731,1
03554635480_10732,4
04237566932_10733,4
03539745441_10734,4
422661691301_10735,1
03723525870_10736,2
04101576728_10737,4
04193786855_10738,4
04577147416_10739,2
04575127412_10740,2
03839086184_10741,2
03495495372_10742,2
03966236489_10743,2
03495995372_10744,2
03495995372_10745,2
04265536967_10746,1
04314267038_10747,3
03497725374_10748,1
04490877262_10749,3
03496065372_10750,1
04184156840_10751,1
03568365517_10752,1
03495825372_10753,1
04147716798_10754,1
04283576992_10755,4
04176556832_10756,1
04436767192_10757,3
04429557189_10758,3
04388407119_10759,2
04509897297_10760,2
04169016823_10761,2
03617835632_10762,2
03845946197_10763,2
03495355372_10764,2
03495355372_10765,2
04347307076_10766,1
04346797076_10767,1
04276096976_10768,1
03568525517_10769,1
03495825372_10770,1
04571787407_10771,1
03645675716_10772,1
03720335869_10773,3
03658765752_10774,1
03495295372_10775,1
04272966975_10776,3
03563455500_10777,3
03568365517_10778,1
03568165517_10779,1
03622805641_10780,1
04273346975_10781,3
04472267254_10782,1
04183706840_10783,1
03568365517_10784,1
03495845372_10785,1
03568365517_10786,1
04458057223_10787,1
03568165517_10788,1
03568165517_10789,1
04574827412_10790,1
03714895855_10791,1
03895156309_10792,1
04183796840_10793,1
04183796840_10794,1
03495825372_10795,1
03495095372_10796,1
04230666916_10797,1
04598327455_10798,1
04519807323_10799,3
04559967386_10800,3
04222946906_10801,3
04718853566_10802,3
03724795873_10803,3
04563597390_10804,3
04598117454_10805,3
04388867119_10806,3
03699865827_10807,3
04599567455_10808,3
04388817119_10809,3
04521747325_10810,3
03725105873_10811,3
03617725632_10812,1
03774716022_10813,3
04223046906_10814,3
04521517325_10815,3
03577145534_10816,3
04270576972_10817,3
04557287383_10818,3
04562177388_10819,3
04200726867_10820,3
03755705976_10821,3
03445795304_10822,3
03876416270_10823,3
03645995716_10824,3
04427337186_10825,3
04265036967_10826,3
04562177388_10827,3
04264656967_10828,3
04265036967_10829,3
03926496379_10830,3
04223036906_10831,3
04557287383_10832,3
04273616975_10833,3
04222496906_10834,3
04272406975_10835,3
04535527356_10836,3
04502487286_10837,3
04388867119_10838,3
03494945372_10839,3
03494945372_10840,3
03494945372_10841,3
04314447038_10842,3
04305957033_10843,1
03494875372_10844,1
04355187091_10845,1
03898836320_10846,2
03966226489_10847,2
04427617186_10848,2
03617865632_10849,2
04427307186_10850,2
04547817374_10851,2
04427147186_10852,2
04427077186_10853,2
04432307191_10854,2
04427177186_10855,2
03617865632_10856,2
04547797374_10857,2
04354917091_10858,2
04431827191_10859,2
04427637186_10860,2
03722895870_10861,2
03501535378_10862,1
03384545218_10863,2
04432307191_10864,2
03966236489_10865,2
04427667186_10866,2
04574567412_10867,2
03722925870_10868,2
03725385873_10869,2
04427297186_10870,2
04574937412_10871,2
04503477286_10872,2
04432747191_10873,2
03494825372_10874,2
03494805372_10875,2
03926116379_10876,2
03723045870_10877,2
03756005976_10878,2
03714895855_10879,1
03495735372_10880,1
04127086756_10881,1
04714483565_10882,1
04101356728_10883,4
04454387217_10884,4
03535385429_10885,1
04135716774_10886,1
04135716774_10887,1
04135716774_10888,1
04136156774_10889,1
04135716774_10890,1
04135716774_10891,1
04100976725_10892,1
03501405378_10893,1
04194386857_10894,1
03590815585_10895,1
03494095369_10896,1
04658223558_10897,3
03888036299_10898,1
04461087244_10899,1
04208716881_10900,4
04241626938_10901,4
03903856329_10902,4
04260946960_10903,1
04237536932_10904,4
03497135374_10905,1
04283636992_10906,4
04126186756_10907,1
03503425380_10908,5
04563287390_10909,2
03533955426_10910,5
03754215970_10911,4
04238106932_10912,4
04142086790_10913,4
04340997063_10914,4
04100946725_10915,1
04568537401_10916,1
04096676724_10917,1
03497455374_10918,1
04105516731_10919,1
03494085369_10920,1
03939866416_10921,1
03916156353_10922,1
03814766124_10923,1
03511415406_10924,5
04237656932_10925,4
04144256793_10926,4
03539885441_10927,4
03501505378_10928,1
03881636285_10929,1
03696615808_10930,4
03759885985_10931,4
03555245480_10932,4
04283606992_10933,4
04100066726_10934,1
03497235374_10935,1
04236936932_10936,4
04341177063_10937,4
03539805441_10938,4
04237226932_10939,4
04283656992_10940,4
03903666329_10941,4
04105516731_10942,1
03494155369_10943,1
03494045369_10944,1
03903226329_10945,4
04496737272_10946,5
03636495685_10947,4
03759885985_10948,4
03772406012_10949,2
04138546778_10950,1
03782636044_10951,4
03782676044_10952,4
04506907290_10953,4
04589217441_10954,4
04589257441_10955,4
04589457441_10956,4
04397977126_10957,4
04283276991_10958,5
04283376991_10959,5
04585307429_10960,5
03502965380_10961,5
03815196124_10962,1
03752955961_10963,5
03494095369_10964,1
04336907054_10965,4
04570997405_10966,5
03490745366_10967,1
04401977134_10968,4
04569657403_10969,4
03593095586_10970,4
03773966016_10971,4
04531217347_10972,5
03539595441_10973,4
03588915576_10974,5
04117016748_10975,1
03493985369_10976,1
03497485374_10977,1
03658415752_10978,1
04176836832_10979,1
04094506724_10980,1
03555715481_10981,1
03658415752_10982,1
03690385794_10983,1
04568657401_10984,1
04185896842_10985,1
04237636932_10986,4
03832586168_10987,1
04176796832_10988,1
03690385794_10989,1
03856736226_10990,1
04568917401_10991,1
03490665366_10992,1
03714665855_10993,1
04106016731_10994,1
04175596832_10995,1
04192896854_10996,1
03493865369_10997,1
04095326724_10998,1
04096676724_10999,1
04099246725_11000,1
04247386949_11001,4
03754265970_11002,4
03696835808_11003,4
03501485378_11004,1
03554485480_11005,4
04283746992_11006,4
03876006262_11007,4
03696805808_11008,4
04199646865_11009,9
04543267366_11010,9
03591155585_11011,1
03645675716_11012,1
04524167333_11013,1
04570877405_11014,5
03517575415_11015,3
04116726748_11016,1
04349057078_11017,1
03815366124_11018,1
03812936120_11019,1
03490435366_11020,1
03490435366_11021,1
03515705414_11022,3
04413757149_11023,2
04142066790_11024,4
04142086790_11025,4
04101486728_11026,4
03497725374_11027,1
04571587407_11028,1
03709345845_11029,2
03398295232_11030,1
04283576992_11031,4
04204636876_11032,4
03815176124_11033,1
04193926855_11034,4
03790296073_11035,4
04569837403_11036,4
03549545469_11037,6
04237636932_11038,4
04236846932_11039,4
04204876876_11040,4
04094816724_11041,1
04569337403_11042,4
03854126218_11043,4
04569957403_11044,4
04237276932_11045,4
04182506838_11046,4
04237666932_11047,4
04283836992_11048,4
03490035366_11049,1
04236896932_11050,4
03490025366_11051,1
03490025366_11052,1
04237116932_11053,4
04193556855_11054,12
03493765369_11055,1
04096046724_11056,1
03493735369_11057,1
03903666329_11058,4
04247156949_11059,1
03494095369_11060,1
03780936038_11061,1
03717495859_11062,1
04496547272_11063,5
03527285419_11064,9
04346457075_11065,5
03490415366_11066,1
03497725374_11067,1
03933436402_11068,1
03815466124_11069,1
03933226402_11070,1
03489845366_11071,1
03489845366_11072,1
04313477038_11073,1
03494045369_11074,1
03489845366_11075,1
04458037223_11076,1
03838326180_11077,1
03814726124_11078,1
03944046429_11079,1
04458087223_11080,1
04568447401_11081,1
04094276724_11082,1
03490635366_11083,1
03490205366_11084,1
04126676756_11085,1
03489825366_11086,1
03489825366_11087,1
03489825366_11088,1
04299917030_11089,4
04604757458_11090,4
03494085369_11091,1
04193066854_11092,1
03490885366_11093,1
03833406168_11094,1
03493765369_11095,1
03665415765_11096,1
03489795366_11097,1
04094666724_11098,1
03881636285_11099,1
03497685374_11100,1
03489885366_11101,1
03489885366_11102,1
04094416724_11103,1
04429237188_11104,1
04100486725_11105,1
03631425663_11106,5
03490115366_11107,1
03489815366_11108,1
04262666961_11109,5
04283476992_11110,4
03589065576_11111,1
04283576992_11112,4
04204566876_11113,4
03515315414_11114,1
03490415366_11115,1
03490025366_11116,1
03489875366_11117,1
04199046864_11118,4
04559407385_11119,5
03489795366_11120,1
04096226724_11121,1
03490145366_11122,1
03715495857_11123,2
04208716881_11124,4
03698315825_11125,12
04569047401_11126,1
04449837202_11127,4
03489835366_11128,1
04347567078_11129,1
03967956494_11130,1
04543807366_11131,1
04543807366_11132,1
03571805521_11133,12
04496517272_11134,5
03494155369_11135,1
04497517273_11136,1
03493865369_11137,1
03490145366_11138,1
03490845366_11139,1
03501125378_11140,1
04568577401_11141,1
03815176124_11142,1
03937206412_11143,1
03489845366_11144,1
03489695366_11145,1
03489695366_11146,1
03819656127_11147,1
04457977223_11148,1
03555715481_11149,1
03956416464_11150,1
03502965380_11151,5
04360977106_11152,1
04544027366_11153,1
04094946724_11154,1
03759515985_11155,4
04569017401_11156,1
03489875366_11157,1
03490205366_11158,1
04161366811_11159,2
03537345434_11160,1
03494085369_11161,1
04093356722_11162,2
03871606248_11163,1
04210936888_11164,1
04210936888_11165,1
03961616475_11166,1
04210626888_11167,1
03629175658_11168,1
04421457170_11169,1
03809766114_11170,1
03804876105_11171,1
04173556828_11172,1
03517405415_11173,1
04231806918_11174,1
03701445833_11175,1
03621225640_11176,1
04544027366_11177,1
03909746343_11178,1
04543587366_11179,1
04172616828_11180,1
04120816751_11181,1
03833216168_11182,1
04259966960_11183,1
03527395419_11184,1
03833136168_11185,1
04334687049_11186,1
03925766379_11187,1
03658715752_11188,1
03516435414_11189,3
03490595366_11190,1
04598327455_11191,1
03815026124_11192,1
03533665426_11193,5
04559317385_11194,5
03590305584_11195,5
04496557272_11196,5
03490145366_11197,1
04515427318_11198,5
03556485482_11199,1
04413277149_11200,9
04121026751_11201,1
03917936356_11202,9
04571187405_11203,5
03489695366_11204,1
03541815448_11205,2
03776506025_11206,2
03809556114_11207,2
03446905305_11208,2
04348327078_11209,2
04544557366_11210,2
03961346475_11211,2
04544557366_11212,2
03839226184_11213,2
03708385845_11214,2
04148116796_11215,2
03620465639_11216,2
03398905232_11217,2
03925666379_11218,2
04232246918_11219,2
03804946105_11220,2
411603674802_11221,2
03487015364_11222,2
03487015364_11223,2
03487015364_11224,2
03487235364_11225,1
03537245434_11226,2
04266476970_11227,2
03776246025_11228,2
03399855232_11229,2
03399855232_11230,2
03515705414_11231,3
04193726855_11232,4
03921366366_11233,15
04414277149_11234,1
04414277149_11235,1
03921366366_11236,15
04182986838_11237,4
03489775366_11238,1
03921366366_11239,15
03486885364_11240,15
03486885364_11241,15
03486885364_11242,15
03486885364_11243,15
03486885364_11244,15
03486885364_11245,15
03486885364_11246,15
03561125496_11247,2
04237856932_11248,4
03556575482_11249,1
03658795754_11250,1
04131956766_11251,1
04262886961_11252,12
04262886961_11253,12
03696825808_11254,4
03852506214_11255,20
04548357375_11256,20
03486625363_11257,20
03486615363_11258,20
03486615363_11259,20
03486615363_11260,20
04502277285_11261,3
04503317286_11262,3
04472807254_11263,3
03876756270_11264,3
03791346075_11265,1
03805186105_11266,3
04472807254_11267,3
03470785337_11268,3
03763845996_11269,6
03743035920_11270,4
04182586838_11271,4
04237516932_11272,4
04340997063_11273,4
04283806992_11274,4
04294947020_11275,1
03549585469_11276,6
03961116475_11277,1
04480657258_11278,1
04475087254_11279,9
04237466932_11280,4
04101426728_11281,4
04569687403_11282,4
04525387336_11283,4
03554735480_11284,4
03759175985_11285,4
03759805985_11286,4
03447285306_11287,1
03817406126_11288,1
03876776270_11289,3
03871826248_11290,3
04272746975_11291,3
03515495414_11292,3
04382117116_11293,3
04342047064_11294,3
04342127064_11295,3
03706085838_11296,3
04563207390_11297,3
04448337200_11298,4
04236966932_11299,4
04340857063_11300,4
04262886961_11301,12
03774806022_11302,2
03738705907_11303,6
03772126011_11304,6
04083106702_11305,6
03772126011_11306,6
03548875463_11307,3
04521977325_11308,3
03506715386_11309,1
03432315292_11310,2
04592687447_11311,2
04413817149_11312,2
04146456796_11313,2
03926206379_11314,2
03487015364_11315,2
04195776859_11316,2
03506695386_11317,1
04397737126_11318,4
04589457441_11319,4
03681435783_11320,13
03681515783_11321,13
03486405363_11322,13
03946476435_11323,13
03801046102_11324,13
03681515783_11325,13
03681525783_11326,13
03678515781_11327,13
03486405363_11328,13
03909056342_11329,13
03486405363_11330,13
03486405363_11331,13
04358417101_11332,13
04141116787_11333,13
03946476435_11334,13
03681515783_11335,13
03681515783_11336,13
04284866993_11337,13
03547685460_11338,13
03681515783_11339,13
03486145363_11340,13
03486145363_11341,13
03486145363_11342,13
03486145363_11343,13
03486145363_11344,13
03486145363_11345,13
03554735480_11346,4
03759805985_11347,4
04094076722_11348,9
03759485985_11349,4
03486145363_11350,13
03681525783_11351,13
03554805480_11352,4
03903666329_11353,4
04588657436_11354,4
04262886961_11355,12
04328907042_11356,9
04220766902_11357,9
04262886961_11358,12
04204106874_11359,9
03571805521_11360,12
03571805521_11361,12
04413297149_11362,9
04460297236_11363,4
03486045363_11364,9
03486045363_11365,9
03486045363_11366,9
04282166989_11367,15
04204266874_11368,15
04266136971_11369,15
03486035363_11370,15
03718055859_11371,1
03698325825_11372,12
04262886961_11373,12
03527285419_11374,9
03917816356_11375,9
03623955643_11376,12
03623955643_11377,12
03486045363_11378,9
03838516180_11379,1
04208706881_11380,4
03882956287_11381,1
03882956287_11382,1
03588955576_11383,5
04571337405_11384,5
04262586961_11385,5
03572215521_11386,5
03783956047_11387,5
04340927063_11388,4
04096116724_11389,1
04238056932_11390,4
04205616876_11391,4
03742995920_11392,4
03742995920_11393,4
03571655521_11394,5
03484365359_11395,5
03590215584_11396,5
04311187036_11397,5
04345777073_11398,5
03489825366_11399,1
04345617073_11400,5
04570747405_11401,5
03869496241_11402,5
04585287429_11403,5
03590245584_11404,5
03503285380_11405,5
03773956016_11406,4
03553545474_11407,12
03553545474_11408,12
04571237405_11409,5
04263456961_11410,5
04262726961_11411,5
04262786961_11412,5
04262786961_11413,5
03484275359_11414,5
03484275359_11415,5
03484275359_11416,5
03796506083_11417,5
04182896838_11418,4
03503055380_11419,5
04571187405_11420,5
03571385521_11421,5
03493865369_11422,1
03493865369_11423,1
03493745369_11424,1
03759105985_11425,4
03631625663_11426,5
03484275359_11427,5
04262566961_11428,5
03571905521_11429,5
04262726961_11430,5
04496587272_11431,5
03484425359_11432,5
03484185359_11433,5
03484185359_11434,5
04236916932_11435,4
03503285380_11436,5
03924436368_11437,5
04585317429_11438,5
03503405380_11439,5
03533955426_11440,5
04236916932_11441,4
03631685663_11442,5
03588955576_11443,5
03533665426_11444,5
03783956047_11445,5
03484175359_11446,5
04101326728_11447,4
04237716932_11448,4
04585287429_11449,5
04345537073_11450,5
04283556991_11451,5
03490095366_11452,1
03502965380_11453,5
04496637272_11454,5
03490495366_11455,1
03941976420_11456,5
03924336368_11457,5
03502985380_11458,5
04496597272_11459,5
03631425663_11460,5
04571047405_11461,5
04354667087_11462,5
03590245584_11463,5
03484185359_11464,5
04342317065_11465,5
03502965380_11466,5
04571187405_11467,5
03631415663_11468,5
03502965380_11469,5
03783956047_11470,5
04262586961_11471,5
03903036328_11472,5
03589025576_11473,5
04354557087_11474,5
04559387385_11475,5
03503055380_11476,5
04496577272_11477,5
03903036328_11478,5
03973166503_11479,11
03903796329_11480,4
04180206835_11481,1
04237826932_11482,4
04441467194_11483,2
04306757033_11484,1
03755685976_11485,3
03879096276_11486,1
03895386309_11487,2
04147346798_11488,2
03495995372_11489,2
04548177374_11490,2
03898976320_11491,2
03899166320_11492,2
04548167374_11493,2
03483755358_11494,2
03483545358_11495,1
04309877035_11496,1
03461945325_11497,2
03966206489_11498,2
04584177425_11499,2
04548167374_11500,2
04461467245_11501,2
03556625482_11502,1
03483575358_11503,2
03511395406_11504,5
04449647202_11505,4
04588717436_11506,5
03752825961_11507,5
04515457318_11508,5
04559557385_11509,5
04191526853_11510,5
04345607073_11511,5
04083096702_11512,5
03589015576_11513,5
04496587272_11514,5
03481955355_11515,5
03481955355_11516,5
03481955355_11517,5
03486035363_11518,15
03554735480_11519,4
03588955576_11520,5
04571187405_11521,5
04353857082_11522,5
03753075961_11523,5
03502985380_11524,5
04283596992_11525,4
03595745589_11526,5
04262686961_11527,5
04263236961_11528,5
04353917082_11529,5
04262726961_11530,5
03590305584_11531,5
04083096702_11532,5
04262566961_11533,5
04354537087_11534,5
04311157036_11535,5
04191526853_11536,5
04311157036_11537,5
04345537073_11538,5
04191526853_11539,5
03631775663_11540,5
04262566961_11541,5
04496587272_11542,5
04496587272_11543,5
04191646853_11544,5
04570877405_11545,5
04604597458_11546,4
03875896262_11547,4
04191606853_11548,5
04515587318_11549,5
04515447318_11550,5
04237116932_11551,4
04570877405_11552,5
04572807409_11553,5
04570727405_11554,5
04571337405_11555,5
03588905576_11556,5
04262566961_11557,5
03698665825_11558,5
03571905521_11559,5
03903076328_11560,5
03903036328_11561,5
03698665825_11562,5
03698665825_11563,5
03796526083_11564,5
04494397266_11565,5
03481855355_11566,5
03481835355_11567,5
03821986135_11568,1
04570997405_11569,5
04570877405_11570,5
04262666961_11571,5
03903666329_11572,4
04571277405_11573,5
04570877405_11574,5
04570877405_11575,5
03903036328_11576,5
04515297318_11577,5
04585317429_11578,5
03753095961_11579,5
04262666961_11580,5
04345627073_11581,5
04262566961_11582,5
04585287429_11583,5
04191606853_11584,5
03796506083_11585,5
03903446328_11586,5
03796506083_11587,5
04496547272_11588,5
04570877405_11589,5
03511395406_11590,5
04571277405_11591,5
03631625663_11592,5
03590325584_11593,5
04515367318_11594,5
03854766222_11595,1
04515367318_11596,5
03903036328_11597,5
03753125961_11598,5
04263286961_11599,5
03631525663_11600,5
03481835355_11601,5
03481675355_11602,5
03753135961_11603,5
03796336083_11604,5
04262706961_11605,5
03903036328_11606,5
03481835355_11607,5
03588955576_11608,5
03481735355_11609,5
03572045521_11610,5
03869526241_11611,5
04262686961_11612,5
03481635355_11613,5
03481635355_11614,5
03484275359_11615,5
04262666961_11616,5
04515357318_11617,5
04263426961_11618,5
04262686961_11619,5
04354567087_11620,5
03590345584_11621,5
04571187405_11622,5
03752955961_11623,5
03590505584_11624,5
03903446328_11625,5
04570877405_11626,5
03481615355_11627,5
03752955961_11628,5
04570877405_11629,5
03752955961_11630,5
03481635355_11631,5
04283316991_11632,5
04570877405_11633,5
04191516853_11634,5
04570877405_11635,5
04570877405_11636,5
03752955961_11637,5
04191516853_11638,5
03752955961_11639,5
04570877405_11640,5
03542295448_11641,2
04585287429_11642,5
04497007273_11643,1
03953556452_11644,1
04476407256_11645,1
03760125985_11646,4
04116756748_11647,1
03944166429_11648,1
04567877400_11649,4
03694405805_11650,1
03910876343_11651,1
03658175752_11652,1
03379345208_11653,1
03690435794_11654,1
03876036262_11655,4
03493515369_11656,1
03658715752_11657,1
03815466124_11658,1
04313347037_11659,1
03658575752_11660,1
03501505378_11661,1
03563535500_11662,3
04283156992_11663,4
04241626938_11664,4
03717905859_11665,3
03399495233_11666,1
04127086756_11667,1
04237276932_11668,4
03467675331_11669,8
342161527701_11670,1
04204236874_11671,15
03689895794_11672,1
04599647454_11673,3
03571385521_11674,5
04306547033_11675,1
04563917390_11676,3
04283576992_11677,4
03910866343_11678,1
03486045363_11679,9
04286977003_11680,1
04237946932_11681,4
03584735552_11682,4
03419225275_11683,1
04182556838_11684,4
03698295825_11685,12
03933556402_11686,1
03865136237_11687,2
04402287134_11688,4
04283596992_11689,4
04567907400_11690,4
04240116936_11691,4
04284636994_11692,4
04313247037_11693,1
03419255275_11694,1
03480485354_11695,1
03663835762_11696,4
04237946932_11697,4
03489965366_11698,1
03480465354_11699,1
04372057107_11700,1
03554735480_11701,4
03480795354_11702,1
04286557003_11703,1
04544167366_11704,1
03586385569_11705,1
04094276724_11706,1
04477027256_11707,1
04312017037_11708,1
04359207102_11709,1
04474687255_11710,1
04186266842_11711,1
04333867049_11712,1
04573487411_11713,1
03421915277_11714,1
04116556748_11715,1
04295907022_11716,1
03658465752_11717,1
03911146343_11718,1
03480345354_11719,1
03480345354_11720,1
03773856016_11721,4
04525297335_11722,4
03876056262_11723,4
04401877134_11724,4
03480735354_11725,1
04604887458_11726,4
03903856329_11727,4
04403087137_11728,4
03696835808_11729,4
04236866932_11730,4
04241326938_11731,4
03589995584_11732,12
03480465354_11733,1
03773886016_11734,4
03663845762_11735,4
03419225275_11736,1
03658515752_11737,1
03480805354_11738,1
03658515752_11739,1
04176836832_11740,1
04204576876_11741,4
04205396876_11742,4
04260976960_11743,1
04204796876_11744,4
03539685441_11745,4
03752925961_11746,5
04094026722_11747,9
04577757417_11748,4
04341137063_11749,4
04286377003_11750,1
03663655762_11751,4
03694055805_11752,1
03419225275_11753,1
04442137196_11754,2
04218066897_11755,5
04208936881_11756,4
03762475989_11757,5
04241306938_11758,4
03585175556_11759,4
04570877405_11760,5
04312057037_11761,1
03509875395_11762,1
03479515351_11763,1
03958316470_11764,1
04100816726_11765,1
04455397220_11766,4
04590597446_11767,1
03497545374_11768,1
03633295671_11769,1
03501915378_11770,1
03819826127_11771,1
03819826127_11772,1
04359087102_11773,1
04132046766_11774,1
04141656789_11775,1
04276246976_11776,1
04590757446_11777,1
04382817117_11778,1
04079996696_11779,1
03772096012_11780,1
03512205409_11781,1
04274926976_11782,1
04343267065_11783,1
03976526511_11784,1
04275266976_11785,1
04427117186_11786,1
04276246976_11787,1
03512205409_11788,1
03483905358_11789,1
04274926976_11790,1
04397977126_11791,4
03747405940_11792,1
04238016932_11793,4
03953266451_11794,10
03953266451_11795,10
03478955350_11796,10
03478955350_11797,10
03478955350_11798,10
03478955350_11799,10
03478955350_11800,10
03478955350_11801,10
03478955350_11802,10
03478955350_11803,10
03478955350_11804,10
04191606853_11805,5
04448307200_11806,4
04204646876_11807,4
03478955350_11808,10
03478955350_11809,10
03953266451_11810,10
04137456776_11811,10
04237286932_11812,4
03953266451_11813,10
03953266451_11814,10
03953266451_11815,10
03953266451_11816,10
03953266451_11817,10
03953266451_11818,10
03953266451_11819,10
03953316451_11820,10
03953356451_11821,10
04203516872_11822,10
04493047264_11823,10
03478955350_11824,10
03478935350_11825,10
03953356451_11826,10
03478915350_11827,10
04402277135_11828,10
04402417135_11829,10
04137456776_11830,10
03953326451_11831,10
03953236451_11832,10
03478845350_11833,10
04284966993_11834,13
03953266451_11835,10
04203426872_11836,10
03953266451_11837,10
03953266451_11838,10
03953266451_11839,10
04203526872_11840,10
04203526872_11841,10
04203526872_11842,10
03478955350_11843,10
03953286451_11844,10
04203526872_11845,10
03953286451_11846,10
04402207135_11847,10
04568747401_11848,1
04203526872_11849,10
04492977264_11850,10
04203496872_11851,10
03953266451_11852,10
04204616876_11853,4
04203496872_11854,10
03490105366_11855,1
03953246451_11856,10
03953336451_11857,10
04402277135_11858,10
04337007054_11859,4
03953266451_11860,10
03747855941_11861,10
04203516872_11862,10
03953266451_11863,10
03953266451_11864,10
03478935350_11865,10
03953266451_11866,10
03953356451_11867,10
04402177135_11868,10
04402177135_11869,10
03953356451_11870,10
03953356451_11871,10
04206466879_11872,4
03696775808_11873,4
03825666156_11874,10
03554595480_11875,4
03953286451_11876,10
03698315825_11877,12
03493685369_11878,1
04203526872_11879,10
04182596838_11880,4
04203526872_11881,10
04203506872_11882,10
04203496872_11883,10
04402307135_11884,10
03486885364_11885,15
03953266451_11886,10
03953266451_11887,10
03953266451_11888,10
03953406451_11889,10
03953286451_11890,10
03478765350_11891,10
03953286451_11892,10
04203506872_11893,10
04402377135_11894,10
04402397135_11895,10
03778336032_11896,10
04402207135_11897,10
03953286451_11898,10
03953306451_11899,10
04402207135_11900,10
03953286451_11901,10
03478805350_11902,10
03478885350_11903,10
04402137135_11904,10
04402377135_11905,10
03478885350_11906,10
03478885350_11907,10
03953246451_11908,10
04402407135_11909,10
03478915350_11910,10
04402397135_11911,10
03478915350_11912,10
04402377135_11913,10
03478695350_11914,10
03478695350_11915,10
04203496872_11916,10
04203426872_11917,10
04337267054_11918,4
04402177135_11919,10
03478895350_11920,10
03478915350_11921,10
03953316451_11922,10
04402137135_11923,10
03478915350_11924,10
03953286451_11925,10
04402377135_11926,10
03478705350_11927,10
03478895350_11928,10
03478915350_11929,10
04402377135_11930,10
03478895350_11931,10
04402417135_11932,10
03478685350_11933,10
03478685350_11934,10
03478685350_11935,10
03478685350_11936,10
03478685350_11937,10
03478685350_11938,10
04203526872_11939,10
03478765350_11940,10
04203526872_11941,10
03953326451_11942,10
03953356451_11943,10
03953356451_11944,10
03953356451_11945,10
03478915350_11946,10
04402377135_11947,10
04402397135_11948,10
03953246451_11949,10
03953326451_11950,10
04402247135_11951,10
04402277135_11952,10
03478685350_11953,10
03953336451_11954,10
03953366451_11955,10
04402277135_11956,10
04402247135_11957,10
03953286451_11958,10
04402137135_11959,10
04402247135_11960,10
03478695350_11961,10
04402307135_11962,10
04402247135_11963,10
04402227135_11964,10
04402157135_11965,10
04402327135_11966,10
04402327135_11967,10
03953366451_11968,10
03478695350_11969,10
03478815350_11970,10
04402307135_11971,10
04402377135_11972,10
04402397135_11973,10
04402377135_11974,10
04402397135_11975,10
03478675350_11976,10
04105536731_11977,1
04203426872_11978,10
04402397135_11979,10
03478845350_11980,10
03478695350_11981,10
03478705350_11982,10
04402307135_11983,10
04402307135_11984,10
03478845350_11985,10
03478885350_11986,10
03953326451_11987,10
03478695350_11988,10
04402247135_11989,10
03478815350_11990,10
04402157135_11991,10
04402137135_11992,10
03478705350_11993,10
04402137135_11994,10
04402397135_11995,10
04402137135_11996,10
03478885350_11997,10
03478885350_11998,10
04402307135_11999,10
03478805350_12000,10
03478675350_12001,10
03478805350_12002,10
03478845350_12003,10
03953366451_12004,10
03478675350_12005,10
03478885350_12006,10
03478805350_12007,10
03478805350_12008,10
03478805350_12009,10
03953366451_12010,10
04402307135_12011,10
03478885350_12012,10
03478885350_12013,10
03478885350_12014,10
03478665350_12015,10
03515705414_12016,3
03554635480_12017,4
04328367042_12018,2
04265986970_12019,2
03772376012_12020,2
04110676741_12021,2
03477065346_12022,2
03477065346_12023,2
03477065346_12024,2
03483325358_12025,1
03933876405_12026,1
04338967060_12027,1
03512665409_12028,1
03512665409_12029,1
04509827297_12030,3
03501655379_12031,1
03910496343_12032,4
04341067063_12033,4
04094756723_12034,9
04341257063_12035,4
04339727061_12036,4
03489855366_12037,1
03478955350_12038,10
03478955350_12039,10
03645335716_12040,1
03961036475_12041,1
04373687108_12042,1
03597195595_12043,1
03645295716_12044,1
04506097288_12045,1
03470655337_12046,1
03562905500_12047,1
04116236748_12048,1
03405415240_12049,1
03474605342_12050,1
04599447454_12051,3
04286817004_12052,3
04461757244_12053,1
04222456906_12054,1
03916036353_12055,1
04280356983_12056,1
03651995728_12057,1
03658445752_12058,1
03961836475_12059,1
03962166475_12060,1
04200436867_12061,1
04658283558_12062,3
03620765640_12063,1
04409827147_12064,1
03658055752_12065,1
04154756805_12066,1
04195796859_12067,1
455729738303_12068,3
04121576751_12069,1
04461117244_12070,1
04328407042_12071,1
04543997366_12072,1
04382227116_12073,1
03620785640_12074,1
03645865716_12075,1
03523205417_12076,1
422383690603_12077,3
04154756805_12078,1
04557417383_12079,1
454460736603_12080,3
03961836475_12081,1
03645595716_12082,1
380939611401_12083,1
03645595716_12084,1
419664686201_12085,1
04382227116_12086,1
03524695417_12087,1
04382227116_12088,1
03474535342_12089,1
03474535342_12090,1
03474535342_12091,1
03474535342_12092,1
03474535342_12093,1
03553545474_12094,12
03525765417_12095,1
04093866722_12096,1
03621195640_12097,1
03925726379_12098,3
03517165415_12099,1
03921476366_12100,1
03503405380_12101,5
03474555342_12102,1
04286927004_12103,3
03448215305_12104,3
04537037356_12105,3
03379465208_12106,1
03910606343_12107,1
447463725403_12108,3
03645295716_12109,1
04373607108_12110,1
04503257286_12111,1
04436767192_12112,3
03474445342_12113,1
03474445342_12114,1
03474445342_12115,1
03501465378_12116,1
03542065448_12117,2
04232006918_12118,1
357683553401_12119,1
04095936724_12120,1
04086016713_12121,1
03516435414_12122,3
03791866075_12123,1
04334567049_12124,1
04519897323_12125,3
03590285584_12126,5
04270486972_12127,3
03839916184_12128,3
03474375342_12129,3
03474375342_12130,3
04568537401_12131,1
03827326157_12132,2
03788926066_12133,2
03474325342_12134,2
03917516356_12135,2
04222876906_12136,3
03516885415_12137,3
04543907366_12138,1
03805076105_12139,1
03645185716_12140,1
03524855417_12141,1
03474285342_12142,1
03516005414_12143,3
03405265240_12144,1
04444047197_12145,3
03628065657_12146,1
04600737455_12147,3
03882956287_12148,1
03826026157_12149,2
03516435414_12150,3
04265286967_12151,3
03775036022_12152,2
03725175873_12153,2
03515325414_12154,3
04489337261_12155,2
03577645534_12156,2
03725175873_12157,2
04537147356_12158,2
03725295873_12159,2
03474195342_12160,2
03474195342_12161,2
04262666961_12162,5
03554645480_12163,4
03495355372_12164,2
03474185342_12165,2
03552705472_12166,2
04176926832_12167,1
04543427366_12168,1
04342647065_12169,1
03576935534_12170,1
03617725632_12171,1
03717635859_12172,1
447513725401_12173,1
03871306248_12174,3
03493535369_12175,1
04204646876_12176,4
04571187405_12177,5
03698665825_12178,5
04571277405_12179,5
04191526853_12180,5
03760035985_12181,4
04262566961_12182,5
04272666975_12183,2
03760105985_12184,4
03481615355_12185,5
03785126052_12186,2
03784526052_12187,2
03490395366_12188,1
03827506157_12189,2
03826446157_12190,2
03651555728_12191,2
04591967447_12192,2
03876796270_12193,2
03474095342_12194,2
03474095342_12195,2
03474095342_12196,2
03474095342_12197,2
03903486328_12198,5
03517545415_12199,2
455992738602_12200,2
04536387356_12201,2
455992738602_12202,2
455992738602_12203,2
03827106157_12204,3
04232166918_12205,2
03735225892_12206,3
04272666975_12207,2
03839336184_12208,2
03725385873_12209,2
03826536157_12210,2
04415017150_12211,2
03474065342_12212,2
03608855615_12213,3
03501785378_12214,1
04557327383_12215,3
04265936971_12216,1
03921596366_12217,2
03474035342_12218,2
04211196888_12219,1
04543847367_12220,1
04211036888_12221,1
03755865976_12222,1
03597365595_12223,1
04599727455_12224,1
04455317220_12225,1
03571495521_12226,1
03916126353_12227,1
422726691301_12228,1
04598177455_12229,1
04227536913_12230,1
03702125833_12231,1
04598287455_12232,1
370646583801_12233,1
04600207455_12234,1
04160866811_12235,1
04598817455_12236,1
04600207455_12237,1
03961386475_12238,1
03597255595_12239,1
04574497412_12240,1
04599867455_12241,1
04288577004_12242,1
04347707078_12243,1
03645755716_12244,1
03474025342_12245,1
03474025342_12246,1
03474025342_12247,1
03474025342_12248,1
03474025342_12249,1
03474025342_12250,1
03489695366_12251,1
03701295833_12252,1
04298397025_12253,12
03590785585_12254,1
03496075372_12255,1
04265536967_12256,1
04563167390_12257,3
03516175415_12258,3
04536497356_12259,1
04599037455_12260,3
03977286512_12261,1
03516175415_12262,3
03586455569_12263,1
04133536771_12264,1
03645545716_12265,1
03473915342_12266,1
03473915342_12267,1
03826316157_12268,3
03597705595_12269,3
03776356025_12270,3
04213816890_12271,3
03717485859_12272,3
04214306890_12273,3
03717485859_12274,3
03776356025_12275,3
03776216025_12276,3
04214096890_12277,3
04286837004_12278,3
04213516890_12279,3
03961176475_12280,1
04598847455_12281,1
04094026722_12282,9
04563527390_12283,3
03658185752_12284,1
04536417356_12285,3
04277166978_12286,3
04276786978_12287,3
04558067383_12288,3
04200316867_12289,3
03871396248_12290,3
04491017262_12291,3
04214096890_12292,3
04270226972_12293,3
03839396184_12294,3
04563637390_12295,3
03597105595_12296,3
04536417356_12297,3
03871396248_12298,3
03548875463_12299,3
03826186157_12300,3
04557887383_12301,3
03827676157_12302,3
03473875342_12303,3
03473875342_12304,3
03590615585_12305,1
04270066972_12306,3
03717335859_12307,3
04264646967_12308,1
03563415500_12309,1
03805156105_12310,1
03608575615_12311,3
04599137455_12312,1
04428757188_12313,1
03486145363_12314,13
04536267356_12315,7
04270366972_12316,7
04342197064_12317,7
04536267356_12318,7
04342037064_12319,7
03444955304_12320,7
03726325873_12321,7
03735255892_12322,7
04536227356_12323,7
03473815342_12324,7
03473815342_12325,7
03597785595_12326,3
03489855366_12327,1
04214096890_12328,3
03725115873_12329,3
04563087390_12330,1
03805326105_12331,1
03645655716_12332,3
04222886906_12333,3
04536377356_12334,3
04557887383_12335,3
04213476890_12336,3
03554635480_12337,4
04599157454_12338,3
04222046906_12339,3
04222046906_12340,3
04222046906_12341,3
04160116811_12342,3
04601127455_12343,3
04222036906_12344,3
03473795342_12345,3
03473795342_12346,3
04433157191_12347,1
04433157191_12348,1
04598917455_12349,1
03939816416_12350,1
03474285342_12351,1
03725545873_12352,1
04661063561_12353,3
03474135342_12354,1
03717545859_12355,1
04475257254_12356,1
03827336157_12357,3
03839036184_12358,1
03473785342_12359,1
03943696429_12360,1
04598087455_12361,3
03717305859_12362,1
03887566298_12363,1
04230716916_12364,2
03762555989_12365,1
03843426191_12366,1
04310577035_12367,1
03486805364_12368,1
03478935350_12369,10
03474065342_12370,2
04283416992_12371,4
04496117271_12372,4
03539865441_12373,4
04236966932_12374,4
03833266168_12375,1
04237856932_12376,4
04208766881_12377,4
03875986262_12378,4
03474445342_12379,1
03776016025_12380,1
03398395232_12381,1
04502917286_12382,1
04502917286_12383,1
03706365838_12384,3
04347967078_12385,1
421392689003_12386,3
04661063561_12387,3
03586985569_12388,1
04600017454_12389,1
03827406157_12390,1
04522017325_12391,1
03473785342_12392,1
03473735342_12393,1
03525825417_12394,1
03645605716_12395,1
03726175873_12396,3
03752955961_12397,5
03839566184_12398,3
03827676157_12399,3
03473715342_12400,3
03473715342_12401,3
03925726379_12402,3
03775766025_12403,1
357683553403_12404,3
04388707119_12405,1
03882946287_12406,1
04557527383_12407,3
04213666890_12408,3
04497737273_12409,1
03524595417_12410,1
03608715615_12411,3
04273776975_12412,3
04329567042_12413,3
04388737119_12414,3
419664686203_12415,3
04213576890_12416,3
04563637390_12417,3
04287957004_12418,3
04519577323_12419,3
04213746890_12420,3
04272596975_12421,3
04474997254_12422,3
04559457386_12423,3
04653433557_12424,3
04272596975_12425,3
04213516890_12426,3
03774586022_12427,3
04517957321_12428,3
03776316025_12429,3
03563135500_12430,3
03597115595_12431,3
04227896913_12432,3
447463725403_12433,3
421407689003_12434,3
03577495534_12435,3
03597535595_12436,3
04563277390_12437,3
03473685342_12438,3
03524085417_12439,3
03666105765_12440,1
04211256888_12441,1
04658323558_12442,3
03763975996_12443,15
03516225415_12444,3
03724815873_12445,3
04536087356_12446,3
03523715417_12447,1
04436577192_12448,3
04429817189_12449,3
04657603558_12450,3
04536497356_12451,1
03473595342_12452,1
03473595342_12453,1
03473595342_12454,1
03448045305_12455,1
03473785342_12456,1
03577025534_12457,1
03473565342_12458,1
04237146932_12459,4
03631905663_12460,5
03597045595_12461,3
04480727258_12462,3
03473875342_12463,3
03526625419_12464,3
03623955643_12465,12
03809376114_12466,3
04262726961_12467,5
03871246248_12468,3
03805376105_12469,3
03474605342_12470,1
03871826248_12471,3
03666615765_12472,3
04470377254_12473,3
03871676248_12474,3
03926076379_12475,3
03871196248_12476,3
03871196248_12477,3
04270106972_12478,3
03664795765_12479,3
03871246248_12480,3
03871136248_12481,3
03526225419_12482,3
03921576366_12483,3
03473635342_12484,3
03871826248_12485,3
03645655716_12486,3
03666615765_12487,3
04277116978_12488,3
03871246248_12489,3
03805666105_12490,3
03577165534_12491,3
04277116978_12492,3
04154956805_12493,3
03805666105_12494,3
04266386970_12495,3
04277116978_12496,3
04474997254_12497,3
04388657119_12498,3
03473545342_12499,3
03515905415_12500,1
03658715752_12501,1
04600207455_12502,1
03572215521_12503,5
04262826961_12504,5
03473815342_12505,7
03571805521_12506,12
04313497037_12507,4
03515475414_12508,1
03486625363_12509,20
04236866932_12510,4
04559587385_12511,5
04559377385_12512,5
04559377385_12513,5
04567957400_12514,4
03631525663_12515,5
03481675355_12516,5
03869526241_12517,5
03869526241_12518,5
03571905521_12519,5
03590505584_12520,5
04570877405_12521,5
04585287429_12522,5
03571865521_12523,5
04353887082_12524,5
03753125961_12525,5
03473325341_12526,5
03502965380_12527,5
04310987036_12528,5
03752845961_12529,5
04515527318_12530,5
04191606853_12531,5
03571475521_12532,5
04570877405_12533,5
04354677087_12534,5
03590305584_12535,5
03631905663_12536,5
04496587272_12537,5
03590515584_12538,5
03590325584_12539,5
04262726961_12540,5
03903076328_12541,5
04571187405_12542,5
03752845961_12543,5
03473325341_12544,5
04496587272_12545,5
03590215584_12546,5
04585287429_12547,5
03590215584_12548,5
03473305341_12549,5
03473305341_12550,5
03481615355_12551,5
03752955961_12552,5
03590225584_12553,5
04237226932_12554,4
04353787082_12555,5
04182616838_12556,4
03533775426_12557,5
03590305584_12558,5
03481665355_12559,5
04262706961_12560,5
03481615355_12561,5
03903336328_12562,5
03903446328_12563,5
04283206991_12564,5
03903446328_12565,5
03631525663_12566,5
04570877405_12567,5
03796336083_12568,5
426262696105_12569,5
03533965426_12570,5
03903446328_12571,5
04496587272_12572,5
03481635355_12573,5
04263196961_12574,5
03631525663_12575,5
03481835355_12576,5
04263466961_12577,5
04237016932_12578,4
03903446328_12579,5
04263066961_12580,5
04263216961_12581,5
04353917082_12582,5
03481635355_12583,5
03911006343_12584,4
04262706961_12585,5
04191526853_12586,5
03752955961_12587,5
420934688505_12588,5
03473275341_12589,5
03831726161_12590,5
04240506937_12591,4
04191226853_12592,5
03752915961_12593,5
03631975663_12594,5
03481955355_12595,5
04346457075_12596,5
03752805961_12597,12
03631625663_12598,5
03473265341_12599,5
03473265341_12600,5
03473265341_12601,5
03473265341_12602,5
03473265341_12603,5
04269486972_12604,2
04427627186_12605,2
04569977403_12606,4
04427167186_12607,2
03782616043_12608,1
03496055372_12609,1
03515705414_12610,3
04599097454_12611,3
03474445342_12612,1
04264656967_12613,3
04227536913_12614,1
422726691301_12615,1
04227536913_12616,1
04230946916_12617,1
04196766862_12618,1
04273376975_12619,1
04598197455_12620,1
04230646916_12621,1
04132296766_12622,1
03876016262_12623,4
421423689003_12624,3
04172866828_12625,1
03398995232_12626,2
04355917094_12627,2
04491097262_12628,2
04489337261_12629,2
03888866300_12630,2
04199236865_12631,2
03725295873_12632,2
04272666975_12633,2
04270306972_12634,2
04199236865_12635,2
04273916975_12636,2
03471975339_12637,2
04462007244_12638,1
03515945414_12639,3
03774746022_12640,3
04213496890_12641,3
03495215372_12642,1
04147346798_12643,2
03585025556_12644,4
04134256772_12645,1
03585295556_12646,4
03585335556_12647,4
03834296169_12648,4
04262886961_12649,12
03773886016_12650,4
04262886961_12651,12
03651395728_12652,2
04146686796_12653,2
04148036796_12654,2
03651525728_12655,2
370542583802_12656,2
04146676796_12657,2
03680815782_12658,2
04591967447_12659,2
03651855728_12660,2
03526965419_12661,2
03788956066_12662,2
04501897285_12663,2
03651905728_12664,2
03680815782_12665,2
03651355728_12666,2
03705925838_12667,2
04414567149_12668,2
03804986105_12669,2
03838976184_12670,2
04360517105_12671,2
03790726075_12672,2
03651685728_12673,2
03708385845_12674,2
03804986105_12675,2
03651475728_12676,2
04146406796_12677,2
03788956066_12678,2
04336827054_12679,4
03515755415_12680,3
03473865342_12681,3
03631905663_12682,5
03631685663_12683,5
03904356329_12684,4
04433367191_12685,2
03946476435_12686,13
03577705534_12687,2
03722895870_12688,2
03839346184_12689,2
03924326368_12690,5
04147816796_12691,2
04283746992_12692,4
03788996066_12693,2
04142086790_12694,4
04286627004_12695,2
04288527004_12696,2
04283716992_12697,4
03805026105_12698,2
03470865337_12699,2
03805846105_12700,2
03470805337_12701,2
03470805337_12702,2
04414537149_12703,2
03674495773_12704,2
04164866815_12705,2
04117286748_12706,2
04527057339_12707,2
04093046723_12708,2
04093056722_12709,2
03675405773_12710,2
03784356052_12711,2
03723505870_12712,2
04093226723_12713,2
04410427147_12714,2
04146496796_12715,2
03788956066_12716,2
03788956066_12717,2
03790876075_12718,2
04540007360_12719,2
03788996066_12720,2
04117276748_12721,2
04518947323_12722,2
04526647339_12723,2
04527057339_12724,2
03537495434_12725,2
03785176052_12726,2
04441367194_12727,2
03526715419_12728,2
03723045870_12729,2
03642265707_12730,2
04665003562_12731,2
03681545782_12732,2
04527057339_12733,2
04147006796_12734,2
04146676796_12735,2
04592387447_12736,2
03788956066_12737,2
04347907078_12738,2
04347247078_12739,2
04540007360_12740,2
03470775337_12741,2
03968846494_12742,1
03478915350_12743,10
03470715337_12744,19
03937736411_12745,1
03937736411_12746,1
03679595782_12747,3
03586365569_12748,1
03527175419_12749,1
03665405765_12750,1
04147566796_12751,1
03917826356_12752,1
03679515782_12753,3
03641875707_12754,3
03405635240_12755,1
03701505833_12756,1
03700855833_12757,1
04544007366_12758,1
04349027078_12759,1
03791266075_12760,1
04160866811_12761,1
03665255765_12762,1
03586575569_12763,1
03804806105_12764,1
04544117366_12765,1
04210976888_12766,1
03791466075_12767,1
03405635240_12768,1
04574867412_12769,2
03726315873_12770,2
04524067333_12771,2
04349327078_12772,2
04342087064_12773,2
03470685337_12774,2
03470685337_12775,2
03470685337_12776,2
03925666379_12777,2
03709355845_12778,2
03839346184_12779,2
03805646105_12780,2
03470685337_12781,2
03620695639_12782,2
04147816796_12783,2
03470675337_12784,2
03470675337_12785,2
03527275419_12786,9
03421915277_12787,1
03709125845_12788,9
03921366366_12789,15
04093696723_12790,9
03527285419_12791,9
423260691809_12792,9
03726235873_12793,7
04439197194_12794,2
04474997254_12795,3
04444127197_12796,3
03706405838_12797,3
03515465414_12798,3
04479907258_12799,3
04209336885_12800,5
04311157036_12801,5
04585357429_12802,5
04211586888_12803,1
04093056722_12804,2
03680765782_12805,2
03542065448_12806,2
03790976075_12807,1
04414097149_12808,2
03586655569_12809,2
04210866888_12810,2
03681545782_12811,2
04147156796_12812,2
04539927360_12813,1
03658155752_12814,1
03937116411_12815,1
03620905640_12816,1
03620615640_12817,1
04370147107_12818,1
03658715752_12819,1
04539697360_12820,1
04259926960_12821,1
03701615833_12822,1
03646315718_12823,1
03406305240_12824,1
03790676075_12825,1
03910856343_12826,1
03910386343_12827,1
03910376343_12828,1
03646145716_12829,1
03911186343_12830,1
03910376343_12831,1
03646015716_12832,1
03587045569_12833,1
03621195640_12834,1
04544347366_12835,1
03646015716_12836,1
03620615640_12837,1
03620785640_12838,1
03587085569_12839,1
03586725569_12840,1
03910086343_12841,1
04543467366_12842,1
04093816722_12843,1
03620615640_12844,1
03883276287_12845,1
03910386343_12846,1
04328057042_12847,1
04540047360_12848,1
03646145716_12849,1
03791276075_12850,1
04195616859_12851,1
04409907147_12852,1
03586725569_12853,1
03791846075_12854,1
03620785640_12855,1
03790676075_12856,1
04502777286_12857,1
04286887004_12858,1
03591295585_12859,1
03620615640_12860,1
03910296343_12861,1
03910396343_12862,1
03590675585_12863,1
03620785640_12864,1
04360077105_12865,1
03591765585_12866,1
03658155752_12867,1
03591295585_12868,1
03586625569_12869,1
03658145752_12870,1
03586625569_12871,1
03586625569_12872,1
03621235640_12873,1
04470897254_12874,1
04540047360_12875,1
03591295585_12876,1
03658155752_12877,1
03487235364_12878,1
03543035448_12879,2
03527285419_12880,9
03665935765_12881,1
03642055707_12882,1
04161666811_12883,1
03515305414_12884,3
04096116724_12885,1
04196006859_12886,1
04544027366_12887,1
03586845569_12888,1
03470715337_12889,19
03776186025_12890,3
03470295337_12891,19
03470295337_12892,19
03470295337_12893,19
03470295337_12894,19
03470295337_12895,19
04474387254_12896,1
03527285419_12897,9
03665755765_12898,1
04348047078_12899,1
04413177149_12900,2
03791186075_12901,1
03752955961_12902,5
03470715337_12903,19
03871646248_12904,1
03871646248_12905,1
03883186287_12906,1
03470645337_12907,1
03478815350_12908,10
03478665350_12909,10
03478885350_12910,10
03953366451_12911,10
04402157135_12912,10
04402157135_12913,10
04402307135_12914,10
04191516853_12915,5
03917886356_12916,2
03651585728_12917,2
03470725337_12918,19
03651505728_12919,2
03833216168_12920,1
04214606890_12921,3
04573377411_12922,1
04359087102_12923,1
03444885304_12924,3
03876486270_12925,3
03706295838_12926,3
03642435707_12927,1
03470715337_12928,19
03470715337_12929,19
03470295337_12930,19
03493935369_12931,1
03653855736_12932,1
03506715386_12933,1
03821566135_12934,1
03803876104_12935,1
03413625266_12936,1
04465097252_12937,1
03379625208_12938,1
03633635671_12939,1
03725475874_12940,1
04295787022_12941,1
04204786877_12942,1
03553545474_12943,12
04262886961_12944,12
04262886961_12945,12
03698325825_12946,12
03698295825_12947,12
04353907082_12948,1
03650245725_12949,1
03907276336_12950,1
04209516885_12951,1
04147826798_12952,1
04276096976_12953,1
04598537455_12954,1
04247446949_12955,1
04348217078_12956,1
04131856766_12957,1
04209476885_12958,1
04128446758_12959,1
04236466931_12960,1
03778806033_12961,1
04128446758_12962,1
03839036184_12963,1
03389085223_12964,1
04236576931_12965,1
03474015342_12966,1
03469135334_12967,1
03930916390_12968,4
04238106932_12969,4
04283816992_12970,4
04283806992_12971,4
04570877405_12972,5
04436577192_12973,3
03571945521_12974,5
435464708705_12975,5
03467755331_12976,1
03419195275_12977,1
03715145857_12978,1
03937806411_12979,1
03776166025_12980,3
03776166025_12981,3
03776076025_12982,3
03527595419_12983,9
03554595480_12984,4
04313497037_12985,4
04283616992_12986,4
03920446365_12987,4
04101796728_12988,4
04497717273_12989,4
04299817030_12990,4
04236896932_12991,4
03506675386_12992,1
03554895480_12993,4
03879116276_12994,1
03888756299_12995,1
03763845996_12996,6
04298347025_12997,12
03553545474_12998,12
03559005487_12999,1
04096816724_13000,1
03943566429_13001,1
03480345354_13002,1
04101356728_13003,4
411603674802_13004,2
04270486972_13005,3
04262726961_13006,5
04310127035_13007,3
04476257256_13008,1
03800446101_13009,1
04600207455_13010,1
03790926075_13011,1
03550445470_13012,1
03523995417_13013,1
03838066180_13014,1
03940196416_13015,1
03571675521_13016,1
03516445414_13017,1
03645185716_13018,1
03838116180_13019,1
04156966808_13020,1
04402197135_13021,10
03698275825_13022,1
03553545474_13023,12
03961176475_13024,1
04543667366_13025,2
04746313559_13026,1
03948526438_13027,1
03722085870_13028,2
04426207184_13029,1
03953326451_13030,10
03953206451_13031,10
03953286451_13032,10
04402177135_13033,10
04402197135_13034,10
04402177135_13035,10
03953326451_13036,10
03953316451_13037,10
03803636104_13038,6
04137146776_13039,1
04192996854_13040,1
03817186126_13041,8
04262726961_13042,5
04496577272_13043,5
04241306938_13044,4
04601127455_13045,3
04473817254_13046,3
03666555765_13047,3
03563435500_13048,3
03525755417_13049,3
03666615765_13050,3
03776086025_13051,3
03517405415_13052,1
03961566475_13053,1
04300517030_13054,1
03631975663_13055,5
04094216723_13056,9
03478695350_13057,10
03953266451_13058,10
04265416967_13059,1
03473595342_13060,1
04597817454_13061,3
04265276967_13062,1
04179826835_13063,1
04198846864_13064,4
04430167190_13065,1
03495095372_13066,1
04597967455_13067,3
03755435976_13068,8
04599997455_13069,1
03628065657_13070,1
03772196012_13071,8
04510057297_13072,8
03462545325_13073,8
03462545325_13074,8
03462545325_13075,8
03462545325_13076,8
04600607455_13077,3
04305587033_13078,1
04557607383_13079,3
03756005976_13080,2
04230936916_13081,1
03508685390_13082,1
04355647094_13083,2
03483575358_13084,2
04341417063_13085,4
04427077186_13086,2
03585125556_13087,4
03568555517_13088,1
04431997191_13089,2
03571805521_13090,12
04328907042_13091,9
04270826972_13092,2
03899336320_13093,2
03784456052_13094,2
04402237134_13095,4
04147186798_13096,2
03839096184_13097,2
04305487033_13098,1
04442137196_13099,2
04264826967_13100,2
03604995610_13101,2
373883590802_13102,2
04310087035_13103,2
03845016197_13104,2
04548237374_13105,2
04461237245_13106,2
04547917374_13107,2
04461237245_13108,2
03462485325_13109,2
04299917030_13110,4
04433347191_13111,2
03494805372_13112,2
03556995482_13113,1
04184146840_13114,2
03722085870_13115,2
04575127412_13116,2
04110576741_13117,2
03568305517_13118,2
03966256489_13119,2
03651735728_13120,2
03755525976_13121,2
03755575976_13122,2
04427277186_13123,2
04427617186_13124,2
04461527245_13125,2
04427357186_13126,2
03966636489_13127,2
03494775372_13128,2
04548017374_13129,2
03826566157_13130,2
03495685372_13131,2
04547857374_13132,2
04427667186_13133,2
04179866835_13134,2
03513845411_13135,2
03495685372_13136,2
03495685372_13137,2
04415237150_13138,2
04427407186_13139,2
03495685372_13140,2
03495685372_13141,2
03462355325_13142,2
04200726867_13143,3
04273886975_13144,2
04270746972_13145,3
04427187186_13146,2
04427187186_13147,2
03462315325_13148,2
04547767374_13149,2
04547767374_13150,2
03617865632_13151,2
04147186798_13152,2
04432307191_13153,2
04433147191_13154,2
03772536012_13155,2
03462355325_13156,2
03755405976_13157,2
04427227186_13158,2
03617895632_13159,2
04340997063_13160,4
04237056932_13161,4
03568295517_13162,2
04547857374_13163,2
04432247191_13164,2
04427227186_13165,2
03755375976_13166,2
04431997191_13167,2
03755315976_13168,2
03651295728_13169,2
03845316197_13170,2
03929826388_13171,2
04351077079_13172,2
453570735607_13173,7
04427227186_13174,2
03839106184_13175,2
03462155325_13176,2
03462155325_13177,2
04160886812_13178,3
03513835411_13179,1
04270216972_13180,3
03628065657_13181,1
04474867254_13182,3
04265336967_13183,1
03495095372_13184,1
03537155434_13185,2
03608855615_13186,3
04415387150_13187,2
04272446975_13188,3
04264896967_13189,2
04355517094_13190,3
03462265325_13191,2
04355707094_13192,2
03462635325_13193,2
04547947374_13194,2
03826666157_13195,2
04427357186_13196,2
03462015325_13197,2
04230506916_13198,1
03495825372_13199,1
03495095372_13200,1
03495095372_13201,1
04415237150_13202,2
03494825372_13203,2
04547997374_13204,2
04427677186_13205,2
04432387191_13206,2
03462265325_13207,2
04427277186_13208,2
04427287186_13209,2
04427277186_13210,2
04427227186_13211,2
03755635976_13212,2
03756035976_13213,2
04427187186_13214,2
03782176043_13215,1
03755865976_13216,1
04270376972_13217,3
04559997386_13218,2
04160926812_13219,3
03617865632_13220,2
03845866197_13221,2
04519597323_13222,2
04265196967_13223,3
04432697191_13224,2
04273886975_13225,2
04432747191_13226,2
04461457245_13227,2
03494845372_13228,2
03462055325_13229,2
04547947374_13230,2
04427227186_13231,2
04547997374_13232,2
04432847191_13233,2
03462395325_13234,2
04432387191_13235,2
03462265325_13236,2
03966196489_13237,2
03462505325_13238,2
04427227186_13239,2
04432847191_13240,2
04427147186_13241,2
04461497245_13242,2
03929856388_13243,2
03618095632_13244,2
04427617186_13245,2
03462505325_13246,2
03462505325_13247,2
04427357186_13248,2
04415177150_13249,2
03462055325_13250,2
04461457245_13251,2
03461935325_13252,2
03461935325_13253,2
03461935325_13254,2
03461935325_13255,2
03461935325_13256,2
03461935325_13257,2
03461935325_13258,2
03461935325_13259,2
03495885372_13260,2
03618095632_13261,2
04265296967_13262,1
03732075882_13263,2
04427197186_13264,2
03483755358_13265,2
04427357186_13266,2
04584297425_13267,2
03495685372_13268,2
03617675632_13269,2
03966636489_13270,2
03966206489_13271,2
04427737186_13272,2
04427077186_13273,2
422676691303_13274,3
03597825595_13275,1
03513835411_13276,1
04415387150_13277,2
03462245325_13278,2
04264826967_13279,2
04431807191_13280,2
04272876975_13281,3
03819406128_13282,2
04264726967_13283,2
04432637191_13284,2
03618065632_13285,2
04427637186_13286,2
04427227186_13287,2
04433327191_13288,2
04432147191_13289,2
03755315976_13290,2
03617835632_13291,2
04547647374_13292,2
04547867374_13293,2
03461925325_13294,2
04427627186_13295,2
03617665632_13296,2
03755315976_13297,2
03966256489_13298,2
04427627186_13299,2
04355707094_13300,2
03732075882_13301,2
03714875855_13302,1
04355817094_13303,1
03533955426_13304,5
03571485521_13305,5
04496577272_13306,5
04496577272_13307,5
03590285584_13308,5
04191526853_13309,5
04496577272_13310,5
04496577272_13311,5
03571685521_13312,5
03571635521_13313,5
03588965576_13314,5
03588955576_13315,5
04496607272_13316,5
03481615355_13317,5
03571475521_13318,5
03502965380_13319,5
03554615480_13320,4
04263426961_13321,5
04496577272_13322,5
03631525663_13323,5
04091206720_13324,5
04263426961_13325,5
04283276991_13326,5
03631905663_13327,5
04263426961_13328,5
04262566961_13329,5
04353887082_13330,5
04262566961_13331,5
04585287429_13332,5
04570877405_13333,5
04191516853_13334,5
04263426961_13335,5
04262566961_13336,5
04091176720_13337,5
04191606853_13338,5
04353707082_13339,5
04262566961_13340,5
03753125961_13341,5
04283426991_13342,5
04345747073_13343,5
03903076328_13344,5
03903076328_13345,5
03461545323_13346,5
03461545323_13347,5
03461545323_13348,5
03461545323_13349,5
03461545323_13350,5
03461545323_13351,5
03461545323_13352,5
03461545323_13353,5
03461545323_13354,5
03473275341_13355,5
04260526960_13356,5
04604977458_13357,4
03461545323_13358,5
04263466961_13359,5
03554595480_13360,4
04263466961_13361,5
03752925961_13362,5
04262706961_13363,5
04515367318_13364,5
03869456241_13365,5
04449837202_13366,4
03869456241_13367,5
04263336961_13368,5
03752925961_13369,5
04262916961_13370,5
03571905521_13371,5
04262686961_13372,5
03588905576_13373,5
03903036328_13374,5
03903036328_13375,5
04209376885_13376,5
03869596241_13377,5
04337387054_13378,4
04341547063_13379,4
03554615480_13380,4
04525467336_13381,4
04263216961_13382,5
03753075961_13383,5
04262726961_13384,5
03882056286_13385,5
03759325985_13386,4
03555405480_13387,4
03760035985_13388,4
03588895576_13389,5
03571385521_13390,5
04515647318_13391,5
04209276885_13392,5
04209276885_13393,5
04189186845_13394,4
03461495323_13395,5
03461495323_13396,5
04570877405_13397,5
03461545323_13398,5
04571277405_13399,5
04236866932_13400,4
03554615480_13401,4
04496577272_13402,5
03590215584_13403,5
03554715480_13404,4
03590305584_13405,5
03588905576_13406,5
04263286961_13407,5
04183036838_13408,4
03903036328_13409,5
03752925961_13410,5
04262726961_13411,5
04208826881_13412,4
04283646992_13413,4
03631625663_13414,5
03571385521_13415,5
03590455584_13416,5
03481635355_13417,5
04448427200_13418,4
03481835355_13419,5
04402307135_13420,10
04402327135_13421,10
03760045985_13422,4
04495977271_13423,4
03572085521_13424,5
03856376226_13425,5
04361037106_13426,5
04209266885_13427,5
04286057001_13428,4
04402137135_13429,10
04604597458_13430,4
03539645441_13431,4
04339827061_13432,4
03759455985_13433,4
03903596329_13434,4
03571475521_13435,5
04182596838_13436,4
04262686961_13437,5
04263216961_13438,5
03590565584_13439,5
04402397135_13440,10
04402397135_13441,10
04191606853_13442,5
03631905663_13443,5
03924406368_13444,5
03796236083_13445,5
03762475989_13446,5
03588915576_13447,5
04559307385_13448,5
04089306717_13449,5
04571077405_13450,5
03730465880_13451,5
03631805663_13452,5
03676215776_13453,5
03903036328_13454,5
03539605441_13455,4
03924256368_13456,5
03903446328_13457,5
04515357318_13458,5
03590565584_13459,5
04173476828_13460,5
03461425323_13461,5
03461425323_13462,5
03714665855_13463,1
03796536083_13464,5
03554735480_13465,4
04401677134_13466,4
04515397318_13467,5
03629885659_13468,5
04515507318_13469,5
03869526241_13470,5
03461375323_13471,5
04270746972_13472,3
04189186845_13473,4
04353917082_13474,5
04402207135_13475,10
04262586961_13476,5
03590245584_13477,5
04402177135_13478,10
03953286451_13479,10
03953306451_13480,10
04283556991_13481,5
03549545469_13482,6
04262826961_13483,5
03590095584_13484,6
03461315323_13485,5
04515297318_13486,5
04263386961_13487,5
03903036328_13488,5
03903446328_13489,5
04262666961_13490,5
03571485521_13491,5
04262666961_13492,5
03631385663_13493,5
03752925961_13494,5
04263286961_13495,5
03481835355_13496,5
04262666961_13497,5
03481835355_13498,5
04262916961_13499,5
04263286961_13500,5
04262556961_13501,5
03631905663_13502,5
03631905663_13503,5
03631525663_13504,5
03631525663_13505,5
04263286961_13506,5
03631905663_13507,5
04263286961_13508,5
03461305323_13509,5
03533665426_13510,5
04283296992_13511,4
03484105359_13512,5
04283296992_13513,4
04262826961_13514,5
04237636932_13515,4
03588955576_13516,5
04236896932_13517,4
03554635480_13518,4
03590305584_13519,5
03590215584_13520,5
04283386992_13521,4
03903326328_13522,5
03555195480_13523,4
04191606853_13524,5
04496607272_13525,5
03588965576_13526,5
04402177135_13527,10
03752815961_13528,5
04559387385_13529,5
03481835355_13530,5
03549645469_13531,6
04604957458_13532,4
03676215776_13533,5
03571425521_13534,5
03571475521_13535,5
04354667087_13536,5
03955136461_13537,6
03692245800_13538,6
04191606853_13539,5
03461305323_13540,5
04570877405_13541,5
04283356991_13542,5
03481855355_13543,5
03461425323_13544,5
03461285323_13545,5
03796316083_13546,6
03760045985_13547,4
03590185584_13548,5
04237766932_13549,4
04237906932_13550,4
03753135961_13551,5
03869526241_13552,5
04182576838_13553,4
04237986932_13554,4
03571685521_13555,5
04236826932_13556,4
04238106932_13557,4
04191516853_13558,5
04496807272_13559,5
04515357318_13560,5
03553605474_13561,5
03631625663_13562,5
03595635589_13563,5
04262776961_13564,5
03782316044_13565,4
03778306032_13566,10
04209266885_13567,5
04262776961_13568,5
04402137135_13569,10
03907506336_13570,5
04571337405_13571,5
03762455989_13572,5
04515417318_13573,5
04571357405_13574,5
03907506336_13575,5
03473265341_13576,5
04397457126_13577,4
04570997405_13578,5
04262916961_13579,5
04353777082_13580,5
03903446328_13581,5
03631525663_13582,5
04209266885_13583,5
03461565323_13584,5
04570877405_13585,5
04559387385_13586,5
04191606853_13587,5
03481835355_13588,5
04345597073_13589,5
04585287429_13590,5
03511375406_13591,5
03753125961_13592,5
03903446328_13593,5
03903446328_13594,5
04262666961_13595,5
03631525663_13596,5
04585287429_13597,5
03631425663_13598,5
04283316991_13599,5
03481635355_13600,5
03752955961_13601,5
03631905663_13602,5
04262566961_13603,5
04191516853_13604,5
04191516853_13605,5
03481635355_13606,5
03631905663_13607,5
04311157036_13608,5
03631685663_13609,5
03903446328_13610,5
04263456961_13611,5
03631525663_13612,5
03588955576_13613,5
03631905663_13614,5
03631625663_13615,5
03903036328_13616,5
03631525663_13617,5
03481635355_13618,5
03903446328_13619,5
03631625663_13620,5
03631625663_13621,5
03903446328_13622,5
03631905663_13623,5
03631625663_13624,5
03631905663_13625,5
03631525663_13626,5
03631685663_13627,5
03461225323_13628,5
03461225323_13629,5
03461225323_13630,5
03461225323_13631,5
03461225323_13632,5
03461225323_13633,5
03461225323_13634,5
03461225323_13635,5
03461225323_13636,5
03461225323_13637,5
03796336083_13638,5
04605127458_13639,4
03953366451_13640,10
04449647202_13641,4
03585125556_13642,4
04575827413_13643,6
03843476191_13644,1
03869496241_13645,5
03903796329_13646,4
03631685663_13647,5
04283416992_13648,4
04605497458_13649,4
03903796329_13650,4
03910856343_13651,1
04449737202_13652,4
04182936838_13653,4
03555135480_13654,4
03484105359_13655,5
04401617134_13656,4
03759895985_13657,4
03554635480_13658,4
03762455989_13659,5
04262726961_13660,5
03778336032_13661,10
04401677134_13662,4
04402137135_13663,10
03486145363_13664,13
03501015378_13665,1
03467415331_13666,1
03730775880_13667,1
03701425834_13668,1
04461657245_13669,1
03755935976_13670,1
03879116276_13671,1
03384475218_13672,1
03739415908_13673,2
04589027441_13674,4
03739375908_13675,2
03399165233_13676,1
03416925270_13677,1
03856266226_13678,1
04599877454_13679,2
03722215870_13680,2
03617875631_13681,2
04547867374_13682,2
03509785395_13683,2
03798656092_13684,2
03731815882_13685,2
04442137196_13686,2
04216776893_13687,2
04583757425_13688,2
03771946012_13689,2
04547857374_13690,2
03495685372_13691,2
03755375976_13692,2
04415387150_13693,2
04414977150_13694,2
04547947374_13695,2
03739215908_13696,2
04547767374_13697,2
03462355325_13698,2
03459535316_13699,2
03898916320_13700,2
04461237245_13701,2
04313707038_13702,1
04543847367_13703,1
04126146756_13704,1
03895156309_13705,1
03483725358_13706,1
04221496904_13707,1
03618565632_13708,1
03756035976_13709,2
04664743562_13710,1
03494685372_13711,1
04265136967_13712,1
04773533567_13713,1
03459285316_13714,1
03474325342_13715,2
04427077186_13716,2
04427457186_13717,2
04427297186_13718,2
03722195870_13719,2
03512355409_13720,1
03568265517_13721,2
04313427038_13722,3
03782206043_13723,1
03934016405_13724,1
03459125316_13725,1
03459125316_13726,1
04383777117_13727,1
03568305517_13728,2
03717845859_13729,2
04230846916_13730,2
03576905534_13731,2
04415387150_13732,2
03459005316_13733,2
03459005316_13734,2
03506675386_13735,1
03609085618_13736,1
03397145231_13737,1
04559237385_13738,1
03735925894_13739,1
03656345748_13740,1
04099166725_13741,1
04556287381_13742,1
03467595330_13743,1
03486495364_13744,1
04186246843_13745,1
04156946808_13746,1
04376997110_13747,1
03467345330_13748,1
03560435495_13749,1
04436977192_13750,1
03955736462_13751,1
04204756877_13752,1
03419515275_13753,1
04559087385_13754,1
04133756772_13755,1
03387775222_13756,1
04347347076_13757,1
04089516717_13758,1
03603045602_13759,1
04548657375_13760,1
03458685315_13761,1
03458685315_13762,1
03458685315_13763,1
03759045985_13764,4
03489625366_13765,1
03478915350_13766,10
04402277135_13767,10
03953286451_13768,10
04429367188_13769,4
04237786934_13770,4
04237786934_13771,4
04397517126_13772,4
373883590802_13773,2
04186456843_13774,4
04417987153_13775,4
04237786934_13776,4
04397867126_13777,4
04427387187_13778,4
04186456843_13779,4
03687285791_13780,1
04186456843_13781,4
04427387187_13782,4
03633945672_13783,4
04427387187_13784,4
04594697450_13785,4
04186456843_13786,4
03877906273_13787,4
04594697450_13788,4
03655375740_13789,4
04237166934_13790,4
03877906273_13791,4
04594127451_13792,4
03414005266_13793,4
03458505314_13794,4
03458505314_13795,4
03458505314_13796,4
04594167451_13797,1
04300147030_13798,1
03910386343_13799,1
04260906960_13800,1
03416985270_13801,1
03614815628_13802,1
03422075277_13803,1
03416985270_13804,1
03560335495_13805,1
04122396752_13806,4
03633945672_13807,4
04511907302_13808,1
04436767192_13809,3
04127086756_13810,1
03701575834_13811,1
03525795417_13812,1
03582335544_13813,1
04476317257_13814,1
03550245470_13815,1
04474977255_13816,1
04496697272_13817,1
03655375740_13818,4
03925716380_13819,11
03456265312_13820,11
03456265312_13821,11
03456265312_13822,11
03456265312_13823,11
03456265312_13824,11
03456265312_13825,11
04427637186_13826,2
03745495931_13827,1
04360647105_13828,2
03495825372_13829,1
03535175429_13830,1
04136326774_13831,1
03850096208_13832,1
03695575806_13833,1
03550115470_13834,1
04355097091_13835,1
03796736085_13836,1
03826716156_13837,1
04442477196_13838,9
04101626728_13839,4
04182766838_13840,4
04421547170_13841,6
03796316083_13842,6
03604335609_13843,1
03689805794_13844,1
04264896967_13845,2
03571975521_13846,1
03737215897_13847,1
03825936156_13848,1
03698275825_13849,1
03483455358_13850,1
03739385908_13851,1
04347797077_13852,1
04312967038_13853,1
03827616157_13854,1
03825726156_13855,1
03755865976_13856,1
04327857042_13857,1
04085686713_13858,1
04176586832_13859,1
04342907065_13860,1
04409987148_13861,1
04180186835_13862,1
04536097356_13863,1
04373497108_13864,1
04373477108_13865,1
04227466913_13866,1
04227356913_13867,1
03827406157_13868,1
04436407192_13869,1
04313187038_13870,1
04584137425_13871,1
03513525411_13872,1
03879116276_13873,1
03515705414_13874,3
04569337403_13875,4
04563477390_13876,3
04204256874_13877,15
04653103557_13878,8
03384205218_13879,1
04234046923_13880,1
04373607108_13881,1
04531877349_13882,1
03745375931_13883,1
04227346913_13884,1
04230986916_13885,1
03755825976_13886,1
03976646511_13887,1
03943416429_13888,1
04536117356_13889,1
03455855311_13890,1
03455855311_13891,1
03698735825_13892,1
03568365517_13893,1
04095226724_13894,1
03483695358_13895,1
04099516726_13896,1
04189046845_13897,4
03506635386_13898,1
03501655379_13899,1
03509905395_13900,1
03896036309_13901,1
03486035363_13902,15
04100756726_13903,1
03425625286_13904,1
03506505386_13905,1
04273456975_13906,1
03508705390_13907,2
04334597049_13908,1
04283586992_13909,4
03629365658_13910,1
03843726191_13911,1
03500865378_13912,1
04521457324_13913,1
04205546876_13914,4
04237906932_13915,4
03494775372_13916,2
03603095602_13917,1
04208716881_13918,4
04237226932_13919,4
03663745762_13920,4
03754265970_13921,4
04237656932_13922,4
04238056932_13923,4
04236896932_13924,4
04208706881_13925,4
03840686187_13926,1
03840686187_13927,1
03556605482_13928,1
04101196725_13929,1
03556605482_13930,1
03556585482_13931,1
03556585482_13932,1
03453975309_13933,1
03379535208_13934,1
03379535208_13935,1
04287087004_13936,1
04536107356_13937,1
04342787065_13938,1
03961116475_13939,1
03717615859_13940,1
447306725403_13941,3
03907046336_13942,1
03764505997_13943,1
04474627254_13944,1
04461577244_13945,1
03805456105_13946,1
04461577244_13947,1
04539697360_13948,1
04342857065_13949,1
03805686105_13950,1
04348167078_13951,1
03486235364_13952,1
447513725401_13953,1
04536617356_13954,1
04267166970_13955,8
04342787065_13956,1
03805266105_13957,1
03701025834_13958,1
03419415275_13959,1
03720565869_13960,1
04131856766_13961,1
04521277324_13962,1
03805286105_13963,1
03473835342_13964,1
03474605342_13965,1
04210976888_13966,1
03846696198_13967,1
04551137377_13968,1
03720965869_13969,1
04126956756_13970,1
04094836724_13971,1
03814796124_13972,1
04096896724_13973,1
04283576992_13974,4
03496825374_13975,1
04096046724_13976,1
04096166724_13977,1
04568947401_13978,1
03751715959_13979,1
04096116724_13980,1
03814766124_13981,1
03453895309_13982,1
03642435707_13983,1
03470035337_13984,19
03470725337_13985,19
03839366184_13986,1
03470725337_13987,19
03497725374_13988,1
03501535378_13989,1
03796626085_13990,1
03500975378_13991,1
04461897244_13992,1
04127086756_13993,1
04133706771_13994,1
03501535378_13995,1
04227896913_13996,3
04461897244_13997,1
03814736124_13998,1
03501535378_13999,1
03843336191_14000,1
03453825309_14001,1
03935226408_14002,1
03780956038_14003,1
03891906306_14004,1
03453825309_14005,1
04133536771_14006,1
04094896724_14007,1
04283636992_14008,4
03501095378_14009,1
03589295582_14010,1
04101196725_14011,1
04101066725_14012,1
03744905931_14013,1
03496685374_14014,1
03849076201_14015,1
03497025374_14016,1
03814296124_14017,1
03814446124_14018,1
03496795374_14019,1
03497395374_14020,1
03453755309_14021,1
03453895309_14022,1
03500975378_14023,1
03490205366_14024,1
04283236992_14025,4
03796776085_14026,1
03493675369_14027,1
04095076724_14028,1
03814986124_14029,1
03453725309_14030,1
03453725309_14031,1
03501105378_14032,1
03453725309_14033,1
03524695417_14034,1
03539735441_14035,4
03497725374_14036,1
03636375685_14037,4
04402407135_14038,10
03478895350_14039,10
04353937082_14040,6
03433725293_14041,1
03839336184_14042,2
03845756197_14043,2
04427737186_14044,2
03865236237_14045,2
04236946932_14046,4
03865196237_14047,2
04491267262_14048,2
03609075618_14049,2
03453295308_14050,2
04403717139_14051,4
04173046828_14052,4
03738705907_14053,6
04339767061_14054,4
03796546085_14055,2
03814636124_14056,1
04306547033_14057,1
04096986724_14058,1
04100576725_14059,1
04350997079_14060,21
04676215109_14061,4
04567957400_14062,4
03759595985_14063,4
03953306451_14064,10
04133386769_14065,4
04237276932_14066,4
03771286010_14067,4
04237566932_14068,4
04403087137_14069,4
04237446932_14070,4
04096116724_14071,1
04262886961_14072,12
04262886961_14073,12
03666015765_14074,1
04194616858_14075,1
03495095372_14076,1
04519577323_14077,3
03645715716_14078,1
04573487411_14079,1
03814986124_14080,1
04376497108_14081,1
04126446756_14082,1
04126366756_14083,1
03775846025_14084,3
04599227455_14085,1
03780516038_14086,1
03681045783_14087,1
03892346306_14088,1
04570877405_14089,5
03636565685_14090,4
04262666961_14091,5
03631905663_14092,5
03489625366_14093,1
03631905663_14094,5
04605127458_14095,4
03631905663_14096,5
03631625663_14097,5
03631525663_14098,5
03869526241_14099,5
03554595480_14100,4
04260076960_14101,1
04094896724_14102,1
04095456724_14103,1
04094416724_14104,1
03696775808_14105,4
04094666724_14106,1
03939866416_14107,1
04100726725_14108,1
04096676724_14109,1
04095656724_14110,1
04094896724_14111,1
04521787324_14112,1
03490025366_14113,1
04095656724_14114,1
03453015308_14115,1
04283576992_14116,4
04182576838_14117,4
03636515685_14118,4
04402407135_14119,10
04095076724_14120,1
04283476992_14121,4
03496565374_14122,1
04283766992_14123,4
03500915378_14124,1
04237016932_14125,4
04260906960_14126,1
04402377135_14127,10
04285937001_14128,4
04402377135_14129,10
465413355703_14130,3
03480435354_14131,1
04418877161_14132,1
04432527191_14133,2
03738765907_14134,9
04227116913_14135,1
04568477401_14136,1
03826986157_14137,3
04126126756_14138,1
04134176771_14139,1
03550315470_14140,1
04101876728_14141,4
04266296971_14142,1
03805526105_14143,1
04211586888_14144,1
03646185716_14145,1
03586835569_14146,2
03474605342_14147,1
04154156805_14148,2
03563185500_14149,1
04222866906_14150,3
03871136248_14151,3
03516175415_14152,3
04211066888_14153,1
03776566025_14154,3
04519807323_14155,3
04557887383_14156,3
04559447386_14157,3
03515895415_14158,3
04121186751_14159,1
03473545342_14160,3
03916136353_14161,1
03448395305_14162,3
03839446184_14163,3
04120816751_14164,1
03448365305_14165,3
03871196248_14166,3
04270746972_14167,3
03608765615_14168,3
03917766356_14169,1
03809336114_14170,3
03645655716_14171,3
04388817119_14172,3
03708505845_14173,3
04388657119_14174,3
04154956805_14175,3
03645995716_14176,3
453570735603_14177,3
04288637004_14178,3
04474497254_14179,3
03708705845_14180,3
04277846978_14181,3
04270796972_14182,3
03839806184_14183,3
04521747325_14184,3
04154656805_14185,3
03708705845_14186,3
03920776366_14187,3
04472017254_14188,3
03925586379_14189,3
03809336114_14190,3
357683553403_14191,3
422676691303_14192,3
04270796972_14193,3
03515975415_14194,3
03871546248_14195,3
03641815707_14196,3
03563435500_14197,3
04200726867_14198,3
03448255305_14199,3
03448255305_14200,3
03645495716_14201,3
03448255305_14202,3
03645495716_14203,3
03448325305_14204,3
03448325305_14205,3
03448325305_14206,3
03448325305_14207,3
03448325305_14208,3
03448325305_14209,3
03448325305_14210,3
03448325305_14211,3
03448325305_14212,3
03448325305_14213,3
03448325305_14214,3
03448325305_14215,3
03448325305_14216,3
03474535342_14217,1
03426155286_14218,1
03474495342_14219,1
03690395794_14220,1
03944016429_14221,1
03516225415_14222,3
03497435374_14223,1
03805916105_14224,1
422661691301_14225,1
04213856890_14226,1
04263286961_14227,5
03925666379_14228,2
04567877400_14229,4
04283316991_14230,5
04147306796_14231,2
03880706278_14232,4
04142076790_14233,4
04347867078_14234,1
03516075415_14235,2
03474075342_14236,2
03725485873_14237,2
04524177333_14238,2
03708865845_14239,2
04265316967_14240,2
04540247360_14241,3
04266476970_14242,2
03473695342_14243,3
04654123557_14244,3
03776116025_14245,3
04205336876_14246,4
435464708705_14247,5
04543637366_14248,3
03738745907_14249,6
04653603557_14250,3
03645355716_14251,3
04213816890_14252,3
03827676157_14253,3
04199186865_14254,2
03446295306_14255,1
03825926157_14256,3
04524427333_14257,3
03871246248_14258,3
376462599703_14259,3
03826986157_14260,3
04517957321_14261,3
03826976157_14262,3
04214456890_14263,3
03717485859_14264,3
04213576890_14265,3
04272616975_14266,3
04521547325_14267,3
04523987333_14268,3
03651365728_14269,3
04517957321_14270,3
04213946890_14271,3
03805746105_14272,3
04557887383_14273,3
04196946862_14274,3
03756505977_14275,3
04214456890_14276,3
04517957321_14277,3
04214656890_14278,3
03724985873_14279,3
03925726379_14280,3
04214456890_14281,3
04214456890_14282,3
04214306890_14283,3
421392689003_14284,3
04273446975_14285,3
04213946890_14286,3
04213546890_14287,3
04214096890_14288,3
04286647004_14289,3
04214456890_14290,3
04557497383_14291,3
04517957321_14292,3
04517957321_14293,3
03563135500_14294,3
04557497383_14295,3
04214566890_14296,3
03447855305_14297,3
03447855305_14298,3
03447855305_14299,3
03447855305_14300,3
03447855305_14301,3
03447855305_14302,3
03447855305_14303,3
03447855305_14304,3
04095656724_14305,1
04461897244_14306,1
04287617004_14307,3
03788936066_14308,2
03577565534_14309,2
03577705534_14310,2
03708705845_14311,3
03486575364_14312,3
04474617255_14313,1
03447785306_14314,1
03926496379_14315,3
455724738303_14316,3
03629545658_14317,1
04474867254_14318,3
03801276101_14319,1
04258186957_14320,1
04288637004_14321,3
03756555977_14322,3
03379405208_14323,1
03487235364_14324,1
03422075277_14325,1
03525765417_14326,1
04524447333_14327,3
03447735305_14328,3
04342697065_14329,1
04421467170_14330,1
03623955643_14331,12
03921046366_14332,3
03876426270_14333,2
03448325305_14334,3
03790936075_14335,9
03641875707_14336,3
04502517286_14337,3
03871286248_14338,3
03645495716_14339,3
03876456270_14340,3
04147646796_14341,1
04474997254_14342,3
03448215305_14343,3
03473915342_14344,1
04213576890_14345,3
04536377356_14346,3
04473627254_14347,3
04599867455_14348,1
04199376865_14349,3
03925576379_14350,1
04227296913_14351,1
03542995448_14352,1
03819896127_14353,1
03447605305_14354,1
04526807339_14355,2
04526807339_14356,2
04592547447_14357,2
04329437042_14358,2
03673965773_14359,2
03961516475_14360,2
04360617105_14361,2
03542295448_14362,2
03706475838_14363,2
04211126888_14364,2
03810186114_14365,2
03764655997_14366,2
03388955223_14367,2
04211126888_14368,2
04200766866_14369,2
04557667383_14370,2
03666595765_14371,2
04502257285_14372,2
03925606379_14373,2
03726315873_14374,2
04165006815_14375,1
03708675845_14376,3
04265916970_14377,1
03473595342_14378,1
04148676796_14379,2
03577715534_14380,2
03926246379_14381,2
04521817324_14382,2
04147976796_14383,2
04543407366_14384,2
03905486331_14385,2
04470667254_14386,2
04237906932_14387,4
03651475728_14388,2
03709495845_14389,2
04148036796_14390,2
03805226105_14391,2
04413167149_14392,2
03805926105_14393,2
03620695639_14394,2
04147006796_14395,2
04501877285_14396,2
04200916866_14397,2
04146436796_14398,2
03789066066_14399,2
03709265845_14400,2
03725295873_14401,2
03805026105_14402,2
04231936918_14403,2
03839696184_14404,2
04094756723_14405,9
421407689002_14406,2
04116956748_14407,2
04503547286_14408,2
03705555838_14409,2
04502687286_14410,2
04094856723_14411,2
03486575364_14412,3
04501787285_14413,2
03550305470_14414,1
03550305470_14415,1
03966486489_14416,2
04147156796_14417,2
04288527004_14418,2
03780796038_14419,1
04521627324_14420,1
03657915752_14421,1
03493925369_14422,1
04474397254_14423,1
03645705716_14424,1
03839806184_14425,3
03871206248_14426,1
04524447333_14427,3
03563435500_14428,3
04475057254_14429,1
03646005716_14430,3
03752955961_14431,5
03448455305_14432,3
04349157078_14433,1
03882946287_14434,1
03541705448_14435,1
03871646248_14436,1
03586875569_14437,1
344736530502_14438,2
04232006918_14439,1
03526645419_14440,2
03977286512_14441,1
04175696832_14442,1
04521627324_14443,1
03717535859_14444,1
04300517030_14445,1
03856896226_14446,4
03943446429_14447,1
03478935350_14448,10
03456205311_14449,1
03817426126_14450,1
03873896251_14451,1
03838086180_14452,1
04342807065_14453,1
04100546726_14454,1
04095936724_14455,1
422661691301_14456,1
03910886343_14457,1
04465437252_14458,1
03549845470_14459,1
04550567377_14460,1
394214642001_14461,1
03736095894_14462,1
03571625521_14463,5
04148576796_14464,2
03642155707_14465,2
04288277004_14466,2
04415017150_14467,2
04223076906_14468,2
04540007360_14469,2
03966656489_14470,2
04147816796_14471,2
03805876105_14472,2
03447245305_14473,2
03658075752_14474,1
03663735762_14475,4
03523275417_14476,1
03715405857_14477,1
03802746103_14478,1
04521937325_14479,1
03827646157_14480,1
03526475419_14481,1
03596825595_14482,3
04347567078_14483,1
03925806379_14484,1
03756705977_14485,3
03517545415_14486,2
03494745372_14487,2
03568265517_14488,2
04227276913_14489,2
421467689002_14490,2
03447855305_14491,3
03448325305_14492,3
04270226972_14493,3
04519467323_14494,3
03645495716_14495,3
04222416906_14496,3
04214476890_14497,3
04200936867_14498,3
04269876972_14499,3
03871246248_14500,3
03776166025_14501,3
04503367286_14502,3
04502407286_14503,3
03515975415_14504,3
04287487004_14505,3
422344690603_14506,3
04472017254_14507,3
03515825415_14508,3
04524357333_14509,3
04288637004_14510,3
03826976157_14511,3
04288637004_14512,3
04524037333_14513,3
03447665305_14514,3
04524357333_14515,3
03473695342_14516,3
04414407149_14517,1
03791366075_14518,1
03621225640_14519,1
03790676075_14520,1
03876406270_14521,3
04544227366_14522,1
03448325305_14523,3
04262886961_14524,12
04360997106_14525,1
03501785378_14526,1
04260246960_14527,1
04334587049_14528,1
04426327184_14529,1
03955496462_14530,1
04521387325_14531,3
04536787356_14532,3
03839396184_14533,3
03876486270_14534,3
04382157116_14535,3
04599307455_14536,3
04360257105_14537,3
03839836184_14538,3
04232466918_14539,3
04410277147_14540,3
03708415845_14541,3
04382157116_14542,3
03526625419_14543,3
04214016890_14544,3
04201036867_14545,3
04523987333_14546,3
04524377333_14547,3
04200316867_14548,3
03526755419_14549,1
03876486270_14550,3
03641895707_14551,3
03620445639_14552,3
04214566890_14553,3
04409307147_14554,1
03690395794_14555,1
03516245415_14556,1
03500915378_14557,1
03966266489_14558,2
04204626876_14559,4
04199526865_14560,2
03447505305_14561,2
03589025576_14562,5
03588915576_14563,5
03789426070_14564,2
03713415850_14565,2
04126796756_14566,1
03789426070_14567,2
03524235417_14568,2
04154976805_14569,3
03587195569_14570,1
03587075569_14571,1
03641785707_14572,3
03645665716_14573,1
04204236874_14574,15
03805526105_14575,1
04573557411_14576,1
04207036879_14577,4
03752955961_14578,5
03489775366_14579,1
03550315470_14580,1
03550455470_14581,1
03683155784_14582,1
03550075470_14583,1
03550355470_14584,1
04133546771_14585,1
03469155334_14586,1
03839816184_14587,2
03839196184_14588,2
03706085838_14589,3
03527285419_14590,9
03941926420_14591,5
03651505728_14592,2
04185756842_14593,1
04213296890_14594,2
04502717286_14595,1
03725385873_14596,2
03790936075_14597,9
04503097286_14598,2
04270526972_14599,2
03804946105_14600,2
04214196890_14601,2
03725175873_14602,2
04287557004_14603,2
03826446157_14604,2
04287557004_14605,2
03827386157_14606,2
03725295873_14607,2
04524027333_14608,2
03827386157_14609,2
04147956796_14610,2
04287557004_14611,2
04288527004_14612,2
03774836022_14613,2
03473495342_14614,2
04524027333_14615,2
03446995305_14616,2
03446995305_14617,2
03446995305_14618,2
03446995305_14619,2
03447195305_14620,2
03698725825_14621,1
03940126416_14622,1
03977286512_14623,1
03550455470_14624,1
03549975470_14625,1
03621245639_14626,3
03724805873_14627,3
04329567042_14628,3
04214646890_14629,3
04599547454_14630,3
04270226972_14631,3
03473595342_14632,1
04269336972_14633,3
03447985305_14634,3
04287617004_14635,3
03826526157_14636,3
04213536890_14637,3
04214476890_14638,3
04214356890_14639,3
03680435782_14640,3
04214466890_14641,3
04094426723_14642,9
04341987064_14643,3
03871826248_14644,3
04214656890_14645,3
04213646890_14646,3
04214566890_14647,3
03775056022_14648,3
04201036867_14649,3
04214306890_14650,3
04559757386_14651,3
421392689003_14652,3
03725025873_14653,3
03448455305_14654,3
04214306890_14655,3
04214356890_14656,3
04214656890_14657,3
04201056867_14658,3
04201166867_14659,3
04557887383_14660,3
04200516867_14661,3
04213666890_14662,3
04341897064_14663,3
04559447386_14664,3
04214606890_14665,3
04523957333_14666,3
04342667064_14667,3
03921816366_14668,3
04517957321_14669,3
04519577323_14670,3
03641835707_14671,3
04539897360_14672,3
04213496890_14673,3
04213546890_14674,3
04214666890_14675,3
04557887383_14676,3
04213666890_14677,3
03620485639_14678,3
04214356890_14679,3
04524397333_14680,3
04214096890_14681,3
04536207356_14682,3
04214456890_14683,3
03562985500_14684,3
03921816366_14685,3
04214646890_14686,3
04517957321_14687,3
04517957321_14688,3
03446935305_14689,3
03446935305_14690,3
03549965470_14691,1
03392045225_14692,1
03550315470_14693,1
03549965470_14694,1
03541765448_14695,9
03725295873_14696,2
03725295873_14697,2
04236896932_14698,4
03725175873_14699,2
04147006796_14700,2
04148116796_14701,2
04200916866_14702,2
03446995305_14703,2
03921366366_14704,15
03554595480_14705,4
03759875985_14706,4
03490025366_14707,1
03665415765_14708,1
03621195640_14709,1
04341497063_14710,4
03805576105_14711,1
04287057003_14712,1
04093156722_14713,1
03962256475_14714,1
04525607336_14715,4
04341497063_14716,4
03571805521_14717,12
04236896932_14718,4
03790936075_14719,9
03621165639_14720,3
03447485305_14721,3
04410277147_14722,3
04288107004_14723,3
03473875342_14724,3
03641895707_14725,3
03620925639_14726,3
03641845707_14727,3
03473875342_14728,3
447513725409_14729,9
04429517189_14730,3
04521127324_14731,1
04370987107_14732,1
03876406270_14733,3
03775876025_14734,3
03683105784_14735,1
03689555794_14736,1
04502257285_14737,2
04502257285_14738,2
03791796075_14739,2
03620705639_14740,9
03910006343_14741,1
04543267366_14742,9
03909786343_14743,1
03541715448_14744,9
04540737360_14745,1
03658165752_14746,1
04442477196_14747,9
03591345585_14748,1
03911216343_14749,1
03910086343_14750,1
04094426723_14751,9
03909746343_14752,1
03911206343_14753,1
03590815585_14754,1
03790936075_14755,9
04536797356_14756,1
03909746343_14757,1
03790936075_14758,9
03910296343_14759,1
03776436025_14760,1
03910296343_14761,1
04328047042_14762,1
03651565728_14763,1
03542955448_14764,9
04539587360_14765,1
04195826859_14766,1
04286887004_14767,1
03790936075_14768,9
03910296343_14769,1
04347637078_14770,1
03910536343_14771,1
04093496722_14772,1
03446735305_14773,1
03446735305_14774,1
03448325305_14775,3
03827466157_14776,3
03651775728_14777,3
03962256475_14778,1
04599307455_14779,3
04341987064_14780,3
03448085305_14781,3
04154186805_14782,3
03651645728_14783,3
03641815707_14784,3
04517957321_14785,3
03706085838_14786,3
04172616828_14787,1
03628975658_14788,1
04296127022_14789,1
03379265208_14790,1
03690215794_14791,1
04211116888_14792,1
03645895716_14793,1
04176796832_14794,1
04540197360_14795,1
04349157078_14796,1
04154806805_14797,3
04502957286_14798,1
04211116888_14799,1
03628845658_14800,1
03628975658_14801,1
03628845658_14802,1
03447175305_14803,1
04260126960_14804,1
04287087004_14805,1
03961496475_14806,1
04210986888_14807,1
03962256475_14808,1
04372057107_14809,1
04524207333_14810,1
03658435752_14811,1
03717395859_14812,1
03962256475_14813,1
03790676075_14814,1
04544387366_14815,1
03446715305_14816,1
03705455838_14817,3
03725005873_14818,3
03641785707_14819,3
04200726867_14820,3
04475097254_14821,1
03642495707_14822,3
04503317286_14823,3
03681325782_14824,3
03651645728_14825,3
03800436101_14826,1
04524447333_14827,3
03789046066_14828,1
03764865997_14829,3
04154676805_14830,3
04131856766_14831,1
04501977285_14832,3
04524147333_14833,3
03839936184_14834,3
03871286248_14835,3
04222046906_14836,3
03791276075_14837,1
03871896248_14838,3
03597765595_14839,1
04524087333_14840,3
03871156248_14841,3
04479057258_14842,3
04501977285_14843,3
04501977285_14844,3
03651895728_14845,3
04474867254_14846,3
04288267004_14847,3
04519677323_14848,3
03871596248_14849,3
03645975716_14850,3
03726085873_14851,3
04535967356_14852,3
03871596248_14853,3
03708595845_14854,3
03809286114_14855,3
04502517286_14856,3
04503317286_14857,3
03871556248_14858,3
380939611403_14859,3
03871896248_14860,3
03548875463_14861,3
03651365728_14862,3
04222946906_14863,3
04503367286_14864,3
04201146866_14865,3
03871706248_14866,3
03597765595_14867,1
03486655364_14868,3
04147046796_14869,3
04200686867_14870,3
04328937042_14871,3
03447185305_14872,3
03446675305_14873,3
04480627258_14874,3
03486395364_14875,1
04444127197_14876,3
03629405658_14877,1
03718115859_14878,1
03871396248_14879,3
03789096066_14880,1
03448045305_14881,1
03473735342_14882,1
04201186866_14883,3
03448325305_14884,3
03597815595_14885,3
03473595342_14886,1
03448045305_14887,1
04414277149_14888,1
04213946890_14889,3
03513555411_14890,1
03789056066_14891,3
379176607501_14892,1
04288107004_14893,3
04146596796_14894,3
04165226815_14895,2
03725025873_14896,3
04287667004_14897,1
04231956918_14898,1
04288517004_14899,3
03935196408_14900,1
03775986025_14901,3
03470705337_14902,1
04341787064_14903,3
04214306890_14904,3
03920756366_14905,3
03641815707_14906,3
03447175305_14907,1
04557497383_14908,3
04160166811_14909,3
03839686184_14910,3
04657833558_14911,3
04093696723_14912,9
03487235364_14913,1
03962056475_14914,1
411603674801_14915,1
03919356360_14916,1
03470175337_14917,19
03446675305_14918,3
03871706248_14919,3
04223186906_14920,3
04521937325_14921,1
03517405415_14922,1
03651645728_14923,3
03448085305_14924,3
03446675305_14925,3
03763915996_14926,1
04222826906_14927,3
04133766771_14928,1
03678415781_14929,1
03678585781_14930,1
03935356408_14931,1
03447855305_14932,3
03474445342_14933,1
04214666890_14934,3
04521937325_14935,1
03446725305_14936,3
04213516890_14937,3
04563207390_14938,3
03447135305_14939,3
04214406890_14940,3
03839976184_14941,3
03487235364_14942,1
04475117254_14943,3
04524077333_14944,3
03597535595_14945,3
04201036867_14946,3
04210566888_14947,1
04200316867_14948,3
03725035873_14949,3
04214666890_14950,3
03596735595_14951,3
04214566890_14952,3
04656953558_14953,3
03446575305_14954,3
03717765859_14955,3
03447505305_14956,2
03577165534_14957,3
03663655762_14958,4
04571627407_14959,1
03678765781_14960,1
03525895417_14961,1
04375927108_14962,1
04342857065_14963,1
04654123557_14964,3
03819526127_14965,1
04354607087_14966,1
03690155794_14967,1
04100166725_14968,1
03387715222_14969,1
04237366932_14970,4
03825756156_14971,1
03871856248_14972,3
04341787064_14973,3
03447185305_14974,3
03620805639_14975,3
347372534203_14976,3
04161666811_14977,1
04214466890_14978,3
03871336248_14979,3
03651925728_14980,3
03620485639_14981,3
03527145419_14982,1
03645925716_14983,1
03961566475_14984,1
03641785707_14985,3
04501957285_14986,1
04205006876_14987,4
03776076025_14988,3
04414267149_14989,1
04214406890_14990,3
03651925728_14991,3
03735275892_14992,3
03620755639_14993,3
03487235364_14994,1
03487235364_14995,1
04480727258_14996,3
03621015639_14997,3
04201036867_14998,3
03871476248_14999,3
03756615977_15000,3
04116006748_15001,3
03921386366_15002,3
03651925728_15003,3
03473685342_15004,3
03597685595_15005,3
04105816731_15006,1
03501385378_15007,1
04539757360_15008,1
03845206197_15009,1
04429817189_15010,3
03497435374_15011,1
04276976978_15012,1
04101166728_15013,4
03894166308_15014,4
03941926420_15015,5
04182626838_15016,4
04502917286_15017,1
04360257105_15018,3
03527625419_15019,2
03919466360_15020,2
03576905534_15021,2
03680205782_15022,3
03516145415_15023,2
03474605342_15024,1
03446555306_15025,1
03447375306_15026,1
04258096957_15027,1
03941886420_15028,1
04213886890_15029,3
04214356890_15030,3
04341787064_15031,3
04213786890_15032,3
04223386906_15033,3
03921916366_15034,3
03775876025_15035,3
03706405838_15036,3
03641785707_15037,3
04213946890_15038,3
04214656890_15039,3
03645655716_15040,3
03448325305_15041,3
04214626890_15042,3
03961566475_15043,1
03620445639_15044,3
03776026025_15045,3
04214356890_15046,3
04214626890_15047,3
03446435305_15048,3
03470535337_15049,3
04502407286_15050,3
04154186805_15051,3
04502277285_15052,3
03708985845_15053,3
03621275639_15054,3
04276786978_15055,3
03620485639_15056,3
419664686203_15057,3
04214356890_15058,3
03756505977_15059,3
03563355500_15060,3
03706365838_15061,3
04214096890_15062,3
04213516890_15063,3
03470535337_15064,3
04213666890_15065,3
04276846978_15066,3
04517957321_15067,3
04563167390_15068,3
04502407286_15069,3
04213516890_15070,3
03921086366_15071,3
03620485639_15072,3
04213576890_15073,3
04276786978_15074,3
03645655716_15075,3
03447855305_15076,3
03446335305_15077,3
03446335305_15078,3
03446335305_15079,3
03910326343_15080,1
03447235306_15081,1
04657973558_15082,1
04506157288_15083,1
03571395521_15084,1
04095886724_15085,1
03620755639_15086,3
04348757078_15087,1
03542245448_15088,2
03966496489_15089,2
03961286475_15090,1
04200646866_15091,1
04490357261_15092,2
03642425707_15093,2
03516285415_15094,1
03775996025_15095,1
04095456724_15096,1
04116876748_15097,1
03743475926_15098,1
04147766798_15099,1
04502267285_15100,1
04117026748_15101,1
03446265305_15102,1
03446265305_15103,1
04519497323_15104,3
03845206197_15105,1
04415427150_15106,3
04296077022_15107,1
04521587324_15108,1
03515715415_15109,3
03725475874_15110,1
03881596285_15111,1
03800786102_15112,1
04269336972_15113,3
04126276756_15114,1
04388507119_15115,3
04192696854_15116,1
04359087102_15117,1
03539675441_15118,4
03621225640_15119,1
03539865441_15120,4
04132126766_15121,1
04461947244_15122,1
03517195415_15123,1
04339717061_15124,4
03935116408_15125,1
04592087447_15126,1
04237226932_15127,4
04237226932_15128,4
04539697360_15129,1
04237226932_15130,4
03631775663_15131,5
04238106932_15132,4
03910006343_15133,1
04567957400_15134,4
04195816859_15135,1
03446905305_15136,2
03539755441_15137,4
04341027063_15138,4
04195816859_15139,1
03405665240_15140,1
04237016932_15141,4
04237366932_15142,4
04285967001_15143,4
03962096475_15144,2
03961516475_15145,2
03470375337_15146,2
347006533702_15147,2
03516615415_15148,2
03705555838_15149,2
03444285304_15150,2
03796506083_15151,5
04413367149_15152,2
03969506494_15153,1
03541965448_15154,2
04200846866_15155,2
04154116805_15156,2
03679945782_15157,2
03775716025_15158,2
03679515782_15159,3
04154986805_15160,3
03666575765_15161,3
03642435707_15162,1
04221616904_15163,1
03525795417_15164,1
04359207102_15165,1
04568807401_15166,1
03474505342_15167,1
03523885417_15168,1
03586775569_15169,1
03832756168_15170,1
03962056475_15171,1
04328427042_15172,1
03791876075_15173,1
04563857390_15174,3
03646075716_15175,3
03705475838_15176,3
04502487286_15177,3
03445645304_15178,3
04360257105_15179,3
04154876805_15180,1
04443717197_15181,3
03681415782_15182,1
04342527064_15183,3
03871596248_15184,3
04592097447_15185,2
04135716774_15186,1
04093206722_15187,1
04502197285_15188,1
03517575415_15189,3
04503207286_15190,1
03809336114_15191,3
03448255305_15192,3
03735225892_15193,3
04287487004_15194,3
04116236748_15195,1
03921936366_15196,3
03876736270_15197,3
04524357333_15198,3
04502467286_15199,3
04341767064_15200,3
03871246248_15201,3
04388677119_15202,3
03809376114_15203,3
03805666105_15204,3
04444127197_15205,3
450284728603_15206,3
04200616867_15207,3
03809246114_15208,3
03809246114_15209,3
04524357333_15210,3
03717265859_15211,3
04524357333_15212,3
03943696429_15213,1
03515755415_15214,3
03961436475_15215,3
04200726867_15216,3
04520997324_15217,3
04277086978_15218,3
04359087102_15219,1
04388657119_15220,3
04464997252_15221,1
03839656184_15222,3
04154856805_15223,3
422383690603_15224,3
03399355233_15225,1
04154256805_15226,3
392615637903_15227,3
03445425304_15228,3
03445535304_15229,3
03445535304_15230,3
03445535304_15231,3
03445535304_15232,3
03445535304_15233,3
03515465414_15234,3
04598187455_15235,3
04598247455_15236,3
04557857383_15237,3
03515305414_15238,3
04276846978_15239,3
04214016890_15240,3
03445305304_15241,3
03473765342_15242,1
447463725403_15243,3
03871336248_15244,3
03726235873_15245,7
03726325873_15246,7
04536297356_15247,7
04536297356_15248,7
03726235873_15249,7
04137456776_15250,10
04270366972_15251,7
04269456972_15252,7
04269456972_15253,7
03445335304_15254,7
03445335304_15255,7
04270436972_15256,7
03537465434_15257,7
04269586972_15258,7
04270246972_15259,7
04270536972_15260,7
04269456972_15261,7
04270246972_15262,7
04535467356_15263,7
04269456972_15264,7
04270366972_15265,7
04597827454_15266,7
04270246972_15267,7
04269456972_15268,7
04270536972_15269,7
03642165707_15270,7
04270366972_15271,7
04270366972_15272,7
04270246972_15273,7
04270246972_15274,7
04270366972_15275,7
03445515304_15276,7
03445515304_15277,7
03445515304_15278,7
03445515304_15279,7
03445515304_15280,7
03432565292_15281,2
03705695838_15282,3
03701715833_15283,1
03843506191_15284,1
04501937285_15285,3
04170276826_15286,3
03706365838_15287,3
03548885463_15288,3
370542583803_15289,3
04214056890_15290,3
04201216866_15291,3
03756615977_15292,3
03871136248_15293,3
03548885463_15294,3
04479907258_15295,3
03724805873_15296,3
04656953558_15297,3
03621275639_15298,3
04517957321_15299,3
03706085838_15300,3
03646215716_15301,3
03516225415_15302,3
04328427042_15303,1
03487235364_15304,1
04657833558_15305,3
03838516180_15306,1
04116526748_15307,1
04227736913_15308,1
03856736226_15309,1
04599747454_15310,3
04115926748_15311,1
03717475859_15312,1
04474497254_15313,3
04328427042_15314,1
03804976105_15315,1
03645495716_15316,3
04116246748_15317,1
04480747258_15318,3
03445795304_15319,3
04101246728_15320,4
03710535846_15321,1
04480517258_15322,3
03705695838_15323,3
04154746805_15324,3
03705695838_15325,3
04154256805_15326,3
04430337190_15327,1
04277086978_15328,3
04599847454_15329,3
04270326972_15330,3
03445635304_15331,3
04202746869_15332,1
04656983558_15333,3
04222246906_15334,3
03809426114_15335,3
03445635304_15336,3
03776236025_15337,3
03445325304_15338,7
03445325304_15339,7
03790876075_15340,2
04115976748_15341,7
03549085463_15342,2
03473815342_15343,7
03705695838_15344,3
04093696723_15345,9
03681415782_15346,1
04348217078_15347,1
03921366366_15348,15
03937116411_15349,1
03717265859_15350,3
03876406270_15351,3
04222946906_15352,3
04474437254_15353,3
03775966025_15354,3
03809426114_15355,3
04599747454_15356,3
04656953558_15357,3
04154966805_15358,3
447306725403_15359,3
04501937285_15360,3
03444835304_15361,3
04524147333_15362,3
04557887383_15363,3
03925706379_15364,3
04154656805_15365,3
03871306248_15366,3
04222936906_15367,3
04563827390_15368,3
04658223558_15369,3
03486445364_15370,1
03717435859_15371,3
04388657119_15372,3
03523195417_15373,1
03445635304_15374,3
04559497386_15375,3
03726075873_15376,3
03726075873_15377,3
03445635304_15378,3
03756705977_15379,3
03925706379_15380,3
04154856805_15381,3
04223656906_15382,3
03444705304_15383,3
03917586356_15384,2
03474535342_15385,1
04213496890_15386,3
04557407383_15387,3
04211276888_15388,3
04429537189_15389,3
04598427455_15390,1
423260691803_15391,3
04480477258_15392,3
04146646796_15393,3
03620755639_15394,3
03473595342_15395,1
04287617004_15396,3
03679665782_15397,3
03444965304_15398,3
04502407286_15399,3
03764475997_15400,3
03706065838_15401,3
04524427333_15402,3
03427315288_15403,3
455724738303_15404,3
04196506862_15405,3
03526625419_15406,3
03526625419_15407,3
03445235304_15408,3
03501655379_15409,1
03501655379_15410,1
03784356052_15411,2
04402137135_15412,10
03784416052_15413,2
03705485838_15414,2
04521607325_15415,7
04209276885_15416,5
04101626728_15417,4
04192716854_15418,1
04096166724_15419,1
04342807065_15420,1
03554595480_15421,4
03445125304_15422,7
03555185480_15423,4
04285937001_15424,4
04605497458_15425,4
04525297335_15426,4
04241486938_15427,4
03516895416_15428,6
04525097335_15429,4
03931036390_15430,4
03759455985_15431,4
04604757458_15432,4
04605127458_15433,4
03904106329_15434,4
03445105304_15435,7
03552555472_15436,1
03473935342_15437,1
03819406128_15438,2
03809406114_15439,2
03445485304_15440,7
03788976066_15441,2
03523585417_15442,1
03921686366_15443,2
03921686366_15444,2
03516075415_15445,2
04093426722_15446,2
04193726855_15447,4
03791846075_15448,1
03690385794_15449,1
03871206248_15450,1
04283186992_15451,4
03815396124_15452,1
03586525569_15453,1
03871136248_15454,3
03486045363_15455,9
03516175415_15456,3
03776166025_15457,3
04511837302_15458,1
04101286725_15459,1
04142076790_15460,4
04557907383_15461,3
04511957302_15462,1
03645495716_15463,3
04490657261_15464,3
03515975415_15465,3
04223656906_15466,3
450284728603_15467,3
03809426114_15468,3
03445425304_15469,3
04479727258_15470,3
03645495716_15471,3
03876456270_15472,3
03445255304_15473,3
03926476379_15474,3
04223656906_15475,3
03717265859_15476,3
04388657119_15477,3
03445255304_15478,3
422383690603_15479,3
03717265859_15480,3
380939611403_15481,3
03515825415_15482,3
04146536796_15483,3
03871286248_15484,3
03474555342_15485,1
03926356379_15486,3
03962256475_15487,1
03645495716_15488,3
03470495337_15489,3
03444705304_15490,3
04200726867_15491,3
03446585305_15492,1
03809926114_15493,3
03871306248_15494,3
03645985716_15495,3
04599547454_15496,3
03933836405_15497,1
04110266741_15498,1
04105786731_15499,1
03540515442_15500,1
03539955441_15501,4
04409727147_15502,2
03778336032_15503,10
03759875985_15504,4
04413177149_15505,2
04604467458_15506,4
03805186105_15507,3
04208826881_15508,4
03773856016_15509,4
04403057137_15510,4
04497147273_15511,1
04571187405_15512,5
04237276932_15513,4
04283806992_15514,4
04413277149_15515,9
03542275448_15516,2
04236976932_15517,4
04101486728_15518,4
04237276932_15519,4
04182476838_15520,4
03883606287_15521,1
04502407286_15522,3
04495067267_15523,1
03506505386_15524,1
03509875395_15525,1
03506505386_15526,1
03444415304_15527,1
03552555472_15528,1
03490105366_15529,1
03571805521_15530,12
04237116932_15531,4
04570747405_15532,5
04182716838_15533,4
03903666329_15534,4
03586825569_15535,2
03470805337_15536,2
04100366726_15537,1
04448427200_15538,4
04220856902_15539,4
04428667188_15540,1
03558735487_15541,1
03558735487_15542,1
04264436965_15543,1
03558735487_15544,1
03558735487_15545,1
04551307377_15546,4
03558735487_15547,1
03856896226_15548,4
04379957113_15549,1
04168696821_15550,4
03397655231_15551,1
03397655231_15552,1
03658945754_15553,1
03394885228_15554,1
03506785386_15555,1
03460375318_15556,1
03506425386_15557,1
03550395470_15558,1
03391335225_15559,1
03773966016_15560,4
04605127458_15561,4
03554105478_15562,1
04334837049_15563,1
04099516726_15564,1
04134256772_15565,1
04136156774_15566,1
03615005628_15567,1
03506445386_15568,1
04207336880_15569,1
03387725222_15570,1
03678275781_15571,1
03698265825_15572,1
03657965752_15573,1
03616175630_15574,1
03658075752_15575,1
03609445618_15576,1
04078986695_15577,1
03948716438_15578,1
04218006897_15579,1
04115466747_15580,1
03658575752_15581,1
04409747148_15582,1
03730775880_15583,1
03951456449_15584,1
03446985306_15585,1
04465247252_15586,1
03442475300_15587,1
03442475300_15588,1
04258226957_15589,1
03474045342_15590,1
03609795618_15591,1
03843686191_15592,1
03391795225_15593,1
03768446002_15594,1
03730535880_15595,1
03447705306_15596,1
03550095470_15597,1
03616625630_15598,1
04133876771_15599,1
04384027116_15600,1
03550455470_15601,1
03825726156_15602,1
04361517106_15603,4
04110586741_15604,1
04138246778_15605,1
04086356713_15606,4
03501835379_15607,1
04436407192_15608,1
04135716774_15609,1
03553545474_15610,12
03501805379_15611,1
04380267113_15612,1
04116296748_15613,1
03755955977_15614,1
03540155442_15615,1
04517027320_15616,1
04396977126_15617,4
04589457441_15618,4
03834296169_15619,4
04264316965_15620,4
04406807141_15621,4
03568255517_15622,2
03539845441_15623,4
04589027441_15624,4
03440935299_15625,4
03440935299_15626,4
03440935299_15627,4
03759105985_15628,4
04401947134_15629,4
03953326451_15630,10
03955766462_15631,1
03759455985_15632,4
03760125985_15633,4
03715375857_15634,1
04354907091_15635,3
04535917356_15636,3
03474535342_15637,1
04601127455_15638,3
04461877244_15639,1
03631425663_15640,5
03419395275_15641,1
04200616867_15642,3
03474025342_15643,1
03501335378_15644,1
03645435716_15645,1
04567327399_15646,12
04126226756_15647,1
04100166725_15648,1
04502197285_15649,1
04176266832_15650,1
03379675208_15651,1
04276616978_15652,3
03525895417_15653,1
03804876105_15654,1
03962056475_15655,1
03665325765_15656,1
04524147333_15657,3
04599497455_15658,1
03819526127_15659,1
03490435366_15660,1
04426337184_15661,1
03715345857_15662,1
03871536248_15663,3
03658025752_15664,1
03915986353_15665,1
04288027004_15666,1
03448325305_15667,3
04300097030_15668,1
03754215970_15669,4
03826166157_15670,1
03896196309_15671,1
04521587324_15672,1
04563637390_15673,3
03591765585_15674,1
04368837107_15675,12
04132016766_15676,1
03563285500_15677,3
04509947297_15678,3
03658445752_15679,1
03480865354_15680,1
04656953558_15681,3
03548885463_15682,3
04557887383_15683,3
04557687383_15684,3
03756615977_15685,3
04085666713_15686,1
04409887148_15687,1
03871536248_15688,3
03805666105_15689,3
03658765752_15690,1
03706365838_15691,3
04479907258_15692,3
04214096890_15693,3
03645655716_15694,3
04237016932_15695,4
04127206756_15696,1
03796626085_15697,1
03775876025_15698,3
03447735305_15699,3
04490657261_15700,3
03447735305_15701,3
04133876771_15702,1
03501385378_15703,1
03501355378_15704,1
04598247455_15705,3
03473595342_15706,1
04237306932_15707,4
03935246408_15708,1
03812836120_15709,1
04204646876_15710,4
03939876416_15711,1
04295757022_15712,1
03937136411_15713,1
03977056512_15714,1
03743445926_15715,1
03608425615_15716,1
03629085658_15717,1
04551587377_15718,1
04121096751_15719,1
03940486416_15720,1
03825756156_15721,1
04430157190_15722,1
04461117244_15723,1
04313857038_15724,3
03856636226_15725,1
03633635671_15726,1
03629495658_15727,1
04455597220_15728,1
04094566724_15729,1
03646225716_15730,1
04208936881_15731,4
04188816845_15732,1
04521457324_15733,1
03962056475_15734,1
04126226756_15735,1
04182776838_15736,4
04127086756_15737,1
04125886756_15738,1
03819946127_15739,1
04182586838_15740,4
04236896932_15741,4
04208936881_15742,4
03448325305_15743,3
04474497254_15744,3
03753115961_15745,5
04126176756_15746,1
03631775663_15747,5
03498075374_15748,1
03590225584_15749,5
04600837455_15750,3
03478955350_15751,10
04600737455_15752,3
04273416975_15753,3
03525895417_15754,1
04474787255_15755,1
04191606853_15756,5
03930896390_15757,4
04236896932_15758,4
03631525663_15759,5
03590275584_15760,5
03590245584_15761,5
04283186992_15762,4
04237946932_15763,4
04236896932_15764,4
04237306932_15765,4
04283686992_15766,4
04236946932_15767,4
03631905663_15768,5
04237636932_15769,4
04435657192_15770,3
04206816879_15771,4
03588905576_15772,5
04525387336_15773,4
04599847454_15774,3
04439907195_15775,3
03497805374_15776,1
04436577192_15777,3
04559457386_15778,3
04132046766_15779,1
03826726157_15780,3
04436577192_15781,3
04559447386_15782,3
03379685208_15783,1
03773826016_15784,1
03715345857_15785,1
04259846960_15786,1
04214566890_15787,3
04465087252_15788,1
04191516853_15789,5
03941876420_15790,5
03759915985_15791,4
03753145961_15792,5
04496607272_15793,5
04191516853_15794,5
03503055380_15795,5
04570997405_15796,5
04571047405_15797,5
348420535905_15798,5
03571385521_15799,5
03554735480_15800,4
04205546876_15801,4
03590355584_15802,5
03571385521_15803,5
03554635480_15804,4
04206516878_15805,4
04182896838_15806,4
04353707082_15807,5
03753135961_15808,5
03943506429_15809,1
04353707082_15810,5
03473325341_15811,5
04208696881_15812,4
04237016932_15813,4
04208706881_15814,4
04567907400_15815,4
03796506083_15816,5
04208766881_15817,4
04204696876_15818,4
04236896932_15819,4
04237146932_15820,4
04237086932_15821,4
03539755441_15822,4
04182876838_15823,4
04475087254_15824,9
04205096876_15825,4
04569877403_15826,4
04205566876_15827,4
03903446328_15828,5
435464708705_15829,5
03631525663_15830,5
03752815961_15831,5
04191606853_15832,5
03549535469_15833,6
03502965380_15834,5
03941876420_15835,5
03631625663_15836,5
03572185521_15837,5
04192776854_15838,1
04402377135_15839,10
03903036328_15840,5
03771336010_15841,4
03589025576_15842,5
435464708705_15843,5
04116426748_15844,1
04354557087_15845,5
04283616992_15846,4
03539745441_15847,4
03903666329_15848,4
04283406991_15849,5
03493925369_15850,1
04461727244_15851,1
03575575531_15852,4
04658223558_15853,3
04373607108_15854,1
03776526025_15855,3
03650445725_15856,1
03837156178_15857,1
04557787383_15858,3
03445365304_15859,3
04598317455_15860,3
04557687383_15861,3
04479637258_15862,3
03961756475_15863,1
03548875463_15864,3
04375717108_15865,1
03553545474_15866,12
03581665544_15867,2
03803936104_15868,1
03803956104_15869,1
04599267455_15870,1
04295687022_15871,1
03501255378_15872,1
04295787022_15873,1
03500935378_15874,1
04100166725_15875,1
04550937377_15876,1
03619665638_15877,1
03658205752_15878,1
03698775825_15879,1
03755475976_15880,2
03553545474_15881,12
03656345748_15882,1
03516445414_15883,1
03838396180_15884,1
03968766494_15885,1
04300287031_15886,1
03705565838_15887,2
03501235378_15888,1
04521217324_15889,1
03955456462_15890,1
04461147244_15891,1
03553545474_15892,12
04298767027_15893,1
03553545474_15894,12
03555055480_15895,4
03555065480_15896,4
03636375685_15897,4
03497165374_15898,1
03434305293_15899,1
04300717031_15900,1
03615765630_15901,1
04527367339_15902,2
04402197135_15903,10
03760125985_15904,4
04604957458_15905,4
04376997110_15906,1
04134256772_15907,1
03826196156_15908,1
04376997110_15909,1
03826196156_15910,1
03553545474_15911,12
03550315470_15912,1
03589025576_15913,5
03924076368_15914,5
03924076368_15915,5
03903446328_15916,5
03784006047_15917,5
04374237108_15918,5
03924326368_15919,5
435464708705_15920,5
04375257108_15921,5
04375447108_15922,5
03533985426_15923,5
03924426368_15924,5
03924276368_15925,5
03784006047_15926,5
04375627108_15927,5
03784006047_15928,5
03631975663_15929,5
03924086368_15930,5
03941926420_15931,5
03631975663_15932,5
04496507272_15933,5
03484275359_15934,5
03941926420_15935,5
04476757256_15936,5
04374617108_15937,5
03796466083_15938,5
03903496328_15939,5
03484295359_15940,5
04262686961_15941,5
04345617073_15942,5
04262686961_15943,5
04096166724_15944,1
04515587318_15945,5
04095266724_15946,1
03588905576_15947,5
03924426368_15948,5
04353867082_15949,5
04373027108_15950,5
03924226368_15951,5
03484105359_15952,5
03924136368_15953,5
03571425521_15954,5
04570877405_15955,5
03588905576_15956,5
04570877405_15957,5
04262726961_15958,5
03490595366_15959,1
03956536464_15960,5
03588955576_15961,5
04354557087_15962,5
04570877405_15963,5
04476967256_15964,5
03800676101_15965,5
03435605294_15966,5
03435605294_15967,5
435464708705_15968,5
03503055380_15969,5
03503055380_15970,5
04476847256_15971,5
04373137108_15972,5
03572045521_15973,5
03924316368_15974,5
03924446368_15975,5
03924026368_15976,5
03435645294_15977,5
03924026368_15978,5
348420535905_15979,5
04376457108_15980,5
04334567049_15981,1
03776236025_15982,3
04334317049_15983,1
03445635304_15984,3
04517957321_15985,3
03908866342_15986,1
04597817454_15987,3
04120746751_15988,1
03646615718_15989,1
03379705208_15990,1
03826946157_15991,3
380939611403_15992,3
03645175716_15993,1
04563167390_15994,3
03832486168_15995,1
03809376114_15996,3
03809376114_15997,3
04599497455_15998,1
03379315208_15999,1
380939611403_16000,3
04261196960_16001,1
03459615316_16002,1
03444735304_16003,3
03838416180_16004,1
04474997254_16005,3
04095456724_16006,1
03873876251_16007,1
03416925270_16008,1
03798496092_16009,3
03961496475_16010,1
03645435716_16011,1
04286787004_16012,3
03629465658_16013,1
03645175716_16014,1
04600207455_16015,1
03809246114_16016,3
03925586379_16017,3
04288087004_16018,3
03961896475_16019,1
03445635304_16020,3
03645495716_16021,3
03645495716_16022,3
04214566890_16023,3
03926446379_16024,3
04270436972_16025,7
03505555383_16026,2
04402197135_16027,10
03535285429_16028,1
03535285429_16029,1
04135696774_16030,1
04496547272_16031,5
03533675426_16032,5
435464708705_16033,5
03924326368_16034,5
03484185359_16035,5
03484425359_16036,5
03924336368_16037,5
04345627073_16038,5
03435565294_16039,5
04342487065_16040,5
03924116368_16041,5
04376227108_16042,5
03801476101_16043,5
03692265800_16044,5
04375967108_16045,5
03801166101_16046,5
03924026368_16047,5
04376457108_16048,5
03924176368_16049,5
04342437065_16050,5
03503425380_16051,5
04375577108_16052,5
04374667108_16053,5
04375577108_16054,5
03801676101_16055,5
03924276368_16056,5
03435395294_16057,5
03435395294_16058,5
03435395294_16059,5
03435395294_16060,5
03435395294_16061,5
03435395294_16062,5
04373137108_16063,5
04342437065_16064,5
03435585294_16065,5
03533675426_16066,5
03924426368_16067,5
04374527108_16068,5
03435855294_16069,5
03956426464_16070,5
03924126368_16071,5
03924446368_16072,5
03924326368_16073,5
03924446368_16074,5
03435375294_16075,5
03798666092_16076,1
04547857374_16077,2
03535095429_16078,1
443685719203_16079,3
03895086309_16080,1
03924446368_16081,5
03800476101_16082,5
03801186101_16083,5
04531277347_16084,5
03800676101_16085,5
03800676101_16086,5
03800776101_16087,5
03800676101_16088,5
03924286368_16089,5
03801666101_16090,5
03800676101_16091,5
04372977108_16092,5
03801166101_16093,5
03800676101_16094,5
04372977108_16095,5
04476147256_16096,5
04376227108_16097,5
03924186368_16098,5
04570877405_16099,5
04373307108_16100,5
03588955576_16101,5
04342487065_16102,5
04375257108_16103,5
03502965380_16104,5
04354567087_16105,5
03753075961_16106,5
03435335294_16107,5
03435335294_16108,5
03435335294_16109,5
04342437065_16110,5
03801086101_16111,5
04383137117_16112,2
04343217065_16113,5
03924296368_16114,5
04496547272_16115,5
04373067108_16116,5
03481615355_16117,5
04376227108_16118,5
04376227108_16119,5
04376227108_16120,5
03435245294_16121,5
04094066723_16122,2
03445515304_16123,7
03903596329_16124,4
04604977458_16125,4
04283956992_16126,4
04604507458_16127,4
03516895416_16128,6
04124716755_16129,5
04373307108_16130,5
04373137108_16131,5
04413817149_16132,2
03435515294_16133,5
04147156796_16134,2
04084346706_16135,5
04376527108_16136,5
03435275294_16137,5
04373327108_16138,5
04376527108_16139,5
03435605294_16140,5
04374527108_16141,5
03435165294_16142,5
04124756755_16143,5
04374167108_16144,5
04476147256_16145,5
04496507272_16146,5
04343217065_16147,5
03801676101_16148,5
04343217065_16149,5
04374667108_16150,5
03435275294_16151,5
03435245294_16152,5
04374667108_16153,5
03435245294_16154,5
03435565294_16155,5
03924326368_16156,5
04476147256_16157,5
03774346021_16158,5
04376507108_16159,5
03924236368_16160,5
03800676101_16161,5
03588955576_16162,5
04342497065_16163,5
04375447108_16164,5
04375677108_16165,5
04374277108_16166,5
03435665294_16167,5
03800476101_16168,5
04376507108_16169,5
03924236368_16170,5
03800476101_16171,5
04375447108_16172,5
03800766101_16173,5
04374237108_16174,5
03800476101_16175,5
03801646101_16176,5
03800916101_16177,5
03924336368_16178,5
03915866351_16179,5
04374237108_16180,5
04374387108_16181,5
04476387256_16182,5
04476867256_16183,5
03801396101_16184,5
03800916101_16185,5
03915866351_16186,5
04375447108_16187,5
04376507108_16188,5
03435825294_16189,5
03801616101_16190,5
04476787256_16191,5
03801646101_16192,5
03435845294_16193,5
03435115294_16194,5
03435115294_16195,5
03435115294_16196,5
03435115294_16197,5
03435115294_16198,5
03924176368_16199,5
03801646101_16200,5
04084476706_16201,5
04374387108_16202,5
04373287108_16203,5
03435345294_16204,5
03955076461_16205,5
03924136368_16206,5
04476147256_16207,5
04373257108_16208,5
03435375294_16209,5
03801676101_16210,5
04375817108_16211,5
04476507256_16212,5
03924236368_16213,5
04376347108_16214,5
04476567256_16215,5
04373257108_16216,5
03801596101_16217,5
03924226368_16218,5
04375257108_16219,5
04373327108_16220,5
04374387108_16221,5
03801186101_16222,5
03800676101_16223,5
03924046368_16224,5
03435565294_16225,5
04476567256_16226,5
04476147256_16227,5
04342437065_16228,5
03435135294_16229,5
04150696800_16230,5
03801476101_16231,5
03800846101_16232,5
04376457108_16233,5
03924286368_16234,5
03435565294_16235,5
04374167108_16236,5
04375257108_16237,5
03435275294_16238,5
03800676101_16239,5
03801676101_16240,5
04376457108_16241,5
04376457108_16242,5
03435115294_16243,5
04375577108_16244,5
04373187108_16245,5
03924286368_16246,5
03435605294_16247,5
04343217065_16248,5
04375087108_16249,5
04374667108_16250,5
03435255294_16251,5
04373067108_16252,5
03435645294_16253,5
04342487065_16254,5
04376227108_16255,5
03435115294_16256,5
04373457108_16257,5
03435255294_16258,5
03435245294_16259,5
04376457108_16260,5
04375577108_16261,5
04342297065_16262,5
04343217065_16263,5
03435075294_16264,5
03435075294_16265,5
04101876728_16266,4
03754245970_16267,4
04283686992_16268,4
04283156992_16269,4
03596825595_16270,3
04263196961_16271,5
04524077333_16272,3
04236896932_16273,4
03484425359_16274,5
04460917244_16275,1
03498045374_16276,1
03484105359_16277,5
03780766038_16278,1
03497755374_16279,1
04127196756_16280,1
03780876038_16281,1
03814736124_16282,1
03796506083_16283,5
04336927054_16284,4
03843596191_16285,1
03843476191_16286,1
04127086756_16287,1
04127196756_16288,1
03838236180_16289,1
03497665374_16290,1
04461937244_16291,1
03434645293_16292,1
03497485374_16293,1
03501445378_16294,1
04403087137_16295,4
04099886725_16296,1
03556585482_16297,1
03814766124_16298,1
03453755309_16299,1
04401977134_16300,4
04106216731_16301,1
03838426180_16302,1
03903596329_16303,4
04336907054_16304,4
04105996731_16305,1
04099236726_16306,1
03535575429_16307,1
03556575482_16308,1
04461717244_16309,1
03813696123_16310,1
04551437377_16311,1
03889006300_16312,2
04455447220_16313,1
03496795374_16314,1
03446565306_16315,1
04342857065_16316,1
04101136728_16317,4
04283476992_16318,4
03752815961_16319,5
04182876838_16320,4
04208716881_16321,4
03939866416_16322,1
04208776881_16323,4
04401777134_16324,4
03497545374_16325,1
03768306002_16326,1
04460917244_16327,1
03497805374_16328,1
04460917244_16329,1
04460917244_16330,1
04343007065_16331,1
03657965752_16332,1
03881596285_16333,1
03813316120_16334,1
04099606726_16335,1
04096346724_16336,1
04100006725_16337,1
04185946842_16338,1
03940346416_16339,1
04099646725_16340,1
04099046725_16341,1
03433545293_16342,1
04186036842_16343,1
03694275805_16344,1
03615005628_16345,1
03434415293_16346,1
03391755225_16347,1
04099446726_16348,1
04185526842_16349,1
03773856016_16350,4
03784006047_16351,5
03760125985_16352,4
03814076124_16353,1
04354667087_16354,5
04205546876_16355,4
04236826932_16356,4
03754215970_16357,4
03958336470_16358,1
04241366938_16359,4
04237536932_16360,4
04205546876_16361,4
03501535378_16362,1
04101516728_16363,4
03461545323_16364,5
04285927001_16365,4
03916066354_16366,1
03717495859_16367,1
03663885762_16368,4
03490685366_16369,1
03500785378_16370,1
03550125470_16371,1
04557497383_16372,3
03447845306_16373,1
03446455306_16374,1
03553545474_16375,12
03525465417_16376,1
03875936262_16377,4
03493515369_16378,1
03849116201_16379,1
03461425323_16380,5
04182916838_16381,4
03815306124_16382,1
04283156992_16383,4
04101676728_16384,4
04401677134_16385,4
03735535894_16386,1
04460917244_16387,1
03387595222_16388,1
03397525231_16389,1
03523275417_16390,1
03391305225_16391,1
03434035293_16392,1
03558885487_16393,1
03506425386_16394,1
03840936187_16395,1
03447775306_16396,1
03550265470_16397,1
03892216306_16398,1
03977286512_16399,1
03447085306_16400,1
03658215752_16401,1
04497727273_16402,1
03447375306_16403,1
03433915293_16404,1
04429907190_16405,1
03442385300_16406,1
04208846881_16407,4
03658555752_16408,1
03453355308_16409,1
04133796771_16410,1
03446885306_16411,1
03735635894_16412,1
04126526756_16413,1
03814436124_16414,1
04559967386_16415,3
03815196124_16416,1
382611615701_16417,1
03497975374_16418,1
04419347161_16419,1
04079006695_16420,1
03698725825_16421,1
04126006756_16422,1
04125886756_16423,1
04548697375_16424,1
03433965293_16425,1
03421065277_16426,1
03496795374_16427,1
04131846766_16428,1
04176356832_16429,1
04359207102_16430,1
04568927401_16431,1
03747405940_16432,1
04359207102_16433,1
03433935293_16434,1
03433885293_16435,1
04226656913_16436,3
03590975585_16437,1
03657845752_16438,1
04099376726_16439,1
03433935293_16440,1
03940136416_16441,1
04236896932_16442,4
04176836832_16443,1
04568657401_16444,1
03497975374_16445,1
04431107190_16446,1
04126006756_16447,1
04461337244_16448,1
04577507417_16449,1
03717695859_16450,1
03707315844_16451,1
03387775222_16452,1
03453455308_16453,1
04205466876_16454,4
03434565293_16455,1
04521677324_16456,1
03490285366_16457,1
04133516771_16458,1
03497655374_16459,1
04461777244_16460,1
04134196771_16461,1
03568365517_16462,1
04258266957_16463,1
03754265970_16464,4
03397115231_16465,1
03931856398_16466,1
03568365517_16467,1
04096846724_16468,1
04342357065_16469,1
04491057262_16470,3
03434025293_16471,1
03865226237_16472,2
03843616191_16473,1
03904366330_16474,1
04461827244_16475,1
03419215275_16476,1
03838206180_16477,1
03845646197_16478,1
03452935308_16479,1
03568365517_16480,1
04521497324_16481,1
04100736726_16482,1
03397495231_16483,1
03713445850_16484,1
04461757244_16485,1
03935666408_16486,1
03493735369_16487,1
04563277390_16488,3
03814436124_16489,1
04100736726_16490,1
03939816416_16491,1
03891556306_16492,1
03888526299_16493,1
03837156178_16494,1
04342647065_16495,1
04506207288_16496,1
03715555857_16497,1
03937276412_16498,1
03456205311_16499,1
03497185374_16500,1
03497595374_16501,1
03433705293_16502,1
03939816416_16503,1
04569167401_16504,1
04569167401_16505,1
03940106416_16506,1
03433675293_16507,1
03433675293_16508,1
03433675293_16509,1
03433195293_16510,1
04099326726_16511,1
03556565482_16512,1
03607235612_16513,1
03931906398_16514,1
03609795618_16515,1
03525555417_16516,1
04313207038_16517,1
03535575429_16518,1
03535625429_16519,1
03838426180_16520,1
03932146399_16521,8
03560245495_16522,1
03535555429_16523,1
03609825618_16524,1
03558715487_16525,1
03535575429_16526,1
03557015482_16527,1
03535145429_16528,1
03841226187_16529,1
03849146201_16530,1
03535045429_16531,1
03433665293_16532,1
03435805294_16533,1
04287067003_16534,1
04461707244_16535,1
03935666408_16536,1
04100456725_16537,1
03826716156_16538,1
03935666408_16539,1
03838176180_16540,1
03940186416_16541,1
03935666408_16542,1
04536097356_16543,1
04571737407_16544,1
03891696306_16545,1
03820006127_16546,1
04133516771_16547,1
03939916416_16548,1
03796626085_16549,1
04513277308_16550,1
03755825976_16551,1
03817546126_16552,1
03791596076_16553,1
03940106416_16554,1
04342697065_16555,1
03796626085_16556,1
03907696336_16557,1
03814936124_16558,1
03814936124_16559,1
04199286865_16560,1
03814506124_16561,1
04521457324_16562,1
03433655293_16563,1
03433655293_16564,1
03433655293_16565,1
03434315293_16566,1
04497147273_16567,1
04133546771_16568,1
03833396168_16569,1
03535035429_16570,1
03455745311_16571,1
03447565306_16572,1
03433675293_16573,1
03558885487_16574,1
03535645429_16575,1
03535615429_16576,1
03791436076_16577,1
03453825309_16578,1
03843656191_16579,1
04096896724_16580,1
03940106416_16581,1
03759025985_16582,4
03759885985_16583,4
03554385478_16584,1
04285987001_16585,4
03869526241_16586,5
04134296772_16587,1
03556735482_16588,1
03515315414_16589,1
03833406168_16590,1
03814806124_16591,1
03535625429_16592,1
04403087137_16593,4
03501465378_16594,1
03501095378_16595,1
04094816724_16596,1
03865126237_16597,1
03609155618_16598,1
03838186180_16599,1
03849116201_16600,1
04102176728_16601,1
03843846191_16602,1
03572025521_16603,1
03892146306_16604,1
04133796771_16605,1
03550005470_16606,1
04197056862_16607,3
04598327455_16608,1
04100166725_16609,1
04490627261_16610,3
04172616828_16611,1
03615035628_16612,1
03843686191_16613,1
03490665366_16614,1
03571825521_16615,1
03977286512_16616,1
03780676038_16617,1
03780676038_16618,1
03891906306_16619,1
03977286512_16620,1
03497655374_16621,1
03891906306_16622,1
03892086306_16623,1
03780766038_16624,1
03434565293_16625,1
04460887244_16626,1
04126516756_16627,1
04176116832_16628,1
04571737407_16629,1
03814736124_16630,1
03493985369_16631,1
03489845366_16632,1
03937276412_16633,1
04133546771_16634,1
03940196416_16635,1
04521247324_16636,1
03454015309_16637,1
03557015482_16638,1
03931736398_16639,1
04099766725_16640,1
04101196725_16641,1
04106016731_16642,1
03849016201_16643,1
03838186180_16644,1
03433465293_16645,1
03556575482_16646,1
03433325293_16647,1
04535767356_16648,3
03576975534_16649,1
04461227244_16650,1
04460917244_16651,1
03497875374_16652,1
04521297324_16653,1
04410107148_16654,1
03891906306_16655,1
04571767407_16656,1
04571767407_16657,1
04460917244_16658,1
03814766124_16659,1
04247386949_16660,4
03891906306_16661,1
03820006127_16662,1
04461777244_16663,1
04460917244_16664,1
03937206412_16665,1
04461897244_16666,1
04133886771_16667,1
03814736124_16668,1
03497545374_16669,1
04461777244_16670,1
04460917244_16671,1
04126656756_16672,1
03497825374_16673,1
04460917244_16674,1
04461777244_16675,1
03490025366_16676,1
04521457324_16677,1
04133706771_16678,1
03433735293_16679,1
04465307252_16680,1
03434505293_16681,1
03433175293_16682,1
04461777244_16683,1
04133546771_16684,1
03433465293_16685,1
03780826038_16686,1
03433055293_16687,1
03845206197_16688,1
03845506197_16689,1
04521357324_16690,1
04571827407_16691,1
03657915752_16692,1
04461547244_16693,1
03391225225_16694,1
03433725293_16695,1
04521737324_16696,1
04461087244_16697,1
03939816416_16698,1
04136286774_16699,1
03939816416_16700,1
04133636772_16701,1
03486045363_16702,9
03433775293_16703,1
03977206512_16704,1
03604895610_16705,1
04292637007_16706,1
04571797407_16707,1
04100756726_16708,1
03735695894_16709,1
04568697401_16710,1
04101106726_16711,1
03497875374_16712,1
04563277390_16713,3
04461547244_16714,1
03452935308_16715,1
04126796756_16716,1
03434115293_16717,1
04133936771_16718,1
03780586038_16719,1
03433065293_16720,1
03433065293_16721,1
03433065293_16722,1
03498055374_16723,1
03843656191_16724,1
04461897244_16725,1
04601247455_16726,3
03693815805_16727,1
03814076124_16728,1
03838176180_16729,1
03497595374_16730,1
04121096751_16731,1
03838426180_16732,1
04521457324_16733,1
03501535378_16734,1
03814196124_16735,1
04126696756_16736,1
03814446124_16737,1
04133936771_16738,1
04309287035_16739,1
04205466876_16740,4
03916236353_16741,1
03814846124_16742,1
03780886038_16743,1
03433605293_16744,1
03751665959_16745,1
03434025293_16746,1
342161527701_16747,1
04461777244_16748,1
03497775374_16749,1
03433065293_16750,1
03433065293_16751,1
03480345354_16752,1
03542735448_16753,1
04148516796_16754,2
03525515417_16755,1
03651335728_16756,2
04592827447_16757,1
03680765782_16758,2
04161186811_16759,2
04154156805_16760,2
03705565838_16761,2
04094796723_16762,2
03679825782_16763,2
04154156805_16764,2
04521947325_16765,2
03785076052_16766,3
03542245448_16767,2
03784336052_16768,3
04341787064_16769,3
03432805292_16770,3
03680845782_16771,2
03432855292_16772,3
04341987064_16773,3
04592647447_16774,3
03680755782_16775,2
04591567447_16776,3
03432805292_16777,3
03432175292_16778,3
03432625292_16779,3
03432605292_16780,3
04409617147_16781,3
03432855292_16782,3
04409617147_16783,3
03432455292_16784,3
03432455292_16785,3
03432455292_16786,3
03432455292_16787,3
03432455292_16788,3
03432455292_16789,3
04598297454_16790,3
04559827386_16791,3
04388867119_16792,3
04550587377_16793,1
03524695417_16794,1
04600307455_16795,1
460110745501_16796,1
455729738303_16797,3
03474575342_16798,1
422661691303_16799,3
04132006766_16800,1
04598317455_16801,3
04183706840_16802,1
03474045342_16803,1
04312147038_16804,3
04273446975_16805,3
04653333557_16806,3
04272966975_16807,3
03714665855_16808,1
04269976972_16809,3
04519577323_16810,3
03815136124_16811,1
03894936309_16812,3
04214646890_16813,3
03939816416_16814,1
04272876975_16815,3
04656953558_16816,3
04133936771_16817,1
04599037455_16818,3
03894936309_16819,3
388928629903_16820,3
03496065372_16821,1
466243356103_16822,3
04436097192_16823,1
04314257038_16824,3
04439907195_16825,3
03929846388_16826,1
04314347038_16827,3
04313897038_16828,3
04664303562_16829,3
04273136975_16830,2
04300527031_16831,2
03845316197_16832,2
03714475855_16833,2
04435817192_16834,2
03431345291_16835,2
03535725429_16836,1
04439847195_16837,1
03633945672_16838,4
04140376785_16839,4
03878416276_16840,9
03445105304_16841,7
03535245429_16842,1
03431335291_16843,9
03431335291_16844,9
03608525615_16845,3
04437627192_16846,3
04707503564_16847,3
04712343565_16848,3
04599747454_16849,3
04160706812_16850,3
04661883561_16851,3
04265156967_16852,3
04354907091_16853,3
03895866309_16854,3
04440257195_16855,3
04161396812_16856,3
04269506972_16857,7
04264706967_16858,2
03582265544_16859,2
04575127412_16860,2
04427407186_16861,2
03568165517_16862,1
04204746876_16863,4
03939946416_16864,1
04270226972_16865,3
04270326972_16866,3
04314317038_16867,3
03952226450_16868,1
03523195417_16869,1
04276786978_16870,3
04598317455_16871,3
04127316756_16872,1
04313427038_16873,3
03898976320_16874,2
04133626771_16875,1
04519557323_16876,3
04228066913_16877,1
03489965366_16878,1
04273906975_16879,3
04521677324_16880,1
03683185784_16881,1
03524105417_16882,1
03895176309_16883,3
392615637903_16884,3
04563917390_16885,3
03722875870_16886,3
04524137333_16887,1
04654173557_16888,3
03888886299_16889,3
03590545585_16890,1
04653273557_16891,3
04160726812_16892,3
03895966309_16893,3
03725955873_16894,3
04526487339_16895,3
04713703565_16896,3
03699815827_16897,3
04662363561_16898,3
03431225291_16899,3
03431225291_16900,3
04559847386_16901,1
03776166025_16902,3
443685719203_16903,3
04134116771_16904,1
03717345859_16905,3
04598317455_16906,3
04563857390_16907,3
04600737455_16908,3
03780616038_16909,1
03809636114_16910,3
04133796771_16911,1
04133706771_16912,1
03838076180_16913,1
04598317455_16914,3
04652863557_16915,3
04461227244_16916,1
03717345859_16917,3
04598317455_16918,3
04214586890_16919,3
04491057262_16920,3
04568537401_16921,1
04519807323_16922,3
04652863557_16923,3
04521827325_16924,3
04652863557_16925,3
04563167390_16926,3
04598857454_16927,3
04598317455_16928,3
04133536771_16929,1
04313897038_16930,3
04313897038_16931,3
04563167390_16932,3
04601247455_16933,3
04563277390_16934,3
04313897038_16935,3
343119529103_16936,3
343119529103_16937,3
03645655716_16938,3
04270746972_16939,3
04599747454_16940,3
04521517325_16941,3
04160706812_16942,3
03888336299_16943,3
04656953558_16944,3
03717335859_16945,3
04599037455_16946,3
04227746913_16947,3
04600737455_16948,3
04521747325_16949,3
03888396299_16950,3
392615637903_16951,3
04200726867_16952,3
04272446975_16953,3
03417215270_16954,1
04222336906_16955,3
04559547386_16956,3
04227676913_16957,3
04559967386_16958,3
04600837455_16959,3
04388657119_16960,3
04388657119_16961,3
04269786972_16962,3
04559497386_16963,3
04272446975_16964,3
03809336114_16965,3
03805536105_16966,3
04501767285_16967,3
04653253557_16968,3
04160926812_16969,3
04270066972_16970,3
04519627323_16971,3
392615637903_16972,3
04270606972_16973,3
04272406975_16974,3
455805738303_16975,3
04490627261_16976,3
04270376972_16977,3
03888396299_16978,3
04270746972_16979,3
03717485859_16980,3
04521517325_16981,3
04227916913_16982,3
04270796972_16983,3
04519627323_16984,3
04388657119_16985,3
04160756812_16986,3
04227746913_16987,3
04312007038_16988,3
04388587119_16989,3
04227746913_16990,3
04269966972_16991,3
04490977262_16992,3
04270796972_16993,3
04557907383_16994,3
04272446975_16995,3
04389287119_16996,3
04559547386_16997,3
04557907383_16998,3
04600607455_16999,3
04388657119_17000,3
04273416975_17001,3
04519627323_17002,3
04226656913_17003,3
04557907383_17004,3
04270376972_17005,3
04440317195_17006,3
04273946975_17007,3
04388677119_17008,3
04388657119_17009,3
04439857195_17010,3
04519467323_17011,3
04559497386_17012,3
04600607455_17013,3
04439857195_17014,3
04270066972_17015,3
04312147038_17016,3
03805666105_17017,3
04388657119_17018,3
04388657119_17019,3
04273946975_17020,3
04519627323_17021,3
04312147038_17022,3
04557907383_17023,3
03431165291_17024,3
03431165291_17025,3
03431165291_17026,3
03431165291_17027,3
04196966862_17028,3
04313087038_17029,1
03933736405_17030,1
04653133557_17031,1
04599547454_17032,3
04227566913_17033,3
04662463561_17034,3
03473815342_17035,7
03738685908_17036,2
04339117060_17037,2
03714675855_17038,2
03617705632_17039,2
04575057412_17040,2
04575127412_17041,2
03714795855_17042,2
04575127412_17043,2
03483755358_17044,2
04389387119_17045,2
03461925325_17046,2
04339117060_17047,2
04427357186_17048,2
04563757390_17049,2
04427327186_17050,2
03755315976_17051,2
03568295517_17052,2
03739015908_17053,2
03483785358_17054,2
03889396299_17055,2
04653183557_17056,2
04575127412_17057,2
04148166798_17058,2
03739305908_17059,2
04300527031_17060,2
03896116309_17061,2
04661483561_17062,2
03889396299_17063,2
04490407262_17064,2
03878636276_17065,2
04339327060_17066,2
03462355325_17067,2
03755315976_17068,2
03738615908_17069,2
03888016299_17070,2
04355267091_17071,2
04427357186_17072,2
04519117323_17073,2
04427537186_17074,2
03617665632_17075,2
03826566157_17076,2
03755315976_17077,2
04339117060_17078,2
04427637186_17079,2
03617835632_17080,2
03600035598_17081,2
03617665632_17082,2
04706543563_17083,2
460110745502_17084,2
04272696975_17085,2
04662653561_17086,2
03431135291_17087,2
03431135291_17088,2
03841016187_17089,1
03878776276_17090,2
03722125870_17091,2
03722525870_17092,2
04265316967_17093,2
04265316967_17094,2
04718393566_17095,2
03713365850_17096,2
04160246812_17097,2
03755575976_17098,2
03878776276_17099,2
04519597323_17100,2
04519597323_17101,2
03723355870_17102,2
03722895870_17103,2
04355017091_17104,2
03717285859_17105,2
04661693561_17106,2
04519317323_17107,2
03775836025_17108,2
03722525870_17109,2
03894716309_17110,2
03582325544_17111,2
04339377060_17112,2
04396327125_17113,2
03685885790_17114,2
04273886975_17115,2
04559997386_17116,2
04664613562_17117,2
03430905291_17118,2
04489337261_17119,2
04439557195_17120,2
03888666299_17121,2
03739375908_17122,2
04599877454_17123,2
04653303557_17124,2
03722895870_17125,2
04661693561_17126,2
04338897060_17127,2
03430905291_17128,2
04519867323_17129,2
04583747425_17130,2
03739325908_17131,2
04338897060_17132,2
03685885790_17133,2
04079506696_17134,2
04160346812_17135,2
04432747191_17136,2
04519067323_17137,2
04305777033_17138,2
03722085870_17139,2
04310087035_17140,2
03508785390_17141,2
03430835291_17142,2
03929856388_17143,2
03430905291_17144,2
03894716309_17145,2
04489337261_17146,2
04489717261_17147,2
460110745502_17148,2
03722275870_17149,2
04312577038_17150,2
04661693561_17151,2
03430785291_17152,2
460110745502_17153,2
03431035291_17154,2
03430785291_17155,2
04707263564_17156,2
04706923564_17157,2
04338897060_17158,2
04706923564_17159,2
04654053557_17160,2
03430905291_17161,2
04489337261_17162,2
04662723561_17163,2
04489337261_17164,2
04661693561_17165,2
04706923564_17166,2
04662723561_17167,2
04661693561_17168,2
04537327356_17169,2
04661693561_17170,2
04489337261_17171,2
04489337261_17172,2
03431105291_17173,2
03431105291_17174,2
03431105291_17175,2
03431105291_17176,2
03431105291_17177,2
03431105291_17178,2
03431105291_17179,2
03431105291_17180,2
03431105291_17181,2
03431105291_17182,2
04314057038_17183,3
04436387192_17184,1
04312077038_17185,2
04339007060_17186,2
03617835632_17187,2
03431135291_17188,2
03756295976_17189,2
03431135291_17190,2
04598237455_17191,2
04664533562_17192,2
03972896502_17193,2
04355267091_17194,2
04439927195_17195,2
04706543563_17196,2
04147346798_17197,2
04388537119_17198,2
04662653561_17199,2
04706983564_17200,2
04339007060_17201,2
03431135291_17202,2
03431135291_17203,2
04396427125_17204,2
03431075291_17205,2
03473815342_17206,7
03431075291_17207,2
04312077038_17208,2
04662213561_17209,2
03739165908_17210,2
04339327060_17211,2
03723005870_17212,2
03723005870_17213,2
04662653561_17214,2
03431045291_17215,2
03779086033_17216,1
04214566890_17217,3
03701215834_17218,1
04100346725_17219,1
466243356103_17220,3
04100166725_17221,1
04439857195_17222,3
04354607087_17223,1
03682415784_17224,1
04266226971_17225,1
03826756157_17226,3
04388657119_17227,3
03586365569_17228,1
03501785378_17229,1
03717265859_17230,3
03645985716_17231,3
04314567038_17232,1
04600077455_17233,1
04282516990_17234,3
03839656184_17235,3
03431335291_17236,9
04433347191_17237,2
03617705632_17238,2
03717485859_17239,3
04557987383_17240,3
422676691303_17241,3
04273446975_17242,3
04223036906_17243,3
04654123557_17244,3
04272446975_17245,3
04559727386_17246,3
04490627261_17247,3
04661083561_17248,3
03717835859_17249,3
04269786972_17250,3
04273946975_17251,3
04270746972_17252,3
03894766309_17253,3
04270116972_17254,3
04196966862_17255,3
04661083561_17256,3
04601167455_17257,3
04269716972_17258,3
04599587454_17259,3
04355067091_17260,3
03717975859_17261,3
04661083561_17262,3
04388507119_17263,3
04559547386_17264,3
04314527038_17265,3
04314527038_17266,3
04601127455_17267,3
04535717356_17268,7
03468625332_17269,1
03608685615_17270,2
04574807412_17271,2
03826236157_17272,2
04589457441_17273,4
04537327356_17274,2
03495825372_17275,1
03495355372_17276,2
03717985859_17277,2
04355047091_17278,2
03739265908_17279,2
04270506972_17280,2
03686215790_17281,2
03715105855_17282,1
04489337261_17283,2
03516435414_17284,3
04714803565_17285,1
03552565472_17286,1
03675965776_17287,1
03658175752_17288,1
04457917223_17289,1
03943446429_17290,1
03658125752_17291,1
03910396343_17292,1
04199376865_17293,3
04100366726_17294,1
03717235859_17295,1
03413205263_17296,1
03658435752_17297,1
04455317220_17298,1
03713665850_17299,1
03615035628_17300,1
04269876972_17301,3
04260346960_17302,1
03713665850_17303,1
03430515290_17304,1
03395235228_17305,1
04260976960_17306,1
04337267054_17307,4
04100346725_17308,1
03903226329_17309,4
04658303558_17310,3
03759835985_17311,4
04401697134_17312,4
03554855480_17313,4
03631905663_17314,5
03421755277_17315,4
03875896262_17316,4
03493955369_17317,1
03796926085_17318,1
03497955374_17319,1
04568897401_17320,1
03497165374_17321,1
03497575374_17322,1
04339977061_17323,4
03815396124_17324,1
04525587335_17325,4
03433245293_17326,1
03434115293_17327,1
04455317220_17328,1
03933316402_17329,1
04474607255_17330,1
03683305784_17331,1
03815026124_17332,1
04571827407_17333,1
04372057107_17334,1
03391305225_17335,1
04571747407_17336,1
04568867401_17337,1
03430475290_17338,1
03430475290_17339,1
03715135857_17340,1
03933316402_17341,1
04127236756_17342,1
03678355781_17343,1
04372057107_17344,1
04100836726_17345,1
03935596408_17346,1
03843846191_17347,1
04521627324_17348,1
03939966416_17349,1
03398345233_17350,1
03524845417_17351,1
03943696429_17352,1
03910286343_17353,1
03839536184_17354,1
03690435794_17355,1
04358937102_17356,1
03933216402_17357,1
04094756723_17358,9
04348907078_17359,1
03939816416_17360,1
03796836085_17361,1
03937946411_17362,1
03586615569_17363,1
03600135598_17364,1
04222786906_17365,1
03556665482_17366,1
03628575658_17367,1
03431165291_17368,3
379083607509_17369,9
04085686713_17370,1
03516245415_17371,1
04214096890_17372,3
04419187161_17373,1
04222866906_17374,3
04511837302_17375,1
03658495752_17376,1
03501485378_17377,1
04511837302_17378,1
03701055834_17379,1
03833216168_17380,1
03843376191_17381,1
03833306168_17382,1
04497457273_17383,1
03796886085_17384,1
03695595806_17385,1
04100486725_17386,1
03490115366_17387,1
03430455290_17388,1
03430455290_17389,1
04099046725_17390,1
04099306726_17391,1
03590585585_17392,1
04426267184_17393,1
03843836191_17394,1
03387895222_17395,1
04135696774_17396,1
03535425429_17397,1
04135846774_17398,1
03768016001_17399,1
04138396778_17400,1
03501835379_17401,1
03535205429_17402,1
03506245386_17403,1
03558825487_17404,1
03535205429_17405,1
03397615231_17406,1
03665095766_17407,1
03535705429_17408,1
03535405429_17409,1
03535285429_17410,1
04299957030_17411,1
03558825487_17412,1
03559005487_17413,1
03535095429_17414,1
03535285429_17415,1
422726691301_17416,1
03535725429_17417,1
03535225429_17418,1
03558825487_17419,1
03558735487_17420,1
03556575482_17421,1
04379847113_17422,1
03558785487_17423,1
03430415290_17424,1
03780786038_17425,6
03434495293_17426,1
03747785940_17427,1
03780736038_17428,1
03480325354_17429,1
03796936085_17430,1
03958336470_17431,1
03453825309_17432,1
03815136124_17433,1
03806766110_17434,1
03796626085_17435,1
03497595374_17436,1
03815306124_17437,1
04126356756_17438,1
03498045374_17439,1
03891906306_17440,1
04127206756_17441,1
04127386756_17442,1
04126126756_17443,1
03497395374_17444,1
03940256416_17445,1
03815466124_17446,1
04568897401_17447,1
04126186756_17448,1
03815466124_17449,1
03497775374_17450,1
03497595374_17451,1
03796626085_17452,1
03838066180_17453,1
03497385374_17454,1
03838066180_17455,1
04127086756_17456,1
04461897244_17457,1
03497455374_17458,1
03735635894_17459,1
03796626085_17460,1
04461897244_17461,1
03958316470_17462,1
04521467324_17463,1
04342357065_17464,1
03554715480_17465,4
03817406126_17466,1
03556605482_17467,1
03497025374_17468,1
04185526842_17469,1
03814446124_17470,1
03735735894_17471,1
03496565374_17472,1
03763935996_17473,1
03838186180_17474,1
03434565293_17475,1
03497725374_17476,1
03500895378_17477,1
04461797244_17478,1
03430295290_17479,1
03430415290_17480,1
03501805379_17481,1
03796696085_17482,1
04460917244_17483,1
03809566114_17484,3
04133846771_17485,1
03433395293_17486,1
04461967244_17487,1
04461707244_17488,1
03935326408_17489,1
04460917244_17490,1
03497615374_17491,1
03935226408_17492,1
03796626085_17493,1
04461707244_17494,1
03891906306_17495,1
04127196756_17496,1
04461227244_17497,1
03796626085_17498,1
03796626085_17499,1
03751725959_17500,1
03819806127_17501,1
04099306726_17502,1
03501885378_17503,1
03501455378_17504,1
03940336416_17505,1
03796626085_17506,1
03501485378_17507,1
03796626085_17508,1
03497805374_17509,1
03496565374_17510,1
03497775374_17511,1
04460927244_17512,1
03430375290_17513,1
04571737407_17514,1
04127086756_17515,1
03430375290_17516,1
04127386756_17517,1
03500855378_17518,1
03496995374_17519,1
03497465374_17520,1
03497755374_17521,1
03556575482_17522,1
03735685894_17523,1
04091226720_17524,5
03535095429_17525,1
03493855369_17526,1
04133536771_17527,1
03843416191_17528,1
04521787324_17529,1
03493735369_17530,1
03735795894_17531,1
04298727027_17532,1
03425425286_17533,1
03814096124_17534,1
03535555429_17535,1
03469375335_17536,1
03535195429_17537,1
03535195429_17538,1
03607225612_17539,1
03556735482_17540,1
03535625429_17541,1
03455745311_17542,1
03535195429_17543,1
03841306187_17544,1
03434075293_17545,1
03838186180_17546,1
03434605293_17547,1
03535485429_17548,1
03840936187_17549,1
03940096416_17550,1
04461777244_17551,1
03433465293_17552,1
03814246124_17553,1
03493655369_17554,1
04461087244_17555,1
03796696085_17556,1
04126676756_17557,1
04521527324_17558,1
03433395293_17559,1
04133816771_17560,1
04186006842_17561,1
04283896992_17562,4
04461777244_17563,1
03433395293_17564,1
04571637407_17565,1
03433245293_17566,1
03780966038_17567,1
03430085290_17568,1
03817416126_17569,1
03433545293_17570,1
03447615306_17571,1
03442475300_17572,1
03490545366_17573,1
03501045378_17574,1
03693785805_17575,1
04577937417_17576,1
03447825306_17577,1
03943906429_17578,1
03379555208_17579,1
04133526771_17580,1
03434315293_17581,1
03888036299_17582,1
03825916156_17583,1
03715185857_17584,1
03903856329_17585,4
04474917255_17586,1
03814786124_17587,1
04461837244_17588,1
03903666329_17589,4
04461777244_17590,1
03501445378_17591,1
04465307252_17592,1
03838376180_17593,1
04182826838_17594,4
04237226932_17595,4
03490065366_17596,1
04182406838_17597,4
04133496771_17598,1
04176116832_17599,1
04461227244_17600,1
03434335293_17601,1
03434565293_17602,1
04571867407_17603,1
04461777244_17604,1
03780786038_17605,6
03493805369_17606,1
04568277401_17607,1
04461227244_17608,1
04127316756_17609,1
03535035429_17610,1
03977286512_17611,1
04571747407_17612,1
03838186180_17613,1
04127196756_17614,1
03430115290_17615,1
03430065290_17616,1
04127386756_17617,1
03430045290_17618,1
03773966016_17619,4
03773966016_17620,4
03865206237_17621,2
03414815267_17622,4
04604887458_17623,4
03433675293_17624,1
03663655762_17625,4
03497825374_17626,1
04237826932_17627,4
03931836398_17628,1
04403087137_17629,4
04101356728_17630,4
04284816994_17631,4
03500965378_17632,1
03500915378_17633,1
04237086932_17634,4
04361197106_17635,4
03560605495_17636,1
04506197288_17637,1
03771406010_17638,4
03849176201_17639,1
04426207184_17640,1
03554385478_17641,1
04461227244_17642,1
04094896724_17643,1
03493805369_17644,1
03940506416_17645,1
03892086306_17646,1
03752815961_17647,5
03572015521_17648,5
03760125985_17649,4
03905506331_17650,2
04262836961_17651,5
03527485419_17652,9
04147816796_17653,2
03725615873_17654,2
03725185873_17655,2
03461545323_17656,5
03595745589_17657,5
04503417286_17658,2
03805496105_17659,2
04503387286_17660,2
04503467286_17661,2
03805226105_17662,2
04503037286_17663,2
03925636379_17664,2
04409737147_17665,2
03470865337_17666,2
03774916022_17667,2
03917566356_17668,2
03917986356_17669,2
03917566356_17670,2
03917856356_17671,2
03446995305_17672,2
03917566356_17673,2
03428285288_17674,2
03428285288_17675,2
04213326890_17676,3
03805946105_17677,1
03527715419_17678,2
03956426464_17679,5
03641825707_17680,2
03470715337_17681,19
03725415873_17682,2
04413867149_17683,2
03474165342_17684,2
03516075415_17685,2
03801646101_17686,5
03631905663_17687,5
04165026815_17688,2
03533675426_17689,5
435464708705_17690,5
03588905576_17691,5
03631525663_17692,5
03953306451_17693,10
03800476101_17694,5
04527437339_17695,2
04146666796_17696,2
03708405845_17697,2
03790876075_17698,2
03725615873_17699,2
03428215288_17700,2
03883606287_17701,1
03780926038_17702,1
03966376489_17703,1
04383777117_17704,1
03725435873_17705,1
03680655782_17706,1
03526725419_17707,1
03391615225_17708,1
03658715752_17709,1
03804846105_17710,1
04665453562_17711,3
03485995363_17712,9
03658715752_17713,1
04196066859_17714,1
04410187147_17715,1
04196096859_17716,1
04656483558_17717,3
03937796411_17718,1
03398145232_17719,1
03473775342_17720,1
03621075639_17721,2
03941926420_17722,5
03484325359_17723,5
03484185359_17724,5
03577435534_17725,2
03554595480_17726,4
04209276885_17727,5
03484365359_17728,5
03597305595_17729,2
04209276885_17730,5
03903036328_17731,5
03554735480_17732,4
03484185359_17733,5
03516075415_17734,2
04147816796_17735,2
04503387286_17736,2
04496587272_17737,5
04262566961_17738,5
03478885350_17739,10
04136036775_17740,1
04203496872_17741,10
03486145363_17742,13
03966416489_17743,2
03428075288_17744,2
03631525663_17745,5
03631525663_17746,5
03631975663_17747,5
04283936992_17748,4
04431017189_17749,2
03447595305_17750,2
03924176368_17751,5
03956466464_17752,5
03572225521_17753,5
03486225364_17754,2
04585287429_17755,5
03924336368_17756,5
03924336368_17757,5
03590215584_17758,5
03609045618_17759,1
04604857458_17760,4
04375447108_17761,5
03924186368_17762,5
03800476101_17763,5
03533775426_17764,5
03572045521_17765,5
03801186101_17766,5
03924306368_17767,5
03549545469_17768,6
03698295825_17769,12
03931036390_17770,4
04310937036_17771,6
03486045363_17772,9
03709385845_17773,3
03708255845_17774,3
03487265364_17775,2
03666615765_17776,3
03708535845_17777,3
03461225323_17778,5
03586365569_17779,1
03486575364_17780,3
03461225323_17781,5
04585287429_17782,5
03839566184_17783,3
03446575305_17784,3
03620655639_17785,3
03645355716_17786,3
03474445342_17787,1
03586955569_17788,3
04213716890_17789,3
04200646866_17790,1
03765235997_17791,3
03920796366_17792,3
03921216366_17793,3
04201216866_17794,3
04479907258_17795,3
03805336105_17796,3
03641975707_17797,1
04146466796_17798,3
04342667064_17799,3
04146466796_17800,3
04342667064_17801,3
03448455305_17802,3
376462599703_17803,3
03708255845_17804,3
03448015305_17805,3
03446335305_17806,3
342789528803_17807,3
04515457318_17808,5
03527595419_17809,9
03427815288_17810,11
03541715448_17811,9
03747905941_17812,11
03427945288_17813,11
03427715288_17814,11
03427715288_17815,11
03427715288_17816,11
447513725409_17817,9
03445515304_17818,7
03760045985_17819,4
03924306368_17820,5
03709125845_17821,9
03796336083_17822,5
03756635977_17823,11
03428105288_17824,11
03427825288_17825,11
03427965288_17826,11
03427675288_17827,11
04282166989_17828,15
03484185359_17829,5
03709305845_17830,2
03921936366_17831,3
03572265521_17832,5
04214456890_17833,3
03590285584_17834,5
04214456890_17835,3
03447665305_17836,3
04360517105_17837,2
03641815707_17838,3
03620875639_17839,3
03447175305_17840,1
03542245448_17841,2
04473627254_17842,3
03920856366_17843,1
03665255765_17844,1
03447555305_17845,2
03796336083_17846,5
04540777360_17847,1
03876456270_17848,3
03586905569_17849,1
03871596248_17850,3
03726075873_17851,3
04288547004_17852,3
03805666105_17853,3
03876776270_17854,3
03427915288_17855,3
04540227360_17856,3
03708705845_17857,3
04353747082_17858,5
03917816356_17859,9
03571865521_17860,5
03470805337_17861,2
03589015576_17862,5
04191516853_17863,5
03674355773_17864,2
04191606853_17865,5
03641815707_17866,3
04503047286_17867,9
03631905663_17868,5
03708255845_17869,3
03790936075_17870,9
04501897285_17871,2
04341827064_17872,3
04262666961_17873,5
03588905576_17874,5
03533675426_17875,5
03651715728_17876,3
04341787064_17877,3
04543387366_17878,3
04543337366_17879,3
03588905576_17880,5
04409337147_17881,1
03708255845_17882,3
03709155845_17883,3
04329357042_17884,3
04592237447_17885,3
03542225448_17886,3
04543897366_17887,3
03705785838_17888,3
03448455305_17889,3
03926556379_17890,3
04342337064_17891,3
03542225448_17892,3
03839506184_17893,3
03680725782_17894,3
03706365838_17895,3
04341897064_17896,3
03705785838_17897,3
04341987064_17898,3
03446575305_17899,3
370542583803_17900,3
03705845838_17901,3
03666265765_17902,3
03708255845_17903,3
04381687116_17904,3
03705965838_17905,3
04543347366_17906,3
04543897366_17907,3
04657693558_17908,3
04154446805_17909,3
04266866970_17910,3
04213786890_17911,3
03597685595_17912,3
03470815337_17913,3
03705845838_17914,3
04342127064_17915,3
03921456366_17916,3
03921046366_17917,3
03681445782_17918,3
03705785838_17919,3
03542785448_17920,3
04342147064_17921,3
03705845838_17922,3
04154106805_17923,3
03726175873_17924,3
04342047064_17925,3
04341817064_17926,3
03645355716_17927,3
03679665782_17928,3
04147586796_17929,1
04160136811_17930,3
04543277366_17931,3
03705965838_17932,3
03542785448_17933,3
04563207390_17934,3
04342127064_17935,3
03447735305_17936,3
03705405838_17937,3
04501857285_17938,3
03427435288_17939,3
03427435288_17940,3
03427435288_17941,3
03427435288_17942,3
03427435288_17943,3
03427435288_17944,3
04598537455_17945,1
04413297149_17946,9
379083607501_17947,1
03665755765_17948,1
03791866075_17949,1
03701015833_17950,1
04200506866_17951,1
04539977360_17952,1
03448005305_17953,3
03527495419_17954,9
03548865463_17955,3
04544027366_17956,1
03924336368_17957,5
03527495419_17958,9
04266346970_17959,3
03780776038_17960,1
04496807272_17961,5
04283316991_17962,5
04341897064_17963,3
03461565323_17964,5
04213666890_17965,3
03590545585_17966,1
03503285380_17967,5
03473325341_17968,5
04358907102_17969,1
03924406368_17970,5
04585317429_17971,5
03590315584_17972,5
04544227366_17973,1
04543387366_17974,3
04410277147_17975,3
04213816890_17976,3
04543347366_17977,3
03447135305_17978,3
03548865463_17979,3
03447395305_17980,3
03527045419_17981,9
454043736003_17982,3
04213746890_17983,3
03473905342_17984,3
03515465414_17985,3
04501737285_17986,3
03871336248_17987,3
03447395305_17988,3
04214566890_17989,3
03473905342_17990,3
04213326890_17991,3
03839466184_17992,3
04501737285_17993,3
04342667064_17994,3
04288517004_17995,3
04214356890_17996,3
04213326890_17997,3
03473905342_17998,3
04287027004_17999,3
03756505977_18000,3
04544167366_18001,1
03921276366_18002,3
03447735305_18003,3
365159572803_18004,3
04286647004_18005,3
421467689003_18006,3
04213816890_18007,3
421467689003_18008,3
03427335288_18009,3
04599077455_18010,1
03447815305_18011,3
03709385845_18012,3
03805526105_18013,1
03486655364_18014,3
04598287455_18015,1
03427305288_18016,3
03446935305_18017,3
04503147286_18018,3
03590505584_18019,5
04262856961_18020,5
04524047333_18021,3
04543277366_18022,3
342789528803_18023,3
04410277147_18024,3
04154216805_18025,3
04214456890_18026,3
03805536105_18027,3
03705855838_18028,3
03961566475_18029,1
03921966366_18030,3
03427285288_18031,3
04418577160_18032,1
03591345585_18033,1
03892496306_18034,1
03892216306_18035,1
03796886085_18036,1
03555245480_18037,4
03556585482_18038,1
03549745470_18039,1
04095456724_18040,1
03815136124_18041,1
04096046724_18042,1
04095546724_18043,1
04096046724_18044,1
03480615354_18045,1
03743035920_18046,4
04096416724_18047,1
03501915378_18048,1
03453295308_18049,2
04449647202_18050,4
03752955961_18051,5
03939916416_18052,1
03780926038_18053,1
03976956512_18054,1
03433325293_18055,1
04460907244_18056,1
03433605293_18057,1
03549985470_18058,1
03550355470_18059,1
03446405306_18060,1
03759425985_18061,4
03489815366_18062,1
03490745366_18063,1
04605127458_18064,4
03461225323_18065,5
03493535369_18066,1
03616675630_18067,1
04095106724_18068,1
03493745369_18069,1
03903606329_18070,4
03490115366_18071,1
04096676724_18072,1
03493745369_18073,1
03490115366_18074,1
03892216306_18075,1
454460736603_18076,3
03892216306_18077,1
03892216306_18078,1
04237276932_18079,4
03571805521_18080,12
03453405308_18081,1
04460917244_18082,1
03550305470_18083,1
03500895378_18084,1
03977136512_18085,1
03549985470_18086,1
03426535286_18087,1
03694055805_18088,1
03433395293_18089,1
03426105286_18090,1
03891776306_18091,1
04520987324_18092,1
03549895470_18093,1
04127306756_18094,1
04402197135_18095,10
04312957037_18096,4
03549895470_18097,1
03933316402_18098,1
03906776336_18099,1
03426475286_18100,1
04205006876_18101,4
03497725374_18102,1
03762345989_18103,1
03497435374_18104,1
03490285366_18105,1
04094276724_18106,1
04662723561_18107,2
04095006724_18108,1
03784956052_18109,2
04461897244_18110,1
04101246728_18111,4
03843656191_18112,1
04569047401_18113,1
04133706771_18114,1
03854146218_18115,4
03672815773_18116,2
03525655417_18117,2
04266516971_18118,5
03489685366_18119,1
04236906932_18120,4
04543267366_18121,9
03815196124_18122,1
03752955961_18123,5
03762455989_18124,5
03435335294_18125,5
03753075961_18126,5
03869696241_18127,5
03760035985_18128,4
04402377135_18129,10
03490885366_18130,1
03571905521_18131,5
03554615480_18132,4
03759885985_18133,4
04079006695_18134,1
04426307184_18135,1
03433735293_18136,1
04186326842_18137,1
03560435495_18138,1
03779036033_18139,1
04380307113_18140,1
03446295306_18141,1
03456205311_18142,1
04461777244_18143,1
03657335751_18144,1
04186006842_18145,1
03657355751_18146,1
03931836398_18147,1
03977186512_18148,1
03500895378_18149,1
03817406126_18150,1
03391415225_18151,1
03501355378_18152,1
03780516038_18153,1
03549745470_18154,1
03434545293_18155,1
03426495286_18156,1
04461827244_18157,1
03391335225_18158,1
03489875366_18159,1
03802526103_18160,1
04096006724_18161,1
03433605293_18162,1
03657335751_18163,1
04126526756_18164,1
04461807244_18165,1
03940096416_18166,1
03430115290_18167,1
03426565286_18168,1
03931836398_18169,1
03426495286_18170,1
03426385286_18171,1
03426385286_18172,1
04237226932_18173,4
03496725374_18174,1
03549945470_18175,1
03633855671_18176,6
03903666329_18177,4
03496565374_18178,1
03780566038_18179,1
03933316402_18180,1
04460907244_18181,1
03780586038_18182,1
03430225290_18183,1
03434545293_18184,1
03426545286_18185,1
03815136124_18186,1
03434275293_18187,1
03434565293_18188,1
04133886771_18189,1
03843416191_18190,1
03935326408_18191,1
03497825374_18192,1
03552575472_18193,1
03814986124_18194,1
03426565286_18195,1
04461777244_18196,1
03453775309_18197,1
03453775309_18198,1
03493935369_18199,1
03426365286_18200,1
03426365286_18201,1
03426365286_18202,1
04125986756_18203,1
03814096124_18204,1
03935196408_18205,1
04426207184_18206,1
03433225293_18207,1
03433745293_18208,1
03434545293_18209,1
03779026033_18210,1
04247136949_18211,1
04461337244_18212,1
03658075752_18213,1
03892216306_18214,1
04461337244_18215,1
04461337244_18216,1
03453775309_18217,1
03500805378_18218,1
03780826038_18219,1
03426335286_18220,1
04342357065_18221,1
03426545286_18222,1
03585215556_18223,4
04106216731_18224,1
03568255517_18225,2
03497435374_18226,1
03591165585_18227,1
04339827061_18228,4
04236846932_18229,4
04241176937_18230,4
03663655762_18231,4
04204606876_18232,4
420934688505_18233,5
04205206876_18234,4
03590595584_18235,5
04571737407_18236,1
04568927401_18237,1
04264436965_18238,1
04428637188_18239,1
03497875374_18240,1
04263386961_18241,5
04247136949_18242,1
03646295718_18243,1
03663735762_18244,4
04101106726_18245,1
04360977106_18246,1
04096346724_18247,1
03856796226_18248,1
03735685894_18249,1
03426215286_18250,1
03493735369_18251,1
04095006724_18252,1
03496995374_18253,1
03426495286_18254,1
04079006695_18255,1
04548767375_18256,1
03430105290_18257,1
04577627417_18258,1
04205456877_18259,1
04430157190_18260,1
04218106897_18261,5
03501455378_18262,1
03515525414_18263,1
04100756726_18264,1
04568947401_18265,1
04421527170_18266,6
04096166724_18267,1
04094416724_18268,1
04342477065_18269,5
03552555472_18270,1
03489825366_18271,1
03489745366_18272,1
03426185286_18273,1
03825916156_18274,1
03620915640_18275,1
03426175286_18276,1
04096226724_18277,1
03631525663_18278,5
04095076724_18279,1
04094416724_18280,1
03735735894_18281,1
04209356885_18282,5
03590245584_18283,5
04191606853_18284,5
04283806992_18285,4
04191516853_18286,5
04126826756_18287,1
03752815961_18288,5
03631525663_18289,5
03589025576_18290,5
03557165482_18291,1
03535265429_18292,1
03941876420_18293,5
04568537401_18294,1
04095546724_18295,1
03571955521_18296,5
03869496241_18297,5
03426545286_18298,1
04496557272_18299,5
03481865355_18300,5
04559317385_18301,5
03490395366_18302,1
04496557272_18303,5
04126676756_18304,1
03572085521_18305,5
04096676724_18306,1
03493985369_18307,1
03533955426_18308,5
04559317385_18309,5
04095006724_18310,1
03497305374_18311,1
03426145286_18312,1
04435967192_18313,1
04341257063_18314,4
04099046725_18315,1
03880526278_18316,4
04096986724_18317,1
04099076725_18318,1
04428667188_18319,1
03426185286_18320,1
04095226724_18321,1
03524005417_18322,1
04458037223_18323,1
03571805521_18324,12
03447235306_18325,1
03813286120_18326,1
03910816343_18327,1
04569197401_18328,1
04094966724_18329,1
03501165378_18330,1
03552965472_18331,1
04428927188_18332,1
04099306726_18333,1
04380017113_18334,1
03433525293_18335,1
04429037188_18336,1
04379947113_18337,1
04379947113_18338,1
03838456180_18339,1
03501815378_18340,1
04380017113_18341,1
03629545658_18342,1
04380187113_18343,1
04186266842_18344,1
04100346725_18345,1
04186266842_18346,1
03881596285_18347,1
03881596285_18348,1
03832986168_18349,1
03489875366_18350,1
03497165374_18351,1
03590585585_18352,1
04099466726_18353,1
03501665378_18354,1
03497165374_18355,1
04426337184_18356,1
03426075286_18357,1
03426075286_18358,1
03426075286_18359,1
03426075286_18360,1
03426075286_18361,1
03426075286_18362,1
03426075286_18363,1
03426075286_18364,1
03426075286_18365,1
03426075286_18366,1
03426075286_18367,1
03426075286_18368,1
03658095752_18369,1
03944026429_18370,1
03501805379_18371,1
03891706306_18372,1
03399485233_18373,1
04592767449_18374,1
03658465752_18375,1
03387765222_18376,1
03447495306_18377,1
03658465752_18378,1
04590717446_18379,1
04457917223_18380,1
03426225286_18381,1
03426055286_18382,1
03501425378_18383,1
04133536771_18384,1
03892026306_18385,1
03780736038_18386,1
03806766110_18387,1
04127246756_18388,1
03489775366_18389,1
03433005293_18390,1
03433735293_18391,1
03715605857_18392,1
03780506038_18393,1
04521737324_18394,1
03493985369_18395,1
03892496306_18396,1
03560365495_18397,1
03713555850_18398,1
04521737324_18399,1
03430465290_18400,1
343119529103_18401,3
03892026306_18402,1
04658043558_18403,3
03426045286_18404,1
03430105290_18405,1
04361277106_18406,1
03935596408_18407,1
03429955290_18408,1
03843386191_18409,1
03911176343_18410,1
04295967022_18411,1
03480985354_18412,1
04313357038_18413,3
04548657375_18414,1
03501035378_18415,1
03503145380_18416,1
03715375857_18417,1
03379685208_18418,1
04421457170_18419,1
03940096416_18420,1
03500805378_18421,1
04428637188_18422,1
03657915752_18423,1
03933296402_18424,1
03762015989_18425,1
04521297324_18426,1
04134016771_18427,1
03935456408_18428,1
04133706771_18429,1
03814986124_18430,1
03843356191_18431,1
03455745311_18432,1
03442555300_18433,1
03426105286_18434,1
03931836398_18435,1
03426015286_18436,1
03426475286_18437,1
03931836398_18438,1
03426105286_18439,1
03426175286_18440,1
03426495286_18441,1
03490795366_18442,1
03426475286_18443,1
03490795366_18444,1
04283656992_18445,4
04096346724_18446,1
04570727405_18447,5
04283596992_18448,4
04182926838_18449,4
04340797063_18450,4
04182716838_18451,4
04403337137_18452,4
04263196961_18453,5
04272406975_18454,3
04099446726_18455,1
03554635480_18456,4
04182716838_18457,4
04449647202_18458,4
04182716838_18459,4
04136476775_18460,1
04238056932_18461,4
03535725429_18462,1
04309577035_18463,1
04402267134_18464,4
04314227038_18465,1
03505555383_18466,2
04284756994_18467,4
03664025763_18468,1
03759175985_18469,4
04135716774_18470,1
03506915386_18471,1
03559005487_18472,1
04465307252_18473,1
03425975286_18474,1
03425975286_18475,1
03940096416_18476,1
03497435374_18477,1
04126676756_18478,1
03453775309_18479,1
04461087244_18480,1
03430015290_18481,1
03935486408_18482,1
04133636772_18483,1
03426495286_18484,1
03614845628_18485,1
03951456449_18486,1
03707155844_18487,1
03591165585_18488,1
04133556771_18489,1
04133636772_18490,1
03426535286_18491,1
04461777244_18492,1
04134196771_18493,1
03433155293_18494,1
04461777244_18495,1
03780586038_18496,1
04460917244_18497,1
03490735366_18498,1
03843656191_18499,1
04461777244_18500,1
04461827244_18501,1
03940166416_18502,1
04133766771_18503,1
04353867082_18504,5
03433565293_18505,1
03497595374_18506,1
04461787244_18507,1
04461827244_18508,1
03843576191_18509,1
04127316756_18510,1
04460917244_18511,1
04465307252_18512,1
03759455985_18513,4
04496167271_18514,4
04182746838_18515,4
03911206343_18516,1
03500965378_18517,1
04361107106_18518,1
03903836329_18519,4
03489765366_18520,1
04296357022_18521,1
04095226724_18522,1
04594167451_18523,1
03430075290_18524,1
03693985804_18525,1
04124456755_18526,1
03713675850_18527,1
03426055286_18528,1
03636365685_18529,4
03497775374_18530,1
04182966838_18531,4
03434545293_18532,1
03434025293_18533,1
04182876838_18534,4
04361267106_18535,4
04240146936_18536,4
03554145478_18537,1
03555145480_18538,4
03494065369_18539,1
03773856016_18540,4
03501885378_18541,1
03497985374_18542,1
03490205366_18543,1
03496735374_18544,1
04449787202_18545,4
03497505374_18546,1
03497825374_18547,1
03497525374_18548,1
03493785369_18549,1
03814986124_18550,1
04175646832_18551,1
03891776306_18552,1
03497775374_18553,1
03453755309_18554,1
03595745589_18555,5
04205336876_18556,4
04283276991_18557,5
435464708705_18558,5
04237636932_18559,4
03903036328_18560,5
04283616992_18561,4
04354557087_18562,5
03875896262_18563,4
03503055380_18564,5
03903716329_18565,4
03941876420_18566,5
03572035521_18567,5
04340777063_18568,4
03572035521_18569,5
03784006047_18570,5
04236896932_18571,4
04496577272_18572,5
04193926855_18573,4
04141936790_18574,4
04266586971_18575,6
03493515369_18576,1
03590305584_18577,5
04208946881_18578,4
04283296992_18579,4
03590295584_18580,5
04298567027_18581,1
03425725286_18582,1
03944066429_18583,1
03906766336_18584,1
03826836157_18585,1
04429907190_18586,1
03615035628_18587,1
03426005286_18588,1
03426055286_18589,1
03658385752_18590,1
04568167401_18591,1
04521227324_18592,1
03425845286_18593,1
03549735470_18594,2
03614915628_18595,1
03935436408_18596,1
03426465286_18597,1
04568447401_18598,1
03480395354_18599,1
03490065366_18600,1
03838066180_18601,1
03490025366_18602,1
03498075374_18603,1
03780566038_18604,1
03935436408_18605,1
03493515369_18606,1
03426045286_18607,1
03426285286_18608,1
03434565293_18609,1
03430045290_18610,1
03501535378_18611,1
04182876838_18612,4
04126696756_18613,1
03480575354_18614,1
03480335354_18615,1
04531207347_18616,6
03511415406_18617,5
03595745589_18618,5
03549635469_18619,6
04286227001_18620,4
03658705754_18621,2
03461545323_18622,5
04406457141_18623,4
04191576853_18624,5
03533955426_18625,5
04283406991_18626,5
04515417318_18627,5
03759875985_18628,4
03502965380_18629,5
03607225612_18630,1
04515357318_18631,5
04341137063_18632,4
03571905521_18633,5
03461305323_18634,5
03759375985_18635,4
04270236972_18636,7
03555135480_18637,4
04569877403_18638,4
03554715480_18639,4
03762475989_18640,5
03433965293_18641,1
03426365286_18642,1
03489875366_18643,1
03500805378_18644,1
03433725293_18645,1
03490795366_18646,1
03434565293_18647,1
03493985369_18648,1
03489865366_18649,1
03490025366_18650,1
03814986124_18651,1
03489875366_18652,1
03500965378_18653,1
03747815941_18654,11
04094466724_18655,1
03490715366_18656,1
03430045290_18657,1
03663875762_18658,4
03434335293_18659,1
03434615293_18660,1
03497065374_18661,1
03429955290_18662,1
03500755378_18663,1
03493555369_18664,1
03453725309_18665,1
03501385378_18666,1
03497065374_18667,1
03493935369_18668,1
03814716124_18669,1
03493935369_18670,1
03780886038_18671,1
03434545293_18672,1
03490345366_18673,1
03889146300_18674,1
03493555369_18675,1
03497615374_18676,1
03501455378_18677,1
03497655374_18678,1
04570877405_18679,5
04570877405_18680,5
03490395366_18681,1
04106216731_18682,1
03621305640_18683,1
03796816085_18684,1
03433615293_18685,1
03497615374_18686,1
03433675293_18687,1
03501985378_18688,1
03780826038_18689,1
03780566038_18690,1
03433465293_18691,1
03940506416_18692,1
03430475290_18693,1
03453695309_18694,1
03814766124_18695,1
03497525374_18696,1
03939876416_18697,1
03493555369_18698,1
04571827407_18699,1
03796696085_18700,1
03940506416_18701,1
04283896992_18702,4
04568747401_18703,1
03554595480_18704,4
04283806992_18705,4
04094896724_18706,1
03497385374_18707,1
04096676724_18708,1
03854146218_18709,4
04182596838_18710,4
03493505369_18711,1
03554595480_18712,4
03496685374_18713,1
03875946262_18714,4
04127386756_18715,1
04127386756_18716,1
03497185374_18717,1
03494045369_18718,1
04101286725_18719,1
03497775374_18720,1
03814986124_18721,1
03489835366_18722,1
03461565323_18723,5
03903606329_18724,4
03497775374_18725,1
03814766124_18726,1
04096676724_18727,1
03497725374_18728,1
03489895366_18729,1
03489895366_18730,1
03430365290_18731,1
03434295293_18732,1
04300147030_18733,1
04506817290_18734,4
03502025379_18735,1
03535205429_18736,1
03501805379_18737,1
03552495472_18738,1
04429237188_18739,1
04122546752_18740,1
03489715366_18741,1
03501515379_18742,1
03489765366_18743,1
03501665378_18744,1
04406547141_18745,4
03773856016_18746,4
04220196901_18747,1
04283306992_18748,4
04208936881_18749,4
04568297401_18750,1
03490075366_18751,1
04219066899_18752,4
03508705390_18753,2
04099076725_18754,1
03827506157_18755,2
03554715480_18756,4
03490065366_18757,1
04339767061_18758,4
04568277401_18759,1
03931736398_18760,1
04101196725_18761,1
03535335429_18762,1
03425765286_18763,1
03490025366_18764,1
03497395374_18765,1
04241446938_18766,4
04577437417_18767,4
03501505378_18768,1
03490025366_18769,1
04182716838_18770,4
03497435374_18771,1
03490025366_18772,1
03493765369_18773,1
04240206936_18774,4
03497775374_18775,1
03490145366_18776,1
04205466876_18777,4
03497455374_18778,1
03490345366_18779,1
03493985369_18780,1
03493505369_18781,1
04236986933_18782,4
03490025366_18783,1
04238106932_18784,4
03490025366_18785,1
03490395366_18786,1
04205366876_18787,4
03490245366_18788,1
03490065366_18789,1
03935226408_18790,1
03489885366_18791,1
03490245366_18792,1
04095006724_18793,1
03493585369_18794,1
03490285366_18795,1
03490395366_18796,1
04182876838_18797,4
03490245366_18798,1
03490805366_18799,1
03653665737_18800,5
04328907042_18801,9
04106226731_18802,1
379176607509_18803,9
03595745589_18804,5
03490885366_18805,1
03426515286_18806,1
03636285685_18807,4
04095986724_18808,1
04096676724_18809,1
03490025366_18810,1
03489795366_18811,1
04342807065_18812,1
04106216731_18813,1
03515535414_18814,1
04439877195_18815,1
03426475286_18816,1
03554735480_18817,4
04570877405_18818,5
03535145429_18819,1
03736075894_18820,1
03939946416_18821,1
04535717356_18822,7
04095656724_18823,1
03964326482_18824,1
04156476808_18825,1
03426055286_18826,1
03426055286_18827,1
03426055286_18828,1
04428687188_18829,1
04426247184_18830,1
03426175286_18831,1
03426295286_18832,1
03715375857_18833,1
03710575846_18834,1
03735555894_18835,1
03425725286_18836,1
03811586116_18837,1
03825746156_18838,1
03426065286_18839,1
04260516960_18840,1
04259926960_18841,1
04237466932_18842,4
04099386725_18843,1
04283616992_18844,4
03490545366_18845,1
04237286932_18846,4
04237396932_18847,4
03819426127_18848,1
04101876728_18849,4
04236946932_18850,4
04585287429_18851,5
03490245366_18852,1
03490025366_18853,1
03456085312_18854,6
04314447038_18855,3
04206456878_18856,4
04237636932_18857,4
04585287429_18858,5
03489965366_18859,1
03753135961_18860,5
03815026124_18861,1
04283806992_18862,4
04133526771_18863,1
04277086978_18864,3
03497975374_18865,1
03426055286_18866,1
04590557446_18867,1
03692095800_18868,1
04296087022_18869,1
04379947113_18870,1
03658425752_18871,1
03910376343_18872,1
04260076960_18873,1
04208736881_18874,4
03447645306_18875,1
04185896842_18876,1
04360997106_18877,1
03707245844_18878,1
03421915277_18879,1
03715345857_18880,1
04361777106_18881,1
04094576724_18882,1
03419275275_18883,1
03419665275_18884,1
04380157113_18885,1
03944086429_18886,1
04227866913_18887,3
03398815233_18888,1
03398815233_18889,1
04192726854_18890,1
03846586198_18891,1
04126256756_18892,1
03856736226_18893,1
03489865366_18894,1
04361317106_18895,1
04192726854_18896,1
04286237003_18897,1
04360997106_18898,1
04192726854_18899,1
04260646960_18900,1
04360997106_18901,1
04283296992_18902,4
04205216877_18903,1
04573377411_18904,1
04220196901_18905,1
04370347107_18906,1
04296087022_18907,1
04461067244_18908,1
04126256756_18909,1
04295787022_18910,1
04185716842_18911,1
04126656756_18912,1
03693915805_18913,1
03489715366_18914,1
03796696085_18915,1
04192726854_18916,1
03490685366_18917,1
04457977223_18918,1
03693915805_18919,1
03554915481_18920,1
04296087022_18921,1
03426055286_18922,1
04592767449_18923,1
03426055286_18924,1
03910396343_18925,1
04079006695_18926,1
03796736085_18927,1
04272846975_18928,3
03958406470_18929,1
03690435794_18930,1
04388747119_18931,3
04099396726_18932,1
03497365374_18933,1
03715465857_18934,1
03416985270_18935,1
408616671301_18936,1
04360917106_18937,1
03426275286_18938,1
03379675208_18939,1
03425655286_18940,1
03425605286_18941,1
03738725907_18942,1
03425605286_18943,1
03387605222_18944,1
03425655286_18945,1
03715605857_18946,1
04465247252_18947,1
04260296960_18948,1
03819826127_18949,1
04220916902_18950,1
03933316402_18951,1
03425725286_18952,1
03425525286_18953,1
04260946960_18954,1
03796796085_18955,1
04568927401_18956,1
04359087102_18957,1
03819826127_18958,1
04283296992_18959,4
03779026033_18960,1
04296357022_18961,1
03658415752_18962,1
04085686713_18963,1
04358727102_18964,1
04569047401_18965,1
03379685208_18966,1
03916996355_18967,1
03819826127_18968,1
03658415752_18969,1
04296357022_18970,1
04260786960_18971,1
03615045628_18972,1
03497485374_18973,1
03658445752_18974,1
03715285857_18975,1
03689815794_18976,1
03433695293_18977,1
03819426127_18978,1
03935256408_18979,1
03819426127_18980,1
04125986756_18981,1
03779026033_18982,1
04176966832_18983,1
03433695293_18984,1
03910926343_18985,1
03658315752_18986,1
03819426127_18987,1
03856736226_18988,1
04126176756_18989,1
03715405857_18990,1
03658445752_18991,1
03379515208_18992,1
03425645286_18993,1
03658445752_18994,1
04300097030_18995,1
03717695859_18996,1
04260946960_18997,1
04260946960_18998,1
03379515208_18999,1
03689815794_19000,1
04260836960_19001,1
04172616828_19002,1
03399355233_19003,1
03819576127_19004,1
04260126960_19005,1
03715405857_19006,1
03819426127_19007,1
03497975374_19008,1
04260836960_19009,1
04126176756_19010,1
04126176756_19011,1
04260836960_19012,1
04126176756_19013,1
03425515286_19014,1
03425515286_19015,1
04461357244_19016,1
04208936881_19017,4
04497447274_19018,4
04206516878_19019,4
03425985286_19020,1
04208906881_19021,4
03759175985_19022,4
03554635480_19023,4
04283386992_19024,4
04237856932_19025,4
04237986932_19026,4
04283656992_19027,4
04340857063_19028,4
04238106932_19029,4
03773776016_19030,4
04571827407_19031,1
04237116932_19032,4
03426335286_19033,1
04460297236_19034,4
04570727405_19035,5
04361387106_19036,1
04296147022_19037,1
03713435850_19038,1
04237656932_19039,4
04237396932_19040,4
03715455857_19041,1
04260786960_19042,1
04236896932_19043,4
04296357022_19044,1
03939986416_19045,1
04207036879_19046,4
03658435752_19047,1
03715395857_19048,1
03873706251_19049,3
03426255286_19050,1
03425615286_19051,1
03490665366_19052,1
03480885354_19053,1
03694405805_19054,1
03615035628_19055,1
04134116771_19056,1
04125886756_19057,1
03425585286_19058,1
03713435850_19059,1
03976986512_19060,1
04380157113_19061,1
03693955805_19062,1
03814076124_19063,1
04457977223_19064,1
03715455857_19065,1
04125876756_19066,1
04265976971_19067,1
03425485286_19068,1
03425485286_19069,1
03694405805_19070,1
03692095800_19071,1
03446945306_19072,1
03425475286_19073,1
03425525286_19074,1
03425485286_19075,1
03425525286_19076,1
04379947113_19077,1
03944046429_19078,1
04260976960_19079,1
04096526724_19080,1
03819426127_19081,1
03752955961_19082,5
04101326728_19083,4
04449657202_19084,4
04260646960_19085,1
04237746932_19086,4
03493555369_19087,1
03819426127_19088,1
04199386864_19089,4
04208706881_19090,4
03590975585_19091,1
03490665366_19092,1
04260946960_19093,1
04653273557_19094,3
03819426127_19095,1
04095006724_19096,1
04260946960_19097,1
04237986932_19098,4
03425595286_19099,1
04260616960_19100,1
04568607401_19101,1
04272926975_19102,3
03493555369_19103,1
03939986416_19104,1
03888976299_19105,3
03819826127_19106,1
04094576724_19107,1
03425495286_19108,1
04568607401_19109,1
03819426127_19110,1
03425455286_19111,1
04208706881_19112,4
04237466932_19113,4
04237676932_19114,4
03425595286_19115,1
04208686881_19116,4
03425595286_19117,1
03614715628_19118,1
03856736226_19119,1
04272836975_19120,3
04133346769_19121,4
04371367107_19122,1
03814016124_19123,1
04192626854_19124,1
04193066854_19125,1
04429237188_19126,1
04428667188_19127,1
03425595286_19128,1
03425645286_19129,1
04260346960_19130,1
04569167401_19131,1
03425445286_19132,1
04525717335_19133,4
03539585441_19134,4
04506847290_19135,4
03554635480_19136,4
04337317054_19137,4
03759595985_19138,4
04237036932_19139,4
03696615808_19140,4
04102096728_19141,4
03819426127_19142,1
04085306710_19143,6
03554635480_19144,4
03500975378_19145,1
03425595286_19146,1
04273456975_19147,1
03425515286_19148,1
03753115961_19149,5
03493675369_19150,1
03588905576_19151,5
03588905576_19152,5
04101976728_19153,4
04182716838_19154,4
04570877405_19155,5
03572055521_19156,5
03572205521_19157,5
03796506083_19158,5
04515367318_19159,5
04515357318_19160,5
03590215584_19161,5
04263286961_19162,5
04353867082_19163,5
04262566961_19164,5
03753155961_19165,5
04262566961_19166,5
03571415521_19167,5
03490685366_19168,1
03631975663_19169,5
04515357318_19170,5
03484275359_19171,5
03481755355_19172,5
03461545323_19173,5
03588955576_19174,5
03572165521_19175,5
04262566961_19176,5
03631625663_19177,5
03461545323_19178,5
04191626853_19179,5
04571187405_19180,5
04263286961_19181,5
04263426961_19182,5
04262566961_19183,5
03753155961_19184,5
04496637272_19185,5
04283406991_19186,5
03631625663_19187,5
04354557087_19188,5
04096166724_19189,1
03924256368_19190,5
03631415663_19191,5
04191606853_19192,5
03590285584_19193,5
03631775663_19194,5
03590265584_19195,5
03497465374_19196,1
04285907001_19197,4
04283446991_19198,5
04262686961_19199,5
04571187405_19200,5
03924076368_19201,5
03591765585_19202,1
03869496241_19203,5
03903036328_19204,5
04496547272_19205,5
04568297401_19206,1
03631525663_19207,5
03903076328_19208,5
03752955961_19209,5
04191606853_19210,5
04262556961_19211,5
04354677087_19212,5
03924256368_19213,5
04237716932_19214,4
04283406991_19215,5
03490695366_19216,1
04263286961_19217,5
03631905663_19218,5
03753115961_19219,5
03590295584_19220,5
03796366083_19221,5
04353857082_19222,5
03631415663_19223,5
04263286961_19224,5
03588915576_19225,5
03588915576_19226,5
04191606853_19227,5
03490345366_19228,1
04559337385_19229,5
03461525323_19230,5
03924136368_19231,5
03869546241_19232,5
04571207405_19233,5
03796526083_19234,5
03631845663_19235,5
04571207405_19236,5
04354677087_19237,5
03783866047_19238,5
04354667087_19239,5
03424825280_19240,5
04398307127_19241,12
04283896992_19242,4
03623965643_19243,12
04398307127_19244,12
03623955643_19245,12
03489965366_19246,1
04566767394_19247,12
04497127273_19248,1
03752795961_19249,12
04402337135_19250,11
03623955643_19251,12
03424815280_19252,12
03424815280_19253,12
03424815280_19254,12
03424815280_19255,12
03424815280_19256,12
03424815280_19257,12
03424815280_19258,12
03424815280_19259,12
03424815280_19260,12
03424815280_19261,12
03424815280_19262,12
04283406991_19263,5
04442477196_19264,9
03478955350_19265,10
03478955350_19266,10
03819426127_19267,1
03496685374_19268,1
03426265286_19269,1
03496565374_19270,1
03490025366_19271,1
04358767102_19272,1
04208886881_19273,4
04238126932_19274,4
03497775374_19275,1
04461827244_19276,1
03814786124_19277,1
04205266876_19278,4
04237226932_19279,4
03497775374_19280,1
04127386756_19281,1
04127146756_19282,1
03572085521_19283,5
03631525663_19284,5
04263426961_19285,5
04585387429_19286,5
03571485521_19287,5
04353737082_19288,5
03903036328_19289,5
04570877405_19290,5
04353887082_19291,5
04262566961_19292,5
04570877405_19293,5
03571415521_19294,5
03869546241_19295,5
04353787082_19296,5
03473325341_19297,5
03571465521_19298,5
03571815521_19299,5
04585287429_19300,5
03588905576_19301,5
04191606853_19302,5
03631525663_19303,5
03631525663_19304,5
04262566961_19305,5
03571415521_19306,5
03903446328_19307,5
03753115961_19308,5
04353917082_19309,5
03481955355_19310,5
04191606853_19311,5
03571415521_19312,5
03631975663_19313,5
04262686961_19314,5
04283126991_19315,5
04585287429_19316,5
03588905576_19317,5
03631905663_19318,5
04353737082_19319,5
03631625663_19320,5
03589025576_19321,5
04496577272_19322,5
03631525663_19323,5
03572055521_19324,5
03631525663_19325,5
04191606853_19326,5
04262566961_19327,5
04496607272_19328,5
04559377385_19329,5
04262566961_19330,5
03631905663_19331,5
03631525663_19332,5
04353917082_19333,5
03590185584_19334,5
03572185521_19335,5
03571815521_19336,5
03572185521_19337,5
04353917082_19338,5
03589025576_19339,5
03589025576_19340,5
03796506083_19341,5
03869546241_19342,5
03572185521_19343,5
03869696241_19344,5
03753115961_19345,5
04353947082_19346,5
03869696241_19347,5
04283276991_19348,5
03424725280_19349,5
03424725280_19350,5
03424725280_19351,5
03424725280_19352,5
03424725280_19353,5
03424725280_19354,5
03424725280_19355,5
03424725280_19356,5
03424725280_19357,5
03424725280_19358,5
04310987036_19359,5
03461305323_19360,5
04191516853_19361,5
04515367318_19362,5
03752815961_19363,5
03461305323_19364,5
03631905663_19365,5
03588955576_19366,5
04496637272_19367,5
03903446328_19368,5
04262566961_19369,5
03869526241_19370,5
03589025576_19371,5
03631525663_19372,5
03753095961_19373,5
04353837082_19374,5
04496637272_19375,5
03631625663_19376,5
03590275584_19377,5
03631525663_19378,5
03752925961_19379,5
03481665355_19380,5
04191516853_19381,5
03796336083_19382,5
03481835355_19383,5
03752925961_19384,5
03481615355_19385,5
03481615355_19386,5
03588955576_19387,5
04345557073_19388,5
04262706961_19389,5
03461225323_19390,5
04191516853_19391,5
03631525663_19392,5
03903446328_19393,5
03571905521_19394,5
03752925961_19395,5
03752955961_19396,5
03473295341_19397,5
03631905663_19398,5
04262666961_19399,5
03752925961_19400,5
03752925961_19401,5
03752925961_19402,5
04585317429_19403,5
03481835355_19404,5
04191516853_19405,5
03752925961_19406,5
03571475521_19407,5
04209366885_19408,5
420934688505_19409,5
03590565584_19410,5
03903446328_19411,5
04353787082_19412,5
03473275341_19413,5
03752925961_19414,5
03424705280_19415,5
03424705280_19416,5
03424705280_19417,5
03424705280_19418,5
03424705280_19419,5
03461545323_19420,5
03533955426_19421,5
03481895355_19422,5
03588905576_19423,5
03631775663_19424,5
04283446991_19425,5
04353787082_19426,5
03589025576_19427,5
03588955576_19428,5
03588905576_19429,5
04310987036_19430,5
03481755355_19431,5
04585287429_19432,5
03588915576_19433,5
03572185521_19434,5
03473325341_19435,5
03941876420_19436,5
03484105359_19437,5
04262836961_19438,5
03533675426_19439,5
03571815521_19440,5
04191626853_19441,5
03571475521_19442,5
04496607272_19443,5
03631525663_19444,5
04262566961_19445,5
03571785521_19446,5
04263256961_19447,5
03796506083_19448,5
04283276991_19449,5
04496577272_19450,5
04310987036_19451,5
03590275584_19452,5
03590295584_19453,5
03461565323_19454,5
04496577272_19455,5
03590185584_19456,5
03571445521_19457,5
03590255584_19458,5
03571415521_19459,5
03631775663_19460,5
03461545323_19461,5
04262976961_19462,5
03424725280_19463,5
03631525663_19464,5
03571415521_19465,5
04310987036_19466,5
03461545323_19467,5
03588955576_19468,5
03571415521_19469,5
03631775663_19470,5
04353707082_19471,5
03590295584_19472,5
03753125961_19473,5
03424655280_19474,5
03424655280_19475,5
03424655280_19476,5
03424655280_19477,5
03424655280_19478,5
03424655280_19479,5
03424655280_19480,5
03424655280_19481,5
03424655280_19482,5
03473275341_19483,5
04085436711_19484,6
04262566961_19485,5
03631905663_19486,5
03497775374_19487,1
04263496961_19488,5
04262996961_19489,5
04283576992_19490,4
03426365286_19491,1
04496637272_19492,5
04525247335_19493,4
04095976724_19494,1
03571385521_19495,5
04496817272_19496,5
04283896992_19497,4
03869696241_19498,5
03796346083_19499,5
03753075961_19500,5
03590305584_19501,5
03481665355_19502,5
03903076328_19503,5
03571905521_19504,5
04283316991_19505,5
04283446991_19506,5
03698665825_19507,5
04570877405_19508,5
04588717436_19509,5
04262856961_19510,5
03753125961_19511,5
03903486328_19512,5
04571237405_19513,5
03949706446_19514,5
04263426961_19515,5
03941976420_19516,5
03796536083_19517,5
04353917082_19518,5
04262776961_19519,5
03924426368_19520,5
03481975355_19521,5
04547477373_19522,5
04262556961_19523,5
03588985576_19524,5
03424705280_19525,5
03511395406_19526,5
04496757272_19527,5
04353947082_19528,5
03571385521_19529,5
03424705280_19530,5
04547477373_19531,5
03481835355_19532,5
03571385521_19533,5
03949556446_19534,5
03572185521_19535,5
03796366083_19536,5
03796336083_19537,5
03869376241_19538,5
03804136104_19539,5
03796366083_19540,5
03424625280_19541,5
03424625280_19542,5
03424625280_19543,5
03424625280_19544,5
04570877405_19545,5
04262916961_19546,5
04263386961_19547,5
03502965380_19548,5
03631905663_19549,5
04263386961_19550,5
04262916961_19551,5
04570877405_19552,5
04262666961_19553,5
04262706961_19554,5
03590245584_19555,5
03590355584_19556,5
04262666961_19557,5
03590235584_19558,5
04262706961_19559,5
03752925961_19560,5
03753075961_19561,5
03481615355_19562,5
04262916961_19563,5
04353747082_19564,5
04353787082_19565,5
04263286961_19566,5
03588955576_19567,5
03590215584_19568,5
04263286961_19569,5
04353787082_19570,5
03590245584_19571,5
03869696241_19572,5
03869526241_19573,5
04353837082_19574,5
04262666961_19575,5
03590245584_19576,5
03869526241_19577,5
04262916961_19578,5
04209336885_19579,5
03590215584_19580,5
04353787082_19581,5
04191606853_19582,5
04262686961_19583,5
03590595584_19584,5
03424615280_19585,5
03424615280_19586,5
03424615280_19587,5
03424615280_19588,5
04283406991_19589,5
03924386368_19590,5
03590245584_19591,5
03631625663_19592,5
04496587272_19593,5
04262566961_19594,5
04263286961_19595,5
03631625663_19596,5
03753155961_19597,5
04283406991_19598,5
04262566961_19599,5
03869696241_19600,5
04353917082_19601,5
04262706961_19602,5
04515297318_19603,5
04263286961_19604,5
03903076328_19605,5
03473305341_19606,5
03572205521_19607,5
03752955961_19608,5
03752955961_19609,5
03631625663_19610,5
03631905663_19611,5
03869696241_19612,5
04353767082_19613,5
04353767082_19614,5
03631525663_19615,5
04353707082_19616,5
03631525663_19617,5
03424655280_19618,5
04353767082_19619,5
03631905663_19620,5
04353887082_19621,5
03753125961_19622,5
04262976961_19623,5
03631625663_19624,5
04496577272_19625,5
03869696241_19626,5
03941876420_19627,5
03903076328_19628,5
04353737082_19629,5
03903446328_19630,5
03869396241_19631,5
04262976961_19632,5
03903076328_19633,5
04262976961_19634,5
04353707082_19635,5
03903446328_19636,5
04262976961_19637,5
04262976961_19638,5
03424655280_19639,5
04353747082_19640,5
04262976961_19641,5
03903446328_19642,5
04262976961_19643,5
03590215584_19644,5
03869696241_19645,5
04262976961_19646,5
03903076328_19647,5
04262976961_19648,5
03796506083_19649,5
03424605280_19650,5
03424605280_19651,5
03424605280_19652,5
03424605280_19653,5
03424605280_19654,5
03424605280_19655,5
03424605280_19656,5
03424605280_19657,5
03424605280_19658,5
03935246408_19659,1
03903856329_19660,4
03490395366_19661,1
03490345366_19662,1
03490395366_19663,1
03753075961_19664,5
03426515286_19665,1
04182766838_19666,4
03424605280_19667,5
03590215584_19668,5
03752955961_19669,5
04353787082_19670,5
03631525663_19671,5
03796486083_19672,5
03903036328_19673,5
04283316991_19674,5
03473325341_19675,5
03941876420_19676,5
03572105521_19677,5
04283316991_19678,5
03572185521_19679,5
04263286961_19680,5
03796506083_19681,5
03631625663_19682,5
03752955961_19683,5
04353917082_19684,5
03752815961_19685,5
03752815961_19686,5
04283316991_19687,5
04283316991_19688,5
03424585280_19689,5
03753125961_19690,5
03481835355_19691,5
04262566961_19692,5
04168476821_19693,4
03424705280_19694,5
03588915576_19695,5
03424725280_19696,5
04263386961_19697,5
04262976961_19698,5
03796316083_19699,6
03461225323_19700,5
03481955355_19701,5
04262646961_19702,5
03473295341_19703,5
03631805663_19704,5
04262706961_19705,5
03903336328_19706,5
03631905663_19707,5
03424705280_19708,5
04237306932_19709,4
03590285584_19710,5
03590135584_19711,5
03424655280_19712,5
04570067403_19713,4
04559607385_19714,5
03461225323_19715,5
04191516853_19716,5
03869596241_19717,5
03738765907_19718,9
04237086932_19719,4
04515397318_19720,5
04263236961_19721,5
04207036879_19722,4
03796336083_19723,5
03473285341_19724,5
04191516853_19725,5
03869526241_19726,5
04283296992_19727,4
03591005585_19728,1
04263426961_19729,5
03903996329_19730,4
03796336083_19731,5
03549575469_19732,6
03539895441_19733,4
04263336961_19734,5
03511385406_19735,5
03631425663_19736,5
04263286961_19737,5
04283316991_19738,5
04585287429_19739,5
03590345584_19740,5
03489795366_19741,1
03489895366_19742,1
03869456241_19743,5
03796356083_19744,5
03903446328_19745,5
03481835355_19746,5
04263106961_19747,5
03590215584_19748,5
03511445406_19749,5
04262976961_19750,5
03903436329_19751,4
04283126991_19752,5
03753075961_19753,5
03869526241_19754,5
03796356083_19755,5
04585287429_19756,5
03590285584_19757,5
03796346083_19758,5
04515357318_19759,5
03481835355_19760,5
04353787082_19761,5
03903446328_19762,5
04283406991_19763,5
03903446328_19764,5
04559557385_19765,5
04263366961_19766,5
03753115961_19767,5
03796506083_19768,5
04263066961_19769,5
04262976961_19770,5
03590215584_19771,5
04263366961_19772,5
04263386961_19773,5
04263366961_19774,5
03424575280_19775,5
03424575280_19776,5
04521937325_19777,1
03473765342_19778,1
03882956287_19779,1
03473605342_19780,1
04201056867_19781,3
03948396438_19782,1
03571355521_19783,1
04135696774_19784,1
03896266309_19785,1
04313707038_19786,1
03878566276_19787,1
03879116276_19788,1
03659155754_19789,1
03879116276_19790,1
03535255429_19791,1
04270246972_19792,7
03879116276_19793,1
453570735603_19794,3
04259746960_19795,1
04094426723_19796,9
04300067030_19797,1
04360917106_19798,1
03379515208_19799,1
04260436960_19800,1
03657945752_19801,1
04277026978_19802,1
03658655752_19803,1
03541715448_19804,9
03926476379_19805,3
04286577004_19806,1
03709125845_19807,9
04086076713_19808,4
04567907400_19809,4
03854216218_19810,4
04237906932_19811,4
04182746838_19812,4
04205656876_19813,4
04206466879_19814,4
04237636932_19815,4
04205436876_19816,4
03911006343_19817,4
03591195585_19818,4
04247166949_19819,4
03421845277_19820,4
04208766881_19821,4
04237476932_19822,4
04206896879_19823,4
04086336713_19824,4
03742885920_19825,4
04205436876_19826,4
04204646876_19827,4
04204796876_19828,4
04208706881_19829,4
04283386992_19830,4
03773846016_19831,4
03421845277_19832,4
03911006343_19833,4
03910246343_19834,4
04313597037_19835,4
03421525277_19836,4
04086186713_19837,4
04237636932_19838,4
04260836960_19839,1
04237226932_19840,4
04236946932_19841,4
04285927001_19842,4
04284096992_19843,4
04131956766_19844,1
04172826828_19845,4
03875986262_19846,4
04454387217_19847,4
04567907400_19848,4
04567877400_19849,4
04236846932_19850,4
04236946932_19851,4
04204646876_19852,4
04237396932_19853,4
03421575277_19854,4
04086076713_19855,4
04247226949_19856,4
03422025277_19857,4
03421785277_19858,4
03910496343_19859,4
03421865277_19860,4
344736530501_19861,1
04262866964_19862,1
04237226932_19863,4
04569577403_19864,4
03876016262_19865,4
04115736747_19866,1
04454387217_19867,4
04182746838_19868,4
04236826932_19869,4
04336927054_19870,4
04237656932_19871,4
04172826828_19872,4
03931036390_19873,4
03773736016_19874,4
04193206854_19875,4
04283596992_19876,4
04312497037_19877,4
04236896932_19878,4
04188846845_19879,4
04237146932_19880,4
03771546010_19881,4
04188846845_19882,4
408616671304_19883,4
04237636932_19884,4
04101246728_19885,4
04086476713_19886,4
04205566876_19887,4
03422025277_19888,4
03910246343_19889,4
04286987003_19890,4
03690245794_19891,4
04204966876_19892,4
03422045277_19893,4
03754265970_19894,4
04086076713_19895,4
04312827037_19896,4
04312807037_19897,4
03421785277_19898,4
03421805277_19899,4
03421805277_19900,4
04285927001_19901,4
03773736016_19902,4
04131906766_19903,4
03616675630_19904,1
03424725280_19905,5
04208946881_19906,4
04208736881_19907,4
04182716838_19908,4
04577427417_19909,4
04102146728_19910,4
04237906932_19911,4
04238106932_19912,4
03421845277_19913,4
03421535277_19914,4
04313317037_19915,4
03478955350_19916,10
04132146766_19917,1
04263286961_19918,5
03478955350_19919,10
03658435752_19920,1
03759875985_19921,4
04262916961_19922,5
03759555985_19923,4
04604467458_19924,4
03424725280_19925,5
04204586876_19926,4
04182806838_19927,4
04577757417_19928,4
04182806838_19929,4
03480795354_19930,1
04313047037_19931,4
04247276949_19932,4
04577527417_19933,1
03713525850_19934,1
04200726867_19935,3
03796916085_19936,1
03633295671_19937,1
03658445752_19938,1
03944176429_19939,1
04458057223_19940,1
04496587272_19941,5
04200616867_19942,3
04334897049_19943,1
04132016766_19944,1
03421145277_19945,1
03944036429_19946,1
03658385752_19947,1
04126656756_19948,1
04208686881_19949,4
03497955374_19950,1
04204586876_19951,4
04206546878_19952,4
04194416857_19953,4
04312777037_19954,4
04172826828_19955,4
04182896838_19956,4
04283296992_19957,4
04182716838_19958,4
03421845277_19959,4
03490665366_19960,1
342224527704_19961,4
04206536879_19962,4
04208846881_19963,4
04172826828_19964,4
04183066838_19965,4
03876026262_19966,4
04283386992_19967,4
04182766838_19968,4
04236846932_19969,4
04182646838_19970,4
04208776881_19971,4
04182646838_19972,4
03911006343_19973,4
04569957403_19974,4
04577437417_19975,4
04208896881_19976,4
04204646876_19977,4
04205406876_19978,4
04218696898_19979,4
04173046828_19980,4
04086396713_19981,4
04206516878_19982,4
04237906932_19983,4
03911166343_19984,4
04241606938_19985,4
04237276932_19986,4
04286987003_19987,4
04204646876_19988,4
04173046828_19989,4
04205486876_19990,4
04454407217_19991,4
04247386949_19992,4
04101486728_19993,4
04454407217_19994,4
03421525277_19995,4
03421755277_19996,4
03421755277_19997,4
03421485277_19998,4
03421485277_19999,4
04086476713_20000,4
03421745277_20001,4
03421825277_20002,4
03421575277_20003,4
03421555277_20004,4
04247226949_20005,4
03421575277_20006,4
03421525277_20007,4
04313497037_20008,4
408616671304_20009,4
04312957037_20010,4
04247386949_20011,4
03421225277_20012,4
03421495277_20013,4
03421555277_20014,4
04247386949_20015,4
04313597037_20016,4
04247386949_20017,4
03421745277_20018,4
03421825277_20019,4
03421525277_20020,4
03421525277_20021,4
342161527704_20022,4
03421525277_20023,4
03422015277_20024,4
04247386949_20025,4
342161527704_20026,4
03421525277_20027,4
342161527704_20028,4
03421525277_20029,4
03422015277_20030,4
03421525277_20031,4
342161527704_20032,4
03421875277_20033,4
03421875277_20034,4
03421525277_20035,4
03421875277_20036,4
03421805277_20037,4
03421825277_20038,4
03421475277_20039,4
03421475277_20040,4
03421475277_20041,4
03421475277_20042,4
03875976262_20043,4
04571757407_20044,1
04085686713_20045,1
04544117366_20046,1
03555255481_20047,1
03800996101_20048,1
04247136949_20049,1
03515975415_20050,3
03839146184_20051,3
03596735595_20052,3
03430375290_20053,1
03908986342_20054,1
03796626085_20055,1
03497725374_20056,1
04214456890_20057,3
04213746890_20058,3
03658765752_20059,1
03935226408_20060,1
03717635859_20061,1
04568167401_20062,1
03698265825_20063,1
04461337244_20064,1
03497655374_20065,1
03447645306_20066,1
03550295470_20067,1
03446555306_20068,1
03796626085_20069,1
03678685781_20070,1
03837436178_20071,1
03942046420_20072,1
04430207190_20073,1
03886316294_20074,1
03433855293_20075,1
04496527272_20076,1
04455317220_20077,1
03814736124_20078,1
03738995907_20079,1
04571577407_20080,1
04568167401_20081,1
04234056924_20082,1
03657955752_20083,1
04571577407_20084,1
04461177244_20085,1
04421457170_20086,1
03698725825_20087,1
04571737407_20088,1
04514037315_20089,1
03690435794_20090,1
03550445470_20091,1
03658765752_20092,1
03717825859_20093,1
04230506916_20094,1
04455597220_20095,1
04421457170_20096,1
03636415686_20097,4
04176356832_20098,1
04421627170_20099,1
04571707407_20100,1
04461707244_20101,1
04334457049_20102,1
04127306756_20103,1
04175656832_20104,1
03713445850_20105,1
04127306756_20106,1
03447045306_20107,1
04126676756_20108,1
04086126713_20109,1
03780966038_20110,1
04126676756_20111,1
04156676808_20112,1
04182926838_20113,4
03555595481_20114,1
04133706771_20115,1
04458057223_20116,1
03977186512_20117,1
04237306932_20118,4
04127306756_20119,1
04193806855_20120,4
04460907244_20121,1
03663655762_20122,4
04258236957_20123,1
04185956842_20124,1
03715165857_20125,1
03419215275_20126,1
04571737407_20127,1
04578147417_20128,1
04127306756_20129,1
03379245208_20130,1
04175656832_20131,1
04126086756_20132,1
04313317037_20133,4
04127126756_20134,1
04206516878_20135,4
03421955277_20136,1
04172676828_20137,1
04176456832_20138,1
04409817148_20139,1
03846916198_20140,1
04247386949_20141,4
04461707244_20142,1
03480395354_20143,1
03421395277_20144,1
03421175277_20145,1
03636375685_20146,4
03493535369_20147,1
03903666329_20148,4
04449707202_20149,4
03493665369_20150,1
03435285294_20151,1
04218696898_20152,4
03555065480_20153,4
04284636994_20154,4
03555245480_20155,4
03646295718_20156,1
03760125985_20157,4
04101436728_20158,4
04283546992_20159,4
03555245480_20160,4
03760125985_20161,4
03759835985_20162,4
03591495585_20163,1
04237226932_20164,4
04283546992_20165,4
04340017061_20166,4
04237226932_20167,4
03903456329_20168,4
04401777134_20169,4
04101426728_20170,4
03943596429_20171,1
04182686838_20172,4
04247386949_20173,4
03480455354_20174,1
03426215286_20175,1
03554735480_20176,4
04237226932_20177,4
03738795907_20178,9
04334147049_20179,1
04559497386_20180,3
04465327252_20181,1
03717485859_20182,3
03800796101_20183,1
03398205233_20184,1
04208716881_20185,4
04127116756_20186,1
03615065628_20187,1
04133936771_20188,1
04497697273_20189,1
03590775585_20190,1
04236896932_20191,4
03497915374_20192,1
03421525277_20193,4
03421575277_20194,4
04208736881_20195,4
04548827375_20196,1
04237056932_20197,4
04086236713_20198,1
04604997458_20199,4
04205486876_20200,4
04182596838_20201,4
04237636932_20202,4
04525717335_20203,4
04236846932_20204,4
04237086932_20205,4
03421495277_20206,4
03760125985_20207,4
03759295985_20208,4
04237906932_20209,4
04208846881_20210,4
04449837202_20211,4
04237016932_20212,4
04205486876_20213,4
04403087137_20214,4
04206916879_20215,4
03422045277_20216,4
03759295985_20217,4
04237276932_20218,4
04206956879_20219,4
03663655762_20220,4
04569687403_20221,4
03421225277_20222,4
04604697458_20223,4
04204896876_20224,4
04204616876_20225,4
03773796016_20226,4
03421785277_20227,4
04241526938_20228,4
04241526938_20229,4
03421555277_20230,4
03421475277_20231,4
03421475277_20232,4
04237636932_20233,4
04101546728_20234,4
03421785277_20235,4
04204606876_20236,4
03753155961_20237,5
04205566876_20238,4
03930896390_20239,4
04237016932_20240,4
04237056932_20241,4
03422045277_20242,4
04567877400_20243,4
03421525277_20244,4
04237016932_20245,4
04182586838_20246,4
03876056262_20247,4
408616671304_20248,4
03421875277_20249,4
04182876838_20250,4
03421215277_20251,1
04237396932_20252,4
03421485277_20253,4
04241636938_20254,4
03421805277_20255,4
03421845277_20256,4
03421525277_20257,4
03421845277_20258,4
04086186713_20259,4
03421825277_20260,4
03425515286_20261,1
03421685277_20262,4
04172826828_20263,4
03421825277_20264,4
03379685208_20265,1
03421535277_20266,4
04205656876_20267,4
03421555277_20268,4
03422025277_20269,4
03421865277_20270,4
03421495277_20271,4
03421745277_20272,4
03422025277_20273,4
03421745277_20274,4
03421685277_20275,4
03421685277_20276,4
03421565277_20277,4
03421475277_20278,4
03421685277_20279,4
03421685277_20280,4
03421115277_20281,4
03651455728_20282,3
04126186756_20283,1
04566767394_20284,12
04413517149_20285,3
04286447003_20286,1
03447125305_20287,1
03770846009_20288,1
03911226343_20289,1
03425475286_20290,1
03751725959_20291,1
03707135844_20292,1
04367857107_20293,1
03421565277_20294,4
04313317037_20295,4
04260646960_20296,1
04549087375_20297,1
04263366961_20298,5
03591695585_20299,1
04126016756_20300,1
04283566991_20301,5
04548827375_20302,1
03856616226_20303,4
03430365290_20304,1
03422045277_20305,4
03421685277_20306,4
04192766854_20307,4
03430365290_20308,1
04208716881_20309,4
04132006766_20310,1
04173226828_20311,1
03663695762_20312,4
03421525277_20313,4
04205546876_20314,4
03752955961_20315,5
03539675441_20316,4
03571805521_20317,12
03421685277_20318,4
03590295584_20319,5
03875986262_20320,4
03571805521_20321,12
03571805521_20322,12
04360997106_20323,1
03500805378_20324,1
04095936724_20325,1
03490395366_20326,1
04094896724_20327,1
344736530501_20328,1
03497305374_20329,1
04094896724_20330,1
04095656724_20331,1
03590865585_20332,1
03956076462_20333,1
04554897379_20334,1
03909946343_20335,1
04078966695_20336,1
04367957107_20337,1
03910386343_20338,1
04474967255_20339,1
03553545474_20340,12
03658425752_20341,1
04236286931_20342,1
03737215897_20343,1
03909946343_20344,1
04089206715_20345,1
04244646944_20346,1
03480795354_20347,1
03910786343_20348,1
03426565286_20349,1
03658465752_20350,1
03864716236_20351,1
03910786343_20352,1
03956076462_20353,1
04428587188_20354,1
03455965311_20355,1
03814096124_20356,1
03886316294_20357,1
04548967375_20358,1
04204886877_20359,1
03909946343_20360,1
04370147107_20361,1
04465307252_20362,1
04474967255_20363,1
03956506464_20364,1
03658465752_20365,1
03555715481_20366,1
03773356014_20367,1
04497787273_20368,1
04296227022_20369,1
03910786343_20370,1
03434505293_20371,1
04521677324_20372,1
03424655280_20373,5
04237746932_20374,4
03421475277_20375,4
03502965380_20376,5
03398205233_20377,1
03490025366_20378,1
04238106932_20379,4
04208886881_20380,4
04474457255_20381,1
04573457411_20382,1
03690435794_20383,1
03910646343_20384,1
04182876838_20385,4
03446715305_20386,1
04237016932_20387,4
04182876838_20388,4
04126656756_20389,1
04206516878_20390,4
04237656932_20391,4
04402997137_20392,4
03742885920_20393,4
04237016932_20394,4
04236946932_20395,4
04237226932_20396,4
04283616992_20397,4
04237906932_20398,4
04237636932_20399,4
03943946429_20400,1
03426295286_20401,1
03646005716_20402,3
04258186957_20403,1
03489915366_20404,1
04368377107_20405,1
03421805277_20406,4
03419605275_20407,1
03419215275_20408,1
04299887030_20409,4
04203606872_20410,11
03391425225_20411,1
03397605231_20412,1
03444425304_20413,1
03563355500_20414,3
04548747375_20415,1
04548747375_20416,1
04474657255_20417,1
03525355417_20418,1
04194526858_20419,1
03387845222_20420,1
04099166725_20421,1
04548597375_20422,1
03425755286_20423,1
04465047252_20424,1
03425605286_20425,1
04379957113_20426,1
04577517417_20427,1
03419545275_20428,1
03773356014_20429,1
04220196901_20430,1
03434035293_20431,1
03735685894_20432,1
04331807045_20433,1
04310527035_20434,1
03425655286_20435,1
03931836398_20436,1
03490795366_20437,1
03497845374_20438,1
04213816890_20439,3
03819826127_20440,1
03819526127_20441,1
04585367429_20442,5
03871666248_20443,3
04286367003_20444,1
04269966972_20445,3
04600207455_20446,1
03447735305_20447,3
03516175415_20448,3
03421915277_20449,1
03839606184_20450,1
04288637004_20451,3
04519467323_20452,3
04568167401_20453,1
03717575859_20454,1
03608705615_20455,3
04370987107_20456,1
04133556771_20457,1
04185896842_20458,1
04259746960_20459,1
04127206756_20460,1
03379515208_20461,1
03425525286_20462,1
04244556944_20463,1
04125966756_20464,1
04176546832_20465,1
03419395275_20466,1
04260256960_20467,1
03422125277_20468,1
04247216949_20469,4
03419365275_20470,1
03419215275_20471,1
04286237003_20472,1
03434335293_20473,1
04497737273_20474,1
03591005585_20475,1
03715375857_20476,1
03433285293_20477,1
04205086876_20478,4
03433795293_20479,1
04283376991_20480,5
03943706429_20481,1
04286117003_20482,1
03814986124_20483,1
03943806429_20484,1
04188926845_20485,1
03715395857_20486,1
04577937417_20487,1
03549875470_20488,1
03892476306_20489,1
03715395857_20490,1
03826656156_20491,1
04461337244_20492,1
03715395857_20493,1
03658215752_20494,1
03658535752_20495,1
03658075752_20496,1
04514697317_20497,1
03419405275_20498,1
03771986011_20499,1
04577877417_20500,1
03848916201_20501,1
03473325341_20502,5
04577517417_20503,1
03873896251_20504,1
04191606853_20505,5
03461225323_20506,5
03939966416_20507,1
03433555293_20508,1
04270066972_20509,3
03931766398_20510,1
03693995805_20511,1
04713633565_20512,1
04599267455_20513,1
04094916724_20514,1
04569957403_20515,4
04497017273_20516,1
03759895985_20517,4
04214456890_20518,3
04120666751_20519,1
03815026124_20520,1
03873856251_20521,1
04461567244_20522,1
03421335277_20523,1
03909016342_20524,1
03751665959_20525,1
03489885366_20526,1
03838396180_20527,1
03838236180_20528,1
03838236180_20529,1
03430295290_20530,1
03796626085_20531,1
04247386949_20532,4
04120696751_20533,1
03796626085_20534,1
03892216306_20535,1
04127386756_20536,1
04461897244_20537,1
03418315273_20538,8
03418315273_20539,8
03418315273_20540,8
03480475354_20541,1
04135906775_20542,1
03497985374_20543,1
04313727038_20544,1
03480335354_20545,1
04106216731_20546,1
04105996731_20547,1
03814936124_20548,1
03931666398_20549,1
03891906306_20550,1
03814766124_20551,1
03501505378_20552,1
03500755378_20553,1
03502065378_20554,1
03430295290_20555,1
03418295273_20556,8
03418295273_20557,8
03418295273_20558,8
03418295273_20559,8
03418295273_20560,8
03418295273_20561,8
03516435414_20562,3
04194576858_20563,1
03454015309_20564,1
04443717197_20565,3
03850276208_20566,1
03940196416_20567,1
04182966838_20568,4
03500935378_20569,1
03838236180_20570,1
03780876038_20571,1
03498045374_20572,1
03838236180_20573,1
03418245273_20574,8
04186266842_20575,1
03939876416_20576,1
03500805378_20577,1
03955456462_20578,1
04380057113_20579,1
03501915378_20580,1
04343007065_20581,1
04099376726_20582,1
03558755487_20583,1
03926196379_20584,1
03848966201_20585,1
04214626890_20586,3
04094026722_20587,9
04328907042_20588,9
03706085838_20589,3
04570877405_20590,5
03658135752_20591,1
03473695342_20592,3
04332627046_20593,1
03399355233_20594,1
03658135752_20595,1
03645295716_20596,1
03745625931_20597,1
03805156105_20598,1
03527595419_20599,9
03790936075_20600,9
03500875378_20601,1
03726085873_20602,3
03527595419_20603,9
03500865378_20604,1
03476035345_20605,3
04388657119_20606,3
03379345208_20607,1
04535587356_20608,3
04101626728_20609,4
03747535940_20610,1
04461897244_20611,1
03421805277_20612,4
03591165585_20613,1
04176536832_20614,1
03713445850_20615,1
03497435374_20616,1
04127206756_20617,1
03419265275_20618,1
03657775752_20619,1
04389077119_20620,22
04127196756_20621,1
04247406949_20622,1
03604335609_20623,1
04133626771_20624,1
04126996756_20625,1
03657775752_20626,1
04571787407_20627,1
04571737407_20628,1
04313317037_20629,4
03480615354_20630,1
03379515208_20631,1
04240186936_20632,4
04085766713_20633,1
03398205233_20634,1
04173556828_20635,1
03417345270_20636,1
03958406470_20637,1
04519197323_20638,3
04388657119_20639,3
04361387106_20640,1
04421457170_20641,1
04227566913_20642,3
04227746913_20643,3
04176796832_20644,1
04571627407_20645,1
04226656913_20646,3
04388737119_20647,3
04260946960_20648,1
03939876416_20649,1
03895416309_20650,3
04361777106_20651,1
04086216713_20652,1
03417335270_20653,1
03717485859_20654,3
03455915311_20655,1
03645495716_20656,3
04600797455_20657,1
443757719203_20658,3
03807016110_20659,1
03977056512_20660,1
04286627004_20661,2
04490817262_20662,1
03500805378_20663,1
03571805521_20664,12
03875916262_20665,4
03571805521_20666,12
04127236756_20667,1
04599847454_20668,3
04370147107_20669,1
04200726867_20670,3
03760125985_20671,4
04335587052_20672,1
04208866881_20673,4
03490025366_20674,1
04176796832_20675,1
04599227455_20676,1
03379835208_20677,1
04120146751_20678,1
04120146751_20679,1
03447375306_20680,1
04208686881_20681,4
435464708705_20682,5
04101326728_20683,4
03421915277_20684,1
03435335294_20685,5
03774786022_20686,2
04283656992_20687,4
03717235859_20688,1
04372057107_20689,1
03819426127_20690,1
03433105293_20691,1
04237636932_20692,4
04204646876_20693,4
04237986932_20694,4
04236946932_20695,4
04260346960_20696,1
03920576365_20697,1
03486615363_20698,20
04285927001_20699,4
04569047401_20700,1
04205266876_20701,4
04238126932_20702,4
03461275323_20703,6
04237636932_20704,4
03876046262_20705,4
04204696876_20706,4
04237636932_20707,4
04133516771_20708,1
04429487188_20709,1
03935356408_20710,1
04571707407_20711,1
03892216306_20712,1
03915986353_20713,1
465338355703_20714,3
04226656913_20715,3
03939966416_20716,1
04228196913_20717,1
03903336328_20718,5
03800916101_20719,5
04373187108_20720,5
03435375294_20721,5
03435855294_20722,5
04086076713_20723,4
04373187108_20724,5
04476167256_20725,5
03800856101_20726,5
03435335294_20727,5
03435845294_20728,5
04375087108_20729,5
03435845294_20730,5
03875896262_20731,4
03924336368_20732,5
03924336368_20733,5
04373027108_20734,5
04373187108_20735,5
04283276991_20736,5
03924226368_20737,5
04375257108_20738,5
04373187108_20739,5
03435855294_20740,5
04531217347_20741,5
04476867256_20742,5
03956536464_20743,5
03726075873_20744,3
04328427042_20745,1
04102036728_20746,4
03678745781_20747,1
03379685208_20748,1
03940486416_20749,1
03550005470_20750,1
04550587377_20751,1
04214666890_20752,3
04421457170_20753,1
04479907258_20754,3
03563115500_20755,3
04563167390_20756,3
03663695762_20757,4
04176266832_20758,1
04144256793_20759,4
04272406975_20760,3
04193556855_20761,12
03595745589_20762,5
03623955643_20763,12
04126016756_20764,1
04600737455_20765,3
04133936771_20766,1
04133886771_20767,1
04461987244_20768,1
03838396180_20769,1
04712393565_20770,3
04439957195_20771,3
03480395354_20772,1
03735635894_20773,1
03892276306_20774,1
03780666038_20775,1
03814506124_20776,1
03958426470_20777,1
03796886085_20778,1
03501535378_20779,1
04599547454_20780,3
04488787261_20781,3
04260906960_20782,1
03426065286_20783,1
03843836191_20784,1
03379765208_20785,1
03803936104_20786,1
03534105426_20787,1
03387635222_20788,1
03656345748_20789,1
04544337366_20790,1
04237986932_20791,4
03935286408_20792,1
03629465658_20793,1
04121796751_20794,1
04452547212_20795,1
03752955961_20796,5
03778956033_20797,1
03940136416_20798,1
04712563565_20799,3
04133816771_20800,1
03780956038_20801,1
03496685374_20802,1
03717575859_20803,1
03953626452_20804,1
04134196771_20805,1
03892146306_20806,1
03891906306_20807,1
04460907244_20808,1
03891906306_20809,1
04461227244_20810,1
03891906306_20811,1
03891906306_20812,1
04460907244_20813,1
04460907244_20814,1
04461567244_20815,1
04127316756_20816,1
04460907244_20817,1
04461227244_20818,1
04568277401_20819,1
03595745589_20820,5
03814566124_20821,1
04133516771_20822,1
03841366187_20823,1
03796886085_20824,1
03940136416_20825,1
03832716168_20826,1
03814506124_20827,1
03433755293_20828,1
03571955521_20829,5
04176216832_20830,1
03631525663_20831,5
03814856124_20832,1
03533775426_20833,5
04283276991_20834,5
03752815961_20835,5
03502965380_20836,5
03752815961_20837,5
03943566429_20838,1
03533775426_20839,5
03497875374_20840,1
03869696241_20841,5
04173256828_20842,1
03838236180_20843,1
03496735374_20844,1
04133936771_20845,1
03919206359_20846,12
03590865585_20847,1
03973296503_20848,11
03422015277_20849,4
04300047030_20850,1
04238106932_20851,4
03591195585_20852,4
03658575752_20853,1
03663765762_20854,4
03421575277_20855,4
04237226932_20856,4
04086076713_20857,4
04086196713_20858,4
04237026932_20859,4
03856976226_20860,4
04313597037_20861,4
03417045270_20862,4
04336627054_20863,4
03904356329_20864,4
04401767134_20865,4
04525387336_20866,4
03903606329_20867,4
04237016932_20868,4
04263286961_20869,5
03535135429_20870,1
03751645959_20871,1
04135716774_20872,1
04313577038_20873,1
03425525286_20874,1
04300147030_20875,1
04099166725_20876,1
03501655379_20877,1
03558825487_20878,1
04220726902_20879,4
03558785487_20880,1
03391715225_20881,1
03501845379_20882,1
04172866828_20883,1
03489865366_20884,1
04518207321_20885,3
03590585585_20886,1
03524695417_20887,1
04247386949_20888,4
04101326728_20889,4
03422195277_20890,1
04176836832_20891,1
04379957113_20892,1
03838116180_20893,1
04270606972_20894,3
03814806124_20895,1
04461787244_20896,1
03497485374_20897,1
03977286512_20898,1
03486045363_20899,9
03688825793_20900,5
03838236180_20901,1
04193726855_20902,4
03717265859_20903,3
04247216949_20904,4
04236946932_20905,4
04263066961_20906,5
03501455378_20907,1
04273856975_20908,3
03473285341_20909,5
465338355703_20910,3
04519197323_20911,3
466243356103_20912,3
04205656876_20913,4
03571805521_20914,12
03657375751_20915,1
04370147107_20916,1
04421457170_20917,1
03698535825_20918,1
04204236874_20919,15
03701235834_20920,1
03421955277_20921,1
04265816971_20922,1
04156506808_20923,1
03398345233_20924,1
04270366972_20925,7
453570735607_20926,7
04373287108_20927,5
03486145363_20928,13
03956436464_20929,5
03481835355_20930,5
03424625280_20931,5
04496547272_20932,5
04218026897_20933,5
03473815342_20934,7
03839656184_20935,3
04313357038_20936,3
380939611403_20937,3
04200726867_20938,3
03590215584_20939,5
04262566961_20940,5
03631525663_20941,5
04402997137_20942,4
04191576853_20943,5
03903606329_20944,4
04570877405_20945,5
03903856329_20946,4
04096676724_20947,1
03941926420_20948,5
03801156101_20949,1
04496167271_20950,4
04191606853_20951,5
04182446838_20952,4
04448337200_20953,4
03903356329_20954,4
04283836992_20955,4
04372567107_20956,1
04353767082_20957,5
03753125961_20958,5
03759175985_20959,4
03903446328_20960,5
04353867082_20961,5
04402177135_20962,10
04283406991_20963,5
03753155961_20964,5
03424655280_20965,5
04283576992_20966,4
04341117063_20967,4
03588915576_20968,5
03869696241_20969,5
03631525663_20970,5
03752955961_20971,5
04496577272_20972,5
03473305341_20973,5
03631905663_20974,5
04521357324_20975,1
04079006695_20976,1
03571585521_20977,1
03615035628_20978,1
03533865426_20979,11
03533865426_20980,11
04096346724_20981,1
04353887082_20982,5
03903036328_20983,5
03588915576_20984,5
03424655280_20985,5
04241536938_20986,4
03941926420_20987,5
04208886881_20988,4
04208766881_20989,4
03752925961_20990,5
03549575469_20991,6
03753135961_20992,5
04237226932_20993,4
03869496241_20994,5
04262686961_20995,5
04262916961_20996,5
03490025366_20997,1
03461305323_20998,5
04240556937_20999,4
04237856932_21000,4
03631625663_21001,5
04559387385_21002,5
04353707082_21003,5
03571805521_21004,12
03752805961_21005,12
03590525584_21006,12
04086476713_21007,4
03590525584_21008,12
03445685304_21009,1
04223046906_21010,3
04262636961_21011,1
04262636961_21012,1
04355587094_21013,3
03776196026_21014,1
03838236180_21015,1
04126286756_21016,1
03892216306_21017,1
04550757377_21018,1
03425585286_21019,1
04079006695_21020,1
03425655286_21021,1
03604315609_21022,1
03715465857_21023,1
03801116102_21024,1
03426055286_21025,1
03550305470_21026,1
03402145234_21027,1
04230606916_21028,1
03426055286_21029,1
03717345859_21030,3
03425655286_21031,1
03444885304_21032,3
04571927407_21033,1
03525895417_21034,1
03939876416_21035,1
04436797192_21036,3
04227916913_21037,3
03891906306_21038,1
03843336191_21039,1
04388657119_21040,3
04260986960_21041,1
03892276306_21042,1
03780716038_21043,1
03892216306_21044,1
03940256416_21045,1
03796626085_21046,1
03832716168_21047,1
03776186025_21048,3
04133876771_21049,1
04461827244_21050,1
04313397037_21051,4
04455317220_21052,1
04131906766_21053,4
03942176420_21054,1
03856516226_21055,4
04361267106_21056,4
03856846226_21057,4
04300147030_21058,1
03515305414_21059,3
03819426127_21060,1
04094466724_21061,1
04345617073_21062,5
04374527108_21063,5
04605557458_21064,4
03484275359_21065,5
04191606853_21066,5
03759485985_21067,4
03869696241_21068,5
03941926420_21069,5
03658095752_21070,1
03924026368_21071,5
03481615355_21072,5
03461545323_21073,5
04345537073_21074,5
04099606726_21075,1
04605017458_21076,4
04402047134_21077,4
04451937210_21078,4
03759895985_21079,4
03636505685_21080,4
03903416329_21081,4
04448507200_21082,4
04495897271_21083,4
03554705480_21084,4
03555355480_21085,4
04141776790_21086,4
04496207271_21087,4
03501835379_21088,1
04589457441_21089,4
03903596329_21090,4
03690245794_21091,4
04589217441_21092,4
03585075556_21093,4
04321617039_21094,4
03501455378_21095,1
03636355685_21096,4
03760125985_21097,4
04589187441_21098,4
04506637290_21099,4
04337117054_21100,4
04506637290_21101,4
03759805985_21102,4
03555315480_21103,4
04496097271_21104,4
04340977063_21105,4
03759515985_21106,4
04496247271_21107,4
04397257126_21108,4
04506637290_21109,4
04506637290_21110,4
04449637202_21111,4
04589047441_21112,4
04402187134_21113,4
04284026992_21114,4
04496107271_21115,4
04589047441_21116,4
04397607126_21117,4
03585065556_21118,4
04589107441_21119,4
03741475916_21120,4
03414695267_21121,4
03414695267_21122,4
03414695267_21123,4
03414695267_21124,4
03414695267_21125,4
03663715762_21126,4
03814716124_21127,1
03903436329_21128,4
03759725985_21129,4
04204646876_21130,4
04241476938_21131,4
04577437417_21132,4
04496247271_21133,4
03759355985_21134,4
03539645441_21135,4
03663825762_21136,4
04236846932_21137,4
03554735480_21138,4
04449657202_21139,4
03759375985_21140,4
04283516992_21141,4
04236896932_21142,4
04283896992_21143,4
04525187335_21144,4
03815256124_21145,1
04337107054_21146,4
03631845663_21147,5
04604467458_21148,4
04182506838_21149,4
03696835808_21150,4
04237856932_21151,4
04142086790_21152,4
03903686329_21153,4
04285947001_21154,4
04283386992_21155,4
03696615808_21156,4
04337287054_21157,4
03414765267_21158,4
03773986016_21159,4
04449767202_21160,4
04142086790_21161,4
04340257061_21162,4
04283296992_21163,4
04198926864_21164,4
04182716838_21165,4
03554715480_21166,4
04283656992_21167,4
03759805985_21168,4
04449757202_21169,4
04449647202_21170,4
04339727061_21171,4
04283476992_21172,4
04142056790_21173,4
04341257063_21174,4
03771266010_21175,4
04141946790_21176,4
04452067210_21177,4
04340907063_21178,4
04204876876_21179,4
03539875441_21180,4
04182746838_21181,4
04325487039_21182,4
03414685267_21183,4
04283306992_21184,4
03771266010_21185,4
04182806838_21186,4
04340927063_21187,4
04283746992_21188,4
04340927063_21189,4
04205336876_21190,4
04283386992_21191,4
04205566876_21192,4
04237996932_21193,4
04340927063_21194,4
04449767202_21195,4
04525177335_21196,4
04238016932_21197,4
04283186992_21198,4
04283656992_21199,4
04402217134_21200,4
04283386992_21201,4
04340997063_21202,4
04283296992_21203,4
04341257063_21204,4
04498937275_21205,4
04325487039_21206,4
04285937001_21207,4
04402217134_21208,4
04449657202_21209,4
03414685267_21210,4
04182716838_21211,4
03759175985_21212,4
04284756994_21213,4
04283656992_21214,4
03539775441_21215,4
04086076713_21216,4
03555085480_21217,4
04404217139_21218,4
03696665808_21219,4
04141946790_21220,4
04236896932_21221,4
04208706881_21222,4
03696665808_21223,4
04449687202_21224,4
04283516992_21225,4
03759175985_21226,4
03759635985_21227,4
04340927063_21228,4
03554955480_21229,4
04339757061_21230,4
04182716838_21231,4
04448507200_21232,4
04340857063_21233,4
04341257063_21234,4
04340927063_21235,4
04402877137_21236,4
04449717202_21237,4
04339767061_21238,4
04403337137_21239,4
04336587054_21240,4
03771176010_21241,4
03771546010_21242,4
04339727061_21243,4
03759355985_21244,4
04283516992_21245,4
04525097335_21246,4
04448247200_21247,4
04339767061_21248,4
03773986016_21249,4
04237016932_21250,4
04283516992_21251,4
04285937001_21252,4
04339767061_21253,4
04285947001_21254,4
04285937001_21255,4
04285937001_21256,4
03696665808_21257,4
03414655267_21258,4
03414655267_21259,4
03414655267_21260,4
03414655267_21261,4
03414655267_21262,4
03414655267_21263,4
03414655267_21264,4
03414655267_21265,4
03414655267_21266,4
03414655267_21267,4
03414655267_21268,4
03414655267_21269,4
03414655267_21270,4
03414655267_21271,4
03414655267_21272,4
03414655267_21273,4
03414655267_21274,4
03414655267_21275,4
03903666329_21276,4
03636375685_21277,4
04340857063_21278,4
03446935305_21279,3
04604887458_21280,4
04236866932_21281,4
04205466876_21282,4
03497885374_21283,1
04237666932_21284,4
04241326938_21285,4
04204696876_21286,4
04237856932_21287,4
03838236180_21288,1
04262886961_21289,12
03631685663_21290,5
03796816085_21291,1
03481665355_21292,5
03803936104_21293,1
03631625663_21294,5
04354567087_21295,5
03819946127_21296,1
03869526241_21297,5
04585307429_21298,5
435464708705_21299,5
04236956932_21300,4
03572225521_21301,5
04205596876_21302,4
03424615280_21303,5
03738765907_21304,9
04205566876_21305,4
04193556855_21306,12
03738775907_21307,9
04353947082_21308,5
03663825762_21309,4
03903436329_21310,4
03424615280_21311,5
04353747082_21312,5
04263456961_21313,5
03421745277_21314,4
04359207102_21315,1
04548267374_21316,2
03517165415_21317,1
450284728601_21318,1
03678685781_21319,1
03616175630_21320,1
04548407375_21321,1
03908866342_21322,1
04554497379_21323,1
03560435495_21324,1
04335727052_21325,1
04387067118_21326,1
03501735379_21327,1
04595347451_21328,1
03856286225_21329,1
03535425429_21330,1
03501655379_21331,1
04718433566_21332,2
03430445290_21333,1
03585295556_21334,4
04247196949_21335,4
03937116411_21336,1
03816906126_21337,1
04402397135_21338,10
04342297065_21339,5
04270686972_21340,2
03586365569_21341,1
04570877405_21342,5
04570877405_21343,5
416078681102_21344,2
04544277366_21345,1
03869546241_21346,5
03590245584_21347,5
04570877405_21348,5
04585307429_21349,5
04570877405_21350,5
03924266369_21351,5
03590565584_21352,5
04164896815_21353,1
03591475585_21354,1
03481885355_21355,5
03571385521_21356,5
03590135584_21357,5
04286967004_21358,3
03446575305_21359,3
03497775374_21360,1
03549535469_21361,6
04496547272_21362,5
03497885374_21363,1
03572265521_21364,5
04515837318_21365,5
03590285584_21366,5
03788886066_21367,1
03503055380_21368,5
04191606853_21369,5
04585317429_21370,5
03784006047_21371,5
03920886366_21372,3
03424615280_21373,5
04191526853_21374,5
03589015576_21375,5
04353787082_21376,5
04570877405_21377,5
04191526853_21378,5
04515357318_21379,5
04283316991_21380,5
03424725280_21381,5
03869396241_21382,5
04283316991_21383,5
04263426961_21384,5
03424605280_21385,5
03869526241_21386,5
04263426961_21387,5
04353947082_21388,5
03759725985_21389,4
04402397135_21390,10
03903446328_21391,5
04401687134_21392,4
04402137135_21393,10
03590315584_21394,5
03590595584_21395,5
03903446328_21396,5
04449787202_21397,4
03478765350_21398,10
03539645441_21399,4
04263426961_21400,5
04571187405_21401,5
03953356451_21402,10
04262666961_21403,5
04449677202_21404,4
04203606872_21405,11
04449657202_21406,4
04142076790_21407,4
04339577061_21408,4
04341027063_21409,4
04236896932_21410,4
03424605280_21411,5
04142076790_21412,4
03752955961_21413,5
04353947082_21414,5
03424605280_21415,5
03588905576_21416,5
04262916961_21417,5
04236956932_21418,4
04263426961_21419,5
04571187405_21420,5
03588905576_21421,5
03481665355_21422,5
04191606853_21423,5
03481665355_21424,5
03903076328_21425,5
03424605280_21426,5
04353707082_21427,5
04262916961_21428,5
04191606853_21429,5
03903446328_21430,5
04182896838_21431,4
03631775663_21432,5
03571805521_21433,12
04237716932_21434,4
04498947275_21435,4
04262666961_21436,5
03631625663_21437,5
04191516853_21438,5
04191606853_21439,5
03903446328_21440,5
03590185584_21441,5
04263366961_21442,5
03481635355_21443,5
04353707082_21444,5
03481835355_21445,5
04204796876_21446,4
04570877405_21447,5
03424615280_21448,5
04515297318_21449,5
04263286961_21450,5
04353947082_21451,5
04182796838_21452,4
03424655280_21453,5
03481835355_21454,5
03631525663_21455,5
04191516853_21456,5
04191516853_21457,5
03590305584_21458,5
03461545323_21459,5
03590315584_21460,5
04353947082_21461,5
03590505584_21462,5
03590275584_21463,5
03473305341_21464,5
03753155961_21465,5
04206956879_21466,4
03473285341_21467,5
04205266876_21468,4
03590215584_21469,5
04182796838_21470,4
03869696241_21471,5
04262566961_21472,5
03461305323_21473,5
03424615280_21474,5
03590185584_21475,5
03590215584_21476,5
04283276991_21477,5
03424605280_21478,5
03903446328_21479,5
04571187405_21480,5
03663845762_21481,4
03590315584_21482,5
03753155961_21483,5
03759295985_21484,4
03496685374_21485,1
03658465752_21486,1
03701145834_21487,1
03490245366_21488,1
03497775374_21489,1
04198906864_21490,4
04126956756_21491,1
03916206353_21492,1
03658435752_21493,1
04244726944_21494,1
04133936771_21495,1
03426365286_21496,1
04086476713_21497,4
03497975374_21498,1
04206976879_21499,4
03431165291_21500,3
03935306408_21501,1
03735735894_21502,1
04121096751_21503,1
03762095989_21504,1
04497157273_21505,1
03873896251_21506,1
03490665366_21507,1
04203506872_21508,10
03953246451_21509,10
03953306451_21510,10
04203496872_21511,10
03732795883_21512,13
03953386451_21513,10
03864306234_21514,1
03653865736_21515,1
03653865736_21516,1
03501015378_21517,1
03535725429_21518,1
03615175628_21519,1
04300147030_21520,1
03515495414_21521,3
03516985416_21522,1
04595347451_21523,1
03817046126_21524,1
04465437252_21525,1
03817616126_21526,1
03838526180_21527,8
03579115536_21528,15
03910086343_21529,1
04237986932_21530,4
03453755309_21531,1
04133556771_21532,1
03552895472_21533,1
04310937036_21534,6
04341407063_21535,4
04402237134_21536,4
03425805286_21537,1
03549585469_21538,6
04310937036_21539,6
03590415584_21540,6
03747815941_21541,11
03554735480_21542,4
03411775250_21543,15
03411775250_21544,15
03411775250_21545,15
03411775250_21546,15
03411775250_21547,15
03421915277_21548,1
03629365658_21549,1
03658715752_21550,1
04176116832_21551,1
04359087102_21552,1
03948446438_21553,1
03379515208_21554,1
03943996429_21555,1
03633295671_21556,1
04286527003_21557,1
03919206359_21558,12
04359067102_21559,1
03856736226_21560,1
03943636429_21561,1
03943566429_21562,1
03943566429_21563,1
04086126713_21564,1
03944076429_21565,1
03910926343_21566,1
03943396429_21567,1
03943706429_21568,1
03943986429_21569,1
04176926832_21570,1
03411765250_21571,1
03411765250_21572,1
04237656932_21573,4
03540005441_21574,4
03658715752_21575,1
03658315752_21576,1
04295867022_21577,1
03480805354_21578,1
03412465253_21579,8
04428927188_21580,1
03539685441_21581,4
03399355233_21582,1
04379847113_21583,1
04285967001_21584,4
04379847113_21585,1
03591445585_21586,1
03658395752_21587,1
03489865366_21588,1
03591495585_21589,1
04296357022_21590,1
04347407076_21591,1
04370347107_21592,1
04260946960_21593,1
03738765907_21594,9
03658395752_21595,1
04368107107_21596,1
03490285366_21597,1
04557907383_21598,3
04460917244_21599,1
04388737119_21600,3
03814096124_21601,1
04461777244_21602,1
03891906306_21603,1
04127206756_21604,1
04521457324_21605,1
03839656184_21606,3
04196746862_21607,1
03776316025_21608,3
03943396429_21609,1
03713445850_21610,1
04222876906_21611,3
04126676756_21612,1
03843576191_21613,1
03820006127_21614,1
04571787407_21615,1
03820006127_21616,1
04196616862_21617,3
04127386756_21618,1
04461787244_21619,1
04520937324_21620,3
03937206412_21621,1
03497395374_21622,1
04521297324_21623,1
04600737455_21624,3
04571787407_21625,1
03421365277_21626,1
04126656756_21627,1
03421375277_21628,1
03421365277_21629,1
04296267022_21630,1
04295947022_21631,1
03552555472_21632,1
03874666255_21633,6
04260706960_21634,1
03421485277_21635,4
04361267106_21636,4
04460887244_21637,1
03955136461_21638,6
03955326462_21639,1
03500805378_21640,1
04429237188_21641,1
04094656724_21642,1
04449647202_21643,4
03737195897_21644,6
03760045985_21645,4
04359087102_21646,1
04402397135_21647,10
03880726278_21648,4
04359087102_21649,1
03480865354_21650,1
04548897375_21651,1
04359087102_21652,1
04418797161_21653,1
03824506145_21654,4
03910386343_21655,1
04296357022_21656,1
03591295585_21657,1
03658535752_21658,1
03480415354_21659,1
03411645250_21660,1
04259986960_21661,5
03973146503_21662,11
03616365630_21663,1
03426055286_21664,1
03456085312_21665,6
03895176309_21666,3
04309507035_21667,3
04196506862_21668,3
04589047441_21669,4
03698345825_21670,1
03694415805_21671,1
03910606343_21672,1
04100736726_21673,1
04380017113_21674,1
03421745277_21675,4
04361167106_21676,4
03453695309_21677,1
03717495859_21678,1
394214642006_21679,6
04102176728_21680,1
04577757417_21681,4
03489865366_21682,1
03763845996_21683,6
03856576226_21684,4
03497545374_21685,1
04334457049_21686,1
04237906932_21687,4
04283546992_21688,4
03500895378_21689,1
03433965293_21690,1
03434055293_21691,1
03527595419_21692,9
03919216359_21693,1
04353837082_21694,5
04133526771_21695,1
421392689003_21696,3
04213746890_21697,3
04214656890_21698,3
04185946842_21699,1
04099446726_21700,1
04213746890_21701,3
03497435374_21702,1
04214476890_21703,3
03535575429_21704,1
04106226731_21705,1
04200316867_21706,3
04100996726_21707,1
04106216731_21708,1
04594677451_21709,1
04106216731_21710,1
03496855374_21711,1
04095006724_21712,1
04240646937_21713,4
04100616726_21714,1
03494045369_21715,1
04241306938_21716,4
03490105366_21717,1
03501465378_21718,1
03426585286_21719,1
04339987061_21720,4
04525297335_21721,4
04191576853_21722,5
04283576992_21723,4
03425525286_21724,1
03426055286_21725,1
03426055286_21726,1
03694405805_21727,1
03426055286_21728,1
03698315825_21729,12
03694415805_21730,1
04548407375_21731,1
03426055286_21732,1
03694105805_21733,1
04262566961_21734,5
03910036343_21735,1
04116426748_21736,1
03689515794_21737,1
04101486728_21738,4
04206936879_21739,4
03814736124_21740,1
03838236180_21741,1
04222046906_21742,3
03839466184_21743,3
03430395290_21744,1
03560355495_21745,1
03947166436_21746,1
03903856329_21747,4
04102026728_21748,4
03933456402_21749,1
03678625781_21750,11
03935296408_21751,1
03497825374_21752,1
03707215844_21753,1
03678355781_21754,1
04521627324_21755,1
04204226874_21756,15
03801126102_21757,1
04460917244_21758,1
04373187108_21759,5
04126826756_21760,1
04354557087_21761,5
03689785794_21762,1
03752955961_21763,5
03588955576_21764,5
04116246748_21765,1
03590465584_21766,5
04477007256_21767,1
03497725374_21768,1
04126896756_21769,1
03710245846_21770,1
03658445752_21771,1
03944096429_21772,1
04173046828_21773,4
03421265277_21774,1
03738765907_21775,9
04204646876_21776,4
04204746876_21777,4
04133876771_21778,1
04247156949_21779,1
03461295323_21780,6
04185616842_21781,1
03819946127_21782,1
04196506862_21783,3
03698725825_21784,1
03497365374_21785,1
03524695417_21786,1
04132126766_21787,1
03525825417_21788,1
04126176756_21789,1
03710185846_21790,1
04220726902_21791,4
03426295286_21792,1
04496527272_21793,1
03486035363_21794,15
03658345752_21795,1
04192716854_21796,1
03813676123_21797,1
03467595330_21798,1
03480415354_21799,1
03398965233_21800,1
03419335275_21801,1
03480865354_21802,1
03735555894_21803,1
03467595330_21804,1
03426295286_21805,1
03419335275_21806,1
03426195286_21807,1
04426307184_21808,1
03658205752_21809,1
04370847107_21810,1
04096346724_21811,1
03658595752_21812,1
04176836832_21813,1
04120696751_21814,1
03943896429_21815,1
04359087102_21816,1
04359207102_21817,1
03891906306_21818,1
03421175277_21819,1
04237496932_21820,4
04125936756_21821,1
04120736751_21822,1
04126176756_21823,1
03891906306_21824,1
04461937244_21825,1
04300147030_21826,1
03426255286_21827,1
03698315825_21828,12
04277086978_21829,3
04313597037_21830,4
03910086343_21831,1
03910936343_21832,1
03429965290_21833,1
03693955805_21834,1
04282046988_21835,15
04548407375_21836,1
03735555894_21837,1
03768446002_21838,1
03426255286_21839,1
03874396255_21840,1
04328417042_21841,1
04461547244_21842,1
03425525286_21843,1
03425545286_21844,1
03425675286_21845,1
03426085286_21846,1
03427435288_21847,3
04380187113_21848,1
03820006127_21849,1
03490025366_21850,1
03539655441_21851,4
04380017113_21852,1
03955436462_21853,1
04451937210_21854,4
03465045327_21855,6
04182896838_21856,4
04449757202_21857,4
04604667458_21858,4
03465045327_21859,6
03516895416_21860,6
03516895416_21861,6
03465045327_21862,6
03409055245_21863,6
03409055245_21864,6
04310577035_21865,1
04127356756_21866,1
04443787197_21867,3
04599727455_21868,1
03516205414_21869,3
03515705414_21870,3
04429537189_21871,3
03776526025_21872,3
03473875342_21873,3
04263366961_21874,5
04223266906_21875,3
03645355716_21876,3
03666625765_21877,3
03558755487_21878,1
03437405295_21879,1
03892276306_21880,1
03876056262_21881,4
03770666009_21882,1
03713515850_21883,1
03753115961_21884,5
04214566890_21885,3
03838116180_21886,1
03841106187_21887,1
04544167366_21888,1
03446215305_21889,1
343119529103_21890,3
04127386756_21891,1
03833396168_21892,1
03869396241_21893,5
03891906306_21894,1
03796696085_21895,1
04389197119_21896,3
04157996809_21897,21
03891906306_21898,1
04571737407_21899,1
04173216828_21900,1
04521757324_21901,3
04213746890_21902,3
04237176933_21903,4
04435657192_21904,3
03421605277_21905,1
04358727102_21906,1
03710245846_21907,1
03426055286_21908,1
03917236355_21909,1
03935146408_21910,1
03807056110_21911,1
04590557446_21912,1
03426065286_21913,1
03426055286_21914,1
03816976126_21915,1
03480535354_21916,4
03910396343_21917,1
04590717446_21918,1
04334537049_21919,1
03943566429_21920,1
04474447254_21921,3
03779026033_21922,1
03940486416_21923,1
04288547004_21924,3
03805186105_21925,3
04600137455_21926,1
03778826033_21927,1
04094966724_21928,1
03419335275_21929,1
03738765907_21930,9
03804056104_21931,1
03615005628_21932,1
04176246832_21933,1
03486045363_21934,9
03815026124_21935,1
04449737202_21936,4
03924086368_21937,5
03590185584_21938,5
04208766881_21939,4
03484295359_21940,5
03502965380_21941,5
03941926420_21942,5
03426075286_21943,1
04525247335_21944,4
03773716016_21945,4
03533675426_21946,5
04094276724_21947,1
03490715366_21948,1
04096226724_21949,1
03433875293_21950,1
380939611403_21951,3
04093306722_21952,1
03663845762_21953,4
04436387192_21954,1
04340777063_21955,4
04465307252_21956,1
04126176756_21957,1
03698795825_21958,1
04126146756_21959,1
04126126756_21960,1
03875906262_21961,4
04461897244_21962,1
03919206359_21963,12
04214406890_21964,3
04237476932_21965,4
04213516890_21966,3
04311157036_21967,5
04127206756_21968,1
04354567087_21969,5
04656563558_21970,3
04214586890_21971,3
03473295341_21972,5
03379405208_21973,1
03924446368_21974,5
03590505584_21975,5
04121096751_21976,1
04121076751_21977,1
04126286756_21978,1
04205656876_21979,4
03421845277_21980,4
03924256368_21981,5
04353767082_21982,5
03753155961_21983,5
04557497383_21984,3
04354567087_21985,5
03571615521_21986,5
03489795366_21987,1
03590245584_21988,5
04497247273_21989,1
03424605280_21990,5
03698725825_21991,1
03590245584_21992,5
04359087102_21993,1
04214406890_21994,3
03489835366_21995,1
03590595584_21996,5
03915936353_21997,1
03833216168_21998,1
04568927401_21999,1
04214186890_22000,3
04507927292_22001,1
03735735894_22002,1
03892496306_22003,1
04373687108_22004,1
03935666408_22005,1
04599647454_22006,3
04176266832_22007,1
03940186416_22008,1
04126176756_22009,1
04214456890_22010,3
03940166416_22011,1
04126176756_22012,1
04568997401_22013,1
04276846978_22014,3
04276846978_22015,3
04126716756_22016,1
04126716756_22017,1
03805306105_22018,2
03470775337_22019,2
04421387170_22020,1
04599767455_22021,1
04461937244_22022,1
03651625728_22023,1
03814766124_22024,1
03525895417_22025,1
04461707244_22026,1
03586365569_22027,1
03838236180_22028,1
03586895569_22029,1
03780616038_22030,1
03497805374_22031,1
03524695417_22032,1
04460917244_22033,1
04540197360_22034,1
03856666226_22035,1
03814506124_22036,1
03892346306_22037,1
04574187412_22038,1
03891906306_22039,1
03622925641_22040,1
03483455358_22041,1
03838236180_22042,1
03453805309_22043,1
03961336475_22044,1
03532995422_22045,1
03495825372_22046,1
04599867455_22047,1
04569177401_22048,1
03525895417_22049,1
03418295273_22050,8
03408825244_22051,1
04121816751_22052,1
03832756168_22053,1
04461707244_22054,1
04461707244_22055,1
03421605277_22056,1
04176456832_22057,1
04461707244_22058,1
03832986168_22059,1
03629465658_22060,1
04121096751_22061,1
03421365277_22062,1
03832986168_22063,1
04210886888_22064,2
04461757244_22065,1
03755925976_22066,1
03445685304_22067,1
04175266831_22068,1
03780776038_22069,1
04126176756_22070,1
03940486416_22071,1
03826526157_22072,3
04430057190_22073,1
04521587324_22074,1
04099696726_22075,1
03710215846_22076,1
04100346725_22077,1
04497457273_22078,1
04571737407_22079,1
04535617356_22080,1
03937306411_22081,1
03803936104_22082,1
03713515850_22083,1
03379515208_22084,1
342224527701_22085,1
03533675426_22086,5
04568867401_22087,1
04126176756_22088,1
03832776168_22089,1
04126656756_22090,1
04173216828_22091,1
04126126756_22092,1
04120746751_22093,1
04120746751_22094,1
03780656038_22095,1
03629365658_22096,1
03658445752_22097,1
04573387411_22098,1
03379875208_22099,1
04132016766_22100,1
03921046366_22101,3
04147446796_22102,1
04200316867_22103,3
03446765305_22104,3
04214566890_22105,3
04154186805_22106,3
04523987333_22107,3
03474445342_22108,1
04503207286_22109,1
04132126766_22110,1
03473595342_22111,1
03629525658_22112,1
04475427254_22113,1
04544027366_22114,1
03921086366_22115,3
03921586366_22116,3
03474445342_22117,1
03921046366_22118,3
04540627360_22119,1
03876776270_22120,3
04154186805_22121,3
04543587366_22122,1
03620445639_22123,3
03921046366_22124,3
03474445342_22125,1
03446215305_22126,1
03871646248_22127,1
03473715342_22128,3
04544407366_22129,1
04544407366_22130,1
03473555342_22131,3
03839506184_22132,3
03427435288_22133,3
03474445342_22134,1
342789528803_22135,3
04093496722_22136,1
03724925873_22137,1
04474497254_22138,3
03664875765_22139,1
03645655716_22140,3
04563167390_22141,3
03804686105_22142,1
03587185569_22143,1
03473595342_22144,1
03645495716_22145,3
04214586890_22146,3
03943986429_22147,1
04154806805_22148,3
03809246114_22149,3
03515925415_22150,1
03805746105_22151,3
03620875639_22152,3
04544157366_22153,3
03735775894_22154,1
03791846075_22155,1
03645215716_22156,1
04277556978_22157,1
04214206890_22158,3
04600207455_22159,1
03809336114_22160,3
04200616867_22161,3
04269716972_22162,3
03473935342_22163,1
04277086978_22164,3
03470565337_22165,1
03876486270_22166,3
04164896815_22167,1
03515925415_22168,1
03651795728_22169,3
04410277147_22170,3
03620805639_22171,3
03926476379_22172,3
03587185569_22173,1
03645695716_22174,3
04286577004_22175,1
03406315240_22176,1
04110536741_22177,1
04138606778_22178,1
04247156949_22179,1
04590557446_22180,1
03427575288_22181,3
04148116796_22182,2
04286577004_22183,1
03926536379_22184,3
03590245584_22185,5
03708535845_22186,3
04524037333_22187,3
03941926420_22188,5
04287407004_22189,3
04503417286_22190,2
435464708705_22191,5
348420535905_22192,5
04262666961_22193,5
03533775426_22194,5
04329957042_22195,1
03651645728_22196,3
03921346366_22197,3
03588955576_22198,5
03941926420_22199,5
455729738303_22200,3
04502407286_22201,3
03709305845_22202,2
03941926420_22203,5
03941926420_22204,5
04288117004_22205,3
03473795342_22206,3
03631525663_22207,5
03590245584_22208,5
04515507318_22209,5
03708705845_22210,3
03571475521_22211,5
03486655364_22212,3
03631625663_22213,5
04325487039_22214,4
03773906016_22215,4
04094026722_22216,9
03554735480_22217,4
04341027063_22218,4
04236946932_22219,4
04340907063_22220,4
03421825277_22221,4
03490685366_22222,1
04496247271_22223,4
03909746343_22224,1
04283386992_22225,4
04285927001_22226,4
04237036932_22227,4
03698315825_22228,12
04237636932_22229,4
04182506838_22230,4
04236966932_22231,4
04568007400_22232,4
04208956881_22233,4
04338417059_22234,4
03501665378_22235,1
04131946766_22236,4
04204586876_22237,4
04527057339_22238,2
04237176933_22239,4
04237746932_22240,4
04126906756_22241,1
04340897063_22242,4
04340857063_22243,4
03790936075_22244,9
03539685441_22245,4
03501665378_22246,1
04340897063_22247,4
04567977400_22248,4
04283596992_22249,4
03539905441_22250,4
04340857063_22251,4
04208716881_22252,4
03539905441_22253,4
04237026932_22254,4
03790296073_22255,4
04237466932_22256,4
04237996932_22257,4
04285927001_22258,4
04340857063_22259,4
04236946932_22260,4
04126796756_22261,1
04567977400_22262,4
04237636932_22263,4
04182586838_22264,4
03856736226_22265,1
03539685441_22266,4
04285927001_22267,4
04182876838_22268,4
03554735480_22269,4
04237746932_22270,4
04204646876_22271,4
04237856932_22272,4
04237996932_22273,4
03540005441_22274,4
04237516932_22275,4
04237466932_22276,4
04182896838_22277,4
04285927001_22278,4
04285927001_22279,4
04285927001_22280,4
04285927001_22281,4
04247166949_22282,4
04236896932_22283,4
04237016932_22284,4
04285927001_22285,4
04442477196_22286,9
04285927001_22287,4
03839566184_22288,3
03470775337_22289,2
04164716815_22290,2
03537485434_22291,2
04360517105_22292,2
03651605728_22293,2
03709195845_22294,2
04220196901_22295,1
03790936075_22296,9
04286607003_22297,1
04402937137_22298,4
04428587188_22299,1
03527595419_22300,9
03555695481_22301,1
03715345857_22302,1
03553545474_22303,12
04370347107_22304,1
04300047030_22305,1
03527485419_22306,9
03815406124_22307,1
03425465286_22308,1
03497165374_22309,1
03709355845_22310,2
03910696343_22311,1
04096986724_22312,1
04568127401_22313,1
03435415294_22314,5
03956536464_22315,5
04598067455_22316,1
03631525663_22317,5
03631525663_22318,5
03924446368_22319,5
03735605895_22320,5
03631525663_22321,5
04373187108_22322,5
04094686723_22323,2
03572045521_22324,5
03542275448_22325,2
03631525663_22326,5
03903446328_22327,5
03427305288_22328,3
04379627113_22329,1
03467765331_22330,1
03590935585_22331,1
03430465290_22332,1
03421745277_22333,4
03790876075_22334,2
03775716025_22335,2
04413817149_22336,2
04093036722_22337,2
04502177285_22338,2
03789016066_22339,2
03725955873_22340,3
03445635304_22341,3
04543267366_22342,9
03447095305_22343,3
04263386961_22344,5
04388817119_22345,3
03663855762_22346,4
04361107106_22347,1
04287357004_22348,3
03903446328_22349,5
03645545716_22350,1
04537317356_22351,3
04557987383_22352,3
04567877400_22353,4
04277086978_22354,3
04524147333_22355,3
03549005463_22356,1
03535625429_22357,1
03759885985_22358,4
03426275286_22359,1
03895086309_22360,1
04429187188_22361,1
03645395716_22362,1
03426275286_22363,1
03590785585_22364,1
03480655354_22365,1
03446735305_22366,1
03406015240_22367,1
03474445342_22368,1
03839506184_22369,3
03516285415_22370,1
03706085838_22371,3
344736530503_22372,3
03791186075_22373,1
03427845288_22374,1
04539877360_22375,1
04186266842_22376,1
03926206379_22377,2
04313127037_22378,1
03708255845_22379,3
04333767049_22380,1
04569197401_22381,1
04296387022_22382,1
03708675845_22383,3
04342067064_22384,2
03791846075_22385,1
03597115595_22386,3
03791276075_22387,1
04431157190_22388,1
03925706379_22389,3
370646583803_22390,3
04147816796_22391,2
03925776379_22392,1
03805806105_22393,1
03645685716_22394,14
03805326105_22395,1
03516975415_22396,1
04475537254_22397,1
03805486105_22398,1
04544057366_22399,1
04540777360_22400,1
03620875639_22401,3
04502517286_22402,3
04146536796_22403,3
03833266168_22404,1
04414157149_22405,1
03645435716_22406,1
03645655716_22407,3
04503047286_22408,9
03790806075_22409,1
03515975415_22410,3
03447855305_22411,3
03805376105_22412,3
03646135716_22413,1
04502517286_22414,3
04154836805_22415,1
04288637004_22416,3
04165226815_22417,2
03447095305_22418,3
03791146075_22419,1
03524695417_22420,1
03474555342_22421,1
03651755728_22422,3
04503557286_22423,1
03473865342_22424,3
03666285765_22425,3
03586365569_22426,1
434858707802_22427,2
04116236748_22428,1
04540067360_22429,1
03755545976_22430,1
03874706255_22431,1
03618405632_22432,1
03669315772_22433,1
04086236713_22434,1
03539675441_22435,4
03527595419_22436,9
03651625728_22437,1
04287557004_22438,2
04598067455_22439,1
04287557004_22440,2
04238106932_22441,4
03775016022_22442,2
04341227063_22443,4
03421745277_22444,4
03642235707_22445,2
03421555277_22446,4
03470175337_22447,19
03447135305_22448,3
04213786890_22449,3
421467689003_22450,3
03771136010_22451,4
03917936356_22452,9
03752035959_22453,2
04141946790_22454,4
03924256368_22455,5
03924126368_22456,5
03924446368_22457,5
04182766838_22458,4
03790296073_22459,4
03527595419_22460,9
03444705304_22461,3
04269336972_22462,3
03620875639_22463,3
04146536796_22464,3
03448325305_22465,3
03961936475_22466,1
04272816975_22467,3
03915996353_22468,1
03645175716_22469,1
03405825240_22470,1
03871286248_22471,3
03833436168_22472,1
03809926114_22473,3
03833436168_22474,1
04116136748_22475,1
03515975415_22476,3
03944186429_22477,1
04173216828_22478,1
03645655716_22479,3
03791186075_22480,1
03943776429_22481,1
03925586379_22482,3
03651365728_22483,3
04154856805_22484,3
04334147049_22485,1
03445635304_22486,3
04286577004_22487,1
04200616867_22488,3
03925586379_22489,3
03658475752_22490,1
03515975415_22491,3
03405815240_22492,1
03474445342_22493,1
03405825240_22494,1
03919186360_22495,1
03516565415_22496,1
03708685845_22497,1
03596735595_22498,3
03487235364_22499,1
03679665782_22500,3
04524367333_22501,3
03486445364_22502,1
03448345305_22503,3
04544027366_22504,1
03645655716_22505,3
03809566114_22506,3
03645525716_22507,1
03791366075_22508,1
03955436462_22509,1
04237906932_22510,4
04236906932_22511,4
03919206359_22512,12
03641815707_22513,3
03596895595_22514,3
04360997106_22515,1
03379515208_22516,1
04449677202_22517,4
04379817113_22518,1
03645495716_22519,3
03815396124_22520,1
03516775415_22521,1
04497707273_22522,1
04237016932_22523,4
03425845286_22524,1
04360997106_22525,1
04285927001_22526,4
03725795874_22527,1
04519827323_22528,3
03524695417_22529,1
380939611403_22530,3
04657983558_22531,1
04521657324_22532,1
03658175752_22533,1
03425485286_22534,1
03737965904_22535,12
03910696343_22536,1
04260946960_22537,1
04101096725_22538,1
04312917037_22539,1
04306547033_22540,1
03883316287_22541,1
04276976978_22542,1
03427435288_22543,3
03651455728_22544,3
04521587324_22545,1
04328937042_22546,3
03446625305_22547,3
04341737064_22548,3
04214456890_22549,3
04154076805_22550,2
04147586796_22551,1
04540147360_22552,1
03651995728_22553,1
04154076805_22554,2
03447855305_22555,3
03789066066_22556,2
454043736003_22557,3
04154076805_22558,2
03586905569_22559,1
03473905342_22560,3
03474025342_22561,1
03427435288_22562,3
03791146075_22563,1
04413247149_22564,9
04543457366_22565,1
03871826248_22566,3
04543457366_22567,1
03470175337_22568,19
03470715337_22569,19
03917956356_22570,9
04543457366_22571,1
04502917286_22572,1
03541445448_22573,9
03470715337_22574,19
03470715337_22575,19
04544477366_22576,1
03926246379_22577,2
04476147256_22578,5
03791286075_22579,1
03473905342_22580,3
454043736001_22581,1
03805496105_22582,2
04540067360_22583,1
03470135337_22584,1
04544527366_22585,14
03791336075_22586,1
04540147360_22587,1
04475427254_22588,1
03515755415_22589,3
03474445342_22590,1
03550315470_22591,1
04543587366_22592,1
03421865277_22593,4
04127386756_22594,1
04094286723_22595,2
03432805292_22596,3
04339007060_22597,2
04146676796_22598,2
03706175838_22599,2
04093356722_22600,2
04160406811_22601,2
04160076811_22602,2
04342247064_22603,2
03651755728_22604,3
03645655716_22605,3
03747715940_22606,1
04475057254_22607,1
03871536248_22608,3
04214656890_22609,3
03515325414_22610,3
03961566475_22611,1
03645495716_22612,3
04475057254_22613,1
03809336114_22614,3
03524695417_22615,1
03517295415_22616,1
03776146025_22617,1
03926476379_22618,3
03871206248_22619,1
03517195415_22620,1
04147586796_22621,1
03515905415_22622,1
03470175337_22623,19
03486925364_22624,1
04524207333_22625,1
03665715765_22626,2
03725485873_22627,2
03517495415_22628,2
03448395305_22629,3
04093306722_22630,1
04502807286_22631,3
03405915240_22632,1
03526225419_22633,3
03839806184_22634,3
03961166475_22635,3
04126176756_22636,1
03791346075_22637,1
03641975707_22638,1
03523195417_22639,1
03645435716_22640,1
04503127286_22641,1
03871646248_22642,1
03473995342_22643,1
03406265240_22644,1
04521517325_22645,3
347372534201_22646,1
03921666366_22647,1
04196746862_22648,1
04563857390_22649,3
04540747360_22650,1
04479907258_22651,3
04329677042_22652,3
03871336248_22653,3
03620755639_22654,3
347372534201_22655,1
03826946157_22656,3
03447855305_22657,3
03405645240_22658,1
03446765305_22659,3
03921666366_22660,1
04160266811_22661,3
03871376248_22662,3
04211116888_22663,1
03804976105_22664,1
03708965845_22665,3
379176607501_22666,1
03473545342_22667,3
03406265240_22668,1
379176607501_22669,1
03871206248_22670,1
04270186972_22671,3
03790676075_22672,1
04265806970_22673,3
03805526105_22674,1
04200556866_22675,1
03665255765_22676,1
04475057254_22677,1
04544027366_22678,1
03666435765_22679,3
04540637360_22680,1
03756175977_22681,3
04474627254_22682,1
03473865342_22683,3
04503257286_22684,1
03563085500_22685,3
03527045419_22686,9
03791186075_22687,1
03620875639_22688,3
04475377254_22689,1
03405915240_22690,1
04341767064_22691,3
03473545342_22692,3
03447855305_22693,3
04475337254_22694,1
03405535240_22695,14
03968676494_22696,1
04496587272_22697,5
03515985415_22698,2
04262666961_22699,5
03941926420_22700,5
04191526853_22701,5
03924396368_22702,5
03631685663_22703,5
03941926420_22704,5
03484425359_22705,5
04191516853_22706,5
03621265639_22707,2
03702175833_22708,1
03646015716_22709,1
03586455569_22710,1
03756175977_22711,3
03679515782_22712,3
03405925240_22713,1
03473865342_22714,3
04341737064_22715,3
03645645716_22716,1
03805376105_22717,3
03917646356_22718,1
03805806105_22719,1
03537345434_22720,1
03470485337_22721,3
04413297149_22722,9
03642075707_22723,1
03620475639_22724,3
03706405838_22725,3
03527075419_22726,1
03651925728_22727,3
03645925716_22728,1
04127156756_22729,1
04165366815_22730,1
04213716890_22731,3
04176216832_22732,1
04521547325_22733,3
03641985707_22734,1
03629525658_22735,1
03645435716_22736,1
03406365240_22737,1
03788906066_22738,1
03937536411_22739,1
03473555342_22740,3
04164896815_22741,1
03776356025_22742,3
03620475639_22743,3
03516175415_22744,3
03651925728_22745,3
04475177254_22746,1
03921476366_22747,1
03527145419_22748,1
03651455728_22749,3
03920796366_22750,3
04213326890_22751,3
04410277147_22752,3
03809766114_22753,1
03448325305_22754,3
03882876287_22755,1
03700755833_22756,1
04210566888_22757,1
04121716751_22758,1
03406365240_22759,1
03935196408_22760,1
421467689003_22761,3
03933346402_22762,1
454043736001_22763,1
04543807366_22764,1
03883296287_22765,1
421467689003_22766,3
03516455415_22767,1
03743445926_22768,1
421467689003_22769,3
03788906066_22770,1
03474625342_22771,1
04287027004_22772,3
03470725337_22773,19
04543497366_22774,1
04543547366_22775,1
03645655716_22776,3
03590315584_22777,5
365159572803_22778,3
04568487401_22779,1
03706365838_22780,3
04515457318_22781,5
03470485337_22782,3
03709125845_22783,9
03651625728_22784,1
03470815337_22785,3
04147446796_22786,1
04210566888_22787,1
03620765640_22788,1
04093286723_22789,1
03919196360_22790,1
04348697078_22791,1
03427335288_22792,3
03486395364_22793,1
04195736859_22794,1
03883286287_22795,1
03406365240_22796,1
03526325419_22797,1
03516455415_22798,1
04154876805_22799,1
03791366075_22800,1
03645745716_22801,1
04543587366_22802,1
04502197285_22803,1
03882946287_22804,1
04147006796_22805,2
03756235977_22806,1
03427515288_22807,3
03788896066_22808,1
04164816815_22809,1
04502197285_22810,1
04501807285_22811,1
421423689003_22812,3
03876496270_22813,1
03921636366_22814,1
04551267377_22815,1
03756265977_22816,1
03486395364_22817,1
416078681101_22818,1
04093816722_22819,1
04160486811_22820,1
03791306075_22821,1
03474445342_22822,1
03871446248_22823,1
04502197285_22824,1
03470905337_22825,3
04160516811_22826,1
04165126815_22827,1
04093066722_22828,1
04349317078_22829,1
04348697078_22830,1
03645465716_22831,1
03398825232_22832,1
04327827042_22833,1
04164956815_22834,1
03646135716_22835,1
03871646248_22836,1
04093116723_22837,1
342789528803_22838,3
03961936475_22839,1
03486235364_22840,1
03788906066_22841,1
03645275716_22842,1
03882876287_22843,1
03517235415_22844,1
03882876287_22845,1
03620655639_22846,3
03725505873_22847,1
04221136904_22848,1
04544287366_22849,1
03470645337_22850,1
03871646248_22851,1
03524695417_22852,1
04164686815_22853,1
03701745833_22854,1
03882936287_22855,1
04474777254_22856,1
03791276075_22857,1
03917676356_22858,1
03515915415_22859,1
03398205233_22860,1
04117036748_22861,1
03515905415_22862,1
04165336815_22863,1
03470395337_22864,1
03804726105_22865,1
04348107078_22866,1
03587075569_22867,1
04348217078_22868,1
03725505873_22869,1
03628935658_22870,1
04503257286_22871,1
03871876248_22872,1
03474125342_22873,1
03925906379_22874,3
04286577004_22875,1
03895156309_22876,1
04347657078_22877,1
03486655364_22878,3
03586835569_22879,2
03791866075_22880,1
03804806105_22881,1
03756265977_22882,1
03705695838_22883,3
04474927254_22884,1
03665835765_22885,1
03717165859_22886,8
03515915415_22887,1
03587075569_22888,1
03805806105_22889,1
04117036748_22890,1
03651495728_22891,1
04348217078_22892,1
04348217078_22893,1
04348217078_22894,1
03405435240_22895,8
03586365569_22896,1
04146536796_22897,3
04146536796_22898,3
03621165639_22899,3
03470905337_22900,3
04563827390_22901,3
03871306248_22902,3
04288267004_22903,3
04388657119_22904,3
03791366075_22905,1
04503367286_22906,3
04200396867_22907,1
04388657119_22908,3
422383690603_22909,3
04470377254_22910,3
03645705716_22911,1
04563827390_22912,3
04341737064_22913,3
03470905337_22914,3
04656983558_22915,3
04375597108_22916,1
03470495337_22917,3
04503367286_22918,3
03470495337_22919,3
03515895415_22920,3
03871646248_22921,1
03586775569_22922,1
04388867119_22923,3
04473627254_22924,3
03405825240_22925,1
03487235364_22926,1
03645675716_22927,1
04544387366_22928,1
03791186075_22929,1
04286817004_22930,3
03446675305_22931,3
03447095305_22932,3
03804876105_22933,1
04200726867_22934,3
04503557286_22935,1
04200616867_22936,3
03791186075_22937,1
03839736184_22938,1
03515975415_22939,3
03791286075_22940,1
03871236248_22941,3
03645675716_22942,1
03515905415_22943,1
03526365419_22944,1
03470655337_22945,1
04475337254_22946,1
04470377254_22947,3
03871246248_22948,3
03431165291_22949,3
03405405240_22950,3
03405405240_22951,3
04138606778_22952,1
03506745386_22953,1
03817206126_22954,1
03869596241_22955,5
03430465290_22956,1
03882066286_22957,5
03882056286_22958,5
03397305231_22959,1
03821456134_22960,1
03817206126_22961,1
03854666222_22962,5
03804106104_22963,5
03397305231_22964,1
03506905386_22965,1
03804106104_22966,5
03821456134_22967,1
03821456134_22968,1
03821456134_22969,1
03804106104_22970,5
04293467013_22971,5
03905966332_22972,5
03821456134_22973,1
03821456134_22974,1
03821456134_22975,1
03821456134_22976,1
03405395239_22977,5
03405395239_22978,5
03405395239_22979,5
03405395239_22980,5
03405395239_22981,5
03405395239_22982,5
03620925639_22983,3
03587095569_22984,1
04154776805_22985,1
03406365240_22986,1
04210986888_22987,1
03620925639_22988,3
04540627360_22989,1
04121716751_22990,1
03448045305_22991,1
04154186805_22992,3
03486395364_22993,1
03788906066_22994,1
03924266369_22995,5
03527395419_22996,1
03629135658_22997,8
03473905342_22998,3
04164896815_22999,1
03871246248_23000,3
03708405845_23001,2
03540005441_23002,4
03651525728_23003,2
03940336416_23004,1
03405915240_23005,1
03527625419_23006,2
04093036722_23007,2
04093356722_23008,2
03474065342_23009,2
03775716025_23010,2
03651385728_23011,2
04524057333_23012,2
03474065342_23013,2
03516075415_23014,2
03790726075_23015,2
03516075415_23016,2
03435335294_23017,5
03921076366_23018,2
04165076815_23019,2
03708985845_23020,3
03447135305_23021,3
03790766075_23022,2
04413367149_23023,2
04101876728_23024,4
04345627073_23025,5
04093426722_23026,2
03516075415_23027,2
03917886356_23028,2
04413817149_23029,2
03921076366_23030,2
04413737149_23031,2
04341817064_23032,3
03631525663_23033,5
03839196184_23034,2
03788976066_23035,2
04414517149_23036,2
03405335240_23037,2
04117286748_23038,2
04653483557_23039,2
03921776366_23040,2
03714975855_23041,2
04491127262_23042,2
03705845838_23043,3
03706075838_23044,3
04288517004_23045,3
04214456890_23046,3
04165076815_23047,2
04160376811_23048,1
03805486105_23049,1
03968546494_23050,2
04160186811_23051,2
03805496105_23052,2
03527895419_23053,2
365159572802_23054,2
03708865845_23055,2
04160296811_23056,2
04147816796_23057,2
03709355845_23058,2
04200306866_23059,2
03651475728_23060,2
04223916906_23061,2
03709355845_23062,2
03709195845_23063,2
03406055240_23064,2
04540267360_23065,9
04200276866_23066,2
03533965426_23067,5
04093926723_23068,2
03839836184_23069,3
03541965448_23070,2
03527285419_23071,9
03571615521_23072,5
03709015845_23073,2
03571615521_23074,5
03572045521_23075,5
04540477360_23076,3
03679945782_23077,2
03726375873_23078,2
04093426722_23079,2
04146456796_23080,2
04413577149_23081,2
03790726075_23082,2
03839196184_23083,2
03497595374_23084,1
03751665959_23085,1
04594127451_23086,4
03413625266_23087,1
03766515999_23088,1
03480535354_23089,4
04543277366_23090,3
454043736003_23091,3
03921216366_23092,3
04360257105_23093,3
03725035873_23094,3
04342237064_23095,3
03920796366_23096,3
04213886890_23097,3
04342047064_23098,3
04201216866_23099,3
04342527064_23100,3
03705785838_23101,3
03725025873_23102,3
03448345305_23103,3
04276786978_23104,3
04213666890_23105,3
04586187430_23106,3
03427435288_23107,3
03705945838_23108,3
04543607366_23109,21
03586955569_23110,3
03651925728_23111,3
04146466796_23112,3
04348947078_23113,1
03586445569_23114,3
04214356890_23115,3
03641845707_23116,3
04093036722_23117,2
03586435569_23118,1
03427485288_23119,3
04213666890_23120,3
04540247360_23121,3
03921456366_23122,3
04540457360_23123,1
04502917286_23124,1
04214646890_23125,3
03470965337_23126,3
04502957286_23127,1
04540097360_23128,1
03641845707_23129,3
04200506866_23130,1
03517195415_23131,1
03791186075_23132,1
03791316075_23133,1
03555085480_23134,4
03486445364_23135,1
03405915240_23136,1
04146796796_23137,3
04148236796_23138,3
03921256366_23139,2
03651565728_23140,1
04288517004_23141,3
03562905500_23142,1
04413757149_23143,2
03446935305_23144,3
03405535240_23145,14
03470035337_23146,19
04160196811_23147,1
347006533719_23148,19
03709125845_23149,9
03839836184_23150,3
03586685569_23151,1
03839956184_23152,3
04147956796_23153,2
03505555383_23154,2
03549545469_23155,6
03722895870_23156,2
04260716960_23157,1
03715465857_23158,1
03426055286_23159,1
03425675286_23160,1
03501385378_23161,1
04426297184_23162,1
04099516726_23163,1
03426365286_23164,1
03425725286_23165,1
03903076328_23166,5
03502965380_23167,5
04449757202_23168,4
03581185542_23169,5
03455705311_23170,1
03549875470_23171,1
03550295470_23172,1
03819806127_23173,1
03550085470_23174,1
04474837255_23175,1
03755405976_23176,2
03462355325_23177,2
03515305414_23178,3
03515495414_23179,3
03780616038_23180,1
03891906306_23181,1
03715135857_23182,1
04571737407_23183,1
03814076124_23184,1
03430545290_23185,1
03780956038_23186,1
03737325897_23187,1
03747535940_23188,1
03433375293_23189,1
04544117366_23190,1
03899326320_23191,2
03484275359_23192,5
03433655293_23193,1
03814986124_23194,1
03838236180_23195,1
04127206756_23196,1
03838236180_23197,1
03838236180_23198,1
04571637407_23199,1
03481615355_23200,5
04402277135_23201,10
03778306032_23202,10
03953266451_23203,10
03953266451_23204,10
03953266451_23205,10
04124506755_23206,12
03953266451_23207,10
03461445323_23208,5
04100366726_23209,1
03924196368_23210,5
04262846961_23211,5
03571385521_23212,5
04263366961_23213,5
04402227135_23214,10
03956466464_23215,5
03516895416_23216,6
03953286451_23217,10
04402137135_23218,10
04402137135_23219,10
04402137135_23220,10
04402247135_23221,10
04585287429_23222,5
03481675355_23223,5
03590315584_23224,5
03776156026_23225,1
03426205286_23226,1
04257796957_23227,1
03550295470_23228,1
03426275286_23229,1
03447565306_23230,1
03615035628_23231,1
03534095426_23232,1
04461337244_23233,1
04262886961_23234,12
03730535880_23235,1
03778956033_23236,1
03467415331_23237,1
03391805225_23238,1
03730665880_23239,1
03762045989_23240,1
03555565481_23241,1
04550527377_23242,1
03453375308_23243,1
03768306002_23244,1
04465067252_23245,1
04461897244_23246,1
03768306002_23247,1
03453305308_23248,8
03421685277_23249,4
04665373562_23250,3
04550527377_23251,1
03609085618_23252,1
03837186178_23253,1
03669755772_23254,1
04345747073_23255,5
04604997458_23256,4
04604697458_23257,4
03869496241_23258,5
03461565323_23259,5
04604897458_23260,4
04570877405_23261,5
04571187405_23262,5
03490025366_23263,1
03461525323_23264,5
03673885773_23265,2
03556575482_23266,1
03661745760_23267,1
03474285342_23268,1
04409457148_23269,1
03850096208_23270,1
03515325414_23271,3
03838236180_23272,1
03841126187_23273,1
04183706840_23274,1
03843416191_23275,1
03433285293_23276,1
03892216306_23277,1
03501425378_23278,1
03840936187_23279,1
04521677324_23280,1
04230936916_23281,1
04461657245_23282,1
04460907244_23283,1
03483615358_23284,1
03456205311_23285,1
03907526336_23286,1
03948346438_23287,1
03683155784_23288,1
03693815805_23289,1
04584127425_23290,1
04521627324_23291,1
03433175293_23292,1
03908866342_23293,1
04241526938_23294,4
03935196408_23295,1
04520987324_23296,1
04133796771_23297,1
03493805369_23298,1
04133796771_23299,1
04133796771_23300,1
04294947020_23301,1
03892146306_23302,1
03493805369_23303,1
03436985295_23304,1
04419117161_23305,1
03500755378_23306,1
03930966390_23307,4
03892226306_23308,1
03682725784_23309,1
03730485880_23310,1
03789506070_23311,1
04428697188_23312,1
03780966038_23313,1
04220196901_23314,1
03741075914_23315,1
04132126766_23316,1
04298577027_23317,21
03800986102_23318,1
03807086110_23319,1
04332897046_23320,1
04436767192_23321,3
03681055783_23322,1
03977286512_23323,1
03977286512_23324,1
04272746975_23325,3
03977286512_23326,1
03676265776_23327,1
03493655369_23328,1
03694385805_23329,1
03942036420_23330,1
03391265225_23331,1
03387555222_23332,1
03425525286_23333,1
04421467170_23334,1
03387815222_23335,1
03689815794_23336,1
03690455794_23337,1
03700895834_23338,1
03908876342_23339,1
03908866342_23340,1
370071583401_23341,1
03730535880_23342,1
03401975234_23343,1
04525217335_23344,4
03508705390_23345,2
03490865366_23346,1
03486135363_23347,13
03759895985_23348,4
03426275286_23349,1
03735555894_23350,1
03908616342_23351,1
03730805880_23352,1
03730775880_23353,1
03698445825_23354,1
03933316402_23355,1
04244556944_23356,1
03933316402_23357,1
03467765331_23358,1
03725465874_23359,1
03425525286_23360,1
03426275286_23361,1
04410147148_23362,1
03773356014_23363,1
03589425583_23364,1
04548747375_23365,1
03402145234_23366,1
04214456890_23367,3
04094356722_23368,1
03516615415_23369,2
03809296114_23370,2
03791256075_23371,2
377488602203_23372,3
04214566890_23373,3
03516615415_23374,2
03470775337_23375,2
04093226723_23376,2
03791256075_23377,2
03642055707_23378,1
03933186402_23379,1
03791256075_23380,2
03665255765_23381,1
03791256075_23382,2
04200826866_23383,1
03542245448_23384,2
04213666890_23385,3
04540477360_23386,3
03679945782_23387,2
04414477149_23388,2
03542245448_23389,2
04200406866_23390,2
03586445569_23391,3
03921666366_23392,1
04540647360_23393,1
03586385569_23394,1
03876386270_23395,3
03839776184_23396,2
03406365240_23397,1
04094676723_23398,2
03430455290_23399,1
03526665419_23400,2
04094756723_23401,9
03620705639_23402,9
03541815448_23403,2
03921596366_23404,2
04544167366_23405,1
03756505977_23406,3
03705565838_23407,2
03526625419_23408,3
03527045419_23409,9
04164756815_23410,2
03641905707_23411,2
04341987064_23412,3
03542245448_23413,2
03399855232_23414,2
03399965232_23415,2
03399965232_23416,2
04540647360_23417,1
03708245845_23418,2
03419215275_23419,1
03526625419_23420,3
04543387366_23421,3
03925916379_23422,3
04283406991_23423,5
04161366811_23424,2
03586605569_23425,2
03549645469_23426,6
04161386811_23427,2
04213816890_23428,3
04161216811_23429,2
03681355782_23430,2
03474445342_23431,1
03489695366_23432,1
04148316796_23433,2
03876556270_23434,1
421467689003_23435,3
03496685374_23436,1
03526625419_23437,3
04475427254_23438,1
03427335288_23439,3
03665605765_23440,3
03839976184_23441,3
04094686723_23442,2
03526625419_23443,3
03405335240_23444,2
04544027366_23445,1
03448325305_23446,3
03399935232_23447,2
03921586366_23448,3
04210626888_23449,1
03515895415_23450,3
04165366815_23451,1
03871336248_23452,3
04211286888_23453,1
03791896075_23454,1
04540457360_23455,1
04349317078_23456,1
04154756805_23457,1
04341967064_23458,3
03446215305_23459,1
04210626888_23460,1
03542365448_23461,3
04413277149_23462,9
04210626888_23463,1
04147586796_23464,1
03791866075_23465,1
04160536811_23466,1
04147586796_23467,1
03470485337_23468,3
04540457360_23469,1
03962246475_23470,1
03764795997_23471,3
04410277147_23472,3
03791826075_23473,1
04160386811_23474,1
04160386811_23475,1
03919356360_23476,1
03526755419_23477,1
04210566888_23478,1
03526575419_23479,1
04540777360_23480,1
04161506811_23481,1
03486335364_23482,1
03399925232_23483,1
04360357105_23484,2
03921086366_23485,3
03432315292_23486,2
04094676723_23487,2
03527835419_23488,2
04302907031_23489,1
03641785707_23490,3
03486185364_23491,2
03542245448_23492,2
04148316796_23493,2
04161366811_23494,2
03801596101_23495,5
03542245448_23496,2
04094266722_23497,2
03388265223_23498,2
03590595584_23499,5
03388185223_23500,2
03709045845_23501,2
03399935232_23502,2
03399865232_23503,2
03399865232_23504,2
03399865232_23505,2
03399865232_23506,2
03399865232_23507,2
03399865232_23508,2
03399865232_23509,2
03473325341_23510,5
03753115961_23511,5
03399865232_23512,2
04414237149_23513,2
03399865232_23514,2
03672815773_23515,2
03705515838_23516,2
03791286075_23517,1
03791286075_23518,1
454043736001_23519,1
434858707801_23520,1
04211586888_23521,1
04475397254_23522,3
03542295448_23523,2
03642315707_23524,2
04147446796_23525,1
04210936888_23526,1
03805806105_23527,1
03921616366_23528,2
03515915415_23529,1
03800736101_23530,5
03470175337_23531,19
04375447108_23532,5
03871646248_23533,1
04372977108_23534,5
03800916101_23535,5
03448115305_23536,2
03586455569_23537,1
04389147119_23538,3
04598327455_23539,1
04475427254_23540,1
04475377254_23541,1
04502877286_23542,1
04269966972_23543,3
04160706812_23544,3
03474225342_23545,1
03445385304_23546,8
04270066972_23547,3
04295867022_23548,1
04658043558_23549,3
03447965305_23550,1
03801156101_23551,1
03515755415_23552,3
03690435794_23553,1
03735735894_23554,1
03486885364_23555,15
04086136713_23556,1
04214356890_23557,3
04516337319_23558,1
03701385834_23559,1
04086216713_23560,1
03717475859_23561,1
03919356360_23562,1
04370347107_23563,1
04244656944_23564,1
03730435880_23565,1
03819526127_23566,1
04296467022_23567,1
03701255834_23568,1
03762595989_23569,1
04286487003_23570,1
04235636929_23571,1
03933316402_23572,1
03796736085_23573,1
03833026168_23574,1
04156606808_23575,1
03873856251_23576,1
03951526449_23577,1
03419415275_23578,1
03646525718_23579,1
04334687049_23580,1
03421145277_23581,1
03940486416_23582,1
03416925270_23583,1
03629535658_23584,1
03908796342_23585,1
04497057273_23586,1
03571825521_23587,1
03379405208_23588,1
04172516828_23589,1
04573487411_23590,1
04465377252_23591,1
03658655752_23592,1
03379545208_23593,1
04359067102_23594,1
03398565233_23595,1
04085696713_23596,1
03943426429_23597,1
03832736168_23598,1
03379315208_23599,1
03943506429_23600,1
04359067102_23601,1
04513997315_23602,1
03771986011_23603,1
04358857102_23604,1
03590545585_23605,1
04334747049_23606,1
03679595782_23607,3
03444995304_23608,2
03388955223_23609,2
03801516101_23610,5
04360167105_23611,1
03571475521_23612,5
03871436248_23613,1
03502965380_23614,5
03641985707_23615,1
04585317429_23616,5
03427385288_23617,3
04353737082_23618,5
04413577149_23619,2
04164866815_23620,2
03791796075_23621,2
03542245448_23622,2
03526665419_23623,2
03461225323_23624,5
03447555305_23625,2
04160596811_23626,2
03869696241_23627,5
03756095977_23628,1
03709195845_23629,2
03705485838_23630,2
04211206888_23631,2
03399865232_23632,2
03399855232_23633,2
04148516796_23634,2
03620335639_23635,1
03517525415_23636,2
03586415569_23637,2
04414537149_23638,2
03542965448_23639,2
03642315707_23640,2
03399855232_23641,2
04160476811_23642,2
03679705782_23643,2
04524057333_23644,2
04200996866_23645,2
03448105305_23646,2
04093036722_23647,2
03537135434_23648,2
03399105232_23649,2
03399505232_23650,2
03399505232_23651,2
04094446722_23652,1
03876556270_23653,1
04146436796_23654,2
03399855232_23655,2
04164756815_23656,2
04413757149_23657,2
04210986888_23658,1
04210866888_23659,2
04210726888_23660,2
04211536888_23661,2
04413887149_23662,1
04196006859_23663,1
376462599703_23664,3
04211516888_23665,1
04210866888_23666,2
04413847149_23667,1
04161156811_23668,2
339942523201_23669,1
04548507375_23670,1
04232486919_23671,1
03658435752_23672,1
03590585585_23673,1
03949546445_23674,1
04312807037_23675,4
03571995521_23676,1
04205336876_23677,4
04426207184_23678,1
04260906960_23679,1
03480415354_23680,1
04247136949_23681,1
03419655275_23682,1
04296357022_23683,1
04236486931_23684,1
03419455275_23685,1
03943846429_23686,1
04093036722_23687,2
04342337064_23688,3
03706365838_23689,3
04342337064_23690,3
03967986494_23691,2
03645355716_23692,3
03586435569_23693,1
03756175977_23694,3
04211206888_23695,2
03542245448_23696,2
03764695997_23697,2
03516385414_23698,1
04544117366_23699,1
03642055707_23700,1
03527035419_23701,9
04086476713_23702,4
03760125985_23703,4
04340927063_23704,4
03422015277_23705,4
03555245480_23706,4
03417085270_23707,4
03539935441_23708,4
03554515480_23709,4
03591195585_23710,4
03421115277_23711,4
04312807037_23712,4
04577677417_23713,4
04126676756_23714,1
03421575277_23715,4
04404217139_23716,4
04168696821_23717,4
04237986932_23718,4
04264336965_23719,4
03417035270_23720,4
03417035270_23721,4
03422045277_23722,4
04527437339_23723,2
03571415521_23724,5
04503417286_23725,2
03586455569_23726,1
03706045838_23727,2
03586455569_23728,1
03706045838_23729,2
04211126888_23730,2
04093966722_23731,2
03705715838_23732,2
03917936356_23733,9
03542245448_23734,2
03399865232_23735,2
04220196901_23736,1
03446905305_23737,2
04401827134_23738,4
342161527704_23739,4
03421785277_23740,4
03591345585_23741,1
03591205585_23742,4
03421475277_23743,4
03903796329_23744,4
03421785277_23745,4
04086156713_23746,4
03422025277_23747,4
04286987003_23748,4
03421785277_23749,4
04285937001_23750,4
04577437417_23751,4
04568747401_23752,1
04283466992_23753,4
04449677202_23754,4
03838396180_23755,1
03496965374_23756,1
03490245366_23757,1
03537165434_23758,2
03708995845_23759,2
03470375337_23760,2
04210736888_23761,2
04148516796_23762,2
04503387286_23763,2
04443867197_23764,2
04155016805_23765,2
04154076805_23766,2
04262666961_23767,5
04502257285_23768,2
03791256075_23769,2
04154646805_23770,2
04093366722_23771,2
03481835355_23772,5
03399185232_23773,2
03903036328_23774,5
03588955576_23775,5
04347717078_23776,2
04475017254_23777,1
04093056722_23778,2
04155006805_23779,2
04211126888_23780,2
04147816796_23781,2
339942523202_23782,2
03398935232_23783,2
03398935232_23784,2
04656873558_23785,2
03542065448_23786,2
04413297149_23787,9
03620375639_23788,2
04266386970_23789,3
03541925448_23790,2
03555085480_23791,4
03665735765_23792,1
03543035448_23793,2
04536097356_23794,1
03527625419_23795,2
03709195845_23796,2
03444875304_23797,2
04165076815_23798,2
04160476811_23799,2
04093036722_23800,2
04473907254_23801,1
03537155434_23802,2
03708245845_23803,2
04211536888_23804,2
04413757149_23805,2
03542245448_23806,2
04160476811_23807,2
04160476811_23808,2
04160126811_23809,2
03397965232_23810,2
04413817149_23811,2
03527625419_23812,2
03527835419_23813,2
03527835419_23814,2
04449917202_23815,4
04540687360_23816,1
04402997137_23817,4
04182716838_23818,4
03854026218_23819,4
04283406991_23820,5
03480885354_23821,1
04208716881_23822,4
03708595845_23823,3
460110745501_23824,1
04334567049_23825,1
04093356722_23826,2
03543035448_23827,2
365159572803_23828,3
03762475989_23829,5
03666265765_23830,3
03588985576_23831,5
04540267360_23832,9
04213326890_23833,3
04540267360_23834,9
03641835707_23835,3
03541345448_23836,9
03586985569_23837,1
03427435288_23838,3
03725905873_23839,3
03924426368_23840,5
04544027366_23841,1
04213786890_23842,3
342789528803_23843,3
04475587254_23844,1
04213446890_23845,3
03921476366_23846,1
04210566888_23847,1
03791336075_23848,1
03586955569_23849,3
03586985569_23850,1
04540147360_23851,1
04210566888_23852,1
04540207360_23853,1
03920796366_23854,3
03427335288_23855,3
04214016890_23856,3
03542035448_23857,2
03586905569_23858,1
04502947286_23859,1
04543347366_23860,3
04288097004_23861,3
454043736001_23862,1
03921156366_23863,3
03776216025_23864,3
04543337366_23865,3
03651755728_23866,3
03586775569_23867,1
04413737149_23868,2
03920796366_23869,3
03621275639_23870,3
03516455415_23871,1
03470575337_23872,3
04342277064_23873,3
03920796366_23874,3
03651925728_23875,3
03427515288_23876,3
04502407286_23877,3
03708535845_23878,3
03920786366_23879,3
03474625342_23880,1
03663895762_23881,4
04240946937_23882,4
04312827037_23883,4
04086396713_23884,4
04361517106_23885,4
03931036390_23886,4
04403087137_23887,4
04102146728_23888,4
04205206876_23889,4
04235676929_23890,4
04086076713_23891,4
04193286854_23892,4
03773856016_23893,4
04086076713_23894,4
03776256026_23895,4
04577757417_23896,4
03856576226_23897,4
03875986262_23898,4
04086396713_23899,4
04577427417_23900,4
04361517106_23901,4
03875986262_23902,4
03773906016_23903,4
04086496713_23904,4
03876016262_23905,4
03857026226_23906,4
04577757417_23907,4
03480535354_23908,4
04086076713_23909,4
03422045277_23910,4
03574985530_23911,4
04193206854_23912,4
04182646838_23913,4
03875926262_23914,4
03856846226_23915,4
04341197063_23916,4
04313397037_23917,4
04577437417_23918,4
342161527704_23919,4
03480535354_23920,4
03421475277_23921,4
03773366014_23922,4
03417035270_23923,4
04577757417_23924,4
04238016932_23925,4
03903686329_23926,4
04264276965_23927,4
03416915270_23928,4
04299977030_23929,4
04086276713_23930,4
03458305314_23931,4
04300357030_23932,4
04086326713_23933,4
03399575233_23934,4
04577757417_23935,4
04260136960_23936,4
04086066713_23937,4
04299817030_23938,4
03591195585_23939,4
04312497037_23940,4
03399575233_23941,4
04264316965_23942,4
04312697037_23943,4
04247226949_23944,4
04086336713_23945,4
03421475277_23946,4
03591195585_23947,4
03421865277_23948,4
04086496713_23949,4
03458305314_23950,4
04313047037_23951,4
03857176226_23952,4
04295547022_23953,4
04577757417_23954,4
03735945895_23955,4
04260136960_23956,4
03773986016_23957,4
03399255233_23958,4
03876016262_23959,4
03591195585_23960,4
04425027183_23961,4
04295547022_23962,4
04086496713_23963,4
04313397037_23964,4
03399195233_23965,4
04312657037_23966,4
04086326713_23967,4
04313397037_23968,4
03399615233_23969,4
04313047037_23970,4
04247196949_23971,4
04086196713_23972,4
04260176960_23973,4
04313047037_23974,4
04260136960_23975,4
04312957037_23976,4
03399255233_23977,4
04313397037_23978,4
04086196713_23979,4
03419825275_23980,4
04313397037_23981,4
03398615233_23982,4
03399225233_23983,4
03399615233_23984,4
03398615233_23985,4
03398595233_23986,4
03542245448_23987,2
03542265448_23988,2
03542245448_23989,2
03470295337_23990,19
04283276991_23991,5
03542245448_23992,2
03542265448_23993,2
03470725337_23994,19
04161286811_23995,2
03435395294_23996,5
03542245448_23997,2
03542245448_23998,2
04161386811_23999,2
03537235434_24000,2
03571625521_24001,5
04276626978_24002,2
03461225323_24003,5
03774346021_24004,5
03586855569_24005,2
03533775426_24006,5
03924306368_24007,5
04260136960_24008,4
03554735480_24009,4
03399615233_24010,4
04573367411_24011,1
03421805277_24012,4
04313597037_24013,4
03399615233_24014,4
04247216949_24015,4
04285937001_24016,4
03591195585_24017,4
03422015277_24018,4
03421825277_24019,4
03399615233_24020,4
04086196713_24021,4
04313047037_24022,4
03421705277_24023,4
03421525277_24024,4
04086436713_24025,4
04237366932_24026,4
04086276713_24027,4
04402937137_24028,4
04237996932_24029,4
03422025277_24030,4
04312697037_24031,4
04086326713_24032,4
04193116854_24033,4
408616671304_24034,4
04312957037_24035,4
04313397037_24036,4
04204566876_24037,4
04299977030_24038,4
04359087102_24039,1
04176536832_24040,1
03419375275_24041,1
03422015277_24042,4
04182766838_24043,4
03621195640_24044,1
04086396713_24045,4
04086326713_24046,4
04573387411_24047,1
04085866713_24048,1
03944126429_24049,1
04313317037_24050,4
04300357030_24051,4
03480305354_24052,1
03416915270_24053,4
03419825275_24054,4
03398615233_24055,4
03421475277_24056,4
04497717273_24057,4
03398325233_24058,1
03693565804_24059,1
04313317037_24060,4
04573387411_24061,1
03398535233_24062,1
04540747360_24063,1
03921456366_24064,3
04146596796_24065,3
04094756723_24066,9
03876396270_24067,3
03433375293_24068,1
03935286408_24069,1
03940196416_24070,1
419664686203_24071,3
04127086756_24072,1
04511787302_24073,1
03433375293_24074,1
03940196416_24075,1
04272886975_24076,3
04260126960_24077,1
03791596076_24078,1
04127356756_24079,1
03933346402_24080,1
03493985369_24081,1
03497805374_24082,1
03446765305_24083,3
04127386756_24084,1
04126286756_24085,1
04127386756_24086,1
03663765762_24087,4
04521457324_24088,1
03935666408_24089,1
03892226306_24090,1
04373127108_24091,1
04127386756_24092,1
04571737407_24093,1
04521457324_24094,1
04127206756_24095,1
04521457324_24096,1
03780776038_24097,1
04127386756_24098,1
03891696306_24099,1
04370147107_24100,1
04521597324_24101,1
03379195208_24102,1
03780776038_24103,1
03689895794_24104,1
04571737407_24105,1
03780776038_24106,1
03843506191_24107,1
03421755277_24108,4
04461937244_24109,1
03780776038_24110,1
03892216306_24111,1
03780776038_24112,1
04521597324_24113,1
04247456949_24114,1
04521597324_24115,1
04127386756_24116,1
03943566429_24117,1
03411735250_24118,1
03666655765_24119,2
04146456796_24120,2
03805026105_24121,2
03708755845_24122,2
03708665845_24123,2
04160076811_24124,2
03709305845_24125,2
04147816796_24126,2
04210856888_24127,2
03921596366_24128,2
04148676796_24129,2
03709045845_24130,2
04503387286_24131,2
03708645845_24132,2
03526245419_24133,2
03428285288_24134,2
04147006796_24135,2
04147816796_24136,2
04148676796_24137,2
03708865845_24138,2
04200916866_24139,2
03527625419_24140,2
04147156796_24141,2
04503097286_24142,2
04503337286_24143,2
03790756075_24144,2
03708725845_24145,2
03709355845_24146,2
03708645845_24147,2
03725175873_24148,2
03709045845_24149,2
03708645845_24150,2
03516075415_24151,2
04093076723_24152,2
03398865232_24153,2
04147816796_24154,2
04147956796_24155,2
03527625419_24156,2
04147156796_24157,2
03791256075_24158,2
03709045845_24159,2
03839696184_24160,2
03709265845_24161,2
04147816796_24162,2
03709305845_24163,2
03446275305_24164,2
03709265845_24165,2
03527905419_24166,2
04200276866_24167,2
03399095232_24168,2
03399095232_24169,2
04146426796_24170,2
04161286811_24171,2
03709045845_24172,2
03399095232_24173,2
04148116796_24174,2
03709355845_24175,2
04200276866_24176,2
03709265845_24177,2
03397925232_24178,2
03398385232_24179,2
03398385232_24180,2
03398385232_24181,2
03398385232_24182,2
03398385232_24183,2
04211586888_24184,1
04502407286_24185,3
03586875569_24186,1
03876556270_24187,1
04164956815_24188,1
03588905576_24189,5
03586455569_24190,1
03405435240_24191,8
03586365569_24192,1
04211586888_24193,1
04160536811_24194,1
04160536811_24195,1
03941876420_24196,5
03871646248_24197,1
04359087102_24198,1
03681375782_24199,2
03708915845_24200,1
04160536811_24201,1
03756095977_24202,1
03756095977_24203,1
04147446796_24204,1
04101896728_24205,4
03497455374_24206,1
04127126756_24207,1
04101196725_24208,1
04101546728_24209,4
04205206876_24210,4
04353707082_24211,5
03591295585_24212,1
03778336032_24213,10
04372057107_24214,1
04262686961_24215,5
03958456470_24216,1
03738765907_24217,9
04101196725_24218,1
03663845762_24219,4
04168526821_24220,4
04458037223_24221,1
03421745277_24222,4
03497185374_24223,1
04367747107_24224,1
03421745277_24225,4
04496577272_24226,5
04260296960_24227,1
03574985530_24228,4
03753075961_24229,5
04312957037_24230,4
03591015585_24231,1
04238106932_24232,4
03956506464_24233,1
04286237003_24234,1
03658535752_24235,1
03481675355_24236,5
03658715752_24237,1
03773936016_24238,4
03480975354_24239,1
04496587272_24240,5
04360997106_24241,1
03774376021_24242,5
04262706961_24243,5
03480315354_24244,1
04312737037_24245,4
03424575280_24246,5
03398595233_24247,4
04220196901_24248,1
03591615585_24249,1
03480395354_24250,1
03398595233_24251,4
04548407375_24252,1
04497737273_24253,1
03489865366_24254,1
04086006713_24255,1
03480975354_24256,1
03846396198_24257,1
03421555277_24258,4
04548407375_24259,1
04313317037_24260,4
04368327107_24261,1
04313317037_24262,4
03470655337_24263,1
04161736811_24264,1
03809616114_24265,3
04539747360_24266,1
03586445569_24267,3
04502227285_24268,1
03542245448_24269,2
04164816815_24270,1
04176966832_24271,1
04176926832_24272,1
03940486416_24273,1
04353747082_24274,5
04194546858_24275,1
04577527417_24276,1
03940486416_24277,1
04358957102_24278,1
04474997254_24279,3
04086346713_24280,1
04577527417_24281,1
04176926832_24282,1
04358957102_24283,1
04194546858_24284,1
04132126766_24285,1
03422195277_24286,1
04311217036_24287,5
04359067102_24288,1
03621225640_24289,1
03943986429_24290,1
04334147049_24291,1
04085726713_24292,1
03379405208_24293,1
03473915342_24294,1
03943986429_24295,1
03379705208_24296,1
04175556832_24297,1
04086346713_24298,1
03943566429_24299,1
04286007001_24300,4
03737175897_24301,1
03943726429_24302,1
04261196960_24303,1
04086006713_24304,1
04085726713_24305,1
03633295671_24306,1
04085756713_24307,1
03541765448_24308,9
04383827116_24309,8
03527595419_24310,9
03541765448_24311,9
03883606287_24312,1
04208826881_24313,4
04237946932_24314,4
03473905342_24315,3
04132046766_24316,1
03819946127_24317,1
04598317455_24318,3
03698725825_24319,1
04205336876_24320,4
03398325233_24321,1
04370347107_24322,1
03943566429_24323,1
03773906016_24324,4
03908926342_24325,1
04455597220_24326,1
03826506157_24327,9
04188816845_24328,1
03856566226_24329,4
03379405208_24330,1
03621195640_24331,1
03948596438_24332,1
03631975663_24333,5
03943566429_24334,1
03773906016_24335,4
03814136124_24336,1
03690385794_24337,1
03633515671_24338,1
03379215208_24339,1
04359087102_24340,1
04359067102_24341,1
04208756881_24342,4
03817046126_24343,1
04259746960_24344,1
03943566429_24345,1
03940136416_24346,1
03484185359_24347,5
04093426722_24348,2
03651605728_24349,2
04262916961_24350,5
04570877405_24351,5
04148216796_24352,2
04559587385_24353,5
03542125448_24354,2
04266716970_24355,2
03709495845_24356,2
04571187405_24357,5
03481635355_24358,5
03791256075_24359,2
03790726075_24360,2
03701535833_24361,5
04211246888_24362,2
03405245240_24363,2
03481665355_24364,5
04147156796_24365,2
03790726075_24366,2
03631525663_24367,5
03537245434_24368,2
04154076805_24369,2
03590505584_24370,5
04160076811_24371,2
04155006805_24372,2
03590505584_24373,5
03405245240_24374,2
03388395223_24375,2
03398015232_24376,2
03398015232_24377,2
04283276991_24378,5
04211126888_24379,2
03399155232_24380,2
04354657087_24381,5
03484095359_24382,5
04211536888_24383,2
04496737272_24384,5
04154076805_24385,2
03502965380_24386,5
04094286723_24387,2
04154076805_24388,2
03502965380_24389,5
03765205997_24390,2
04210886888_24391,2
03426495286_24392,1
03426535286_24393,1
03780946038_24394,1
04204886877_24395,1
03387545222_24396,1
04079026695_24397,1
03789526070_24398,1
03715315857_24399,1
03935156408_24400,1
03549945470_24401,1
03379675208_24402,1
03391335225_24403,1
03796816085_24404,1
03609155618_24405,1
04568697401_24406,1
03841526187_24407,1
03506755386_24408,1
03426565286_24409,1
03658695754_24410,1
03426535286_24411,1
03426565286_24412,1
03430015290_24413,1
03490795366_24414,1
03506685386_24415,1
03607285612_24416,1
03609075618_24417,2
03535195429_24418,1
03430015290_24419,1
03535145429_24420,1
03841526187_24421,1
04136286774_24422,1
03838186180_24423,1
03535565429_24424,1
04136336775_24425,1
04583877425_24426,2
03535045429_24427,1
03453775309_24428,1
03535085429_24429,1
03535585429_24430,1
03841226187_24431,1
03434025293_24432,1
03426295286_24433,1
03397505231_24434,1
03609085618_24435,1
03391895225_24436,1
03977206512_24437,1
04133676772_24438,1
03397375231_24439,1
03609925618_24440,1
04133636772_24441,1
03397375231_24442,1
03653585736_24443,1
03397525231_24444,1
03397585231_24445,1
03397585231_24446,1
03506845386_24447,1
03397375231_24448,1
03397455231_24449,1
04577917417_24450,1
04577437417_24451,4
03497615374_24452,1
03425545286_24453,1
04295557022_24454,4
03425485286_24455,1
04134256772_24456,1
03669075772_24457,1
03417075270_24458,1
04260156960_24459,1
03553545474_24460,12
03935136408_24461,1
03506715386_24462,1
03413625266_24463,1
04260516960_24464,1
03433885293_24465,1
03821456134_24466,1
03397605231_24467,1
03942006420_24468,1
03425525286_24469,1
03425525286_24470,1
04548987375_24471,1
04101106726_24472,1
03501805379_24473,1
03558735487_24474,1
04551437377_24475,1
03841016187_24476,1
03425605286_24477,1
04380017113_24478,1
04380457113_24479,1
04379957113_24480,1
03425585286_24481,1
03614905628_24482,1
04295967022_24483,1
04300037030_24484,1
03425465286_24485,1
04379777113_24486,1
03425525286_24487,1
04300207030_24488,1
03917036355_24489,1
03425605286_24490,1
03505555383_24491,2
04428507188_24492,1
04300517030_24493,1
03425665286_24494,1
03425485286_24495,1
03426475286_24496,1
04379957113_24497,1
03501745379_24498,1
03425585286_24499,1
03501745379_24500,1
03736085894_24501,1
04418847161_24502,1
03736085894_24503,1
03501835379_24504,1
03501655379_24505,1
04428667188_24506,1
03430205290_24507,1
03425525286_24508,1
03796636085_24509,1
03935146408_24510,1
03508755390_24511,1
04313617038_24512,1
03425675286_24513,1
03796636085_24514,1
03558755487_24515,1
03425545286_24516,1
03425485286_24517,1
03425465286_24518,1
03558735487_24519,1
03501745379_24520,1
03397185231_24521,2
03397185231_24522,2
04399447131_24523,1
04312317038_24524,1
03878706276_24525,1
03933836405_24526,1
03653585736_24527,1
04133636772_24528,1
04302367031_24529,1
03397135231_24530,1
04136326774_24531,1
03508485390_24532,1
03397705231_24533,1
04133636772_24534,1
04136286774_24535,1
04105786731_24536,1
04136336775_24537,1
04133656772_24538,1
03841016187_24539,1
03559005487_24540,1
04133636772_24541,1
03559005487_24542,1
03717405859_24543,1
03394915228_24544,1
04571937407_24545,2
03725035873_24546,3
04389267119_24547,3
03838486180_24548,1
03496625374_24549,1
03453755309_24550,1
04336927054_24551,4
03497655374_24552,1
03891766306_24553,2
03497365374_24554,1
04571737407_24555,1
03399575233_24556,4
04461707244_24557,1
04086496713_24558,4
04571937407_24559,2
03425845286_24560,1
04460917244_24561,1
04462037244_24562,1
03430265290_24563,1
04099316725_24564,1
04133876771_24565,1
04461707244_24566,1
04460917244_24567,1
04577757417_24568,4
03497775374_24569,1
03490065366_24570,1
03841106187_24571,1
03814936124_24572,1
04127086756_24573,1
03493675369_24574,1
04396907126_24575,4
03680655782_24576,1
04329757042_24577,1
03790936075_24578,9
04329757042_24579,1
03903036328_24580,5
03783876047_24581,5
04330027042_24582,1
04496597272_24583,5
03924236368_24584,5
04585317429_24585,5
04496547272_24586,5
04209336885_24587,5
04496547272_24588,5
04262646961_24589,5
03631625663_24590,5
03533675426_24591,5
03421485277_24592,4
03486045363_24593,9
03817486126_24594,1
04100626726_24595,1
04435967192_24596,1
04100626726_24597,1
03715395857_24598,1
03939946416_24599,1
03616625630_24600,1
04300517030_24601,1
04188846845_24602,4
03425675286_24603,1
03425605286_24604,1
03501805379_24605,1
04300517030_24606,1
04313577038_24607,1
03391805225_24608,1
03559005487_24609,1
03425525286_24610,1
04135696774_24611,1
04100666726_24612,1
04100626726_24613,1
04237086932_24614,4
03539685441_24615,4
04461707244_24616,1
04126226756_24617,1
03586445569_24618,3
04213576890_24619,3
04497517273_24620,1
03780916038_24621,1
03539745441_24622,4
04461707244_24623,1
03486045363_24624,9
04495287268_24625,6
03856296226_24626,1
04126016756_24627,1
03453805309_24628,1
03770806009_24629,1
03776166025_24630,3
03933516402_24631,1
04258176957_24632,1
04480727258_24633,3
03733245884_24634,12
03584795552_24635,4
04521457324_24636,1
03713445850_24637,1
04599747454_24638,3
04272876975_24639,3
03516435414_24640,3
04577527417_24641,1
03775856025_24642,3
04260946960_24643,1
04095886724_24644,1
03953626452_24645,1
03935226408_24646,1
03418315273_24647,8
03489965366_24648,1
03486045363_24649,9
03814846124_24650,1
04126896756_24651,1
04127386756_24652,1
04296127022_24653,1
03838236180_24654,1
03814436124_24655,1
03395165228_24656,3
03395165228_24657,3
03395165228_24658,3
04134256772_24659,1
03500965378_24660,1
03813696123_24661,1
04599447454_24662,3
04521517325_24663,3
03550195470_24664,1
03549825470_24665,1
04133606772_24666,1
04244556944_24667,1
04329257042_24668,1
03734855888_24669,1
03701255834_24670,1
03833056168_24671,1
03447475306_24672,1
03549885470_24673,1
03956076462_24674,1
03542735448_24675,1
03540545442_24676,1
03609155618_24677,1
04329757042_24678,1
03394955228_24679,1
04430467189_24680,2
03780776038_24681,1
04085686713_24682,1
03549745470_24683,1
03555565481_24684,1
03956076462_24685,1
03813616123_24686,1
04286397003_24687,1
03426275286_24688,1
03669045772_24689,1
03836876177_24690,1
04220726902_24691,4
03874396255_24692,1
04272406975_24693,3
03442615300_24694,1
03755705976_24695,3
03425585286_24696,1
03419665275_24697,1
03430515290_24698,1
03426475286_24699,1
03425575286_24700,1
03425755286_24701,1
03425585286_24702,1
420934688501_24703,1
03852796215_24704,1
03826696156_24705,1
03844006191_24706,1
03701855833_24707,1
04353977082_24708,1
03447725306_24709,1
03730545880_24710,1
03387815222_24711,1
03925836380_24712,1
04139566779_24713,1
03930076389_24714,1
04500047280_24715,1
03840716187_24716,1
04495087267_24717,1
04089466717_24718,1
04452307211_24719,1
03658015752_24720,1
03976716512_24721,1
03550245470_24722,1
03508805390_24723,1
03811586116_24724,1
03657955752_24725,1
03803956104_24726,1
03946256435_24727,1
03430255290_24728,1
04139206779_24729,1
04548817375_24730,1
03837096178_24731,1
04500047280_24732,1
03946256435_24733,1
03837126178_24734,1
04099526726_24735,1
03874706255_24736,1
03821046134_24737,1
03534175426_24738,1
03946596435_24739,1
03821126134_24740,1
04079006695_24741,1
04559087385_24742,1
03436795295_24743,1
04100966726_24744,1
04421607170_24745,1
04298597027_24746,1
03701135833_24747,1
04207316880_24748,1
04409967148_24749,1
04559087385_24750,1
03822026135_24751,1
04559087385_24752,1
03695685806_24753,1
03836876177_24754,1
04578097417_24755,1
04503127286_24756,1
04139566779_24757,1
03401835234_24758,1
04266446971_24759,1
04139516779_24760,1
03413185263_24761,1
03446885306_24762,1
04328427042_24763,1
04500047280_24764,1
04244786945_24765,1
03715165857_24766,1
04500047280_24767,1
03394845228_24768,1
03447515306_24769,1
03391535225_24770,1
03426365286_24771,1
03907246336_24772,1
04139516779_24773,1
04523367327_24774,1
04559087385_24775,1
03826196156_24776,1
03803606104_24777,1
04078716695_24778,1
04500067280_24779,1
03417255270_24780,1
04500067280_24781,1
03929916389_24782,1
03929916389_24783,1
03811586116_24784,1
04345737073_24785,1
03837186178_24786,1
04564197391_24787,1
04335727052_24788,1
04500047280_24789,1
03442555300_24790,1
03796956085_24791,1
03418295273_24792,8
03425655286_24793,1
03430285290_24794,1
03425525286_24795,1
04300037030_24796,1
04595347451_24797,1
03426055286_24798,1
03615025628_24799,1
04300207030_24800,1
03817426126_24801,1
03874396255_24802,1
03426055286_24803,1
04551587377_24804,1
03501655379_24805,1
03554315478_24806,1
03387725222_24807,1
03425525286_24808,1
03425465286_24809,1
03426365286_24810,1
03426005286_24811,1
03419715275_24812,1
03426065286_24813,1
03425525286_24814,1
03524695417_24815,1
04120516751_24816,1
03391625225_24817,1
03490795366_24818,1
03426105286_24819,1
03717735859_24820,1
04127306756_24821,1
04127306756_24822,1
03624875644_24823,1
03425655286_24824,1
03710245846_24825,1
04127196756_24826,1
03710145846_24827,1
03935756408_24828,1
04571577407_24829,1
04314447038_24830,3
03554145478_24831,1
04314447038_24832,3
03843956191_24833,1
04421457170_24834,1
03426565286_24835,1
03940016416_24836,1
03395135228_24837,3
03552575472_24838,1
04270746972_24839,3
04439957195_24840,3
04269786972_24841,3
03876006262_24842,4
03500755378_24843,1
03935456408_24844,1
03453775309_24845,1
03832666168_24846,1
03843576191_24847,1
03843806191_24848,1
03646225716_24849,1
03935286408_24850,1
03500965378_24851,1
03571805521_24852,12
03571805521_24853,12
03752805961_24854,12
03589425583_24855,1
03939876416_24856,1
03843386191_24857,1
03500755378_24858,1
04521497324_24859,1
03940036416_24860,1
04193556855_24861,12
03814096124_24862,1
04544167366_24863,1
04358907102_24864,1
04373387108_24865,1
03645945716_24866,3
03489875366_24867,1
04121126751_24868,1
04358907102_24869,1
03935596408_24870,1
03832776168_24871,1
03935456408_24872,1
04121016751_24873,1
03940036416_24874,1
03421145277_24875,1
03525795417_24876,1
03791256075_24877,2
03892496306_24878,1
03939836416_24879,1
04200696866_24880,1
03803936104_24881,1
03625505651_24882,1
04283656992_24883,4
04346977076_24884,1
04236896932_24885,4
03421215277_24886,1
04157806809_24887,1
03960826473_24888,1
04418707161_24889,1
04121626751_24890,1
04341497063_24891,4
04126056756_24892,1
04339847061_24893,4
04285927001_24894,4
04204646876_24895,4
04283296992_24896,4
03447275306_24897,1
03751645959_24898,1
03819526127_24899,1
04477007256_24900,1
04283296992_24901,4
04134026771_24902,1
04283296992_24903,4
04285927001_24904,4
04101426728_24905,4
04237116932_24906,4
04101426728_24907,4
04185616842_24908,1
04192626854_24909,1
04126906756_24910,1
03832826168_24911,1
04176356832_24912,1
04176356832_24913,1
04236896932_24914,4
04519057323_24915,1
04298617027_24916,1
04601217455_24917,3
04388677119_24918,3
04436577192_24919,3
04436577192_24920,3
04206566879_24921,4
03715285857_24922,1
04208916881_24923,4
04237016932_24924,4
03445635304_24925,3
03776586025_24926,1
04236846932_24927,4
04205436876_24928,4
03915966353_24929,1
04208736881_24930,4
03815146124_24931,1
03854386218_24932,4
04236966932_24933,4
04205436876_24934,4
03554385478_24935,1
03515305414_24936,3
03935686408_24937,1
03434645293_24938,1
04460917244_24939,1
03554145478_24940,1
03434575293_24941,1
03430475290_24942,1
03433395293_24943,1
03434545293_24944,1
03433565293_24945,1
03430125290_24946,1
03891906306_24947,1
03891776306_24948,1
03951606449_24949,8
03814566124_24950,1
03433555293_24951,1
03891776306_24952,1
04310537035_24953,3
03814566124_24954,1
03425595286_24955,1
04269966972_24956,3
03925796380_24957,6
03715195857_24958,1
03515305414_24959,3
04367857107_24960,1
04241546938_24961,4
04367857107_24962,1
03737295897_24963,1
04519627323_24964,3
04571737407_24965,1
04571737407_24966,1
03473285341_24967,5
04367857107_24968,1
03962256475_24969,1
04283156992_24970,4
435464708706_24971,6
03902996328_24972,5
03497455374_24973,1
03919216359_24974,1
03490545366_24975,1
03717435859_24976,3
04192726854_24977,1
04461937244_24978,1
04653643557_24979,3
04188846845_24980,4
04559497386_24981,3
03776596026_24982,6
03854296218_24983,4
03717585859_24984,3
03421525277_24985,4
04571627407_24986,1
04086366713_24987,1
03715345857_24988,1
04173226828_24989,1
04182996838_24990,4
04126176756_24991,1
03497975374_24992,1
03421145277_24993,1
03819426127_24994,1
04449927202_24995,4
04418647161_24996,1
03710685846_24997,1
04208906881_24998,4
03940426416_24999,1
03819426127_25000,1
04402887137_25001,4
03856736226_25002,1
03379875208_25003,1
03658765752_25004,1
04236946932_25005,4
04283756992_25006,4
03940486416_25007,1
03940486416_25008,1
04283596992_25009,4
03940486416_25010,1
03657955752_25011,1
03809866114_25012,3
04273556975_25013,3
04598327455_25014,1
03591695585_25015,1
04126176756_25016,1
04285927001_25017,4
03962056475_25018,1
03940486416_25019,1
03935256408_25020,1
04173256828_25021,1
03497915374_25022,1
03710245846_25023,1
03658765752_25024,1
03500805378_25025,1
04182716838_25026,4
04205206876_25027,4
03774036016_25028,4
04126306756_25029,1
03760045985_25030,4
04237906932_25031,4
04238016932_25032,4
03698325825_25033,12
03732085882_25034,2
03433175293_25035,1
03433175293_25036,1
04461937244_25037,1
04120266751_25038,1
03776236025_25039,3
04200616867_25040,3
03453855309_25041,1
03826526157_25042,3
03558755487_25043,1
04550587377_25044,1
03397305231_25045,1
03397305231_25046,1
03397305231_25047,1
03426215286_25048,1
03741485916_25049,4
03869526241_25050,5
04345537073_25051,5
03424605280_25052,5
03903446328_25053,5
04262646961_25054,5
03572225521_25055,5
03424835280_25056,5
03424605280_25057,5
03903036328_25058,5
04182786838_25059,4
04515587318_25060,5
03590305584_25061,5
04182876838_25062,4
03572185521_25063,5
04262846961_25064,5
03590245584_25065,5
03903036328_25066,5
03759375985_25067,4
03753125961_25068,5
03903446328_25069,5
03424615280_25070,5
03590215584_25071,5
04401697134_25072,4
04496587272_25073,5
03752955961_25074,5
04262846961_25075,5
03481665355_25076,5
04142096790_25077,4
03875986262_25078,4
03554635480_25079,4
03473285341_25080,5
04353787082_25081,5
04585287429_25082,5
03631905663_25083,5
03590215584_25084,5
03481635355_25085,5
04604697458_25086,4
03903446328_25087,5
04353947082_25088,5
04263216961_25089,5
04263426961_25090,5
04191516853_25091,5
03590305584_25092,5
04262666961_25093,5
03903446328_25094,5
03869526241_25095,5
04191516853_25096,5
03481975355_25097,5
04262916961_25098,5
03902996328_25099,5
04262916961_25100,5
03631625663_25101,5
03752955961_25102,5
04237566932_25103,4
03572265521_25104,5
03590215584_25105,5
04570877405_25106,5
03590245584_25107,5
03590235584_25108,5
03753075961_25109,5
03949556446_25110,5
03590245584_25111,5
04515527318_25112,5
03590215584_25113,5
04403087137_25114,4
04403087137_25115,4
04283696992_25116,4
03796486083_25117,5
04454387217_25118,4
04208756881_25119,4
04208716881_25120,4
03631525663_25121,5
04204586876_25122,4
04285927001_25123,4
04182876838_25124,4
04204746876_25125,4
04204646876_25126,4
04120166751_25127,1
04204646876_25128,4
03631525663_25129,5
03683185784_25130,1
04418577160_25131,1
04418577160_25132,1
03715345857_25133,1
04479477258_25134,3
03832576168_25135,1
04652863557_25136,3
03490105366_25137,1
03495095372_25138,1
04241176937_25139,4
03815406124_25140,1
04121886751_25141,1
03735735894_25142,1
04418847161_25143,1
04313357038_25144,3
03819946127_25145,1
03895996309_25146,1
03815136124_25147,1
03929796388_25148,2
04156626808_25149,1
04521217324_25150,1
04431107190_25151,1
04127206756_25152,1
04461827244_25153,1
03497975374_25154,1
04461897244_25155,1
04571577407_25156,1
04461827244_25157,1
04127306756_25158,1
04497007273_25159,1
03419405275_25160,1
04127126756_25161,1
03940106416_25162,1
03550335470_25163,1
04460917244_25164,1
04127386756_25165,1
03780826038_25166,1
03710795846_25167,1
03815026124_25168,1
03892276306_25169,1
03713355850_25170,2
03430265290_25171,1
03497725374_25172,1
04460907244_25173,1
04461787244_25174,1
03433745293_25175,1
04573557411_25176,1
04194656858_25177,1
04461087244_25178,1
04461827244_25179,1
03433615293_25180,1
04521527324_25181,1
03713435850_25182,1
04571767407_25183,1
04506157288_25184,1
03416895270_25185,1
04186006842_25186,1
04133796771_25187,1
03453125308_25188,1
04460907244_25189,1
03426545286_25190,1
04521617324_25191,1
03843356191_25192,1
03935486408_25193,1
03497455374_25194,1
03391305225_25195,1
03430265290_25196,1
03549885470_25197,1
04126256756_25198,1
03550305470_25199,1
03434035293_25200,1
03935156408_25201,1
03433555293_25202,1
03780546038_25203,1
03433565293_25204,1
03892476306_25205,1
03780816038_25206,1
03430265290_25207,1
03430265290_25208,1
03391305225_25209,1
03715375857_25210,1
03550095470_25211,1
03752795961_25212,12
03391515225_25213,1
03550035470_25214,1
03447475306_25215,1
04521457324_25216,1
03387835222_25217,1
04379887113_25218,4
04307137033_25219,1
04437347192_25220,1
03710795846_25221,1
04598297454_25222,3
04388867119_25223,3
03391425225_25224,1
03425475286_25225,1
03447725306_25226,1
03501745379_25227,1
04125986756_25228,1
03395065228_25229,3
04265196967_25230,3
04296227022_25231,1
04347347076_25232,1
03480395354_25233,1
04497067273_25234,1
03683445784_25235,1
03591595585_25236,1
03379345208_25237,1
03944166429_25238,1
04232796919_25239,1
03620545640_25240,1
04480077258_25241,1
03817226126_25242,1
03710795846_25243,1
03856736226_25244,1
03555485481_25245,1
04296227022_25246,1
04295927022_25247,1
04334257049_25248,1
03419455275_25249,1
04429037188_25250,1
04389067119_25251,3
03419615275_25252,1
03421915277_25253,1
04193556855_25254,12
04286607003_25255,1
04126906756_25256,1
03743415926_25257,1
04571597407_25258,1
04428667188_25259,1
04260296960_25260,1
03658515752_25261,1
04259926960_25262,1
03693955805_25263,1
04156866808_25264,1
04156646808_25265,1
03421915277_25266,1
03658535752_25267,1
03426155286_25268,1
04347557076_25269,1
04272926975_25270,3
03391335225_25271,1
03911116343_25272,1
455729738303_25273,3
03694235805_25274,1
04312917037_25275,1
03425565286_25276,1
04259926960_25277,1
04410177148_25278,1
03658715752_25279,1
04296227022_25280,1
03789686070_25281,1
03943546429_25282,1
03591315585_25283,1
04388677119_25284,3
03707215844_25285,1
04296227022_25286,1
04205456877_25287,1
04371747107_25288,1
03789746070_25289,1
04085956713_25290,1
04094416724_25291,1
03658715752_25292,1
04312307037_25293,1
04263016964_25294,1
04457977223_25295,1
03949476445_25296,1
03480435354_25297,1
04559497386_25298,3
03387615222_25299,1
03773356014_25300,1
04490627261_25301,3
04134116771_25302,1
03633295671_25303,1
03555445481_25304,1
03933276402_25305,1
03419715275_25306,1
03933276402_25307,1
04465317252_25308,1
04193166854_25309,1
04548387375_25310,1
04585347429_25311,1
04245076944_25312,1
03873726251_25313,1
04244526944_25314,1
03421215277_25315,1
04244526944_25316,1
03447495306_25317,1
03379465208_25318,1
03391895225_25319,1
04465067252_25320,1
03391655225_25321,1
03391695225_25322,1
04521617324_25323,1
03892096306_25324,1
03550165470_25325,1
04115256747_25326,1
04521537324_25327,1
03391405225_25328,1
03387595222_25329,1
03549985470_25330,1
03550205470_25331,1
04521617324_25332,1
03550305470_25333,1
03549925470_25334,1
03549965470_25335,1
03391405225_25336,1
03387775222_25337,1
04461827244_25338,1
03550035470_25339,1
04520987324_25340,1
03455985311_25341,1
04461827244_25342,1
03550205470_25343,1
03467755331_25344,1
03550035470_25345,1
03387585222_25346,1
04126536756_25347,1
03517975416_25348,1
03446705306_25349,1
04126176756_25350,1
03658615752_25351,1
03474445342_25352,1
03473555342_25353,3
03966326489_25354,3
04120746751_25355,1
03805806105_25356,1
03645675716_25357,1
04086236713_25358,1
03590285584_25359,5
03805806105_25360,1
03819656127_25361,1
03926406379_25362,2
03440415298_25363,1
04511957302_25364,1
03943566429_25365,1
03940106416_25366,1
03710245846_25367,1
03778926033_25368,1
03756105977_25369,1
04588527436_25370,1
370071583401_25371,1
04121616751_25372,1
03646075716_25373,3
04511957302_25374,1
04126176756_25375,1
447532725403_25376,3
04121616751_25377,1
04227866913_25378,3
04332757046_25379,1
377488602203_25380,3
04656563558_25381,3
03839556184_25382,3
04598317455_25383,3
03776526025_25384,3
04214356890_25385,3
04223116906_25386,3
04429177189_25387,3
03943396429_25388,1
04376557108_25389,1
03776166025_25390,3
04361467106_25391,1
04176536832_25392,1
03819526127_25393,1
04548897375_25394,1
03935286408_25395,1
03550125470_25396,1
04133546771_25397,1
03549985470_25398,1
03806766110_25399,1
03843806191_25400,1
03891906306_25401,1
04571857407_25402,1
03939916416_25403,1
04521597324_25404,1
03891906306_25405,1
03700955834_25406,1
03802496103_25407,1
03976946512_25408,1
03447565306_25409,1
03550125470_25410,1
03550295470_25411,1
03776516026_25412,1
03550095470_25413,1
03447565306_25414,1
03391335225_25415,1
03550295470_25416,1
04418707161_25417,1
03550085470_25418,1
03843616191_25419,1
03935286408_25420,1
03837156178_25421,1
03657955752_25422,1
04176836832_25423,1
03730535880_25424,1
04085946713_25425,1
03935196408_25426,1
03589425583_25427,1
03657955752_25428,1
03735555894_25429,1
03571965521_25430,1
03943586429_25431,1
03734825888_25432,1
04156396808_25433,1
03426565286_25434,1
03402085234_25435,1
03447725306_25436,1
03789636070_25437,1
03550265470_25438,1
03615035628_25439,1
03555575481_25440,1
03730535880_25441,1
03615055628_25442,1
03943656429_25443,1
03657955752_25444,1
03944136429_25445,1
03710795846_25446,1
04115226747_25447,1
03657965752_25448,1
04258186957_25449,1
03550005470_25450,1
03678285781_25451,1
04465097252_25452,1
03398655233_25453,1
04577877417_25454,1
03658075752_25455,1
03843576191_25456,1
03726725874_25457,1
03571795521_25458,1
03908856342_25459,1
03946256435_25460,1
03571585521_25461,1
03534095426_25462,1
03571765521_25463,1
03571965521_25464,1
03657955752_25465,1
04266226971_25466,1
04127316756_25467,1
03836876177_25468,1
03837436178_25469,1
03935286408_25470,1
03826696156_25471,1
04409747148_25472,1
03734585888_25473,1
03700695834_25474,1
03550005470_25475,1
03398215233_25476,1
03850236208_25477,1
04115426747_25478,1
03419765275_25479,1
03402085234_25480,1
03730535880_25481,1
04419277161_25482,1
03554875481_25483,1
03657955752_25484,1
03534145426_25485,1
03730775880_25486,1
03730535880_25487,1
04266456971_25488,1
03416895270_25489,1
03762095989_25490,1
03738995907_25491,1
03825916156_25492,1
03589425583_25493,1
03698265825_25494,1
03850236208_25495,1
04156886808_25496,1
03550175470_25497,1
03571765521_25498,1
03689945794_25499,1
03778946033_25500,1
03730535880_25501,1
03698725825_25502,1
03550265470_25503,1
03657995752_25504,1
04156396808_25505,1
03447725306_25506,1
03730545880_25507,1
03944136429_25508,1
03398655233_25509,1
03778946033_25510,1
03398665233_25511,1
03778946033_25512,1
03943906429_25513,1
04514057315_25514,1
03730535880_25515,1
03730545880_25516,1
03690405794_25517,1
03693995805_25518,1
04115326747_25519,1
04410207148_25520,1
03555565481_25521,1
03391255225_25522,1
03391255225_25523,1
03391255225_25524,1
03391255225_25525,1
03780826038_25526,1
04133846771_25527,1
03865466237_25528,8
03430395290_25529,1
03387775222_25530,1
03447115306_25531,1
04133846771_25532,1
03958286470_25533,1
04172616828_25534,1
04372337107_25535,1
03780956038_25536,1
04543467366_25537,1
03446985306_25538,1
04156436808_25539,1
03942056420_25540,1
03434545293_25541,1
04133876771_25542,1
03447045306_25543,1
03555475481_25544,8
03391335225_25545,1
04521617324_25546,1
04521627324_25547,1
04521337324_25548,1
03402515234_25549,1
04133796771_25550,1
03447755306_25551,1
03550235470_25552,1
04521357324_25553,1
03780956038_25554,1
03550165470_25555,1
04521617324_25556,1
03447375306_25557,1
04127316756_25558,1
04133846771_25559,1
03892086306_25560,1
03446355306_25561,1
04133816771_25562,1
03942116420_25563,1
03780816038_25564,1
03391405225_25565,1
04133876771_25566,1
03453175308_25567,1
03550165470_25568,1
03446365306_25569,1
04460917244_25570,1
03392045225_25571,1
04521357324_25572,1
03550095470_25573,1
03446365306_25574,1
03447835306_25575,1
03452915308_25576,1
03446365306_25577,1
03452915308_25578,1
03452925308_25579,1
03549965470_25580,1
03550085470_25581,1
04125986756_25582,1
03452925308_25583,1
03549935470_25584,1
03446365306_25585,1
04521337324_25586,1
03549925470_25587,1
04465207252_25588,1
03550125470_25589,1
03550035470_25590,1
03453125308_25591,1
03452925308_25592,1
03453125308_25593,1
03453125308_25594,1
03550085470_25595,1
03391185225_25596,1
04089536717_25597,1
03903346329_25598,4
04283376991_25599,5
04191516853_25600,5
03895096309_25601,2
03588955576_25602,5
03590245584_25603,5
03590215584_25604,5
04191516853_25605,5
03903076328_25606,5
04570877405_25607,5
03588955576_25608,5
04570877405_25609,5
03903036328_25610,5
04570877405_25611,5
03424655280_25612,5
03435565294_25613,5
04343217065_25614,5
04571077405_25615,5
04345767073_25616,5
03461225323_25617,5
04570497405_25618,5
03461225323_25619,5
03461225323_25620,5
03924086368_25621,5
03424705280_25622,5
04570877405_25623,5
03800476101_25624,5
03903446328_25625,5
03800476101_25626,5
03903036328_25627,5
03631685663_25628,5
03800476101_25629,5
04604677458_25630,4
03595765589_25631,5
04283276991_25632,5
03461225323_25633,5
04570877405_25634,5
03924186368_25635,5
03869456241_25636,5
04373187108_25637,5
04570877405_25638,5
03595765589_25639,5
03590255584_25640,5
04354537087_25641,5
04570877405_25642,5
04570877405_25643,5
03631905663_25644,5
04559387385_25645,5
03588955576_25646,5
03631905663_25647,5
03796366083_25648,5
04283446991_25649,5
03572205521_25650,5
03571445521_25651,5
03590255584_25652,5
04191606853_25653,5
03588955576_25654,5
03903076328_25655,5
03588955576_25656,5
03796366083_25657,5
03588955576_25658,5
04570877405_25659,5
04345777073_25660,5
03672875773_25661,2
03796366083_25662,5
04191576853_25663,5
03907226336_25664,13
03903486328_25665,5
04191576853_25666,5
03461305323_25667,5
04262856961_25668,5
04191516853_25669,5
03585175556_25670,4
04263286961_25671,5
04191516853_25672,5
04571377405_25673,5
03595765589_25674,5
03585335556_25675,4
03585175556_25676,4
04585287429_25677,5
04263456961_25678,5
04402217134_25679,4
03585175556_25680,4
03636375685_25681,4
04402217134_25682,4
03590565584_25683,5
03759525985_25684,4
03636375685_25685,4
03903596329_25686,4
03590215584_25687,5
04401807134_25688,4
03903036328_25689,5
03955016461_25690,6
04345607073_25691,5
04345767073_25692,5
03636375685_25693,4
04515297318_25694,5
04191606853_25695,5
03796376083_25696,5
04570877405_25697,5
04496547272_25698,5
04345617073_25699,5
03484075359_25700,5
03903036328_25701,5
03903076328_25702,5
03588905576_25703,5
03903446328_25704,5
04345617073_25705,5
04570877405_25706,5
03590355584_25707,5
03390165224_25708,5
03390165224_25709,5
04376587108_25710,5
04373187108_25711,5
04345617073_25712,5
03618435632_25713,2
04654233557_25714,2
03435565294_25715,5
03924406368_25716,5
04374527108_25717,5
04402157135_25718,10
03924326368_25719,5
04345617073_25720,5
04084356706_25721,5
03533965426_25722,5
03503405380_25723,5
04084356706_25724,5
04374527108_25725,5
04402157135_25726,10
04345617073_25727,5
03924446368_25728,5
03924136368_25729,5
03632375665_25730,5
03924446368_25731,5
348420535905_25732,5
03955076461_25733,5
03435585294_25734,5
04570877405_25735,5
04374527108_25736,5
03924316368_25737,5
04084476706_25738,5
03903496328_25739,5
04191576853_25740,5
03503285380_25741,5
04449757202_25742,4
04345607073_25743,5
04218106897_25744,5
04345607073_25745,5
04496547272_25746,5
04345617073_25747,5
03533985426_25748,5
04345627073_25749,5
04571377405_25750,5
04218106897_25751,5
03924286368_25752,5
04262726961_25753,5
03796466083_25754,5
04496637272_25755,5
04191516853_25756,5
04191226853_25757,5
03796466083_25758,5
04571187405_25759,5
03503405380_25760,5
04191226853_25761,5
04218106897_25762,5
04424487177_25763,4
03742315918_25764,5
04345607073_25765,5
04191576853_25766,5
04345607073_25767,5
04345607073_25768,5
03390155224_25769,5
03554735480_25770,4
03903816329_25771,4
03924276368_25772,5
04570877405_25773,5
04089306717_25774,5
03949676446_25775,5
03461225323_25776,5
03701555833_25777,5
04376457108_25778,5
03631525663_25779,5
03631905663_25780,5
03461305323_25781,5
04342487065_25782,5
03742335918_25783,5
03949676446_25784,5
03701535833_25785,5
04345607073_25786,5
04218026897_25787,5
04496507272_25788,5
03804106104_25789,5
04496807272_25790,5
03484425359_25791,5
03588975576_25792,5
03484365359_25793,5
03903446328_25794,5
04191516853_25795,5
04259986960_25796,5
03949556446_25797,5
03461225323_25798,5
03484425359_25799,5
04353947082_25800,5
04260526960_25801,5
03481835355_25802,5
03804106104_25803,5
03590215584_25804,5
04217946897_25805,5
03949676446_25806,5
03869696241_25807,5
03742335918_25808,5
03631805663_25809,5
03742335918_25810,5
03631625663_25811,5
03588955576_25812,5
04262856961_25813,5
03481835355_25814,5
03742335918_25815,5
03796336083_25816,5
04345777073_25817,5
04496547272_25818,5
03481675355_25819,5
03631385663_25820,5
03804106104_25821,5
04345777073_25822,5
04515317318_25823,5
03653645737_25824,5
03461225323_25825,5
03572225521_25826,5
03481665355_25827,5
04345557073_25828,5
03924396368_25829,5
03796366083_25830,5
04496547272_25831,5
03949556446_25832,5
03481665355_25833,5
03631625663_25834,5
03742335918_25835,5
03481835355_25836,5
03753075961_25837,5
348420535905_25838,5
04263216961_25839,5
04496547272_25840,5
03481975355_25841,5
03424705280_25842,5
04496547272_25843,5
04515317318_25844,5
04209356885_25845,5
03389985224_25846,5
03389985224_25847,5
03389985224_25848,5
03582735544_25849,2
03589025576_25850,5
03709125845_25851,9
04515567318_25852,5
03503055380_25853,5
03571445521_25854,5
04311187036_25855,5
04096676724_25856,1
03588955576_25857,5
03572085521_25858,5
04283276991_25859,5
04496587272_25860,5
03572035521_25861,5
04570877405_25862,5
04571237405_25863,5
03902996328_25864,5
04345617073_25865,5
03481635355_25866,5
03424655280_25867,5
04263256961_25868,5
03588905576_25869,5
03590215584_25870,5
03484315359_25871,5
04515357318_25872,5
03484405359_25873,5
04515527318_25874,5
03588955576_25875,5
03753155961_25876,5
04585317429_25877,5
03590305584_25878,5
04496557272_25879,5
04476117256_25880,5
03784006047_25881,5
04515547318_25882,5
04496587272_25883,5
03903036328_25884,5
03588955576_25885,5
03869396241_25886,5
03433705293_25887,1
03843596191_25888,1
04345617073_25889,5
04191606853_25890,5
03481665355_25891,5
04515547318_25892,5
04604467458_25893,4
04585287429_25894,5
04209366885_25895,5
04091226720_25896,5
03590345584_25897,5
03428105288_25898,11
03705515838_25899,2
03680795782_25900,2
455724738302_25901,2
03705515838_25902,2
04438927194_25903,2
04195766859_25904,2
03388265223_25905,2
455724738302_25906,2
03876566270_25907,2
04116236748_25908,1
03722805870_25909,8
03961616475_25910,1
04210886888_25911,2
03705555838_25912,2
03709195845_25913,2
04210856888_25914,2
04210856888_25915,2
03679705782_25916,2
04210886888_25917,2
04154896805_25918,2
04094226722_25919,2
03470675337_25920,2
03537155434_25921,2
03921686366_25922,2
04413967149_25923,2
03445315304_25924,7
03527595419_25925,9
03427805288_25926,11
03427825288_25927,11
03389185223_25928,11
03427825288_25929,11
03389265223_25930,11
03389135223_25931,11
03427675288_25932,11
03587135569_25933,11
03389265223_25934,11
03427675288_25935,11
03428105288_25936,11
03389265223_25937,11
03389185223_25938,11
03427925288_25939,11
03389205223_25940,11
03389205223_25941,11
03389205223_25942,11
03752955961_25943,5
435464708705_25944,5
03753075961_25945,5
04201066866_25946,2
03674735773_25947,2
03675125773_25948,2
04410427147_25949,2
03673715773_25950,2
03962096475_25951,2
04300137031_25952,2
04148666796_25953,2
03672585773_25954,2
03785056052_25955,2
04342087064_25956,2
03673715773_25957,2
03798426092_25958,2
04360357105_25959,2
03405895240_25960,2
03705555838_25961,2
03784986052_25962,2
03526455419_25963,2
03673535773_25964,2
04094286723_25965,2
03674155773_25966,2
03706475838_25967,2
03673715773_25968,2
03675165773_25969,2
04526357339_25970,2
03674065773_25971,2
03586865569_25972,2
03674495773_25973,2
03674785773_25974,2
04360357105_25975,2
04409487147_25976,2
04592597447_25977,2
03674155773_25978,2
03537495434_25979,2
03674495773_25980,2
03705555838_25981,2
03675045773_25982,2
04591817447_25983,2
03784246052_25984,2
03673945773_25985,2
03784246052_25986,2
04527057339_25987,2
04413987149_25988,2
03674065773_25989,2
03905486331_25990,2
04591897447_25991,2
03675045773_25992,2
03586855569_25993,2
04154896805_25994,2
04527057339_25995,2
03784946052_25996,2
04094286723_25997,2
04591817447_25998,2
03705555838_25999,2
04591817447_26000,2
04094286723_26001,2
03388425223_26002,2
03388975223_26003,2
04502407286_26004,3
04591637447_26005,3
04475027254_26006,1
03705695838_26007,3
03705695838_26008,3
04591997447_26009,3
04591637447_26010,3
04591747447_26011,3
04591437447_26012,3
04154966805_26013,3
04341857064_26014,3
04592517447_26015,3
04591747447_26016,3
04154926805_26017,3
03645495716_26018,3
03432895292_26019,3
04591637447_26020,3
03805666105_26021,3
04341737064_26022,3
04591637447_26023,3
04154926805_26024,3
04409387147_26025,3
04342027064_26026,3
04591637447_26027,3
04591747447_26028,3
03921246366_26029,3
03784446052_26030,3
04591997447_26031,3
04592487447_26032,3
04591997447_26033,3
04154956805_26034,3
04591637447_26035,3
04591637447_26036,3
04591997447_26037,3
04591997447_26038,3
03764525997_26039,3
04591637447_26040,3
04591547447_26041,3
03666435765_26042,3
04360367105_26043,1
04527457339_26044,3
04410217147_26045,3
04154806805_26046,3
04410217147_26047,3
04154036805_26048,3
04154856805_26049,3
03641815707_26050,3
03388315223_26051,3
03388315223_26052,3
03388315223_26053,3
04333947049_26054,1
03406365240_26055,1
03776306025_26056,2
04502157285_26057,1
03524695417_26058,1
03526225419_26059,3
03871646248_26060,1
03399925232_26061,1
03645275716_26062,1
04210566888_26063,1
04479907258_26064,3
03395165228_26065,3
03474445342_26066,1
03678335781_26067,1
03419405275_26068,1
03571745521_26069,1
03549985470_26070,1
03447715306_26071,1
03571605521_26072,1
03715375857_26073,1
04496527272_26074,1
03392045225_26075,1
03943846429_26076,1
03549985470_26077,1
03549985470_26078,1
04346967076_26079,1
03633475671_26080,1
03550055470_26081,1
03379535208_26082,1
03387895222_26083,1
03446985306_26084,1
03387745222_26085,1
03608765615_26086,3
04182586838_26087,4
04270116972_26088,3
04388507119_26089,3
03717575859_26090,1
04269876972_26091,3
03809926114_26092,3
03425485286_26093,1
03657965752_26094,1
04389287119_26095,3
04571597407_26096,1
03391335225_26097,1
03542545448_26098,2
03388425223_26099,2
03745035931_26100,1
04216596893_26101,2
04273376975_26102,1
04180386835_26103,3
03755835976_26104,1
04169096823_26105,1
04099566726_26106,1
04099166725_26107,1
03756185976_26108,1
04232316919_26109,1
03384335218_26110,8
03568205517_26111,8
04583837425_26112,8
03385105218_26113,8
04433147191_26114,2
04427617186_26115,2
03685945790_26116,2
04547847374_26117,2
04415177150_26118,2
04432977191_26119,2
03755315976_26120,2
04427537186_26121,2
03612465621_26122,2
04584177425_26123,2
03755545976_26124,1
04583837425_26125,8
03888766299_26126,3
389955632002_26127,2
03516205414_26128,3
03494125369_26129,1
03674065773_26130,2
03554635480_26131,4
04402017134_26132,4
344736530501_26133,1
03717825859_26134,1
03497885374_26135,1
04404217139_26136,4
04116136748_26137,1
04131866766_26138,4
04568317401_26139,1
03940136416_26140,1
04245126944_26141,1
04237156933_26142,4
04237016932_26143,4
04176016832_26144,1
04182876838_26145,4
03421495277_26146,4
03421825277_26147,4
04236896932_26148,4
04237016932_26149,4
04236896932_26150,4
03421225277_26151,4
03771546010_26152,4
04237136932_26153,4
04237116932_26154,4
04236946932_26155,4
03550305470_26156,1
03725295873_26157,2
03780866038_26158,2
04148076798_26159,2
04080056696_26160,2
04080056696_26161,2
03550305470_26162,1
03888866300_26163,2
03839266184_26164,2
03966556489_26165,2
03495395372_26166,2
03968856494_26167,2
04216866893_26168,2
03837076178_26169,1
03525655417_26170,2
04216676893_26171,2
03782086043_26172,2
03525715417_26173,2
03819856127_26174,2
03613045623_26175,2
03568265517_26176,2
04283896992_26177,4
03552705472_26178,2
03732375882_26179,2
03929746388_26180,2
04376527108_26181,5
03756695977_26182,2
03435335294_26183,5
03778306032_26184,10
03495555372_26185,2
03474065342_26186,2
03775926025_26187,2
04524177333_26188,2
03435585294_26189,5
03956466464_26190,5
03924286368_26191,5
03924296368_26192,5
03801206101_26193,5
03591345585_26194,1
03924186368_26195,5
03725295873_26196,2
04342267065_26197,5
03924076368_26198,5
03955146461_26199,5
03924426368_26200,5
03924226368_26201,5
03470805337_26202,2
03924426368_26203,5
03924336368_26204,5
04547947374_26205,2
04662653561_26206,2
03385105218_26207,8
04419117161_26208,1
03933836405_26209,1
03771996012_26210,1
03772556012_26211,2
04548977375_26212,1
03506715386_26213,1
03540515442_26214,1
03732085882_26215,2
03782206043_26216,1
04131656765_26217,21
04521297324_26218,1
04415457150_26219,2
03549985470_26220,1
04133636772_26221,1
03394885228_26222,1
03397375231_26223,1
04232796919_26224,1
03751725959_26225,1
03977106512_26226,1
03506505386_26227,1
03916066354_26228,1
03508525390_26229,1
03977106512_26230,1
03447775306_26231,1
03401975234_26232,1
03456225311_26233,1
03397475231_26234,1
03397465231_26235,1
03456125311_26236,1
03456125311_26237,1
03456225311_26238,1
03456225311_26239,1
03456125311_26240,1
03442635300_26241,1
03424815280_26242,12
04186456843_26243,4
03397465231_26244,1
03695685806_26245,1
04432947191_26246,1
03745565931_26247,1
03384235218_26248,1
03756195976_26249,1
04432947191_26250,1
04110856741_26251,1
04584137425_26252,1
03459075316_26253,1
04148066798_26254,1
03605225609_26255,1
04265296967_26256,1
03722925870_26257,2
03581675544_26258,2
03609025618_26259,2
04427357186_26260,2
04270436972_26261,7
04583967425_26262,2
04427277186_26263,2
04583757425_26264,2
03508705390_26265,2
04433427191_26266,2
443205719102_26267,2
03607285612_26268,1
03462245325_26269,2
03819406128_26270,2
03508705390_26271,2
04427237186_26272,2
03755755976_26273,2
04491267262_26274,2
04491267262_26275,2
03395315228_26276,1
03391985225_26277,1
03425585286_26278,1
03397305231_26279,1
04436047192_26280,1
03455695311_26281,1
04516337319_26282,1
04276086976_26283,1
03391335225_26284,1
04286957003_26285,1
03442255300_26286,1
03387825222_26287,1
03690335794_26288,1
03726155874_26289,3
03447765306_26290,1
03387615222_26291,1
04300537030_26292,1
04275506976_26293,1
04306927033_26294,2
03607175612_26295,1
03462355325_26296,2
03584985556_26297,4
03535355429_26298,1
04427227186_26299,2
04314327038_26300,2
04427407186_26301,2
03682685784_26302,6
03924446368_26303,5
04448127199_26304,1
03924306368_26305,5
03924336368_26306,5
03435335294_26307,5
03924306368_26308,5
03384345218_26309,2
03447135305_26310,3
03497455374_26311,1
03568265517_26312,2
03459435316_26313,2
04351257079_26314,2
04199566865_26315,2
03495395372_26316,2
03459035316_26317,2
03459035316_26318,2
03966416489_26319,2
03384225218_26320,2
03384225218_26321,2
03384225218_26322,2
03878296276_26323,1
04354917091_26324,2
04547917374_26325,2
04135996775_26326,1
03745745931_26327,1
03966196489_26328,2
04436897192_26329,1
03722125870_26330,2
04306927033_26331,2
04547917374_26332,2
04432847191_26333,2
03617895632_26334,2
03397335231_26335,2
03617865632_26336,2
03745345931_26337,1
04427297186_26338,2
04432747191_26339,2
03815036124_26340,1
04275206976_26341,2
04427647186_26342,2
04427457186_26343,2
03483575358_26344,2
03898646320_26345,2
04432497191_26346,2
04427757186_26347,2
03483755358_26348,2
03384165218_26349,2
03388975223_26350,2
04439067194_26351,2
03879116276_26352,1
04312577038_26353,2
04275256976_26354,1
04309467035_26355,2
03483745358_26356,1
03745305931_26357,1
03483885358_26358,1
04216686893_26359,1
03966196489_26360,2
04432697191_26361,2
04461217245_26362,2
04461217245_26363,2
04431827191_26364,2
04433147191_26365,2
03617865632_26366,2
04427017186_26367,2
03929826388_26368,2
03782186043_26369,1
03755335976_26370,2
04433147191_26371,2
04147186798_26372,2
03462635325_26373,2
04432617191_26374,2
04148166798_26375,2
04432307191_26376,2
04432617191_26377,2
03756325976_26378,2
04427627186_26379,2
03617895632_26380,2
03966226489_26381,2
03381725211_26382,2
03577355534_26383,2
03447395305_26384,3
04461757244_26385,1
04557607383_26386,3
04598247455_26387,3
03966376489_26388,1
04214666890_26389,3
04085686713_26390,1
03935326408_26391,1
03776166025_26392,3
04273286975_26393,3
03591395585_26394,1
03843576191_26395,1
03473765342_26396,1
03776526025_26397,3
03473605342_26398,1
03474445342_26399,1
04342277064_26400,3
03807056110_26401,1
04227346913_26402,1
04213946890_26403,3
03495095372_26404,1
03723535870_26405,3
03892346306_26406,1
04230936916_26407,1
04227936913_26408,1
03766355999_26409,1
03714535855_26410,2
03969266494_26411,1
04269486972_26412,2
03462355325_26413,2
03739165908_26414,2
03472145339_26415,2
04147186798_26416,2
04272826975_26417,2
04339407060_26418,2
04339087060_26419,2
03756295976_26420,2
03617705632_26421,2
03899356320_26422,2
04355267091_26423,2
04147346798_26424,2
04431967191_26425,2
03568315517_26426,2
04431967191_26427,2
03462245325_26428,2
03697575818_26429,2
03618065632_26430,2
04354967091_26431,2
03898736320_26432,2
03772456012_26433,2
03898976320_26434,2
03732395882_26435,2
03617835632_26436,2
03617675632_26437,2
03898736320_26438,2
03697575818_26439,2
03898646320_26440,2
04433307191_26441,2
04432527191_26442,2
04427327186_26443,2
03617855632_26444,2
03755375976_26445,2
03899166320_26446,2
04433307191_26447,2
04414977150_26448,2
04432147191_26449,2
04415237150_26450,2
04583697425_26451,2
03898646320_26452,2
04148166798_26453,2
04433327191_26454,2
04584297425_26455,2
03898646320_26456,2
03618155632_26457,2
04433077191_26458,2
04433307191_26459,2
03898976320_26460,2
03755475976_26461,2
04432977191_26462,2
04427637186_26463,2
04432547191_26464,2
04414967150_26465,2
04548177374_26466,2
04433327191_26467,2
03772386012_26468,2
04432547191_26469,2
03617665632_26470,2
03755475976_26471,2
389955632002_26472,2
04427457186_26473,2
03755315976_26474,2
04433267191_26475,2
03381605211_26476,2
03381605211_26477,2
03381605211_26478,2
03381605211_26479,2
04264866967_26480,2
03968816494_26481,2
04339117060_26482,2
03735585894_26483,1
03651885728_26484,2
03921686366_26485,2
04600407455_26486,3
03739375908_26487,2
04439817195_26488,2
04339327060_26489,2
03483755358_26490,2
04389287119_26491,3
03942036420_26492,1
04116306748_26493,1
03942046420_26494,1
03419665275_26495,1
04559457386_26496,3
03678525781_26497,1
04389287119_26498,3
04227746913_26499,3
03495095372_26500,1
03895156309_26501,1
04230896916_26502,1
03736065894_26503,1
04227496913_26504,3
03701615833_26505,1
03446565306_26506,1
04196576862_26507,3
04286367003_26508,1
03698735825_26509,1
03891986306_26510,1
03892176306_26511,1
04227496913_26512,3
04421447170_26513,1
03495095372_26514,1
03495095372_26515,1
03381525211_26516,1
04138596778_26517,1
03535725429_26518,1
04135716774_26519,1
03535355429_26520,1
04590717446_26521,1
03556485482_26522,1
03599995598_26523,1
03556585482_26524,1
389955632001_26525,1
04427357186_26526,2
04147176798_26527,2
03714725855_26528,2
03756325976_26529,2
04264706967_26530,2
04355267091_26531,2
04432977191_26532,2
04432807191_26533,2
03898976320_26534,2
03755525976_26535,2
04547857374_26536,2
04432317191_26537,2
04431997191_26538,2
04427457186_26539,2
04433077191_26540,2
04428627188_26541,1
04336627054_26542,4
04223926906_26543,1
03934246405_26544,1
04203276870_26545,1
03732195882_26546,1
04598177455_26547,1
422726691301_26548,1
03730745880_26549,1
04500087280_26550,1
03935776408_26551,1
03608975615_26552,3
03839146184_26553,3
03550265470_26554,1
04521827325_26555,3
03568405517_26556,1
03698755825_26557,1
03698755825_26558,1
03698725825_26559,1
04196506862_26560,3
03568525517_26561,1
04427117186_26562,1
04599137455_26563,1
04427477186_26564,1
03495325372_26565,1
03568405517_26566,1
03458685315_26567,1
03804976105_26568,1
03747705940_26569,1
04343037065_26570,1
04351687079_26571,1
04196586862_26572,1
04286257003_26573,1
04196746862_26574,1
04292637007_26575,1
04115316747_26576,1
04432467191_26577,1
03461975325_26578,2
04521827325_26579,3
03739395908_26580,1
03554315478_26581,1
04259746960_26582,1
04339597061_26583,4
03715175857_26584,1
03589975584_26585,12
03755685976_26586,3
03755685976_26587,3
03571805521_26588,12
04144256793_26589,4
04286117003_26590,1
03539755441_26591,4
03628065657_26592,1
03426005286_26593,1
04551357377_26594,4
03419825275_26595,4
04264286965_26596,9
04551387377_26597,4
04551357377_26598,4
04264286965_26599,9
03381315211_26600,9
03381315211_26601,9
03381315211_26602,9
04286257003_26603,1
03381295211_26604,17
03381295211_26605,17
03381295211_26606,17
04292637007_26607,1
03508725390_26608,1
03381295211_26609,17
04220726902_26610,4
03381315211_26611,9
03381315211_26612,9
03381315211_26613,9
03381315211_26614,9
03381265211_26615,9
03381265211_26616,9
03381265211_26617,9
03381265211_26618,9
03381265211_26619,9
04432607191_26620,2
03764695997_26621,2
04195776859_26622,2
03714935855_26623,2
04266226971_26624,1
04148356798_26625,2
04216486893_26626,2
03732315882_26627,2
04489337261_26628,2
04184126840_26629,2
03447945305_26630,2
04523947333_26631,2
03756005976_26632,2
03381365211_26633,2
04433007191_26634,2
03739375908_26635,2
04196826862_26636,2
03929756388_26637,2
03898646320_26638,2
03461895325_26639,2
04227516914_26640,2
04427457186_26641,2
04427357186_26642,2
03461995325_26643,2
03739245908_26644,2
03714725855_26645,2
03714725855_26646,2
04226996913_26647,2
03714625855_26648,2
04178946835_26649,2
04433207191_26650,2
03381185211_26651,2
03474445342_26652,1
03385105218_26653,8
04275176976_26654,8
04204116874_26655,15
03845266197_26656,2
04661073561_26657,2
04147486798_26658,2
03617615632_26659,2
04260646960_26660,1
03651625728_26661,1
03745385931_26662,1
04260346960_26663,1
03448255305_26664,3
03699685827_26665,1
03381135211_26666,1
03381135211_26667,1
03381135211_26668,1
447532725401_26669,1
03888846299_26670,8
04209396885_26671,1
04653753557_26672,1
03486695364_26673,1
04342787065_26674,1
03513835411_26675,1
04223926906_26676,1
03473995342_26677,1
04328427042_26678,1
03692285800_26679,1
03474015342_26680,1
04172676828_26681,1
04260256960_26682,1
04116136748_26683,1
04196726862_26684,1
03943776429_26685,1
03741075914_26686,1
04355117091_26687,1
04502287285_26688,1
03961116475_26689,1
04536447356_26690,1
04519687323_26691,3
04282606990_26692,1
04280216983_26693,1
03486355364_26694,1
03805976105_26695,1
04475097254_26696,1
04521747325_26697,3
04227376913_26698,1
03690405794_26699,1
04598177455_26700,1
03513835411_26701,1
03943636429_26702,1
04388867119_26703,3
04116136748_26704,1
03517325415_26705,1
03896196309_26706,1
04223926906_26707,1
03845746197_26708,14
04355167091_26709,1
04280216983_26710,1
03446555306_26711,1
03690155794_26712,1
03929586388_26713,1
03486905364_26714,1
03494685372_26715,1
03961116475_26716,1
03381525211_26717,1
03512355409_26718,1
04707163564_26719,1
04131856766_26720,1
04172676828_26721,1
03568665517_26722,1
04115656748_26723,1
04265026967_26724,1
04402717136_26725,1
03597605595_26726,1
03715375857_26727,1
03591465585_26728,1
03745385931_26729,1
03568665517_26730,1
04306657033_26731,1
03961116475_26732,1
04116136748_26733,1
04462087244_26734,1
03568615517_26735,1
04133726771_26736,1
04402717136_26737,1
03651865728_26738,1
03873666251_26739,1
04548657375_26740,1
03628065657_26741,1
04494387266_26742,1
04272406975_26743,3
03568685517_26744,1
04236476931_26745,1
03568615517_26746,1
04494387266_26747,1
04355167091_26748,1
03946496435_26749,1
03617725632_26750,1
04276086976_26751,1
04221136904_26752,1
03496015372_26753,1
03384485218_26754,1
03474115342_26755,1
04355167091_26756,1
03650535725_26757,1
443205719101_26758,1
03381105211_26759,1
03381105211_26760,1
03381105211_26761,1
03381105211_26762,1
03381105211_26763,1
03381105211_26764,1
03381105211_26765,1
03381105211_26766,1
04519117323_26767,2
04662653561_26768,2
04273396975_26769,1
03898646320_26770,2
03723135870_26771,2
04432857191_26772,2
04310087035_26773,2
04561917388_26774,2
04583737425_26775,2
03898646320_26776,2
04282546990_26777,2
03732345882_26778,2
04489487261_26779,2
04433157191_26780,1
03582215544_26781,2
04414967150_26782,2
03381365211_26783,2
04427627186_26784,2
03381605211_26785,2
03381605211_26786,2
04427637186_26787,2
03381645211_26788,2
03381075211_26789,2
03381075211_26790,2
03381075211_26791,2
03381075211_26792,2
04706923564_26793,2
03618005632_26794,2
03462265325_26795,2
04583907425_26796,2
03617705632_26797,2
03513465411_26798,1
04427747186_26799,2
03755455976_26800,2
04548177374_26801,2
04427667186_26802,2
04427037186_26803,2
04355707094_26804,2
04432607191_26805,2
03755965976_26806,2
04427377186_26807,2
04461457245_26808,2
03618005632_26809,2
03581745544_26810,2
04427077186_26811,2
03581745544_26812,2
03494775372_26813,2
03756035976_26814,2
04461217245_26815,2
03495765372_26816,2
04339007060_26817,2
03495765372_26818,2
04269506972_26819,7
04147186798_26820,2
03745145931_26821,2
03929446388_26822,2
03929826388_26823,2
03461975325_26824,2
04491267262_26825,2
04433347191_26826,2
04415177150_26827,2
04461497245_26828,2
03618095632_26829,2
04431757191_26830,2
04431757191_26831,2
04431757191_26832,2
03929746388_26833,2
03929826388_26834,2
04431827191_26835,2
04432387191_26836,2
04431757191_26837,2
04431757191_26838,2
04427077186_26839,2
04432307191_26840,2
03755875976_26841,2
04583767425_26842,2
04431757191_26843,2
04427077186_26844,2
04547847374_26845,2
03755335976_26846,2
04427077186_26847,2
04431757191_26848,2
03617705632_26849,2
04427187186_26850,2
04432617191_26851,2
04432387191_26852,2
04433147191_26853,2
03462515325_26854,2
04574327412_26855,2
03819496128_26856,2
03618065632_26857,2
04433077191_26858,2
03461875325_26859,2
04433327191_26860,2
04432147191_26861,2
04433077191_26862,2
03714515855_26863,2
03381605211_26864,2
04548167374_26865,2
04427627186_26866,2
04415237150_26867,2
04427627186_26868,2
04264706967_26869,2
03714515855_26870,2
04427077186_26871,2
03462355325_26872,2
04427077186_26873,2
04574567412_26874,2
03966226489_26875,2
03548865463_26876,3
04214096890_26877,3
04599497455_26878,1
04599497455_26879,1
03889326299_26880,3
04355237091_26881,2
03381725211_26882,2
04431757191_26883,2
03493765369_26884,1
03381015211_26885,2
04547947374_26886,2
04592687447_26887,2
04272726975_26888,2
04561587388_26889,2
04427667186_26890,2
03739295908_26891,2
04592687447_26892,2
04200356867_26893,2
04275996976_26894,2
03582735544_26895,2
04415037150_26896,2
03739245908_26897,2
03495685372_26898,2
03722155870_26899,2
04432247191_26900,2
03582265544_26901,2
04148356798_26902,2
03755475976_26903,2
04548167374_26904,2
03722155870_26905,2
03495995372_26906,2
03972776502_26907,2
03739165908_26908,2
03898736320_26909,2
03899356320_26910,2
03582265544_26911,2
03898646320_26912,2
03898976320_26913,2
04354967091_26914,2
04147346798_26915,2
04432267191_26916,2
04414967150_26917,2
03819606128_26918,2
03732075882_26919,2
03582005544_26920,2
03898836320_26921,2
03714515855_26922,2
04461237245_26923,2
04433327191_26924,2
04431997191_26925,2
03966496489_26926,2
03755755976_26927,2
04583697425_26928,2
03618065632_26929,2
04548117374_26930,2
04147186798_26931,2
04427627186_26932,2
03898736320_26933,2
03462005325_26934,2
04415177150_26935,2
03898976320_26936,2
03755405976_26937,2
04148356798_26938,2
03898836320_26939,2
03582015544_26940,2
03686195790_26941,2
03381645211_26942,2
04431807191_26943,2
03617775632_26944,2
04432497191_26945,2
03483755358_26946,2
03617775632_26947,2
04427457186_26948,2
389955632002_26949,2
04431807191_26950,2
04264766967_26951,2
03899166320_26952,2
03898976320_26953,2
03756295976_26954,2
04147346798_26955,2
04427407186_26956,2
03381005211_26957,2
03755375976_26958,2
03755375976_26959,2
03380915211_26960,2
03380915211_26961,2
03380915211_26962,2
03380915211_26963,2
03380915211_26964,2
03734755888_26965,12
04126176756_26966,1
04241576938_26967,4
344736530501_26968,1
03446715305_26969,1
04126906756_26970,1
04236976932_26971,4
03490355366_26972,1
04237226932_26973,4
03856736226_26974,1
04208766881_26975,4
04573387411_26976,1
03446715305_26977,1
04236956932_26978,4
03910926343_26979,1
03446715305_26980,1
344736530501_26981,1
03496625374_26982,1
04133566771_26983,1
04208706881_26984,4
344736530501_26985,1
03658395752_26986,1
04115926748_26987,1
04185716842_26988,1
04237256933_26989,4
04208706881_26990,4
04086076713_26991,4
04126176756_26992,1
03590585585_26993,1
03910926343_26994,1
03591695585_26995,1
04194766858_26996,4
04428687188_26997,1
03430205290_26998,1
03497545374_26999,1
03779046033_27000,1
03430205290_27001,1
03430205290_27002,1
04531287347_27003,1
03425675286_27004,1
03426225286_27005,1
03461225323_27006,5
03837346178_27007,1
03425655286_27008,1
03738595907_27009,1
03426295286_27010,1
03425655286_27011,1
04551517377_27012,4
03425605286_27013,1
03426225286_27014,1
03425585286_27015,1
03506305386_27016,1
03856576226_27017,4
03539755441_27018,4
04204896876_27019,4
03591195585_27020,4
04126676756_27021,1
03715495857_27022,2
04426207184_27023,1
04401917134_27024,4
03663655762_27025,4
04521537324_27026,1
03590685585_27027,1
03430295290_27028,1
03751725959_27029,1
04465307252_27030,1
03754245970_27031,4
03943576429_27032,1
03422035277_27033,1
03379715208_27034,4
03663655762_27035,4
03616625630_27036,1
03391255225_27037,1
03421755277_27038,4
03421485277_27039,4
03780916038_27040,1
03421525277_27041,4
03433335293_27042,1
03434545293_27043,1
04497347273_27044,1
04125966756_27045,1
03826526157_27046,3
03516455415_27047,1
04116236748_27048,1
03497935374_27049,1
03379785208_27050,1
03426055286_27051,1
03425665286_27052,1
03554115478_27053,1
04432247191_27054,2
04300517030_27055,1
03391715225_27056,1
03693785805_27057,1
04548397375_27058,1
03426055286_27059,1
04282456990_27060,3
03614965628_27061,1
03425755286_27062,1
03430075290_27063,1
03734585888_27064,1
03693835805_27065,1
03550455470_27066,1
03933336402_27067,1
03391805225_27068,1
03549845470_27069,1
03780946038_27070,1
03550015470_27071,1
03780896038_27072,1
03501835379_27073,1
03910386343_27074,1
03693995805_27075,1
04211586888_27076,1
03379615208_27077,1
04086236713_27078,1
03379835208_27079,1
03961516475_27080,2
03516455415_27081,1
03791206075_27082,1
03710185846_27083,1
03784246052_27084,2
03784246052_27085,2
03525795417_27086,1
04211546888_27087,1
03496565374_27088,1
03453735309_27089,1
03616455630_27090,1
04095656724_27091,1
03489875366_27092,1
03433755293_27093,1
03399365233_27094,1
04568897401_27095,1
03490395366_27096,1
04214096890_27097,3
04214206890_27098,3
03935356408_27099,1
03713445850_27100,1
04213746890_27101,3
03496735374_27102,1
04214186890_27103,3
04461937244_27104,1
04573557411_27105,1
04094416724_27106,1
04127206756_27107,1
03379195208_27108,1
03909906343_27109,1
04333767049_27110,1
03490735366_27111,1
04340907063_27112,4
03501935378_27113,1
04116296748_27114,1
04237396932_27115,4
03478885350_27116,10
421392689003_27117,3
04339767061_27118,4
03759175985_27119,4
03478665350_27120,10
465338355703_27121,3
03953406451_27122,10
04341027063_27123,4
03916996355_27124,1
04185716842_27125,1
04141936790_27126,4
04236946932_27127,4
04258186957_27128,1
03815396124_27129,1
03774036016_27130,4
03379255208_27131,1
04286257003_27132,1
04241526938_27133,4
03876026262_27134,4
04205086876_27135,4
04236946932_27136,4
04550587377_27137,1
03421525277_27138,4
03421745277_27139,4
03379325208_27140,1
04598067455_27141,1
04193556855_27142,12
03910926343_27143,1
04237466932_27144,4
04497017273_27145,1
03657945752_27146,1
04577867417_27147,1
03801296101_27148,1
04126906756_27149,1
03819616127_27150,1
03421825277_27151,4
04186266842_27152,1
03910926343_27153,1
04458057223_27154,1
03665105765_27155,1
03434405293_27156,1
03524695417_27157,1
03845016197_27158,2
03539755441_27159,4
03622925641_27160,1
03926446379_27161,3
04573387411_27162,1
03445535304_27163,3
04359087102_27164,1
03771986011_27165,1
03426205286_27166,1
03675965776_27167,1
03421565277_27168,4
03751665959_27169,1
03489865366_27170,1
04265936971_27171,1
04531577348_27172,20
04368487107_27173,1
04188786845_27174,1
04568007400_27175,4
04497737273_27176,1
04474617255_27177,1
04188846845_27178,4
03490205366_27179,1
03489875366_27180,1
03713445850_27181,1
04497787273_27182,1
04133356769_27183,4
04369077107_27184,12
04497787273_27185,1
03575045530_27186,4
04430157190_27187,1
04188786845_27188,1
03480435354_27189,1
03425815286_27190,1
03743035920_27191,4
03422125277_27192,1
03738725907_27193,1
03421365277_27194,1
04497737273_27195,1
04208776881_27196,4
04369077107_27197,12
04295687022_27198,1
04497797273_27199,1
04497517273_27200,1
04557167383_27201,3
03563455500_27202,3
03494165369_27203,1
03725095873_27204,2
03490435366_27205,1
04260126960_27206,1
03486175364_27207,2
04372057107_27208,1
03809246114_27209,3
03693815805_27210,1
04260976960_27211,1
03779026033_27212,1
04334147049_27213,1
03490845366_27214,1
04208766881_27215,4
03925586379_27216,3
04359067102_27217,1
03801486101_27218,1
03658445752_27219,1
04127116756_27220,1
04086006713_27221,1
04568897401_27222,1
03943726429_27223,1
04172986828_27224,1
03657945752_27225,1
04188816845_27226,1
04133766771_27227,1
380939611403_27228,3
04172516828_27229,1
03379425208_27230,1
03658765752_27231,1
04455597220_27232,1
03379515208_27233,1
03875896262_27234,4
04260976960_27235,1
04120746751_27236,1
03819576127_27237,1
04521457324_27238,1
03574945530_27239,4
03379515208_27240,1
03398325233_27241,1
03943986429_27242,1
03379425208_27243,1
03657945752_27244,1
04085696713_27245,1
04313487037_27246,1
04086176713_27247,1
03421175277_27248,1
04085756713_27249,1
04085756713_27250,1
03943566429_27251,1
04334087049_27252,1
04359197102_27253,1
04573477411_27254,1
03943726429_27255,1
03943726429_27256,1
03379405208_27257,1
04509867297_27258,1
03379375208_27259,1
03379375208_27260,1
03791846075_27261,1
04288027004_27262,1
04339007060_27263,2
04115776748_27264,3
03921596366_27265,2
04339327060_27266,2
03937266412_27267,1
03925916379_27268,3
03720855869_27269,2
03446905305_27270,2
03666415765_27271,1
03527285419_27272,9
04355127091_27273,2
03446265305_27274,1
03839836184_27275,3
03563415500_27276,1
04470787254_27277,1
03968056494_27278,1
03525695417_27279,1
03563455500_27280,3
04599747454_27281,3
382611615703_27282,3
03926416379_27283,3
04200616867_27284,3
04270376972_27285,3
422676691303_27286,3
03577145534_27287,3
04269336972_27288,3
03568085517_27289,14
03568085517_27290,14
03568085517_27291,14
03568085517_27292,14
03568085517_27293,14
03568085517_27294,14
03568095517_27295,2
03968666494_27296,2
03969316494_27297,2
04527057339_27298,2
03968816494_27299,2
04275866976_27300,2
03898836320_27301,2
04427237186_27302,2
03845336197_27303,2
04563517390_27304,2
04563447390_27305,2
04427697186_27306,2
04275476976_27307,2
04575127412_27308,2
03618575632_27309,1
03571385521_27310,5
04283556991_27311,5
03588965576_27312,5
03631905663_27313,5
04430207190_27314,1
04455597220_27315,1
03571805521_27316,12
03571805521_27317,12
03571805521_27318,12
03571805521_27319,12
03571805521_27320,12
03589995584_27321,12
03589995584_27322,12
04262566961_27323,5
04571187405_27324,5
03725295873_27325,2
03574935530_27326,4
04205436876_27327,4
04206586878_27328,4
04512327305_27329,4
04285917001_27330,4
04237176933_27331,4
04182506838_27332,4
03920446365_27333,4
04205486876_27334,4
04182876838_27335,4
03575535531_27336,4
03782776044_27337,4
03741325916_27338,4
04397977126_27339,4
04397647126_27340,4
04604677458_27341,4
04373377109_27342,4
03636275685_27343,4
04241646938_27344,4
04338417059_27345,4
04401697134_27346,4
03585265556_27347,4
357683553401_27348,1
03576865534_27349,2
03576865534_27350,2
03576865534_27351,2
03576865534_27352,2
03576865534_27353,2
03576865534_27354,2
04527057339_27355,2
03432095292_27356,2
04557547383_27357,2
04147886796_27358,2
03725615873_27359,2
03666655765_27360,2
04200766866_27361,2
03706235838_27362,2
04527367339_27363,2
04536717356_27364,2
04503387286_27365,2
03723045870_27366,2
03839096184_27367,2
03705485838_27368,2
03432095292_27369,2
03723475870_27370,2
