image_path,relative_path,filename,species_id,species_name,common_name,family,tracking_id,fish_id,width,height,aspect_ratio,channels,mode,format,file_size_bytes,md5,is_duplicate,split
R:\PP\Marine-Intelligence-Platform\marine-species-identification\data\raw\images\species_08\fish_003817186126_13041.png,raw\images\species_08\fish_003817186126_13041.png,fish_003817186126_13041.png,8,Acanthurus nigrofuscus,Brown surgeonfish,Acanthuridae,3817186126,13041,124,102,1.216,3,RGB,PNG,12734,9396f8e2c867df0d9c05f999e55e241e,False,train
R:\PP\Marine-Intelligence-Platform\marine-species-identification\data\raw\images\species_08\fish_000034240001_03226.png,raw\images\species_08\fish_000034240001_03226.png,fish_000034240001_03226.png,8,Acanthurus nigrofuscus,Brown surgeonfish,Acanthuridae,34240001,3226,84,77,1.091,3,RGB,PNG,11098,730ad4f884ac1fe19e486a0a4b029bff,False,train
R:\PP\Marine-Intelligence-Platform\marine-species-identification\data\raw\images\species_08\fish_000034240001_03227.png,raw\images\species_08\fish_000034240001_03227.png,fish_000034240001_03227.png,8,Acanthurus nigrofuscus,Brown surgeonfish,Acanthuridae,34240001,3227,80,77,1.039,3,RGB,PNG,9887,b9ae79c6b976b108aa71c1239eb8c933,False,train
R:\PP\Marine-Intelligence-Platform\marine-species-identification\data\raw\images\species_08\fish_000034240001_03228.png,raw\images\species_08\fish_000034240001_03228.png,fish_000034240001_03228.png,8,Acanthurus nigrofuscus,Brown surgeonfish,Acanthuridae,34240001,3228,79,84,0.94,3,RGB,PNG,10776,9a93cb8e7c5c7b7d4f1b7c40d1a338a2,False,train
R:\PP\Marine-Intelligence-Platform\marine-species-identification\data\raw\images\species_08\fish_000034240001_03229.png,raw\images\species_08\fish_000034240001_03229.png,fish_000034240001_03229.png,8,Acanthurus nigrofuscus,Brown surgeonfish,Acanthuridae,34240001,3229,77,84,0.917,3,RGB,PNG,10967,4487d5e6f649d1d03f8814e2ac1ed576,False,train
R:\PP\Marine-Intelligence-Platform\marine-species-identification\data\raw\images\species_08\fish_000034240001_03231.png,raw\images\species_08\fish_000034240001_03231.png,fish_000034240001_03231.png,8,Acanthurus nigrofuscus,Brown surgeonfish,Acanthuridae,34240001,3231,76,75,1.013,3,RGB,PNG,10097,b7a8ac26e56c3453a1074830db09eaed,False,train
R:\PP\Marine-Intelligence-Platform\marine-species-identification\data\raw\images\species_08\fish_000034240001_03232.png,raw\images\species_08\fish_000034240001_03232.png,fish_000034240001_03232.png,8,Acanthurus nigrofuscus,Brown surgeonfish,Acanthuridae,34240001,3232,83,73,1.137,3,RGB,PNG,10640,e093c6ad646851bfeb271b29166908f9,False,train
R:\PP\Marine-Intelligence-Platform\marine-species-identification\data\raw\images\species_08\fish_000034240001_03233.png,raw\images\species_08\fish_000034240001_03233.png,fish_000034240001_03233.png,8,Acanthurus nigrofuscus,Brown surgeonfish,Acanthuridae,34240001,3233,80,69,1.159,3,RGB,PNG,9628,ee6449c799453f04fa06dd9d50f0b1d0,False,train
R:\PP\Marine-Intelligence-Platform\marine-species-identification\data\raw\images\species_08\fish_003418245273_20574.png,raw\images\species_08\fish_003418245273_20574.png,fish_003418245273_20574.png,8,Acanthurus nigrofuscus,Brown surgeonfish,Acanthuridae,3418245273,20574,183,132,1.386,3,RGB,PNG,40743,8090f7a836bf04a7815a1e9040640c3c,False,train
R:\PP\Marine-Intelligence-Platform\marine-species-identification\data\raw\images\species_08\fish_000016839596_03983.png,raw\images\species_08\fish_000016839596_03983.png,fish_000016839596_03983.png,8,Acanthurus nigrofuscus,Brown surgeonfish,Acanthuridae,16839596,3983,68,52,1.308,3,RGB,PNG,5174,c8ab5f360bed8d8bee13bb21252b4701,False,train
R:\PP\Marine-Intelligence-Platform\marine-species-identification\data\raw\images\species_08\fish_000016839596_03984.png,raw\images\species_08\fish_000016839596_03984.png,fish_000016839596_03984.png,8,Acanthurus nigrofuscus,Brown surgeonfish,Acanthuridae,16839596,3984,64,49,1.306,3,RGB,PNG,4924,19a12c5eee7cbfd9182da1ffcc1b6036,False,train
R:\PP\Marine-Intelligence-Platform\marine-species-identification\data\raw\images\species_08\fish_000016839596_03985.png,raw\images\species_08\fish_000016839596_03985.png,fish_000016839596_03985.png,8,Acanthurus nigrofuscus,Brown surgeonfish,Acanthuridae,16839596,3985,68,54,1.259,3,RGB,PNG,5279,d6709b1ce08da237a9573391b6e51d57,False,train
R:\PP\Marine-Intelligence-Platform\marine-species-identification\data\raw\images\species_08\fish_002667000108_02684.png,raw\images\species_08\fish_002667000108_02684.png,fish_002667000108_02684.png,8,Acanthurus nigrofuscus,Brown surgeonfish,Acanthuridae,2667000108,2684,99,87,1.138,3,RGB,PNG,12316,737f25f34cfe3356c2585c1ef52bdeda,False,train
R:\PP\Marine-Intelligence-Platform\marine-species-identification\data\raw\images\species_08\fish_002667000108_02686.png,raw\images\species_08\fish_002667000108_02686.png,fish_002667000108_02686.png,8,Acanthurus nigrofuscus,Brown surgeonfish,Acanthuridae,2667000108,2686,92,82,1.122,3,RGB,PNG,10639,f99a46c8572d346964f181c0fa92bc54,False,train
R:\PP\Marine-Intelligence-Platform\marine-species-identification\data\raw\images\species_08\fish_002667000108_02688.png,raw\images\species_08\fish_002667000108_02688.png,fish_002667000108_02688.png,8,Acanthurus nigrofuscus,Brown surgeonfish,Acanthuridae,2667000108,2688,91,78,1.167,3,RGB,PNG,9966,591a6b4b40cc0245e782267e6905c631,False,train
R:\PP\Marine-Intelligence-Platform\marine-species-identification\data\raw\images\species_08\fish_003462545325_13073.png,raw\images\species_08\fish_003462545325_13073.png,fish_003462545325_13073.png,8,Acanthurus nigrofuscus,Brown surgeonfish,Acanthuridae,3462545325,13073,108,147,0.735,3,RGB,PNG,23383,ce24132bf82229aceab560bb41a1c294,False,train
R:\PP\Marine-Intelligence-Platform\marine-species-identification\data\raw\images\species_08\fish_003462545325_13074.png,raw\images\species_08\fish_003462545325_13074.png,fish_003462545325_13074.png,8,Acanthurus nigrofuscus,Brown surgeonfish,Acanthuridae,3462545325,13074,172,130,1.323,3,RGB,PNG,25185,fc2b7da8e8ce7f5a89e4f7c8278b0db0,False,train
R:\PP\Marine-Intelligence-Platform\marine-species-identification\data\raw\images\species_08\fish_003462545325_13075.png,raw\images\species_08\fish_003462545325_13075.png,fish_003462545325_13075.png,8,Acanthurus nigrofuscus,Brown surgeonfish,Acanthuridae,3462545325,13075,151,118,1.28,3,RGB,PNG,22077,8655e812edd38fc4d9d3cd2869eed0a3,False,train
R:\PP\Marine-Intelligence-Platform\marine-species-identification\data\raw\images\species_08\fish_003462545325_13076.png,raw\images\species_08\fish_003462545325_13076.png,fish_003462545325_13076.png,8,Acanthurus nigrofuscus,Brown surgeonfish,Acanthuridae,3462545325,13076,131,110,1.191,3,RGB,PNG,18248,841a6d12e8af2935c6ca4a17b7382539,False,train
R:\PP\Marine-Intelligence-Platform\marine-species-identification\data\raw\images\species_08\fish_000009299597_05124.png,raw\images\species_08\fish_000009299597_05124.png,fish_000009299597_05124.png,8,Acanthurus nigrofuscus,Brown surgeonfish,Acanthuridae,9299597,5124,118,120,0.983,3,RGB,PNG,14940,f4cdf7b6c4500c018ced78149abf5e9a,False,train
R:\PP\Marine-Intelligence-Platform\marine-species-identification\data\raw\images\species_08\fish_003722805870_25909.png,raw\images\species_08\fish_003722805870_25909.png,fish_003722805870_25909.png,8,Acanthurus nigrofuscus,Brown surgeonfish,Acanthuridae,3722805870,25909,151,135,1.119,3,RGB,PNG,32730,1bd1478ad3f5b2434bdf013a1dc4af56,False,train
R:\PP\Marine-Intelligence-Platform\marine-species-identification\data\raw\images\species_08\fish_003568205517_26111.png,raw\images\species_08\fish_003568205517_26111.png,fish_003568205517_26111.png,8,Acanthurus nigrofuscus,Brown surgeonfish,Acanthuridae,3568205517,26111,76,65,1.169,3,RGB,PNG,4592,84127e7c1df94481107601c976455c81,False,train
R:\PP\Marine-Intelligence-Platform\marine-species-identification\data\raw\images\species_08\fish_004583837425_26112.png,raw\images\species_08\fish_004583837425_26112.png,fish_004583837425_26112.png,8,Acanthurus nigrofuscus,Brown surgeonfish,Acanthuridae,4583837425,26112,111,105,1.057,3,RGB,PNG,15150,2e78bdd7ff50846dcd9e3dd59e35135c,False,train
R:\PP\Marine-Intelligence-Platform\marine-species-identification\data\raw\images\species_08\fish_004583837425_26125.png,raw\images\species_08\fish_004583837425_26125.png,fish_004583837425_26125.png,8,Acanthurus nigrofuscus,Brown surgeonfish,Acanthuridae,4583837425,26125,112,103,1.087,3,RGB,PNG,14028,b49e80f0bb19f883c2308caa465ef8d3,False,train
R:\PP\Marine-Intelligence-Platform\marine-species-identification\data\raw\images\species_08\fish_000026930001_02774.png,raw\images\species_08\fish_000026930001_02774.png,fish_000026930001_02774.png,8,Acanthurus nigrofuscus,Brown surgeonfish,Acanthuridae,26930001,2774,123,105,1.171,3,RGB,PNG,14653,effe56ebb9f0d564e20f3d7e64135045,False,train
R:\PP\Marine-Intelligence-Platform\marine-species-identification\data\raw\images\species_08\fish_000026930001_02777.png,raw\images\species_08\fish_000026930001_02777.png,fish_000026930001_02777.png,8,Acanthurus nigrofuscus,Brown surgeonfish,Acanthuridae,26930001,2777,123,109,1.128,3,RGB,PNG,16082,b941d66f517499b7d851ecb5de20e718,False,train
R:\PP\Marine-Intelligence-Platform\marine-species-identification\data\raw\images\species_08\fish_000026930001_02779.png,raw\images\species_08\fish_000026930001_02779.png,fish_000026930001_02779.png,8,Acanthurus nigrofuscus,Brown surgeonfish,Acanthuridae,26930001,2779,124,110,1.127,3,RGB,PNG,16303,cefcac86ed6a2ec6fdd87863820b541f,False,train
R:\PP\Marine-Intelligence-Platform\marine-species-identification\data\raw\images\species_08\fish_000026930001_02782.png,raw\images\species_08\fish_000026930001_02782.png,fish_000026930001_02782.png,8,Acanthurus nigrofuscus,Brown surgeonfish,Acanthuridae,26930001,2782,131,108,1.213,3,RGB,PNG,16448,6fd3d0fcadbc1e401204e5df4e6ec49d,False,train
R:\PP\Marine-Intelligence-Platform\marine-species-identification\data\raw\images\species_08\fish_000026930001_02783.png,raw\images\species_08\fish_000026930001_02783.png,fish_000026930001_02783.png,8,Acanthurus nigrofuscus,Brown surgeonfish,Acanthuridae,26930001,2783,128,106,1.208,3,RGB,PNG,15903,80cc01a9707bf5c8fa9a39c04bb77277,False,train
R:\PP\Marine-Intelligence-Platform\marine-species-identification\data\raw\images\species_08\fish_000026930001_02784.png,raw\images\species_08\fish_000026930001_02784.png,fish_000026930001_02784.png,8,Acanthurus nigrofuscus,Brown surgeonfish,Acanthuridae,26930001,2784,128,106,1.208,3,RGB,PNG,14427,0f0a31408c40ba9c9f3eb466887e9725,False,train
R:\PP\Marine-Intelligence-Platform\marine-species-identification\data\raw\images\species_08\fish_000027480001_02917.png,raw\images\species_08\fish_000027480001_02917.png,fish_000027480001_02917.png,8,Acanthurus nigrofuscus,Brown surgeonfish,Acanthuridae,27480001,2917,99,75,1.32,3,RGB,PNG,12063,243c55220d1080428051673a95909dab,False,train
R:\PP\Marine-Intelligence-Platform\marine-species-identification\data\raw\images\species_08\fish_000027480001_02918.png,raw\images\species_08\fish_000027480001_02918.png,fish_000027480001_02918.png,8,Acanthurus nigrofuscus,Brown surgeonfish,Acanthuridae,27480001,2918,95,74,1.284,3,RGB,PNG,11226,5a0787a4f83517f5ae78facfee86b527,False,train
R:\PP\Marine-Intelligence-Platform\marine-species-identification\data\raw\images\species_08\fish_000026940001_02775.png,raw\images\species_08\fish_000026940001_02775.png,fish_000026940001_02775.png,8,Acanthurus nigrofuscus,Brown surgeonfish,Acanthuridae,26940001,2775,103,76,1.355,3,RGB,PNG,9123,59740ea0dfa7abf288a07f4a5822515b,False,train
R:\PP\Marine-Intelligence-Platform\marine-species-identification\data\raw\images\species_08\fish_000026940001_02778.png,raw\images\species_08\fish_000026940001_02778.png,fish_000026940001_02778.png,8,Acanthurus nigrofuscus,Brown surgeonfish,Acanthuridae,26940001,2778,103,73,1.411,3,RGB,PNG,9186,052991c41aaf74f7ce8e3d59fa851f5a,False,train
R:\PP\Marine-Intelligence-Platform\marine-species-identification\data\raw\images\species_08\fish_000026940001_02780.png,raw\images\species_08\fish_000026940001_02780.png,fish_000026940001_02780.png,8,Acanthurus nigrofuscus,Brown surgeonfish,Acanthuridae,26940001,2780,99,70,1.414,3,RGB,PNG,8539,f07643cac3852dc6a26ee751fe255653,False,train
R:\PP\Marine-Intelligence-Platform\marine-species-identification\data\raw\images\species_08\fish_000026940001_02785.png,raw\images\species_08\fish_000026940001_02785.png,fish_000026940001_02785.png,8,Acanthurus nigrofuscus,Brown surgeonfish,Acanthuridae,26940001,2785,95,69,1.377,3,RGB,PNG,8331,c7e827f45565e74bb3038e63c5b654f0,False,train
R:\PP\Marine-Intelligence-Platform\marine-species-identification\data\raw\images\species_08\fish_000026940001_02786.png,raw\images\species_08\fish_000026940001_02786.png,fish_000026940001_02786.png,8,Acanthurus nigrofuscus,Brown surgeonfish,Acanthuridae,26940001,2786,92,68,1.353,3,RGB,PNG,8083,f6ecce4ad9b2b343def847ce8ab4c606,False,train
R:\PP\Marine-Intelligence-Platform\marine-species-identification\data\raw\images\species_08\fish_000026940001_02787.png,raw\images\species_08\fish_000026940001_02787.png,fish_000026940001_02787.png,8,Acanthurus nigrofuscus,Brown surgeonfish,Acanthuridae,26940001,2787,88,66,1.333,3,RGB,PNG,7498,9029106e129d806acf3d816815a08949,False,train
R:\PP\Marine-Intelligence-Platform\marine-species-identification\data\raw\images\species_08\fish_003555475481_25544.png,raw\images\species_08\fish_003555475481_25544.png,fish_003555475481_25544.png,8,Acanthurus nigrofuscus,Brown surgeonfish,Acanthuridae,3555475481,25544,71,72,0.986,3,RGB,PNG,7856,1e0648d42b143fef38d8f70a24e038d6,False,train
R:\PP\Marine-Intelligence-Platform\marine-species-identification\data\raw\images\species_08\fish_003384335218_26110.png,raw\images\species_08\fish_003384335218_26110.png,fish_003384335218_26110.png,8,Acanthurus nigrofuscus,Brown surgeonfish,Acanthuridae,3384335218,26110,91,95,0.958,3,RGB,PNG,11097,e6e341d105e07cee5aba5c83fa1df38b,False,train
R:\PP\Marine-Intelligence-Platform\marine-species-identification\data\raw\images\species_08\fish_003467675331_11669.png,raw\images\species_08\fish_003467675331_11669.png,fish_003467675331_11669.png,8,Acanthurus nigrofuscus,Brown surgeonfish,Acanthuridae,3467675331,11669,160,128,1.25,3,RGB,PNG,29988,db3a2e977f1e6b6da54ee0f02c1cf4ce,False,train
R:\PP\Marine-Intelligence-Platform\marine-species-identification\data\raw\images\species_08\fish_003932146399_16521.png,raw\images\species_08\fish_003932146399_16521.png,fish_003932146399_16521.png,8,Acanthurus nigrofuscus,Brown surgeonfish,Acanthuridae,3932146399,16521,99,80,1.238,3,RGB,PNG,6011,f940685cc7cb7c9211f68bfebb11f3d4,False,train
R:\PP\Marine-Intelligence-Platform\marine-species-identification\data\raw\images\species_08\fish_003717165859_22886.png,raw\images\species_08\fish_003717165859_22886.png,fish_003717165859_22886.png,8,Acanthurus nigrofuscus,Brown surgeonfish,Acanthuridae,3717165859,22886,93,103,0.903,3,RGB,PNG,12246,66961b64618cec9d488197a68675ef21,False,train
R:\PP\Marine-Intelligence-Platform\marine-species-identification\data\raw\images\species_08\fish_000045569596_04529.png,raw\images\species_08\fish_000045569596_04529.png,fish_000045569596_04529.png,8,Acanthurus nigrofuscus,Brown surgeonfish,Acanthuridae,45569596,4529,104,80,1.3,3,RGB,PNG,9813,d67cc05c8e774783a6acb4c1af344ddd,False,train
R:\PP\Marine-Intelligence-Platform\marine-species-identification\data\raw\images\species_08\fish_000045569596_04530.png,raw\images\species_08\fish_000045569596_04530.png,fish_000045569596_04530.png,8,Acanthurus nigrofuscus,Brown surgeonfish,Acanthuridae,45569596,4530,103,82,1.256,3,RGB,PNG,11412,8ba2054f00bdb76ca7a7fc35792d8cbc,False,train
R:\PP\Marine-Intelligence-Platform\marine-species-identification\data\raw\images\species_08\fish_003445385304_23546.png,raw\images\species_08\fish_003445385304_23546.png,fish_003445385304_23546.png,8,Acanthurus nigrofuscus,Brown surgeonfish,Acanthuridae,3445385304,23546,152,124,1.226,3,RGB,PNG,20839,8fdd8094b794e54b04f6a1f39957ff2a,False,train
R:\PP\Marine-Intelligence-Platform\marine-species-identification\data\raw\images\species_08\fish_003629135658_22997.png,raw\images\species_08\fish_003629135658_22997.png,fish_003629135658_22997.png,8,Acanthurus nigrofuscus,Brown surgeonfish,Acanthuridae,3629135658,22997,88,75,1.173,3,RGB,PNG,9179,468aa63c0583d8cebd86ff5e265be0dd,False,train
R:\PP\Marine-Intelligence-Platform\marine-species-identification\data\raw\images\species_08\fish_000034560001_03267.png,raw\images\species_08\fish_000034560001_03267.png,fish_000034560001_03267.png,8,Acanthurus nigrofuscus,Brown surgeonfish,Acanthuridae,34560001,3267,119,93,1.28,3,RGB,PNG,15912,f68222e51eeadeae5705a7af26b326ce,False,train
R:\PP\Marine-Intelligence-Platform\marine-species-identification\data\raw\images\species_08\fish_003755435976_13068.png,raw\images\species_08\fish_003755435976_13068.png,fish_003755435976_13068.png,8,Acanthurus nigrofuscus,Brown surgeonfish,Acanthuridae,3755435976,13068,153,199,0.769,3,RGB,PNG,36406,b57d1d0e70e4866fedd1de491a275438,False,train
R:\PP\Marine-Intelligence-Platform\marine-species-identification\data\raw\images\species_08\fish_000026190001_02549.png,raw\images\species_08\fish_000026190001_02549.png,fish_000026190001_02549.png,8,Acanthurus nigrofuscus,Brown surgeonfish,Acanthuridae,26190001,2549,75,66,1.136,3,RGB,PNG,7104,79d852f30806f1d8caa0b010c291cc19,False,train
R:\PP\Marine-Intelligence-Platform\marine-species-identification\data\raw\images\species_08\fish_000026190001_02550.png,raw\images\species_08\fish_000026190001_02550.png,fish_000026190001_02550.png,8,Acanthurus nigrofuscus,Brown surgeonfish,Acanthuridae,26190001,2550,84,72,1.167,3,RGB,PNG,8899,6c21633f8e09a5bf028c21143e4aa19f,False,train
R:\PP\Marine-Intelligence-Platform\marine-species-identification\data\raw\images\species_08\fish_000026190001_02552.png,raw\images\species_08\fish_000026190001_02552.png,fish_000026190001_02552.png,8,Acanthurus nigrofuscus,Brown surgeonfish,Acanthuridae,26190001,2552,96,81,1.185,3,RGB,PNG,11294,8fd234fd840ae7eeed5dcfa81bb375a1,False,train
R:\PP\Marine-Intelligence-Platform\marine-species-identification\data\raw\images\species_08\fish_000026190001_02553.png,raw\images\species_08\fish_000026190001_02553.png,fish_000026190001_02553.png,8,Acanthurus nigrofuscus,Brown surgeonfish,Acanthuridae,26190001,2553,78,80,0.975,3,RGB,PNG,9340,5a70a5cf7c46becde47cd7f47032e098,False,train
R:\PP\Marine-Intelligence-Platform\marine-species-identification\data\raw\images\species_08\fish_000026190001_02554.png,raw\images\species_08\fish_000026190001_02554.png,fish_000026190001_02554.png,8,Acanthurus nigrofuscus,Brown surgeonfish,Acanthuridae,26190001,2554,78,79,0.987,3,RGB,PNG,8737,0661c76499e5f72d476a12985556712c,False,train
R:\PP\Marine-Intelligence-Platform\marine-species-identification\data\raw\images\species_08\fish_000027280001_02875.png,raw\images\species_08\fish_000027280001_02875.png,fish_000027280001_02875.png,8,Acanthurus nigrofuscus,Brown surgeonfish,Acanthuridae,27280001,2875,88,72,1.222,3,RGB,PNG,9850,8102982678745e6e5c0a9f720a71e500,False,train
R:\PP\Marine-Intelligence-Platform\marine-species-identification\data\raw\images\species_08\fish_000027280001_02877.png,raw\images\species_08\fish_000027280001_02877.png,fish_000027280001_02877.png,8,Acanthurus nigrofuscus,Brown surgeonfish,Acanthuridae,27280001,2877,87,74,1.176,3,RGB,PNG,9943,1b0b8b0c3c3a859dfd20a540f48966de,False,train
R:\PP\Marine-Intelligence-Platform\marine-species-identification\data\raw\images\species_08\fish_000041839596_04426.png,raw\images\species_08\fish_000041839596_04426.png,fish_000041839596_04426.png,8,Acanthurus nigrofuscus,Brown surgeonfish,Acanthuridae,41839596,4426,80,62,1.29,3,RGB,PNG,7296,81f8d098a8320cb7122113d06b49a153,False,train
R:\PP\Marine-Intelligence-Platform\marine-species-identification\data\raw\images\species_08\fish_000041839596_04427.png,raw\images\species_08\fish_000041839596_04427.png,fish_000041839596_04427.png,8,Acanthurus nigrofuscus,Brown surgeonfish,Acanthuridae,41839596,4427,83,68,1.221,3,RGB,PNG,8226,9412625cfc755aef5927274a43c680e3,False,train
R:\PP\Marine-Intelligence-Platform\marine-species-identification\data\raw\images\species_08\fish_000041839596_04428.png,raw\images\species_08\fish_000041839596_04428.png,fish_000041839596_04428.png,8,Acanthurus nigrofuscus,Brown surgeonfish,Acanthuridae,41839596,4428,84,72,1.167,3,RGB,PNG,8776,211597d2297c822724ee96ce51509343,False,train
R:\PP\Marine-Intelligence-Platform\marine-species-identification\data\raw\images\species_08\fish_000041839596_04432.png,raw\images\species_08\fish_000041839596_04432.png,fish_000041839596_04432.png,8,Acanthurus nigrofuscus,Brown surgeonfish,Acanthuridae,41839596,4432,72,71,1.014,3,RGB,PNG,7368,e86826bb445fd6d5674fd0e5266dafe7,False,train
R:\PP\Marine-Intelligence-Platform\marine-species-identification\data\raw\images\species_08\fish_003412465253_21579.png,raw\images\species_08\fish_003412465253_21579.png,fish_003412465253_21579.png,8,Acanthurus nigrofuscus,Brown surgeonfish,Acanthuridae,3412465253,21579,192,158,1.215,3,RGB,PNG,26331,b7600fc3c0a52dfe52a7708be66ab9f3,False,train
R:\PP\Marine-Intelligence-Platform\marine-species-identification\data\raw\images\species_08\fish_004275176976_26654.png,raw\images\species_08\fish_004275176976_26654.png,fish_004275176976_26654.png,8,Acanthurus nigrofuscus,Brown surgeonfish,Acanthuridae,4275176976,26654,67,63,1.063,3,RGB,PNG,6376,2c861191951e9ac4417fa039cedbe98d,False,train
R:\PP\Marine-Intelligence-Platform\marine-species-identification\data\raw\images\species_08\fish_004653103557_13878.png,raw\images\species_08\fish_004653103557_13878.png,fish_004653103557_13878.png,8,Acanthurus nigrofuscus,Brown surgeonfish,Acanthuridae,4653103557,13878,92,89,1.034,3,RGB,PNG,12427,bf026666519d3e9db6ff58b5d47d985b,False,train
R:\PP\Marine-Intelligence-Platform\marine-species-identification\data\raw\images\species_08\fish_000037699596_04291.png,raw\images\species_08\fish_000037699596_04291.png,fish_000037699596_04291.png,8,Acanthurus nigrofuscus,Brown surgeonfish,Acanthuridae,37699596,4291,141,156,0.904,3,RGB,PNG,27772,afdfb68e3ce0d40edc2eefc9f78b5b93,False,train
R:\PP\Marine-Intelligence-Platform\marine-species-identification\data\raw\images\species_08\fish_000037699596_04297.png,raw\images\species_08\fish_000037699596_04297.png,fish_000037699596_04297.png,8,Acanthurus nigrofuscus,Brown surgeonfish,Acanthuridae,37699596,4297,135,139,0.971,3,RGB,PNG,27339,2826b7da88f04de941b51ffff6582108,False,train
R:\PP\Marine-Intelligence-Platform\marine-species-identification\data\raw\images\species_08\fish_000037699596_04300.png,raw\images\species_08\fish_000037699596_04300.png,fish_000037699596_04300.png,8,Acanthurus nigrofuscus,Brown surgeonfish,Acanthuridae,37699596,4300,136,131,1.038,3,RGB,PNG,28603,d9317f8e1f10c164fbcfa5ecd47a244a,False,train
R:\PP\Marine-Intelligence-Platform\marine-species-identification\data\raw\images\species_08\fish_000037699596_04304.png,raw\images\species_08\fish_000037699596_04304.png,fish_000037699596_04304.png,8,Acanthurus nigrofuscus,Brown surgeonfish,Acanthuridae,37699596,4304,148,130,1.138,3,RGB,PNG,31860,5b39c6846add25dcb67ec731b1d21b04,False,train
R:\PP\Marine-Intelligence-Platform\marine-species-identification\data\raw\images\species_08\fish_003888196299_09810.png,raw\images\species_08\fish_003888196299_09810.png,fish_003888196299_09810.png,8,Acanthurus nigrofuscus,Brown surgeonfish,Acanthuridae,3888196299,9810,83,66,1.258,3,RGB,PNG,7140,1d37799dc94b3524a05c80916b38b07f,False,train
R:\PP\Marine-Intelligence-Platform\marine-species-identification\data\raw\images\species_08\fish_000013890001_01463.png,raw\images\species_08\fish_000013890001_01463.png,fish_000013890001_01463.png,8,Acanthurus nigrofuscus,Brown surgeonfish,Acanthuridae,13890001,1463,128,111,1.153,3,RGB,PNG,16464,ab48e538f629bf86e208d50e1a334326,False,train
R:\PP\Marine-Intelligence-Platform\marine-species-identification\data\raw\images\species_08\fish_000013890001_01464.png,raw\images\species_08\fish_000013890001_01464.png,fish_000013890001_01464.png,8,Acanthurus nigrofuscus,Brown surgeonfish,Acanthuridae,13890001,1464,128,110,1.164,3,RGB,PNG,16229,db6c2af7f4109e9208ff76f91901681e,False,train
R:\PP\Marine-Intelligence-Platform\marine-species-identification\data\raw\images\species_08\fish_000013890001_01465.png,raw\images\species_08\fish_000013890001_01465.png,fish_000013890001_01465.png,8,Acanthurus nigrofuscus,Brown surgeonfish,Acanthuridae,13890001,1465,132,113,1.168,3,RGB,PNG,20282,95f389668d509f7c65b4284adbb478a6,False,train
R:\PP\Marine-Intelligence-Platform\marine-species-identification\data\raw\images\species_08\fish_003772196012_13071.png,raw\images\species_08\fish_003772196012_13071.png,fish_003772196012_13071.png,8,Acanthurus nigrofuscus,Brown surgeonfish,Acanthuridae,3772196012,13071,144,116,1.241,3,RGB,PNG,25720,dc6588301c92a5851e67e3539f41012e,False,train
R:\PP\Marine-Intelligence-Platform\marine-species-identification\data\raw\images\species_08\fish_003865466237_25528.png,raw\images\species_08\fish_003865466237_25528.png,fish_003865466237_25528.png,8,Acanthurus nigrofuscus,Brown surgeonfish,Acanthuridae,3865466237,25528,91,74,1.23,3,RGB,PNG,11922,1babc77a2452168c8032e7830c17b76a,False,train
R:\PP\Marine-Intelligence-Platform\marine-species-identification\data\raw\images\species_08\fish_000026310001_02565.png,raw\images\species_08\fish_000026310001_02565.png,fish_000026310001_02565.png,8,Acanthurus nigrofuscus,Brown surgeonfish,Acanthuridae,26310001,2565,96,81,1.185,3,RGB,PNG,10142,97585d891e5cf43eb6c37f75ebcb80cb,False,train
R:\PP\Marine-Intelligence-Platform\marine-species-identification\data\raw\images\species_08\fish_000026310001_02566.png,raw\images\species_08\fish_000026310001_02566.png,fish_000026310001_02566.png,8,Acanthurus nigrofuscus,Brown surgeonfish,Acanthuridae,26310001,2566,115,89,1.292,3,RGB,PNG,14115,57303693e3fbd58cc3bc1ae078fba58a,False,train
R:\PP\Marine-Intelligence-Platform\marine-species-identification\data\raw\images\species_08\fish_000026310001_02567.png,raw\images\species_08\fish_000026310001_02567.png,fish_000026310001_02567.png,8,Acanthurus nigrofuscus,Brown surgeonfish,Acanthuridae,26310001,2567,107,89,1.202,3,RGB,PNG,12210,32caccc4b761b697c67f7c187aef79b9,False,train
R:\PP\Marine-Intelligence-Platform\marine-species-identification\data\raw\images\species_08\fish_000026310001_02568.png,raw\images\species_08\fish_000026310001_02568.png,fish_000026310001_02568.png,8,Acanthurus nigrofuscus,Brown surgeonfish,Acanthuridae,26310001,2568,104,89,1.169,3,RGB,PNG,11878,bd065f88af071228b74db3e88396d0ce,False,train
R:\PP\Marine-Intelligence-Platform\marine-species-identification\data\raw\images\species_08\fish_000026310001_02570.png,raw\images\species_08\fish_000026310001_02570.png,fish_000026310001_02570.png,8,Acanthurus nigrofuscus,Brown surgeonfish,Acanthuridae,26310001,2570,104,92,1.13,3,RGB,PNG,12478,50023748cc902ea93a47d8e22f673996,False,train
R:\PP\Marine-Intelligence-Platform\marine-species-identification\data\raw\images\species_08\fish_003418315273_20538.png,raw\images\species_08\fish_003418315273_20538.png,fish_003418315273_20538.png,8,Acanthurus nigrofuscus,Brown surgeonfish,Acanthuridae,3418315273,20538,184,134,1.373,3,RGB,PNG,44212,67ea4bdbcfb88512c6917f2a95e4c022,False,train
R:\PP\Marine-Intelligence-Platform\marine-species-identification\data\raw\images\species_08\fish_003418315273_20539.png,raw\images\species_08\fish_003418315273_20539.png,fish_003418315273_20539.png,8,Acanthurus nigrofuscus,Brown surgeonfish,Acanthuridae,3418315273,20539,151,117,1.291,3,RGB,PNG,32347,7ce1183cd065db45b07f6e53272c8cc9,False,train
R:\PP\Marine-Intelligence-Platform\marine-species-identification\data\raw\images\species_08\fish_003418315273_20540.png,raw\images\species_08\fish_003418315273_20540.png,fish_003418315273_20540.png,8,Acanthurus nigrofuscus,Brown surgeonfish,Acanthuridae,3418315273,20540,199,143,1.392,3,RGB,PNG,50994,2a821cfb780beb02b69ba37840247b1c,False,train
R:\PP\Marine-Intelligence-Platform\marine-species-identification\data\raw\images\species_08\fish_003418315273_24647.png,raw\images\species_08\fish_003418315273_24647.png,fish_003418315273_24647.png,8,Acanthurus nigrofuscus,Brown surgeonfish,Acanthuridae,3418315273,24647,160,122,1.311,3,RGB,PNG,35458,971af55bd90c14151763c9e3b61c04ab,False,train
R:\PP\Marine-Intelligence-Platform\marine-species-identification\data\raw\images\species_08\fish_000033940001_03184.png,raw\images\species_08\fish_000033940001_03184.png,fish_000033940001_03184.png,8,Acanthurus nigrofuscus,Brown surgeonfish,Acanthuridae,33940001,3184,112,78,1.436,3,RGB,PNG,14531,7aa4b9664238c5119c5667738daf2cb9,False,train
R:\PP\Marine-Intelligence-Platform\marine-species-identification\data\raw\images\species_08\fish_003951606449_24949.png,raw\images\species_08\fish_003951606449_24949.png,fish_003951606449_24949.png,8,Acanthurus nigrofuscus,Brown surgeonfish,Acanthuridae,3951606449,24949,167,156,1.071,3,RGB,PNG,38710,4d1b3ed203bc62d6b53b07ad22a590e4,False,train
R:\PP\Marine-Intelligence-Platform\marine-species-identification\data\raw\images\species_08\fish_000026380001_02571.png,raw\images\species_08\fish_000026380001_02571.png,fish_000026380001_02571.png,8,Acanthurus nigrofuscus,Brown surgeonfish,Acanthuridae,26380001,2571,96,76,1.263,3,RGB,PNG,10749,76adf504e526bec163b0b4c08ddcd833,False,train
R:\PP\Marine-Intelligence-Platform\marine-species-identification\data\raw\images\species_08\fish_000026380001_02572.png,raw\images\species_08\fish_000026380001_02572.png,fish_000026380001_02572.png,8,Acanthurus nigrofuscus,Brown surgeonfish,Acanthuridae,26380001,2572,96,76,1.263,3,RGB,PNG,10295,fc6c3da728c44598b1637656f8c623b2,False,train
R:\PP\Marine-Intelligence-Platform\marine-species-identification\data\raw\images\species_08\fish_000026380001_02573.png,raw\images\species_08\fish_000026380001_02573.png,fish_000026380001_02573.png,8,Acanthurus nigrofuscus,Brown surgeonfish,Acanthuridae,26380001,2573,99,78,1.269,3,RGB,PNG,10629,1869227dde59c5d268b6f2f47ca74967,False,train
R:\PP\Marine-Intelligence-Platform\marine-species-identification\data\raw\images\species_08\fish_000026380001_02574.png,raw\images\species_08\fish_000026380001_02574.png,fish_000026380001_02574.png,8,Acanthurus nigrofuscus,Brown surgeonfish,Acanthuridae,26380001,2574,104,81,1.284,3,RGB,PNG,10986,3793a689912f9c0a60d2f78a425c4550,False,train
R:\PP\Marine-Intelligence-Platform\marine-species-identification\data\raw\images\species_08\fish_000026380001_02575.png,raw\images\species_08\fish_000026380001_02575.png,fish_000026380001_02575.png,8,Acanthurus nigrofuscus,Brown surgeonfish,Acanthuridae,26380001,2575,108,82,1.317,3,RGB,PNG,11257,d42cfb8afe5250559c093cf07b794a5d,False,train
R:\PP\Marine-Intelligence-Platform\marine-species-identification\data\raw\images\species_08\fish_000026380001_02576.png,raw\images\species_08\fish_000026380001_02576.png,fish_000026380001_02576.png,8,Acanthurus nigrofuscus,Brown surgeonfish,Acanthuridae,26380001,2576,107,82,1.305,3,RGB,PNG,11102,ad443453bf2288acc63e88f76e8f04b7,False,train
R:\PP\Marine-Intelligence-Platform\marine-species-identification\data\raw\images\species_08\fish_000026380001_02577.png,raw\images\species_08\fish_000026380001_02577.png,fish_000026380001_02577.png,8,Acanthurus nigrofuscus,Brown surgeonfish,Acanthuridae,26380001,2577,104,80,1.3,3,RGB,PNG,10120,dfd608cacf062174ba99289255024e6c,False,train
R:\PP\Marine-Intelligence-Platform\marine-species-identification\data\raw\images\species_08\fish_000026380001_02578.png,raw\images\species_08\fish_000026380001_02578.png,fish_000026380001_02578.png,8,Acanthurus nigrofuscus,Brown surgeonfish,Acanthuridae,26380001,2578,100,78,1.282,3,RGB,PNG,9176,f47665666a20bd54bf913dea50be0f31,False,train
R:\PP\Marine-Intelligence-Platform\marine-species-identification\data\raw\images\species_08\fish_000026380001_02579.png,raw\images\species_08\fish_000026380001_02579.png,fish_000026380001_02579.png,8,Acanthurus nigrofuscus,Brown surgeonfish,Acanthuridae,26380001,2579,96,75,1.28,3,RGB,PNG,8378,19e5459c570aacf83d43d5b67505e047,False,train
R:\PP\Marine-Intelligence-Platform\marine-species-identification\data\raw\images\species_08\fish_000026380001_02580.png,raw\images\species_08\fish_000026380001_02580.png,fish_000026380001_02580.png,8,Acanthurus nigrofuscus,Brown surgeonfish,Acanthuridae,26380001,2580,91,73,1.247,3,RGB,PNG,7805,861b9dfe64aed34edd01e3d9468bad64,False,train
R:\PP\Marine-Intelligence-Platform\marine-species-identification\data\raw\images\species_08\fish_000026380001_02581.png,raw\images\species_08\fish_000026380001_02581.png,fish_000026380001_02581.png,8,Acanthurus nigrofuscus,Brown surgeonfish,Acanthuridae,26380001,2581,87,70,1.243,3,RGB,PNG,7329,41f2d368130386075f6529fbccd9e4ad,False,train
R:\PP\Marine-Intelligence-Platform\marine-species-identification\data\raw\images\species_08\fish_000026380001_02582.png,raw\images\species_08\fish_000026380001_02582.png,fish_000026380001_02582.png,8,Acanthurus nigrofuscus,Brown surgeonfish,Acanthuridae,26380001,2582,76,64,1.188,3,RGB,PNG,6197,f68d44e7f8ebee8254ca495520fa158d,False,train
R:\PP\Marine-Intelligence-Platform\marine-species-identification\data\raw\images\species_08\fish_000026380001_02583.png,raw\images\species_08\fish_000026380001_02583.png,fish_000026380001_02583.png,8,Acanthurus nigrofuscus,Brown surgeonfish,Acanthuridae,26380001,2583,79,66,1.197,3,RGB,PNG,6742,0df02169645b8b82a7579c207640459c,False,train
R:\PP\Marine-Intelligence-Platform\marine-species-identification\data\raw\images\species_08\fish_000026380001_02584.png,raw\images\species_08\fish_000026380001_02584.png,fish_000026380001_02584.png,8,Acanthurus nigrofuscus,Brown surgeonfish,Acanthuridae,26380001,2584,84,68,1.235,3,RGB,PNG,7317,1facd70cc03317ce12895fd2be9d6349,False,train
R:\PP\Marine-Intelligence-Platform\marine-species-identification\data\raw\images\species_08\fish_000026380001_02585.png,raw\images\species_08\fish_000026380001_02585.png,fish_000026380001_02585.png,8,Acanthurus nigrofuscus,Brown surgeonfish,Acanthuridae,26380001,2585,95,74,1.284,3,RGB,PNG,8700,023c0b606d97a215f277410b32522852,False,train
R:\PP\Marine-Intelligence-Platform\marine-species-identification\data\raw\images\species_08\fish_000026380001_02586.png,raw\images\species_08\fish_000026380001_02586.png,fish_000026380001_02586.png,8,Acanthurus nigrofuscus,Brown surgeonfish,Acanthuridae,26380001,2586,96,74,1.297,3,RGB,PNG,8513,ddd16893915999c217db7f5aaf36d353,False,train
R:\PP\Marine-Intelligence-Platform\marine-species-identification\data\raw\images\species_08\fish_000026380001_02587.png,raw\images\species_08\fish_000026380001_02587.png,fish_000026380001_02587.png,8,Acanthurus nigrofuscus,Brown surgeonfish,Acanthuridae,26380001,2587,95,75,1.267,3,RGB,PNG,8430,ad8652c73f7c517152ad647440a0361e,False,train
R:\PP\Marine-Intelligence-Platform\marine-species-identification\data\raw\images\species_08\fish_000026380001_02589.png,raw\images\species_08\fish_000026380001_02589.png,fish_000026380001_02589.png,8,Acanthurus nigrofuscus,Brown surgeonfish,Acanthuridae,26380001,2589,91,73,1.247,3,RGB,PNG,7991,e431030f3090cff75e1cca5a47a54c30,False,train
R:\PP\Marine-Intelligence-Platform\marine-species-identification\data\raw\images\species_08\fish_000026380001_02590.png,raw\images\species_08\fish_000026380001_02590.png,fish_000026380001_02590.png,8,Acanthurus nigrofuscus,Brown surgeonfish,Acanthuridae,26380001,2590,88,71,1.239,3,RGB,PNG,7516,bdbec96ff95d7645fff9156ff2b5fd12,False,train
R:\PP\Marine-Intelligence-Platform\marine-species-identification\data\raw\images\species_08\fish_000026380001_02591.png,raw\images\species_08\fish_000026380001_02591.png,fish_000026380001_02591.png,8,Acanthurus nigrofuscus,Brown surgeonfish,Acanthuridae,26380001,2591,83,66,1.258,3,RGB,PNG,6565,34164381b5a729f2247e1b52474b7096,False,train
R:\PP\Marine-Intelligence-Platform\marine-species-identification\data\raw\images\species_08\fish_000005919596_03822.png,raw\images\species_08\fish_000005919596_03822.png,fish_000005919596_03822.png,8,Acanthurus nigrofuscus,Brown surgeonfish,Acanthuridae,5919596,3822,159,126,1.262,3,RGB,PNG,23787,8393a73771f1c0e887e49747fa39ca21,False,train
R:\PP\Marine-Intelligence-Platform\marine-species-identification\data\raw\images\species_08\fish_000005919596_03824.png,raw\images\species_08\fish_000005919596_03824.png,fish_000005919596_03824.png,8,Acanthurus nigrofuscus,Brown surgeonfish,Acanthuridae,5919596,3824,143,117,1.222,3,RGB,PNG,21827,c8c75f808d9934c6185b66083b5cb98f,False,train
R:\PP\Marine-Intelligence-Platform\marine-species-identification\data\raw\images\species_08\fish_004383827116_24309.png,raw\images\species_08\fish_004383827116_24309.png,fish_004383827116_24309.png,8,Acanthurus nigrofuscus,Brown surgeonfish,Acanthuridae,4383827116,24309,91,79,1.152,3,RGB,PNG,12501,b84f944fd52e762f95f715b3cc573693,False,train
R:\PP\Marine-Intelligence-Platform\marine-species-identification\data\raw\images\species_08\fish_004267166970_13955.png,raw\images\species_08\fish_004267166970_13955.png,fish_004267166970_13955.png,8,Acanthurus nigrofuscus,Brown surgeonfish,Acanthuridae,4267166970,13955,96,82,1.171,3,RGB,PNG,9859,11722bb8d502842cbc6d4cc889720641,False,train
R:\PP\Marine-Intelligence-Platform\marine-species-identification\data\raw\images\species_08\fish_004510057297_13072.png,raw\images\species_08\fish_004510057297_13072.png,fish_004510057297_13072.png,8,Acanthurus nigrofuscus,Brown surgeonfish,Acanthuridae,4510057297,13072,101,120,0.842,3,RGB,PNG,17287,94e2fa4251ab87e4b4f56d26b91da09b,False,train
R:\PP\Marine-Intelligence-Platform\marine-species-identification\data\raw\images\species_08\fish_003838526180_21527.png,raw\images\species_08\fish_003838526180_21527.png,fish_003838526180_21527.png,8,Acanthurus nigrofuscus,Brown surgeonfish,Acanthuridae,3838526180,21527,78,88,0.886,3,RGB,PNG,6461,9a55df5f98ee7f66917f9a4684bc11f3,False,train
R:\PP\Marine-Intelligence-Platform\marine-species-identification\data\raw\images\species_08\fish_000039119596_04364.png,raw\images\species_08\fish_000039119596_04364.png,fish_000039119596_04364.png,8,Acanthurus nigrofuscus,Brown surgeonfish,Acanthuridae,39119596,4364,327,256,1.277,3,RGB,PNG,95357,a12c0c4acb5ed4700c47902e67a9b220,False,train
R:\PP\Marine-Intelligence-Platform\marine-species-identification\data\raw\images\species_08\fish_002730000108_02890.png,raw\images\species_08\fish_002730000108_02890.png,fish_002730000108_02890.png,8,Acanthurus nigrofuscus,Brown surgeonfish,Acanthuridae,2730000108,2890,71,66,1.076,3,RGB,PNG,6869,10a3b6903a15249c6eacbbd7db0a1120,False,train
R:\PP\Marine-Intelligence-Platform\marine-species-identification\data\raw\images\species_08\fish_003453305308_23248.png,raw\images\species_08\fish_003453305308_23248.png,fish_003453305308_23248.png,8,Acanthurus nigrofuscus,Brown surgeonfish,Acanthuridae,3453305308,23248,91,76,1.197,3,RGB,PNG,7641,ea7f359e4c8f8781b221b3409cae92f0,False,train
R:\PP\Marine-Intelligence-Platform\marine-species-identification\data\raw\images\species_08\fish_003418295273_20556.png,raw\images\species_08\fish_003418295273_20556.png,fish_003418295273_20556.png,8,Acanthurus nigrofuscus,Brown surgeonfish,Acanthuridae,3418295273,20556,159,126,1.262,3,RGB,PNG,37141,af71a431d07baa6bf2a65bae16e772b1,False,train
R:\PP\Marine-Intelligence-Platform\marine-species-identification\data\raw\images\species_08\fish_003418295273_20557.png,raw\images\species_08\fish_003418295273_20557.png,fish_003418295273_20557.png,8,Acanthurus nigrofuscus,Brown surgeonfish,Acanthuridae,3418295273,20557,152,119,1.277,3,RGB,PNG,33880,b2805b1435f318c69c2463e0f72af837,False,train
R:\PP\Marine-Intelligence-Platform\marine-species-identification\data\raw\images\species_08\fish_003418295273_20558.png,raw\images\species_08\fish_003418295273_20558.png,fish_003418295273_20558.png,8,Acanthurus nigrofuscus,Brown surgeonfish,Acanthuridae,3418295273,20558,156,126,1.238,3,RGB,PNG,37101,8dfe60bfb708089f9e18f32138c3efa4,False,train
R:\PP\Marine-Intelligence-Platform\marine-species-identification\data\raw\images\species_08\fish_003418295273_20559.png,raw\images\species_08\fish_003418295273_20559.png,fish_003418295273_20559.png,8,Acanthurus nigrofuscus,Brown surgeonfish,Acanthuridae,3418295273,20559,148,118,1.254,3,RGB,PNG,32575,4ed00ce965d128f827f933f57b21f7c8,False,train
R:\PP\Marine-Intelligence-Platform\marine-species-identification\data\raw\images\species_08\fish_003418295273_20560.png,raw\images\species_08\fish_003418295273_20560.png,fish_003418295273_20560.png,8,Acanthurus nigrofuscus,Brown surgeonfish,Acanthuridae,3418295273,20560,139,112,1.241,3,RGB,PNG,25550,96051e619d71be344b08127970d56f6f,False,train
R:\PP\Marine-Intelligence-Platform\marine-species-identification\data\raw\images\species_08\fish_003418295273_20561.png,raw\images\species_08\fish_003418295273_20561.png,fish_003418295273_20561.png,8,Acanthurus nigrofuscus,Brown surgeonfish,Acanthuridae,3418295273,20561,160,130,1.231,3,RGB,PNG,38943,89daeda740e45b30f71ed46e539ba28c,False,train
R:\PP\Marine-Intelligence-Platform\marine-species-identification\data\raw\images\species_08\fish_003418295273_22050.png,raw\images\species_08\fish_003418295273_22050.png,fish_003418295273_22050.png,8,Acanthurus nigrofuscus,Brown surgeonfish,Acanthuridae,3418295273,22050,188,157,1.197,3,RGB,PNG,48170,d4048980262aee85b30de54b92cab88b,False,train
R:\PP\Marine-Intelligence-Platform\marine-species-identification\data\raw\images\species_08\fish_003418295273_24792.png,raw\images\species_08\fish_003418295273_24792.png,fish_003418295273_24792.png,8,Acanthurus nigrofuscus,Brown surgeonfish,Acanthuridae,3418295273,24792,159,134,1.187,3,RGB,PNG,39426,2a0035fece3f4724f88f4c85acf8ccb0,False,train
R:\PP\Marine-Intelligence-Platform\marine-species-identification\data\raw\images\species_08\fish_003460000108_03276.png,raw\images\species_08\fish_003460000108_03276.png,fish_003460000108_03276.png,8,Acanthurus nigrofuscus,Brown surgeonfish,Acanthuridae,3460000108,3276,95,76,1.25,3,RGB,PNG,10317,a1684a910aedb4979ba566575750f199,False,train
R:\PP\Marine-Intelligence-Platform\marine-species-identification\data\raw\images\species_08\fish_003460000108_03277.png,raw\images\species_08\fish_003460000108_03277.png,fish_003460000108_03277.png,8,Acanthurus nigrofuscus,Brown surgeonfish,Acanthuridae,3460000108,3277,92,74,1.243,3,RGB,PNG,9881,3d23ceab91f08961da1442e5662c7db0,False,train
R:\PP\Marine-Intelligence-Platform\marine-species-identification\data\raw\images\species_08\fish_000026610001_02660.png,raw\images\species_08\fish_000026610001_02660.png,fish_000026610001_02660.png,8,Acanthurus nigrofuscus,Brown surgeonfish,Acanthuridae,26610001,2660,104,89,1.169,3,RGB,PNG,13581,9732ca375f84f95f7df0ee69e99b47bb,False,train
R:\PP\Marine-Intelligence-Platform\marine-species-identification\data\raw\images\species_08\fish_000026610001_02661.png,raw\images\species_08\fish_000026610001_02661.png,fish_000026610001_02661.png,8,Acanthurus nigrofuscus,Brown surgeonfish,Acanthuridae,26610001,2661,108,79,1.367,3,RGB,PNG,13102,3b38851d8303a68c629ac059601f41b9,False,train
R:\PP\Marine-Intelligence-Platform\marine-species-identification\data\raw\images\species_08\fish_000026610001_02662.png,raw\images\species_08\fish_000026610001_02662.png,fish_000026610001_02662.png,8,Acanthurus nigrofuscus,Brown surgeonfish,Acanthuridae,26610001,2662,100,76,1.316,3,RGB,PNG,11257,502f3db1297f8af75797ba69f4817758,False,train
R:\PP\Marine-Intelligence-Platform\marine-species-identification\data\raw\images\species_08\fish_000026610001_02663.png,raw\images\species_08\fish_000026610001_02663.png,fish_000026610001_02663.png,8,Acanthurus nigrofuscus,Brown surgeonfish,Acanthuridae,26610001,2663,95,77,1.234,3,RGB,PNG,10200,1998a65260995d9c78304707fa1f2f9c,False,train
R:\PP\Marine-Intelligence-Platform\marine-species-identification\data\raw\images\species_08\fish_000026610001_02664.png,raw\images\species_08\fish_000026610001_02664.png,fish_000026610001_02664.png,8,Acanthurus nigrofuscus,Brown surgeonfish,Acanthuridae,26610001,2664,91,73,1.247,3,RGB,PNG,9320,efc5185664df065df9d87417e0433dd7,False,train
R:\PP\Marine-Intelligence-Platform\marine-species-identification\data\raw\images\species_08\fish_004598827454_09791.png,raw\images\species_08\fish_004598827454_09791.png,fish_004598827454_09791.png,8,Acanthurus nigrofuscus,Brown surgeonfish,Acanthuridae,4598827454,9791,75,66,1.136,3,RGB,PNG,5881,96f85439249478d334064c1a6561aaba,False,train
R:\PP\Marine-Intelligence-Platform\marine-species-identification\data\raw\images\species_08\fish_003888846299_26670.png,raw\images\species_08\fish_003888846299_26670.png,fish_003888846299_26670.png,8,Acanthurus nigrofuscus,Brown surgeonfish,Acanthuridae,3888846299,26670,68,62,1.097,3,RGB,PNG,5602,53c7f9f95c7345a1fbffa403e147597b,False,train
R:\PP\Marine-Intelligence-Platform\marine-species-identification\data\raw\images\species_08\fish_003405435240_22895.png,raw\images\species_08\fish_003405435240_22895.png,fish_003405435240_22895.png,8,Acanthurus nigrofuscus,Brown surgeonfish,Acanthuridae,3405435240,22895,71,71,1.0,3,RGB,PNG,5624,367f86d1b3153b1e8632508db917f90d,False,train
R:\PP\Marine-Intelligence-Platform\marine-species-identification\data\raw\images\species_08\fish_003405435240_24191.png,raw\images\species_08\fish_003405435240_24191.png,fish_003405435240_24191.png,8,Acanthurus nigrofuscus,Brown surgeonfish,Acanthuridae,3405435240,24191,152,136,1.118,3,RGB,PNG,34142,3d66e4515b6b3f279c08175ed7f4c81a,False,train
R:\PP\Marine-Intelligence-Platform\marine-species-identification\data\raw\images\species_08\fish_001348000108_01317.png,raw\images\species_08\fish_001348000108_01317.png,fish_001348000108_01317.png,8,Acanthurus nigrofuscus,Brown surgeonfish,Acanthuridae,1348000108,1317,91,69,1.319,3,RGB,PNG,7217,4a0361964022bba246a670feacde458e,False,train
R:\PP\Marine-Intelligence-Platform\marine-species-identification\data\raw\images\species_08\fish_001348000108_01318.png,raw\images\species_08\fish_001348000108_01318.png,fish_001348000108_01318.png,8,Acanthurus nigrofuscus,Brown surgeonfish,Acanthuridae,1348000108,1318,123,91,1.352,3,RGB,PNG,12129,54ab51617784155bf4799b74f649972e,False,train
R:\PP\Marine-Intelligence-Platform\marine-species-identification\data\raw\images\species_08\fish_422344690608_09837.png,raw\images\species_08\fish_422344690608_09837.png,fish_422344690608_09837.png,8,Acanthurus nigrofuscus,Brown surgeonfish,Acanthuridae,422344690608,9837,120,102,1.176,3,RGB,PNG,17479,f9c14c4253ccc4df3c88e93738f469d0,False,train
R:\PP\Marine-Intelligence-Platform\marine-species-identification\data\raw\images\species_08\fish_004314047038_09836.png,raw\images\species_08\fish_004314047038_09836.png,fish_004314047038_09836.png,8,Acanthurus nigrofuscus,Brown surgeonfish,Acanthuridae,4314047038,9836,155,127,1.22,3,RGB,PNG,23158,28f20acae6dfc2de0b841f0ddac3c57e,False,train
R:\PP\Marine-Intelligence-Platform\marine-species-identification\data\raw\images\species_08\fish_000010669597_05136.png,raw\images\species_08\fish_000010669597_05136.png,fish_000010669597_05136.png,8,Acanthurus nigrofuscus,Brown surgeonfish,Acanthuridae,10669597,5136,315,244,1.291,3,RGB,PNG,117317,e46e4e5e138ba28d6151338028ef0e24,False,train
R:\PP\Marine-Intelligence-Platform\marine-species-identification\data\raw\images\species_08\fish_000006019596_03826.png,raw\images\species_08\fish_000006019596_03826.png,fish_000006019596_03826.png,8,Acanthurus nigrofuscus,Brown surgeonfish,Acanthuridae,6019596,3826,151,121,1.248,3,RGB,PNG,24835,96f1157ac286d42927b5e9cd039cc235,False,train
R:\PP\Marine-Intelligence-Platform\marine-species-identification\data\raw\images\species_08\fish_000006019596_03828.png,raw\images\species_08\fish_000006019596_03828.png,fish_000006019596_03828.png,8,Acanthurus nigrofuscus,Brown surgeonfish,Acanthuridae,6019596,3828,147,115,1.278,3,RGB,PNG,22082,32a1b855461ebd5a49a1a8488ce6a80a,False,train
R:\PP\Marine-Intelligence-Platform\marine-species-identification\data\raw\images\species_08\fish_000006019596_03829.png,raw\images\species_08\fish_000006019596_03829.png,fish_000006019596_03829.png,8,Acanthurus nigrofuscus,Brown surgeonfish,Acanthuridae,6019596,3829,148,113,1.31,3,RGB,PNG,21351,a6f648ca00c97abee4d06d81d6261616,False,train
R:\PP\Marine-Intelligence-Platform\marine-species-identification\data\raw\images\species_08\fish_000006019596_03830.png,raw\images\species_08\fish_000006019596_03830.png,fish_000006019596_03830.png,8,Acanthurus nigrofuscus,Brown surgeonfish,Acanthuridae,6019596,3830,144,105,1.371,3,RGB,PNG,18839,91362e305ab6d14a6df4b2a80e54de3f,False,train
R:\PP\Marine-Intelligence-Platform\marine-species-identification\data\raw\images\species_08\fish_000006019596_03831.png,raw\images\species_08\fish_000006019596_03831.png,fish_000006019596_03831.png,8,Acanthurus nigrofuscus,Brown surgeonfish,Acanthuridae,6019596,3831,124,103,1.204,3,RGB,PNG,16705,47bca26cd805dd038447e9c6632425a3,False,train
R:\PP\Marine-Intelligence-Platform\marine-species-identification\data\raw\images\species_08\fish_000006019596_03832.png,raw\images\species_08\fish_000006019596_03832.png,fish_000006019596_03832.png,8,Acanthurus nigrofuscus,Brown surgeonfish,Acanthuridae,6019596,3832,116,104,1.115,3,RGB,PNG,16010,630fb68196efcbdc91edb94b81d942a7,False,train
R:\PP\Marine-Intelligence-Platform\marine-species-identification\data\raw\images\species_08\fish_000006019596_03833.png,raw\images\species_08\fish_000006019596_03833.png,fish_000006019596_03833.png,8,Acanthurus nigrofuscus,Brown surgeonfish,Acanthuridae,6019596,3833,98,99,0.99,3,RGB,PNG,13614,eee83e727df6b00a315be9d1d7537f55,False,train
R:\PP\Marine-Intelligence-Platform\marine-species-identification\data\raw\images\species_08\fish_000006019596_03834.png,raw\images\species_08\fish_000006019596_03834.png,fish_000006019596_03834.png,8,Acanthurus nigrofuscus,Brown surgeonfish,Acanthuridae,6019596,3834,91,107,0.85,3,RGB,PNG,14150,4980649b5de7492337c700359ae94d82,False,train
R:\PP\Marine-Intelligence-Platform\marine-species-identification\data\raw\images\species_08\fish_000006479596_03840.png,raw\images\species_08\fish_000006479596_03840.png,fish_000006479596_03840.png,8,Acanthurus nigrofuscus,Brown surgeonfish,Acanthuridae,6479596,3840,115,102,1.127,3,RGB,PNG,19228,4b158d9068912aff7f2d687c913a7e51,False,train
R:\PP\Marine-Intelligence-Platform\marine-species-identification\data\raw\images\species_08\fish_000040059596_04365.png,raw\images\species_08\fish_000040059596_04365.png,fish_000040059596_04365.png,8,Acanthurus nigrofuscus,Brown surgeonfish,Acanthuridae,40059596,4365,208,154,1.351,3,RGB,PNG,38756,26a1fef2633d86acde13b1edc05034a6,False,train
R:\PP\Marine-Intelligence-Platform\marine-species-identification\data\raw\images\species_08\fish_000040059596_04366.png,raw\images\species_08\fish_000040059596_04366.png,fish_000040059596_04366.png,8,Acanthurus nigrofuscus,Brown surgeonfish,Acanthuridae,40059596,4366,215,154,1.396,3,RGB,PNG,36679,4dfc409cf2e65c444231486478fceaea,False,train
R:\PP\Marine-Intelligence-Platform\marine-species-identification\data\raw\images\species_08\fish_000040059596_04367.png,raw\images\species_08\fish_000040059596_04367.png,fish_000040059596_04367.png,8,Acanthurus nigrofuscus,Brown surgeonfish,Acanthuridae,40059596,4367,200,143,1.399,3,RGB,PNG,27871,d2d77d09e67104a7e9f30933a726a032,False,train
R:\PP\Marine-Intelligence-Platform\marine-species-identification\data\raw\images\species_08\fish_000040059596_04372.png,raw\images\species_08\fish_000040059596_04372.png,fish_000040059596_04372.png,8,Acanthurus nigrofuscus,Brown surgeonfish,Acanthuridae,40059596,4372,88,85,1.035,3,RGB,PNG,8912,14eb1376ba860960fb80c0c578419baf,False,train
R:\PP\Marine-Intelligence-Platform\marine-species-identification\data\raw\images\species_08\fish_000040059596_04378.png,raw\images\species_08\fish_000040059596_04378.png,fish_000040059596_04378.png,8,Acanthurus nigrofuscus,Brown surgeonfish,Acanthuridae,40059596,4378,87,77,1.13,3,RGB,PNG,8953,23a574035cd9361cae7a033ec704fcdb,False,train
R:\PP\Marine-Intelligence-Platform\marine-species-identification\data\raw\images\species_08\fish_000040059596_04379.png,raw\images\species_08\fish_000040059596_04379.png,fish_000040059596_04379.png,8,Acanthurus nigrofuscus,Brown surgeonfish,Acanthuridae,40059596,4379,87,73,1.192,3,RGB,PNG,9354,b425ff92373f2951067a26673a1aa46d,False,train
R:\PP\Marine-Intelligence-Platform\marine-species-identification\data\raw\images\species_04\fish_000005509599_08029.png,raw\images\species_04\fish_000005509599_08029.png,fish_000005509599_08029.png,4,Amphiprion clarkii,Yellowtail clownfish,Pomacentridae,5509599,8029,112,127,0.882,3,RGB,PNG,18342,0f11d83d715062d7083720c112820ac6,False,train
R:\PP\Marine-Intelligence-Platform\marine-species-identification\data\raw\images\species_04\fish_000005509599_08030.png,raw\images\species_04\fish_000005509599_08030.png,fish_000005509599_08030.png,4,Amphiprion clarkii,Yellowtail clownfish,Pomacentridae,5509599,8030,101,115,0.878,3,RGB,PNG,16486,de5a146fdee8d25c62ebfba503a5a901,False,train
R:\PP\Marine-Intelligence-Platform\marine-species-identification\data\raw\images\species_04\fish_000005509599_08031.png,raw\images\species_04\fish_000005509599_08031.png,fish_000005509599_08031.png,4,Amphiprion clarkii,Yellowtail clownfish,Pomacentridae,5509599,8031,115,128,0.898,3,RGB,PNG,20053,4a421554dd4228582a55acf6b20a2777,False,train
R:\PP\Marine-Intelligence-Platform\marine-species-identification\data\raw\images\species_04\fish_000005509599_08032.png,raw\images\species_04\fish_000005509599_08032.png,fish_000005509599_08032.png,4,Amphiprion clarkii,Yellowtail clownfish,Pomacentridae,5509599,8032,107,131,0.817,3,RGB,PNG,20426,6211213472976c27d5a99c0a6d7418d4,False,train
R:\PP\Marine-Intelligence-Platform\marine-species-identification\data\raw\images\species_04\fish_000005509599_08033.png,raw\images\species_04\fish_000005509599_08033.png,fish_000005509599_08033.png,4,Amphiprion clarkii,Yellowtail clownfish,Pomacentridae,5509599,8033,110,124,0.887,3,RGB,PNG,19423,00a801096def73b8265490c7158d271c,False,train
R:\PP\Marine-Intelligence-Platform\marine-species-identification\data\raw\images\species_04\fish_000005509599_08034.png,raw\images\species_04\fish_000005509599_08034.png,fish_000005509599_08034.png,4,Amphiprion clarkii,Yellowtail clownfish,Pomacentridae,5509599,8034,100,119,0.84,3,RGB,PNG,18845,f1f22b4bfdd86bb9a7dbc68e64c8c2dd,False,train
R:\PP\Marine-Intelligence-Platform\marine-species-identification\data\raw\images\species_04\fish_000005509599_08035.png,raw\images\species_04\fish_000005509599_08035.png,fish_000005509599_08035.png,4,Amphiprion clarkii,Yellowtail clownfish,Pomacentridae,5509599,8035,103,101,1.02,3,RGB,PNG,17100,b27f68c8953e3eaae34b42c76b925b9b,False,train
R:\PP\Marine-Intelligence-Platform\marine-species-identification\data\raw\images\species_04\fish_000005509599_08036.png,raw\images\species_04\fish_000005509599_08036.png,fish_000005509599_08036.png,4,Amphiprion clarkii,Yellowtail clownfish,Pomacentridae,5509599,8036,96,99,0.97,3,RGB,PNG,17952,e89253eef46377c981cec209049a8216,False,train
R:\PP\Marine-Intelligence-Platform\marine-species-identification\data\raw\images\species_04\fish_000005509599_08037.png,raw\images\species_04\fish_000005509599_08037.png,fish_000005509599_08037.png,4,Amphiprion clarkii,Yellowtail clownfish,Pomacentridae,5509599,8037,104,103,1.01,3,RGB,PNG,20183,dc4e55ec57888e20ba6149a9672a6e1a,False,train
R:\PP\Marine-Intelligence-Platform\marine-species-identification\data\raw\images\species_04\fish_000005509599_08038.png,raw\images\species_04\fish_000005509599_08038.png,fish_000005509599_08038.png,4,Amphiprion clarkii,Yellowtail clownfish,Pomacentridae,5509599,8038,103,111,0.928,3,RGB,PNG,21917,582b1b3020263133aab5097d08494211,False,train
R:\PP\Marine-Intelligence-Platform\marine-species-identification\data\raw\images\species_04\fish_000005509599_08039.png,raw\images\species_04\fish_000005509599_08039.png,fish_000005509599_08039.png,4,Amphiprion clarkii,Yellowtail clownfish,Pomacentridae,5509599,8039,98,112,0.875,3,RGB,PNG,19610,a227a1a0249dc8594a4d507ec2790834,False,train
R:\PP\Marine-Intelligence-Platform\marine-species-identification\data\raw\images\species_04\fish_000005509599_08040.png,raw\images\species_04\fish_000005509599_08040.png,fish_000005509599_08040.png,4,Amphiprion clarkii,Yellowtail clownfish,Pomacentridae,5509599,8040,93,100,0.93,3,RGB,PNG,16534,db1f4bcbd64e7203530db1fb11e2c600,False,train
R:\PP\Marine-Intelligence-Platform\marine-species-identification\data\raw\images\species_04\fish_000005509599_08041.png,raw\images\species_04\fish_000005509599_08041.png,fish_000005509599_08041.png,4,Amphiprion clarkii,Yellowtail clownfish,Pomacentridae,5509599,8041,94,99,0.949,3,RGB,PNG,16338,318ef4a26cc07203e3ff56f22301c964,False,train
R:\PP\Marine-Intelligence-Platform\marine-species-identification\data\raw\images\species_04\fish_000005509599_08042.png,raw\images\species_04\fish_000005509599_08042.png,fish_000005509599_08042.png,4,Amphiprion clarkii,Yellowtail clownfish,Pomacentridae,5509599,8042,86,100,0.86,3,RGB,PNG,15039,759d9bc5732cbb38d654847c5071bdf9,False,train
R:\PP\Marine-Intelligence-Platform\marine-species-identification\data\raw\images\species_04\fish_000003629599_07937.png,raw\images\species_04\fish_000003629599_07937.png,fish_000003629599_07937.png,4,Amphiprion clarkii,Yellowtail clownfish,Pomacentridae,3629599,7937,72,70,1.029,3,RGB,PNG,9038,e4a8928bc7c169248c0d381142f85359,False,train
R:\PP\Marine-Intelligence-Platform\marine-species-identification\data\raw\images\species_04\fish_000003629599_07938.png,raw\images\species_04\fish_000003629599_07938.png,fish_000003629599_07938.png,4,Amphiprion clarkii,Yellowtail clownfish,Pomacentridae,3629599,7938,66,79,0.835,3,RGB,PNG,8541,7932b5c42ab4e9c6b8b1b54944c4c8d6,False,train
R:\PP\Marine-Intelligence-Platform\marine-species-identification\data\raw\images\species_04\fish_000003629599_07939.png,raw\images\species_04\fish_000003629599_07939.png,fish_000003629599_07939.png,4,Amphiprion clarkii,Yellowtail clownfish,Pomacentridae,3629599,7939,96,85,1.129,3,RGB,PNG,12575,b324d3f6c030e977a1f17f751128b91a,False,train
R:\PP\Marine-Intelligence-Platform\marine-species-identification\data\raw\images\species_04\fish_000003629599_07940.png,raw\images\species_04\fish_000003629599_07940.png,fish_000003629599_07940.png,4,Amphiprion clarkii,Yellowtail clownfish,Pomacentridae,3629599,7940,112,92,1.217,3,RGB,PNG,14779,2ab6f4f3d7bf706f7c27deb818373633,False,train
R:\PP\Marine-Intelligence-Platform\marine-species-identification\data\raw\images\species_04\fish_000003629599_07941.png,raw\images\species_04\fish_000003629599_07941.png,fish_000003629599_07941.png,4,Amphiprion clarkii,Yellowtail clownfish,Pomacentridae,3629599,7941,95,83,1.145,3,RGB,PNG,11907,13f4714ac3988c2c345ae416b09aac9f,False,train
R:\PP\Marine-Intelligence-Platform\marine-species-identification\data\raw\images\species_04\fish_000009569599_08213.png,raw\images\species_04\fish_000009569599_08213.png,fish_000009569599_08213.png,4,Amphiprion clarkii,Yellowtail clownfish,Pomacentridae,9569599,8213,131,111,1.18,3,RGB,PNG,24119,991455226f395826be49252b829b77e7,False,train
R:\PP\Marine-Intelligence-Platform\marine-species-identification\data\raw\images\species_04\fish_000009569599_08214.png,raw\images\species_04\fish_000009569599_08214.png,fish_000009569599_08214.png,4,Amphiprion clarkii,Yellowtail clownfish,Pomacentridae,9569599,8214,135,111,1.216,3,RGB,PNG,29233,7848af6471f58797273eb490d2ff5fda,False,train
R:\PP\Marine-Intelligence-Platform\marine-species-identification\data\raw\images\species_04\fish_000009569599_08215.png,raw\images\species_04\fish_000009569599_08215.png,fish_000009569599_08215.png,4,Amphiprion clarkii,Yellowtail clownfish,Pomacentridae,9569599,8215,147,116,1.267,3,RGB,PNG,32466,e7c6ef57efb42b785c37eab55adc3129,False,train
R:\PP\Marine-Intelligence-Platform\marine-species-identification\data\raw\images\species_04\fish_000009569599_08216.png,raw\images\species_04\fish_000009569599_08216.png,fish_000009569599_08216.png,4,Amphiprion clarkii,Yellowtail clownfish,Pomacentridae,9569599,8216,127,108,1.176,3,RGB,PNG,29126,19566360bd626c259cea95179cb6c86f,False,train
R:\PP\Marine-Intelligence-Platform\marine-species-identification\data\raw\images\species_04\fish_000009569599_08217.png,raw\images\species_04\fish_000009569599_08217.png,fish_000009569599_08217.png,4,Amphiprion clarkii,Yellowtail clownfish,Pomacentridae,9569599,8217,116,102,1.137,3,RGB,PNG,25952,20b9e742c0eb767bdcbe3861810e8023,False,train
R:\PP\Marine-Intelligence-Platform\marine-species-identification\data\raw\images\species_04\fish_000009569599_08218.png,raw\images\species_04\fish_000009569599_08218.png,fish_000009569599_08218.png,4,Amphiprion clarkii,Yellowtail clownfish,Pomacentridae,9569599,8218,119,108,1.102,3,RGB,PNG,28328,45784c626a3ac270173465d701037b13,False,train
R:\PP\Marine-Intelligence-Platform\marine-species-identification\data\raw\images\species_04\fish_000009569599_08219.png,raw\images\species_04\fish_000009569599_08219.png,fish_000009569599_08219.png,4,Amphiprion clarkii,Yellowtail clownfish,Pomacentridae,9569599,8219,105,111,0.946,3,RGB,PNG,25760,eee352d89e479d5df41d3fc7402a9b89,False,train
R:\PP\Marine-Intelligence-Platform\marine-species-identification\data\raw\images\species_04\fish_000009569599_08220.png,raw\images\species_04\fish_000009569599_08220.png,fish_000009569599_08220.png,4,Amphiprion clarkii,Yellowtail clownfish,Pomacentridae,9569599,8220,108,116,0.931,3,RGB,PNG,27802,e829cdbe4fea4fc5b67d20719d9932d0,False,train
R:\PP\Marine-Intelligence-Platform\marine-species-identification\data\raw\images\species_04\fish_000009569599_08221.png,raw\images\species_04\fish_000009569599_08221.png,fish_000009569599_08221.png,4,Amphiprion clarkii,Yellowtail clownfish,Pomacentridae,9569599,8221,104,107,0.972,3,RGB,PNG,24481,8e97f2104da8dc36fe397895db828114,False,train
R:\PP\Marine-Intelligence-Platform\marine-species-identification\data\raw\images\species_04\fish_000009569599_08222.png,raw\images\species_04\fish_000009569599_08222.png,fish_000009569599_08222.png,4,Amphiprion clarkii,Yellowtail clownfish,Pomacentridae,9569599,8222,112,105,1.067,3,RGB,PNG,25750,f30cd8ea15f1adb78185d821367ef672,False,train
R:\PP\Marine-Intelligence-Platform\marine-species-identification\data\raw\images\species_04\fish_000009569599_08223.png,raw\images\species_04\fish_000009569599_08223.png,fish_000009569599_08223.png,4,Amphiprion clarkii,Yellowtail clownfish,Pomacentridae,9569599,8223,92,89,1.034,3,RGB,PNG,18217,39777ef3c8a16e59793bc87446181539,False,train
R:\PP\Marine-Intelligence-Platform\marine-species-identification\data\raw\images\species_04\fish_000009569599_08224.png,raw\images\species_04\fish_000009569599_08224.png,fish_000009569599_08224.png,4,Amphiprion clarkii,Yellowtail clownfish,Pomacentridae,9569599,8224,69,84,0.821,3,RGB,PNG,13420,9ad5d4bfe80bf8260524c12caeebe464,False,train
R:\PP\Marine-Intelligence-Platform\marine-species-identification\data\raw\images\species_04\fish_000009569599_08225.png,raw\images\species_04\fish_000009569599_08225.png,fish_000009569599_08225.png,4,Amphiprion clarkii,Yellowtail clownfish,Pomacentridae,9569599,8225,68,92,0.739,3,RGB,PNG,14626,a2ee8b0ac8066cedb48c386b3ce3d8ae,False,train
R:\PP\Marine-Intelligence-Platform\marine-species-identification\data\raw\images\species_04\fish_000009569599_08226.png,raw\images\species_04\fish_000009569599_08226.png,fish_000009569599_08226.png,4,Amphiprion clarkii,Yellowtail clownfish,Pomacentridae,9569599,8226,85,88,0.966,3,RGB,PNG,16924,7120ea17f7d86e51a4dee795146fc200,False,train
R:\PP\Marine-Intelligence-Platform\marine-species-identification\data\raw\images\species_04\fish_000009569599_08227.png,raw\images\species_04\fish_000009569599_08227.png,fish_000009569599_08227.png,4,Amphiprion clarkii,Yellowtail clownfish,Pomacentridae,9569599,8227,87,86,1.012,3,RGB,PNG,16797,1ed865dffff05d7132f358aea5faa8c4,False,train
R:\PP\Marine-Intelligence-Platform\marine-species-identification\data\raw\images\species_04\fish_000009569599_08228.png,raw\images\species_04\fish_000009569599_08228.png,fish_000009569599_08228.png,4,Amphiprion clarkii,Yellowtail clownfish,Pomacentridae,9569599,8228,127,107,1.187,3,RGB,PNG,27994,c9264e930dfb31fe08dacdf4a0193b26,False,train
R:\PP\Marine-Intelligence-Platform\marine-species-identification\data\raw\images\species_04\fish_000009569599_08229.png,raw\images\species_04\fish_000009569599_08229.png,fish_000009569599_08229.png,4,Amphiprion clarkii,Yellowtail clownfish,Pomacentridae,9569599,8229,135,110,1.227,3,RGB,PNG,30463,b94f920fd5b7ca907edd4cf9b409a19c,False,train
R:\PP\Marine-Intelligence-Platform\marine-species-identification\data\raw\images\species_04\fish_000009569599_08230.png,raw\images\species_04\fish_000009569599_08230.png,fish_000009569599_08230.png,4,Amphiprion clarkii,Yellowtail clownfish,Pomacentridae,9569599,8230,127,108,1.176,3,RGB,PNG,28873,7733f0c085ce887b1563f3f2821418ad,False,train
R:\PP\Marine-Intelligence-Platform\marine-species-identification\data\raw\images\species_04\fish_000009569599_08231.png,raw\images\species_04\fish_000009569599_08231.png,fish_000009569599_08231.png,4,Amphiprion clarkii,Yellowtail clownfish,Pomacentridae,9569599,8231,143,115,1.243,3,RGB,PNG,33807,bd1318586bac3e496eee91e0d40e70f5,False,train
R:\PP\Marine-Intelligence-Platform\marine-species-identification\data\raw\images\species_04\fish_000009569599_08232.png,raw\images\species_04\fish_000009569599_08232.png,fish_000009569599_08232.png,4,Amphiprion clarkii,Yellowtail clownfish,Pomacentridae,9569599,8232,128,112,1.143,3,RGB,PNG,30709,5aab2549ff8fbe3108b1c90252829bb5,False,train
R:\PP\Marine-Intelligence-Platform\marine-species-identification\data\raw\images\species_04\fish_000009569599_08233.png,raw\images\species_04\fish_000009569599_08233.png,fish_000009569599_08233.png,4,Amphiprion clarkii,Yellowtail clownfish,Pomacentridae,9569599,8233,136,120,1.133,3,RGB,PNG,34633,e74477f10635d334c9b021cbc66b7a28,False,train
R:\PP\Marine-Intelligence-Platform\marine-species-identification\data\raw\images\species_04\fish_000009569599_08234.png,raw\images\species_04\fish_000009569599_08234.png,fish_000009569599_08234.png,4,Amphiprion clarkii,Yellowtail clownfish,Pomacentridae,9569599,8234,135,113,1.195,3,RGB,PNG,32579,d785f91ad833830b0a381c65ffa9fa98,False,train
R:\PP\Marine-Intelligence-Platform\marine-species-identification\data\raw\images\species_04\fish_000009569599_08235.png,raw\images\species_04\fish_000009569599_08235.png,fish_000009569599_08235.png,4,Amphiprion clarkii,Yellowtail clownfish,Pomacentridae,9569599,8235,143,114,1.254,3,RGB,PNG,34566,800545bcf3bd4e33cddb2c080127ab35,False,train
R:\PP\Marine-Intelligence-Platform\marine-species-identification\data\raw\images\species_04\fish_000009569599_08236.png,raw\images\species_04\fish_000009569599_08236.png,fish_000009569599_08236.png,4,Amphiprion clarkii,Yellowtail clownfish,Pomacentridae,9569599,8236,144,119,1.21,3,RGB,PNG,36182,e64714410c202d6392cfaed14b41f954,False,train
R:\PP\Marine-Intelligence-Platform\marine-species-identification\data\raw\images\species_04\fish_000009569599_08237.png,raw\images\species_04\fish_000009569599_08237.png,fish_000009569599_08237.png,4,Amphiprion clarkii,Yellowtail clownfish,Pomacentridae,9569599,8237,148,123,1.203,3,RGB,PNG,38194,e9adb655e53b8f8e8632be75d554742c,False,train
R:\PP\Marine-Intelligence-Platform\marine-species-identification\data\raw\images\species_04\fish_000009569599_08238.png,raw\images\species_04\fish_000009569599_08238.png,fish_000009569599_08238.png,4,Amphiprion clarkii,Yellowtail clownfish,Pomacentridae,9569599,8238,132,117,1.128,3,RGB,PNG,32397,d96ae6c0f486147ed7e705ed22a78e51,False,train
R:\PP\Marine-Intelligence-Platform\marine-species-identification\data\raw\images\species_04\fish_000009569599_08239.png,raw\images\species_04\fish_000009569599_08239.png,fish_000009569599_08239.png,4,Amphiprion clarkii,Yellowtail clownfish,Pomacentridae,9569599,8239,124,114,1.088,3,RGB,PNG,29669,1859558ef6fb7f7a9f49c52dec36ceca,False,train
R:\PP\Marine-Intelligence-Platform\marine-species-identification\data\raw\images\species_04\fish_000009569599_08240.png,raw\images\species_04\fish_000009569599_08240.png,fish_000009569599_08240.png,4,Amphiprion clarkii,Yellowtail clownfish,Pomacentridae,9569599,8240,120,112,1.071,3,RGB,PNG,28229,1666b58493add8865ce68240f587670e,False,train
R:\PP\Marine-Intelligence-Platform\marine-species-identification\data\raw\images\species_04\fish_000009569599_08241.png,raw\images\species_04\fish_000009569599_08241.png,fish_000009569599_08241.png,4,Amphiprion clarkii,Yellowtail clownfish,Pomacentridae,9569599,8241,127,117,1.085,3,RGB,PNG,29946,443e9392723b20d261cab4a9b14d8d27,False,train
R:\PP\Marine-Intelligence-Platform\marine-species-identification\data\raw\images\species_04\fish_000009569599_08242.png,raw\images\species_04\fish_000009569599_08242.png,fish_000009569599_08242.png,4,Amphiprion clarkii,Yellowtail clownfish,Pomacentridae,9569599,8242,128,122,1.049,3,RGB,PNG,31445,b9a0cdbb51181c7452117fe5786681f5,False,train
R:\PP\Marine-Intelligence-Platform\marine-species-identification\data\raw\images\species_04\fish_000009569599_08243.png,raw\images\species_04\fish_000009569599_08243.png,fish_000009569599_08243.png,4,Amphiprion clarkii,Yellowtail clownfish,Pomacentridae,9569599,8243,128,120,1.067,3,RGB,PNG,30968,53da20f4ee2990577eb06c4196d348bd,False,train
R:\PP\Marine-Intelligence-Platform\marine-species-identification\data\raw\images\species_04\fish_000009569599_08244.png,raw\images\species_04\fish_000009569599_08244.png,fish_000009569599_08244.png,4,Amphiprion clarkii,Yellowtail clownfish,Pomacentridae,9569599,8244,108,103,1.049,3,RGB,PNG,23316,dae27dde2a34ee2d059f8672e5559466,False,train
R:\PP\Marine-Intelligence-Platform\marine-species-identification\data\raw\images\species_04\fish_000009569599_08245.png,raw\images\species_04\fish_000009569599_08245.png,fish_000009569599_08245.png,4,Amphiprion clarkii,Yellowtail clownfish,Pomacentridae,9569599,8245,107,102,1.049,3,RGB,PNG,23072,5aa0a6c0b839dbfa2e5234a28ea54036,False,train
R:\PP\Marine-Intelligence-Platform\marine-species-identification\data\raw\images\species_04\fish_000009569599_08246.png,raw\images\species_04\fish_000009569599_08246.png,fish_000009569599_08246.png,4,Amphiprion clarkii,Yellowtail clownfish,Pomacentridae,9569599,8246,70,72,0.972,3,RGB,PNG,10649,02884bc2e755f0d62b0c8e55c1ffaa1b,False,train
R:\PP\Marine-Intelligence-Platform\marine-species-identification\data\raw\images\species_04\fish_000007209599_08106.png,raw\images\species_04\fish_000007209599_08106.png,fish_000007209599_08106.png,4,Amphiprion clarkii,Yellowtail clownfish,Pomacentridae,7209599,8106,92,74,1.243,3,RGB,PNG,9253,66d839345eb3a1bf8450a70e6912198d,False,train
R:\PP\Marine-Intelligence-Platform\marine-species-identification\data\raw\images\species_04\fish_000007209599_08107.png,raw\images\species_04\fish_000007209599_08107.png,fish_000007209599_08107.png,4,Amphiprion clarkii,Yellowtail clownfish,Pomacentridae,7209599,8107,95,80,1.188,3,RGB,PNG,9813,28e279b2242b02a743d74f2e2442ac5b,False,train
R:\PP\Marine-Intelligence-Platform\marine-species-identification\data\raw\images\species_04\fish_000007209599_08108.png,raw\images\species_04\fish_000007209599_08108.png,fish_000007209599_08108.png,4,Amphiprion clarkii,Yellowtail clownfish,Pomacentridae,7209599,8108,95,78,1.218,3,RGB,PNG,9467,cfa4804758ed9a1f2cbd984c8022d8fe,False,train
R:\PP\Marine-Intelligence-Platform\marine-species-identification\data\raw\images\species_04\fish_000007209599_08109.png,raw\images\species_04\fish_000007209599_08109.png,fish_000007209599_08109.png,4,Amphiprion clarkii,Yellowtail clownfish,Pomacentridae,7209599,8109,87,76,1.145,3,RGB,PNG,8745,a7fc298ef813506387f35b7dbe494e45,False,train
R:\PP\Marine-Intelligence-Platform\marine-species-identification\data\raw\images\species_04\fish_000007209599_08110.png,raw\images\species_04\fish_000007209599_08110.png,fish_000007209599_08110.png,4,Amphiprion clarkii,Yellowtail clownfish,Pomacentridae,7209599,8110,84,72,1.167,3,RGB,PNG,7674,7d10329642057c996d6231b5c06a7496,False,train
R:\PP\Marine-Intelligence-Platform\marine-species-identification\data\raw\images\species_04\fish_000007209599_08111.png,raw\images\species_04\fish_000007209599_08111.png,fish_000007209599_08111.png,4,Amphiprion clarkii,Yellowtail clownfish,Pomacentridae,7209599,8111,96,80,1.2,3,RGB,PNG,9873,706fb635591776789ca3af91bf505a95,False,train
R:\PP\Marine-Intelligence-Platform\marine-species-identification\data\raw\images\species_04\fish_000007209599_08112.png,raw\images\species_04\fish_000007209599_08112.png,fish_000007209599_08112.png,4,Amphiprion clarkii,Yellowtail clownfish,Pomacentridae,7209599,8112,100,83,1.205,3,RGB,PNG,10729,6ffac49a18959f8e54240b2516cce910,False,train
R:\PP\Marine-Intelligence-Platform\marine-species-identification\data\raw\images\species_04\fish_000007209599_08113.png,raw\images\species_04\fish_000007209599_08113.png,fish_000007209599_08113.png,4,Amphiprion clarkii,Yellowtail clownfish,Pomacentridae,7209599,8113,100,83,1.205,3,RGB,PNG,10951,4dd10f6af5051a897b4799bbab769130,False,train
R:\PP\Marine-Intelligence-Platform\marine-species-identification\data\raw\images\species_04\fish_000007209599_08114.png,raw\images\species_04\fish_000007209599_08114.png,fish_000007209599_08114.png,4,Amphiprion clarkii,Yellowtail clownfish,Pomacentridae,7209599,8114,103,84,1.226,3,RGB,PNG,11626,33f896eb767280b8fffdae674cc612c7,False,train
R:\PP\Marine-Intelligence-Platform\marine-species-identification\data\raw\images\species_04\fish_000007209599_08115.png,raw\images\species_04\fish_000007209599_08115.png,fish_000007209599_08115.png,4,Amphiprion clarkii,Yellowtail clownfish,Pomacentridae,7209599,8115,96,86,1.116,3,RGB,PNG,11808,95b03b12fb6fc975a8d68a928ad88561,False,train
R:\PP\Marine-Intelligence-Platform\marine-species-identification\data\raw\images\species_04\fish_000007209599_08116.png,raw\images\species_04\fish_000007209599_08116.png,fish_000007209599_08116.png,4,Amphiprion clarkii,Yellowtail clownfish,Pomacentridae,7209599,8116,103,93,1.108,3,RGB,PNG,15472,d72b98acefdeab512786448fea2ce932,False,train
R:\PP\Marine-Intelligence-Platform\marine-species-identification\data\raw\images\species_04\fish_000007209599_08117.png,raw\images\species_04\fish_000007209599_08117.png,fish_000007209599_08117.png,4,Amphiprion clarkii,Yellowtail clownfish,Pomacentridae,7209599,8117,107,92,1.163,3,RGB,PNG,16610,20040ba97da8ed1c6dceaea0762bc7be,False,train
R:\PP\Marine-Intelligence-Platform\marine-species-identification\data\raw\images\species_04\fish_000007209599_08118.png,raw\images\species_04\fish_000007209599_08118.png,fish_000007209599_08118.png,4,Amphiprion clarkii,Yellowtail clownfish,Pomacentridae,7209599,8118,135,106,1.274,3,RGB,PNG,23710,dc949343776d968925ae8b3a705afba1,False,train
R:\PP\Marine-Intelligence-Platform\marine-species-identification\data\raw\images\species_04\fish_000007209599_08119.png,raw\images\species_04\fish_000007209599_08119.png,fish_000007209599_08119.png,4,Amphiprion clarkii,Yellowtail clownfish,Pomacentridae,7209599,8119,135,109,1.239,3,RGB,PNG,25834,fc3747a1c75a25bf544e6a07c6c76730,False,train
R:\PP\Marine-Intelligence-Platform\marine-species-identification\data\raw\images\species_04\fish_000007209599_08120.png,raw\images\species_04\fish_000007209599_08120.png,fish_000007209599_08120.png,4,Amphiprion clarkii,Yellowtail clownfish,Pomacentridae,7209599,8120,132,103,1.282,3,RGB,PNG,24781,64a7a3fcb939f2ff598b695354d857b6,False,train
R:\PP\Marine-Intelligence-Platform\marine-species-identification\data\raw\images\species_04\fish_000007209599_08121.png,raw\images\species_04\fish_000007209599_08121.png,fish_000007209599_08121.png,4,Amphiprion clarkii,Yellowtail clownfish,Pomacentridae,7209599,8121,132,105,1.257,3,RGB,PNG,27931,fb7b6d03b41429eaebb219ef0689f987,False,train
R:\PP\Marine-Intelligence-Platform\marine-species-identification\data\raw\images\species_04\fish_000000619599_07790.png,raw\images\species_04\fish_000000619599_07790.png,fish_000000619599_07790.png,4,Amphiprion clarkii,Yellowtail clownfish,Pomacentridae,619599,7790,76,72,1.056,3,RGB,PNG,10752,bae96372011ba636c9eaa40a36a84ddf,False,train
R:\PP\Marine-Intelligence-Platform\marine-species-identification\data\raw\images\species_04\fish_000000019599_07753.png,raw\images\species_04\fish_000000019599_07753.png,fish_000000019599_07753.png,4,Amphiprion clarkii,Yellowtail clownfish,Pomacentridae,19599,7753,88,83,1.06,3,RGB,PNG,11619,b33afe77a6a88cb8508de20bd549a553,False,train
R:\PP\Marine-Intelligence-Platform\marine-species-identification\data\raw\images\species_04\fish_000000019599_07754.png,raw\images\species_04\fish_000000019599_07754.png,fish_000000019599_07754.png,4,Amphiprion clarkii,Yellowtail clownfish,Pomacentridae,19599,7754,107,96,1.115,3,RGB,PNG,17034,3c1aa12779b02d6fb9c7879a62019d89,False,train
R:\PP\Marine-Intelligence-Platform\marine-species-identification\data\raw\images\species_04\fish_000000019599_07755.png,raw\images\species_04\fish_000000019599_07755.png,fish_000000019599_07755.png,4,Amphiprion clarkii,Yellowtail clownfish,Pomacentridae,19599,7755,88,76,1.158,3,RGB,PNG,10857,97c5e6c19972d68adeacfd0930d78518,False,train
R:\PP\Marine-Intelligence-Platform\marine-species-identification\data\raw\images\species_04\fish_000000019599_07756.png,raw\images\species_04\fish_000000019599_07756.png,fish_000000019599_07756.png,4,Amphiprion clarkii,Yellowtail clownfish,Pomacentridae,19599,7756,83,103,0.806,3,RGB,PNG,15524,6fe54142123c12bd658ba7357e4d6959,False,train
R:\PP\Marine-Intelligence-Platform\marine-species-identification\data\raw\images\species_04\fish_000000019599_07757.png,raw\images\species_04\fish_000000019599_07757.png,fish_000000019599_07757.png,4,Amphiprion clarkii,Yellowtail clownfish,Pomacentridae,19599,7757,100,104,0.962,3,RGB,PNG,18871,64268acdb47b173bcb1ad4eb7c1e3b63,False,train
R:\PP\Marine-Intelligence-Platform\marine-species-identification\data\raw\images\species_04\fish_000000019599_07758.png,raw\images\species_04\fish_000000019599_07758.png,fish_000000019599_07758.png,4,Amphiprion clarkii,Yellowtail clownfish,Pomacentridae,19599,7758,127,111,1.144,3,RGB,PNG,23916,184a9bd5ca8ebf5786d06f00e74063b7,False,train
R:\PP\Marine-Intelligence-Platform\marine-species-identification\data\raw\images\species_04\fish_000000019599_07759.png,raw\images\species_04\fish_000000019599_07759.png,fish_000000019599_07759.png,4,Amphiprion clarkii,Yellowtail clownfish,Pomacentridae,19599,7759,140,123,1.138,3,RGB,PNG,31666,be72c88ce4e6df17991c8e581f51a970,False,train
R:\PP\Marine-Intelligence-Platform\marine-species-identification\data\raw\images\species_04\fish_000000019599_07760.png,raw\images\species_04\fish_000000019599_07760.png,fish_000000019599_07760.png,4,Amphiprion clarkii,Yellowtail clownfish,Pomacentridae,19599,7760,143,125,1.144,3,RGB,PNG,33784,12c5b2686669b54284318ea62da5342e,False,train
R:\PP\Marine-Intelligence-Platform\marine-species-identification\data\raw\images\species_04\fish_000000019599_07761.png,raw\images\species_04\fish_000000019599_07761.png,fish_000000019599_07761.png,4,Amphiprion clarkii,Yellowtail clownfish,Pomacentridae,19599,7761,143,126,1.135,3,RGB,PNG,33469,75daf0599c2e2899bafd5f19fe7bd384,False,train
R:\PP\Marine-Intelligence-Platform\marine-species-identification\data\raw\images\species_04\fish_000000019599_07762.png,raw\images\species_04\fish_000000019599_07762.png,fish_000000019599_07762.png,4,Amphiprion clarkii,Yellowtail clownfish,Pomacentridae,19599,7762,136,117,1.162,3,RGB,PNG,28822,21a0fced1d4166f9341f9e0392742865,False,train
R:\PP\Marine-Intelligence-Platform\marine-species-identification\data\raw\images\species_04\fish_000000019599_07763.png,raw\images\species_04\fish_000000019599_07763.png,fish_000000019599_07763.png,4,Amphiprion clarkii,Yellowtail clownfish,Pomacentridae,19599,7763,131,115,1.139,3,RGB,PNG,27095,49a09674e44ebb5e674671ca693c4227,False,train
R:\PP\Marine-Intelligence-Platform\marine-species-identification\data\raw\images\species_04\fish_000000019599_07764.png,raw\images\species_04\fish_000000019599_07764.png,fish_000000019599_07764.png,4,Amphiprion clarkii,Yellowtail clownfish,Pomacentridae,19599,7764,135,116,1.164,3,RGB,PNG,28333,d6f53abb299fdb567cbd1583136a154c,False,train
R:\PP\Marine-Intelligence-Platform\marine-species-identification\data\raw\images\species_04\fish_000000019599_07765.png,raw\images\species_04\fish_000000019599_07765.png,fish_000000019599_07765.png,4,Amphiprion clarkii,Yellowtail clownfish,Pomacentridae,19599,7765,128,113,1.133,3,RGB,PNG,25352,9c6fe46122bd6b52371d74bfddff8b53,False,train
R:\PP\Marine-Intelligence-Platform\marine-species-identification\data\raw\images\species_04\fish_000000019599_07766.png,raw\images\species_04\fish_000000019599_07766.png,fish_000000019599_07766.png,4,Amphiprion clarkii,Yellowtail clownfish,Pomacentridae,19599,7766,116,106,1.094,3,RGB,PNG,21420,13b6bbd0c0910a049f5500a0df61cea4,False,train
R:\PP\Marine-Intelligence-Platform\marine-species-identification\data\raw\images\species_04\fish_000000019599_07767.png,raw\images\species_04\fish_000000019599_07767.png,fish_000000019599_07767.png,4,Amphiprion clarkii,Yellowtail clownfish,Pomacentridae,19599,7767,143,119,1.202,3,RGB,PNG,30108,85b5efaf567ecf487bb30cb2c93091be,False,train
R:\PP\Marine-Intelligence-Platform\marine-species-identification\data\raw\images\species_04\fish_000000019599_07768.png,raw\images\species_04\fish_000000019599_07768.png,fish_000000019599_07768.png,4,Amphiprion clarkii,Yellowtail clownfish,Pomacentridae,19599,7768,144,119,1.21,3,RGB,PNG,30462,bb047fb7db991f9e3c60a5470656b96d,False,train
R:\PP\Marine-Intelligence-Platform\marine-species-identification\data\raw\images\species_04\fish_000000019599_07769.png,raw\images\species_04\fish_000000019599_07769.png,fish_000000019599_07769.png,4,Amphiprion clarkii,Yellowtail clownfish,Pomacentridae,19599,7769,143,119,1.202,3,RGB,PNG,29999,1965b0675775e47e0a26dab64b3065d3,False,train
R:\PP\Marine-Intelligence-Platform\marine-species-identification\data\raw\images\species_04\fish_000000019599_07770.png,raw\images\species_04\fish_000000019599_07770.png,fish_000000019599_07770.png,4,Amphiprion clarkii,Yellowtail clownfish,Pomacentridae,19599,7770,136,112,1.214,3,RGB,PNG,26800,5d183713a1a3ae31e18b4f166d5361a7,False,train
R:\PP\Marine-Intelligence-Platform\marine-species-identification\data\raw\images\species_04\fish_000000019599_07771.png,raw\images\species_04\fish_000000019599_07771.png,fish_000000019599_07771.png,4,Amphiprion clarkii,Yellowtail clownfish,Pomacentridae,19599,7771,116,104,1.115,3,RGB,PNG,22916,ca23f12ef6d4e73e4e595059f4be2dc1,False,train
R:\PP\Marine-Intelligence-Platform\marine-species-identification\data\raw\images\species_04\fish_000000019599_07772.png,raw\images\species_04\fish_000000019599_07772.png,fish_000000019599_07772.png,4,Amphiprion clarkii,Yellowtail clownfish,Pomacentridae,19599,7772,96,95,1.011,3,RGB,PNG,19273,5ba24a429a0b7bba93016124a3ba4f86,False,train
R:\PP\Marine-Intelligence-Platform\marine-species-identification\data\raw\images\species_04\fish_000000019599_07773.png,raw\images\species_04\fish_000000019599_07773.png,fish_000000019599_07773.png,4,Amphiprion clarkii,Yellowtail clownfish,Pomacentridae,19599,7773,90,107,0.841,3,RGB,PNG,21320,18536f4c3b9a123e11ce2b355077b082,False,train
R:\PP\Marine-Intelligence-Platform\marine-species-identification\data\raw\images\species_04\fish_000000019599_07774.png,raw\images\species_04\fish_000000019599_07774.png,fish_000000019599_07774.png,4,Amphiprion clarkii,Yellowtail clownfish,Pomacentridae,19599,7774,83,91,0.912,3,RGB,PNG,18989,161c58dfc93469857d77876d249ccbd5,False,train
R:\PP\Marine-Intelligence-Platform\marine-species-identification\data\raw\images\species_04\fish_000000019599_07775.png,raw\images\species_04\fish_000000019599_07775.png,fish_000000019599_07775.png,4,Amphiprion clarkii,Yellowtail clownfish,Pomacentridae,19599,7775,87,95,0.916,3,RGB,PNG,20719,e7c9225670302a6069f9ee101eed0c5b,False,train
R:\PP\Marine-Intelligence-Platform\marine-species-identification\data\raw\images\species_04\fish_000000019599_07776.png,raw\images\species_04\fish_000000019599_07776.png,fish_000000019599_07776.png,4,Amphiprion clarkii,Yellowtail clownfish,Pomacentridae,19599,7776,72,83,0.867,3,RGB,PNG,14932,1ca6ff8d5110aa478028014364038ba7,False,train
R:\PP\Marine-Intelligence-Platform\marine-species-identification\data\raw\images\species_04\fish_000000019599_07777.png,raw\images\species_04\fish_000000019599_07777.png,fish_000000019599_07777.png,4,Amphiprion clarkii,Yellowtail clownfish,Pomacentridae,19599,7777,75,88,0.852,3,RGB,PNG,15450,9e32451039c25991f33c6425b60ab9c0,False,train
R:\PP\Marine-Intelligence-Platform\marine-species-identification\data\raw\images\species_04\fish_000000019599_07778.png,raw\images\species_04\fish_000000019599_07778.png,fish_000000019599_07778.png,4,Amphiprion clarkii,Yellowtail clownfish,Pomacentridae,19599,7778,84,88,0.955,3,RGB,PNG,17078,469993466662cf7652ce44aa428becec,False,train
R:\PP\Marine-Intelligence-Platform\marine-species-identification\data\raw\images\species_04\fish_000000019599_07779.png,raw\images\species_04\fish_000000019599_07779.png,fish_000000019599_07779.png,4,Amphiprion clarkii,Yellowtail clownfish,Pomacentridae,19599,7779,87,86,1.012,3,RGB,PNG,17657,ba980586f6adf82bdd0df8e4e5cfd27a,False,train
R:\PP\Marine-Intelligence-Platform\marine-species-identification\data\raw\images\species_04\fish_000000019599_07780.png,raw\images\species_04\fish_000000019599_07780.png,fish_000000019599_07780.png,4,Amphiprion clarkii,Yellowtail clownfish,Pomacentridae,19599,7780,87,81,1.074,3,RGB,PNG,17193,23410aa310c2316d4d709ce189809b0b,False,train
R:\PP\Marine-Intelligence-Platform\marine-species-identification\data\raw\images\species_04\fish_000000019599_07781.png,raw\images\species_04\fish_000000019599_07781.png,fish_000000019599_07781.png,4,Amphiprion clarkii,Yellowtail clownfish,Pomacentridae,19599,7781,91,77,1.182,3,RGB,PNG,17682,596532ce655c979de8059c45bff73179,False,train
R:\PP\Marine-Intelligence-Platform\marine-species-identification\data\raw\images\species_04\fish_000000019599_07782.png,raw\images\species_04\fish_000000019599_07782.png,fish_000000019599_07782.png,4,Amphiprion clarkii,Yellowtail clownfish,Pomacentridae,19599,7782,68,65,1.046,3,RGB,PNG,11381,e3a74961c379fde2600d7fd9440b5e25,False,train
R:\PP\Marine-Intelligence-Platform\marine-species-identification\data\raw\images\species_04\fish_000000019599_07783.png,raw\images\species_04\fish_000000019599_07783.png,fish_000000019599_07783.png,4,Amphiprion clarkii,Yellowtail clownfish,Pomacentridae,19599,7783,63,68,0.926,3,RGB,PNG,11060,d70b079459a05ad33d753795ef0fb61d,False,train
R:\PP\Marine-Intelligence-Platform\marine-species-identification\data\raw\images\species_04\fish_000000019599_07784.png,raw\images\species_04\fish_000000019599_07784.png,fish_000000019599_07784.png,4,Amphiprion clarkii,Yellowtail clownfish,Pomacentridae,19599,7784,100,80,1.25,3,RGB,PNG,20422,e72ffa42ef8a71f53b496946efe52dd2,False,train
R:\PP\Marine-Intelligence-Platform\marine-species-identification\data\raw\images\species_04\fish_000000019599_07785.png,raw\images\species_04\fish_000000019599_07785.png,fish_000000019599_07785.png,4,Amphiprion clarkii,Yellowtail clownfish,Pomacentridae,19599,7785,115,87,1.322,3,RGB,PNG,25539,7607d9d4e689e99599880cde2c849425,False,train
R:\PP\Marine-Intelligence-Platform\marine-species-identification\data\raw\images\species_04\fish_000000019599_07786.png,raw\images\species_04\fish_000000019599_07786.png,fish_000000019599_07786.png,4,Amphiprion clarkii,Yellowtail clownfish,Pomacentridae,19599,7786,119,88,1.352,3,RGB,PNG,26914,31a68f2c05a57a81b3861f15208962e4,False,train
R:\PP\Marine-Intelligence-Platform\marine-species-identification\data\raw\images\species_04\fish_000000019599_07787.png,raw\images\species_04\fish_000000019599_07787.png,fish_000000019599_07787.png,4,Amphiprion clarkii,Yellowtail clownfish,Pomacentridae,19599,7787,140,107,1.308,3,RGB,PNG,36830,bc756a465e64a931733375f3ce6f2ca2,False,train
R:\PP\Marine-Intelligence-Platform\marine-species-identification\data\raw\images\species_04\fish_000000019599_07788.png,raw\images\species_04\fish_000000019599_07788.png,fish_000000019599_07788.png,4,Amphiprion clarkii,Yellowtail clownfish,Pomacentridae,19599,7788,135,108,1.25,3,RGB,PNG,35093,98ffa81c57ba5dda18d0b8e99187b6ca,False,train
R:\PP\Marine-Intelligence-Platform\marine-species-identification\data\raw\images\species_04\fish_000000019599_07789.png,raw\images\species_04\fish_000000019599_07789.png,fish_000000019599_07789.png,4,Amphiprion clarkii,Yellowtail clownfish,Pomacentridae,19599,7789,124,96,1.292,3,RGB,PNG,26580,cd732e8125c76927b9f1c4935ff9aec8,False,train
R:\PP\Marine-Intelligence-Platform\marine-species-identification\data\raw\images\species_04\fish_000005849599_08043.png,raw\images\species_04\fish_000005849599_08043.png,fish_000005849599_08043.png,4,Amphiprion clarkii,Yellowtail clownfish,Pomacentridae,5849599,8043,71,69,1.029,3,RGB,PNG,6612,62537fab1d788e0f9c0879b8613f8ca1,False,train
R:\PP\Marine-Intelligence-Platform\marine-species-identification\data\raw\images\species_04\fish_000005849599_08044.png,raw\images\species_04\fish_000005849599_08044.png,fish_000005849599_08044.png,4,Amphiprion clarkii,Yellowtail clownfish,Pomacentridae,5849599,8044,58,60,0.967,3,RGB,PNG,4743,45af89372ebd6b6e6a1a1e5ffe9d0e0c,False,train
R:\PP\Marine-Intelligence-Platform\marine-species-identification\data\raw\images\species_04\fish_000005849599_08045.png,raw\images\species_04\fish_000005849599_08045.png,fish_000005849599_08045.png,4,Amphiprion clarkii,Yellowtail clownfish,Pomacentridae,5849599,8045,60,58,1.034,3,RGB,PNG,4370,654383c8e233591b11727c65f1220e6f,False,train
R:\PP\Marine-Intelligence-Platform\marine-species-identification\data\raw\images\species_04\fish_000005849599_08046.png,raw\images\species_04\fish_000005849599_08046.png,fish_000005849599_08046.png,4,Amphiprion clarkii,Yellowtail clownfish,Pomacentridae,5849599,8046,103,81,1.272,3,RGB,PNG,10158,91d462fec26299ff14f5d72f543f9ad5,False,train
R:\PP\Marine-Intelligence-Platform\marine-species-identification\data\raw\images\species_04\fish_000005849599_08047.png,raw\images\species_04\fish_000005849599_08047.png,fish_000005849599_08047.png,4,Amphiprion clarkii,Yellowtail clownfish,Pomacentridae,5849599,8047,91,79,1.152,3,RGB,PNG,9754,f08266fd9ae7886fce4f63403f9e7820,False,train
R:\PP\Marine-Intelligence-Platform\marine-species-identification\data\raw\images\species_04\fish_000005849599_08048.png,raw\images\species_04\fish_000005849599_08048.png,fish_000005849599_08048.png,4,Amphiprion clarkii,Yellowtail clownfish,Pomacentridae,5849599,8048,92,76,1.211,3,RGB,PNG,9273,ba216843f28cc69ed8252b09eede1123,False,train
R:\PP\Marine-Intelligence-Platform\marine-species-identification\data\raw\images\species_04\fish_000005849599_08049.png,raw\images\species_04\fish_000005849599_08049.png,fish_000005849599_08049.png,4,Amphiprion clarkii,Yellowtail clownfish,Pomacentridae,5849599,8049,83,75,1.107,3,RGB,PNG,7534,6718e9f04a6460eeb515f17f8987abd0,False,train
R:\PP\Marine-Intelligence-Platform\marine-species-identification\data\raw\images\species_04\fish_000005849599_08050.png,raw\images\species_04\fish_000005849599_08050.png,fish_000005849599_08050.png,4,Amphiprion clarkii,Yellowtail clownfish,Pomacentridae,5849599,8050,87,77,1.13,3,RGB,PNG,8142,a2e952a25febfd4c9b6d9a33af7aba82,False,train
R:\PP\Marine-Intelligence-Platform\marine-species-identification\data\raw\images\species_04\fish_000005849599_08051.png,raw\images\species_04\fish_000005849599_08051.png,fish_000005849599_08051.png,4,Amphiprion clarkii,Yellowtail clownfish,Pomacentridae,5849599,8051,88,76,1.158,3,RGB,PNG,8163,b5bb1d8b567cb3ab28c4d159586ae01e,False,train
R:\PP\Marine-Intelligence-Platform\marine-species-identification\data\raw\images\species_04\fish_000005849599_08052.png,raw\images\species_04\fish_000005849599_08052.png,fish_000005849599_08052.png,4,Amphiprion clarkii,Yellowtail clownfish,Pomacentridae,5849599,8052,80,73,1.096,3,RGB,PNG,8169,a2364b2c593cdafce8d2d562c5bb5183,False,train
R:\PP\Marine-Intelligence-Platform\marine-species-identification\data\raw\images\species_04\fish_000005849599_08053.png,raw\images\species_04\fish_000005849599_08053.png,fish_000005849599_08053.png,4,Amphiprion clarkii,Yellowtail clownfish,Pomacentridae,5849599,8053,80,68,1.176,3,RGB,PNG,7691,6212a7a1bc7b96a4004c8ae5fd655270,False,train
R:\PP\Marine-Intelligence-Platform\marine-species-identification\data\raw\images\species_04\fish_000005849599_08054.png,raw\images\species_04\fish_000005849599_08054.png,fish_000005849599_08054.png,4,Amphiprion clarkii,Yellowtail clownfish,Pomacentridae,5849599,8054,87,77,1.13,3,RGB,PNG,8485,2acc80900a4dfb2027b7947dd7786075,False,train
R:\PP\Marine-Intelligence-Platform\marine-species-identification\data\raw\images\species_04\fish_000005849599_08055.png,raw\images\species_04\fish_000005849599_08055.png,fish_000005849599_08055.png,4,Amphiprion clarkii,Yellowtail clownfish,Pomacentridae,5849599,8055,67,61,1.098,3,RGB,PNG,5762,1dcbfc9a629d83c6e06347655b35b5f8,False,train
R:\PP\Marine-Intelligence-Platform\marine-species-identification\data\raw\images\species_04\fish_000005849599_08056.png,raw\images\species_04\fish_000005849599_08056.png,fish_000005849599_08056.png,4,Amphiprion clarkii,Yellowtail clownfish,Pomacentridae,5849599,8056,64,63,1.016,3,RGB,PNG,5046,259f98a7f15423af80ad585ac39cc230,False,train
R:\PP\Marine-Intelligence-Platform\marine-species-identification\data\raw\images\species_04\fish_000005849599_08057.png,raw\images\species_04\fish_000005849599_08057.png,fish_000005849599_08057.png,4,Amphiprion clarkii,Yellowtail clownfish,Pomacentridae,5849599,8057,75,71,1.056,3,RGB,PNG,6720,a8bba367cfb304c62fe5d0a747ea31c2,False,train
R:\PP\Marine-Intelligence-Platform\marine-species-identification\data\raw\images\species_04\fish_000005849599_08058.png,raw\images\species_04\fish_000005849599_08058.png,fish_000005849599_08058.png,4,Amphiprion clarkii,Yellowtail clownfish,Pomacentridae,5849599,8058,103,83,1.241,3,RGB,PNG,11607,1732862e711606f03756689080cf7890,False,train
R:\PP\Marine-Intelligence-Platform\marine-species-identification\data\raw\images\species_04\fish_000005849599_08059.png,raw\images\species_04\fish_000005849599_08059.png,fish_000005849599_08059.png,4,Amphiprion clarkii,Yellowtail clownfish,Pomacentridae,5849599,8059,103,84,1.226,3,RGB,PNG,12080,83da5479f390361a177b369b4cbca0fa,False,train
R:\PP\Marine-Intelligence-Platform\marine-species-identification\data\raw\images\species_04\fish_000005849599_08060.png,raw\images\species_04\fish_000005849599_08060.png,fish_000005849599_08060.png,4,Amphiprion clarkii,Yellowtail clownfish,Pomacentridae,5849599,8060,103,83,1.241,3,RGB,PNG,11899,f1c4465571ce80c6562ab23a576db5c2,False,train
R:\PP\Marine-Intelligence-Platform\marine-species-identification\data\raw\images\species_04\fish_000005849599_08061.png,raw\images\species_04\fish_000005849599_08061.png,fish_000005849599_08061.png,4,Amphiprion clarkii,Yellowtail clownfish,Pomacentridae,5849599,8061,84,77,1.091,3,RGB,PNG,9266,6fa0b9f59b2fc7df3971af598e939735,False,train
R:\PP\Marine-Intelligence-Platform\marine-species-identification\data\raw\images\species_04\fish_000005849599_08062.png,raw\images\species_04\fish_000005849599_08062.png,fish_000005849599_08062.png,4,Amphiprion clarkii,Yellowtail clownfish,Pomacentridae,5849599,8062,72,67,1.075,3,RGB,PNG,7237,7bace77b286b439dc739a0df68304612,False,train
R:\PP\Marine-Intelligence-Platform\marine-species-identification\data\raw\images\species_04\fish_000005849599_08063.png,raw\images\species_04\fish_000005849599_08063.png,fish_000005849599_08063.png,4,Amphiprion clarkii,Yellowtail clownfish,Pomacentridae,5849599,8063,76,73,1.041,3,RGB,PNG,9153,4f5f4a522e4adc87ca10d6af43d0c2f1,False,train
R:\PP\Marine-Intelligence-Platform\marine-species-identification\data\raw\images\species_04\fish_000005849599_08064.png,raw\images\species_04\fish_000005849599_08064.png,fish_000005849599_08064.png,4,Amphiprion clarkii,Yellowtail clownfish,Pomacentridae,5849599,8064,79,78,1.013,3,RGB,PNG,9903,174b297a6b2be41a212ac8a3b277d66d,False,train
R:\PP\Marine-Intelligence-Platform\marine-species-identification\data\raw\images\species_04\fish_000005849599_08065.png,raw\images\species_04\fish_000005849599_08065.png,fish_000005849599_08065.png,4,Amphiprion clarkii,Yellowtail clownfish,Pomacentridae,5849599,8065,83,76,1.092,3,RGB,PNG,9979,e63831b44834f9e4bebd25ff268d7fbf,False,train
R:\PP\Marine-Intelligence-Platform\marine-species-identification\data\raw\images\species_04\fish_000005849599_08066.png,raw\images\species_04\fish_000005849599_08066.png,fish_000005849599_08066.png,4,Amphiprion clarkii,Yellowtail clownfish,Pomacentridae,5849599,8066,132,114,1.158,3,RGB,PNG,28249,c05fddc2536c7624c77eab8a457d2963,False,train
R:\PP\Marine-Intelligence-Platform\marine-species-identification\data\raw\images\species_04\fish_000005849599_08067.png,raw\images\species_04\fish_000005849599_08067.png,fish_000005849599_08067.png,4,Amphiprion clarkii,Yellowtail clownfish,Pomacentridae,5849599,8067,144,126,1.143,3,RGB,PNG,35248,3a756e85290c8933a9ea19a99cd5b7e1,False,train
R:\PP\Marine-Intelligence-Platform\marine-species-identification\data\raw\images\species_04\fish_000005849599_08068.png,raw\images\species_04\fish_000005849599_08068.png,fish_000005849599_08068.png,4,Amphiprion clarkii,Yellowtail clownfish,Pomacentridae,5849599,8068,160,131,1.221,3,RGB,PNG,41221,c0c0a36d7898914b726616a993ed7e7f,False,train
R:\PP\Marine-Intelligence-Platform\marine-species-identification\data\raw\images\species_04\fish_000005849599_08069.png,raw\images\species_04\fish_000005849599_08069.png,fish_000005849599_08069.png,4,Amphiprion clarkii,Yellowtail clownfish,Pomacentridae,5849599,8069,119,109,1.092,3,RGB,PNG,24413,6f692005d15b67f2090c5d6b780905ad,False,train
R:\PP\Marine-Intelligence-Platform\marine-species-identification\data\raw\images\species_04\fish_000005849599_08070.png,raw\images\species_04\fish_000005849599_08070.png,fish_000005849599_08070.png,4,Amphiprion clarkii,Yellowtail clownfish,Pomacentridae,5849599,8070,107,104,1.029,3,RGB,PNG,21103,026c21c1ecb9a9fffa665a3fac7bdb12,False,train
R:\PP\Marine-Intelligence-Platform\marine-species-identification\data\raw\images\species_04\fish_000005849599_08071.png,raw\images\species_04\fish_000005849599_08071.png,fish_000005849599_08071.png,4,Amphiprion clarkii,Yellowtail clownfish,Pomacentridae,5849599,8071,102,111,0.919,3,RGB,PNG,19846,044ac0a9f24be4b91b9895b6d17d3598,False,train
R:\PP\Marine-Intelligence-Platform\marine-species-identification\data\raw\images\species_04\fish_000005849599_08072.png,raw\images\species_04\fish_000005849599_08072.png,fish_000005849599_08072.png,4,Amphiprion clarkii,Yellowtail clownfish,Pomacentridae,5849599,8072,95,112,0.848,3,RGB,PNG,18948,29c72e9194f0fd7e9490469aedfe99cc,False,train
R:\PP\Marine-Intelligence-Platform\marine-species-identification\data\raw\images\species_04\fish_000005849599_08073.png,raw\images\species_04\fish_000005849599_08073.png,fish_000005849599_08073.png,4,Amphiprion clarkii,Yellowtail clownfish,Pomacentridae,5849599,8073,92,107,0.86,3,RGB,PNG,17105,9868d922b08ab93343966ecd91cfe0f0,False,train
R:\PP\Marine-Intelligence-Platform\marine-species-identification\data\raw\images\species_04\fish_000005849599_08074.png,raw\images\species_04\fish_000005849599_08074.png,fish_000005849599_08074.png,4,Amphiprion clarkii,Yellowtail clownfish,Pomacentridae,5849599,8074,97,103,0.942,3,RGB,PNG,18355,e44e0a66917d8aac0b0d3bae207163a5,False,train
R:\PP\Marine-Intelligence-Platform\marine-species-identification\data\raw\images\species_04\fish_000005849599_08075.png,raw\images\species_04\fish_000005849599_08075.png,fish_000005849599_08075.png,4,Amphiprion clarkii,Yellowtail clownfish,Pomacentridae,5849599,8075,111,108,1.028,3,RGB,PNG,22471,0acb2566169c2ea280e595793005055c,False,train
R:\PP\Marine-Intelligence-Platform\marine-species-identification\data\raw\images\species_04\fish_000005849599_08076.png,raw\images\species_04\fish_000005849599_08076.png,fish_000005849599_08076.png,4,Amphiprion clarkii,Yellowtail clownfish,Pomacentridae,5849599,8076,91,100,0.91,3,RGB,PNG,17663,7be979f5c3b6c11320dcd1ef30c60034,False,train
R:\PP\Marine-Intelligence-Platform\marine-species-identification\data\raw\images\species_04\fish_000005849599_08077.png,raw\images\species_04\fish_000005849599_08077.png,fish_000005849599_08077.png,4,Amphiprion clarkii,Yellowtail clownfish,Pomacentridae,5849599,8077,109,116,0.94,3,RGB,PNG,24817,fa29d7fb9aeb862ea0abadea7f59e381,False,train
R:\PP\Marine-Intelligence-Platform\marine-species-identification\data\raw\images\species_04\fish_000005849599_08078.png,raw\images\species_04\fish_000005849599_08078.png,fish_000005849599_08078.png,4,Amphiprion clarkii,Yellowtail clownfish,Pomacentridae,5849599,8078,112,110,1.018,3,RGB,PNG,23882,faff92b11ec755c0d866e3294ca7dbf2,False,train
R:\PP\Marine-Intelligence-Platform\marine-species-identification\data\raw\images\species_04\fish_000005849599_08079.png,raw\images\species_04\fish_000005849599_08079.png,fish_000005849599_08079.png,4,Amphiprion clarkii,Yellowtail clownfish,Pomacentridae,5849599,8079,100,112,0.893,3,RGB,PNG,20738,a34dc20fe9a231a0c5a41c62ede7b317,False,train
R:\PP\Marine-Intelligence-Platform\marine-species-identification\data\raw\images\species_04\fish_000005849599_08080.png,raw\images\species_04\fish_000005849599_08080.png,fish_000005849599_08080.png,4,Amphiprion clarkii,Yellowtail clownfish,Pomacentridae,5849599,8080,87,124,0.702,3,RGB,PNG,19156,d12db4f11256f453822dbf2d7ebf3d01,False,train
R:\PP\Marine-Intelligence-Platform\marine-species-identification\data\raw\images\species_04\fish_000005849599_08081.png,raw\images\species_04\fish_000005849599_08081.png,fish_000005849599_08081.png,4,Amphiprion clarkii,Yellowtail clownfish,Pomacentridae,5849599,8081,94,123,0.764,3,RGB,PNG,19941,bf01b32c6403e8251fbb7c630208b86b,False,train
R:\PP\Marine-Intelligence-Platform\marine-species-identification\data\raw\images\species_04\fish_000005849599_08082.png,raw\images\species_04\fish_000005849599_08082.png,fish_000005849599_08082.png,4,Amphiprion clarkii,Yellowtail clownfish,Pomacentridae,5849599,8082,96,127,0.756,3,RGB,PNG,20499,5ca1ed985c0b674d9150314fe9b8479e,False,train
R:\PP\Marine-Intelligence-Platform\marine-species-identification\data\raw\images\species_04\fish_000005849599_08083.png,raw\images\species_04\fish_000005849599_08083.png,fish_000005849599_08083.png,4,Amphiprion clarkii,Yellowtail clownfish,Pomacentridae,5849599,8083,86,116,0.741,3,RGB,PNG,17703,b50aa0e59a6000386ef1fdd0435a636d,False,train
R:\PP\Marine-Intelligence-Platform\marine-species-identification\data\raw\images\species_04\fish_000005849599_08084.png,raw\images\species_04\fish_000005849599_08084.png,fish_000005849599_08084.png,4,Amphiprion clarkii,Yellowtail clownfish,Pomacentridae,5849599,8084,85,116,0.733,3,RGB,PNG,15627,d12ec5ea100e087672c724d7bcd8e878,False,train
R:\PP\Marine-Intelligence-Platform\marine-species-identification\data\raw\images\species_04\fish_000005849599_08085.png,raw\images\species_04\fish_000005849599_08085.png,fish_000005849599_08085.png,4,Amphiprion clarkii,Yellowtail clownfish,Pomacentridae,5849599,8085,83,103,0.806,3,RGB,PNG,13063,3b54edebae0cd8aa0910a9725cc99595,False,train
R:\PP\Marine-Intelligence-Platform\marine-species-identification\data\raw\images\species_04\fish_000005849599_08086.png,raw\images\species_04\fish_000005849599_08086.png,fish_000005849599_08086.png,4,Amphiprion clarkii,Yellowtail clownfish,Pomacentridae,5849599,8086,81,100,0.81,3,RGB,PNG,11153,82ba9406fc43982cca67dc928c256043,False,train
R:\PP\Marine-Intelligence-Platform\marine-species-identification\data\raw\images\species_04\fish_000005849599_08087.png,raw\images\species_04\fish_000005849599_08087.png,fish_000005849599_08087.png,4,Amphiprion clarkii,Yellowtail clownfish,Pomacentridae,5849599,8087,80,87,0.92,3,RGB,PNG,10079,06d0a4d13d3b8060797393059d029b2f,False,train
R:\PP\Marine-Intelligence-Platform\marine-species-identification\data\raw\images\species_04\fish_000005849599_08088.png,raw\images\species_04\fish_000005849599_08088.png,fish_000005849599_08088.png,4,Amphiprion clarkii,Yellowtail clownfish,Pomacentridae,5849599,8088,73,80,0.912,3,RGB,PNG,8717,53c84e4b8a5127fd70e9ddd1fb401505,False,train
R:\PP\Marine-Intelligence-Platform\marine-species-identification\data\raw\images\species_04\fish_000005849599_08089.png,raw\images\species_04\fish_000005849599_08089.png,fish_000005849599_08089.png,4,Amphiprion clarkii,Yellowtail clownfish,Pomacentridae,5849599,8089,116,100,1.16,3,RGB,PNG,15769,e1c2a8e2eff6a635bf8a55c7569867a2,False,train
R:\PP\Marine-Intelligence-Platform\marine-species-identification\data\raw\images\species_04\fish_000005849599_08090.png,raw\images\species_04\fish_000005849599_08090.png,fish_000005849599_08090.png,4,Amphiprion clarkii,Yellowtail clownfish,Pomacentridae,5849599,8090,135,113,1.195,3,RGB,PNG,20145,54897c339a6e10fe497cde18ceefe23e,False,train
R:\PP\Marine-Intelligence-Platform\marine-species-identification\data\raw\images\species_04\fish_000005849599_08091.png,raw\images\species_04\fish_000005849599_08091.png,fish_000005849599_08091.png,4,Amphiprion clarkii,Yellowtail clownfish,Pomacentridae,5849599,8091,127,108,1.176,3,RGB,PNG,18226,e990b0e8e6e44e6b3743d50e9d5032c3,False,train
R:\PP\Marine-Intelligence-Platform\marine-species-identification\data\raw\images\species_04\fish_000005849599_08092.png,raw\images\species_04\fish_000005849599_08092.png,fish_000005849599_08092.png,4,Amphiprion clarkii,Yellowtail clownfish,Pomacentridae,5849599,8092,128,106,1.208,3,RGB,PNG,19169,c012d0321fe0c80b07584269bacd3629,False,train
R:\PP\Marine-Intelligence-Platform\marine-species-identification\data\raw\images\species_04\fish_000005849599_08093.png,raw\images\species_04\fish_000005849599_08093.png,fish_000005849599_08093.png,4,Amphiprion clarkii,Yellowtail clownfish,Pomacentridae,5849599,8093,87,84,1.036,3,RGB,PNG,10508,7796184a82c976f4cd24372d35c17338,False,train
R:\PP\Marine-Intelligence-Platform\marine-species-identification\data\raw\images\species_04\fish_000001009599_07801.png,raw\images\species_04\fish_000001009599_07801.png,fish_000001009599_07801.png,4,Amphiprion clarkii,Yellowtail clownfish,Pomacentridae,1009599,7801,127,114,1.114,3,RGB,PNG,34837,8a1a9e8a5fcfd584c4574b58cacc1309,False,train
R:\PP\Marine-Intelligence-Platform\marine-species-identification\data\raw\images\species_04\fish_000001009599_07802.png,raw\images\species_04\fish_000001009599_07802.png,fish_000001009599_07802.png,4,Amphiprion clarkii,Yellowtail clownfish,Pomacentridae,1009599,7802,118,120,0.983,3,RGB,PNG,33348,78041da870859600c6c08d7e3bc335a3,False,train
R:\PP\Marine-Intelligence-Platform\marine-species-identification\data\raw\images\species_04\fish_000001009599_07803.png,raw\images\species_04\fish_000001009599_07803.png,fish_000001009599_07803.png,4,Amphiprion clarkii,Yellowtail clownfish,Pomacentridae,1009599,7803,147,139,1.058,3,RGB,PNG,37839,8a2867062954a5e9572c0c29bdc294a8,False,train
R:\PP\Marine-Intelligence-Platform\marine-species-identification\data\raw\images\species_04\fish_000010129599_08247.png,raw\images\species_04\fish_000010129599_08247.png,fish_000010129599_08247.png,4,Amphiprion clarkii,Yellowtail clownfish,Pomacentridae,10129599,8247,73,75,0.973,3,RGB,PNG,11444,3d0897307fc11f64d9dc742ea5ec103d,False,train
R:\PP\Marine-Intelligence-Platform\marine-species-identification\data\raw\images\species_04\fish_000010129599_08248.png,raw\images\species_04\fish_000010129599_08248.png,fish_000010129599_08248.png,4,Amphiprion clarkii,Yellowtail clownfish,Pomacentridae,10129599,8248,84,80,1.05,3,RGB,PNG,14565,1abad25c81363da349c3dba1ff6ac887,False,train
R:\PP\Marine-Intelligence-Platform\marine-species-identification\data\raw\images\species_04\fish_000010129599_08249.png,raw\images\species_04\fish_000010129599_08249.png,fish_000010129599_08249.png,4,Amphiprion clarkii,Yellowtail clownfish,Pomacentridae,10129599,8249,91,88,1.034,3,RGB,PNG,17171,4dbd0f5cb3b6221643e9ed288d6fba62,False,train
R:\PP\Marine-Intelligence-Platform\marine-species-identification\data\raw\images\species_04\fish_000010129599_08250.png,raw\images\species_04\fish_000010129599_08250.png,fish_000010129599_08250.png,4,Amphiprion clarkii,Yellowtail clownfish,Pomacentridae,10129599,8250,96,93,1.032,3,RGB,PNG,18881,559642399c73a961ec2d7bde890cbd2b,False,train
R:\PP\Marine-Intelligence-Platform\marine-species-identification\data\raw\images\species_04\fish_000010129599_08251.png,raw\images\species_04\fish_000010129599_08251.png,fish_000010129599_08251.png,4,Amphiprion clarkii,Yellowtail clownfish,Pomacentridae,10129599,8251,99,96,1.031,3,RGB,PNG,20223,9c36676e1bd9fdcf3603b668098f6812,False,train
R:\PP\Marine-Intelligence-Platform\marine-species-identification\data\raw\images\species_04\fish_000010129599_08252.png,raw\images\species_04\fish_000010129599_08252.png,fish_000010129599_08252.png,4,Amphiprion clarkii,Yellowtail clownfish,Pomacentridae,10129599,8252,100,88,1.136,3,RGB,PNG,18499,d86083e4cb01e2cc57b489bc51b46add,False,train
R:\PP\Marine-Intelligence-Platform\marine-species-identification\data\raw\images\species_04\fish_000010129599_08253.png,raw\images\species_04\fish_000010129599_08253.png,fish_000010129599_08253.png,4,Amphiprion clarkii,Yellowtail clownfish,Pomacentridae,10129599,8253,107,89,1.202,3,RGB,PNG,19709,f4c8a533e86e39f4a695debde5523d12,False,train
R:\PP\Marine-Intelligence-Platform\marine-species-identification\data\raw\images\species_04\fish_000010129599_08254.png,raw\images\species_04\fish_000010129599_08254.png,fish_000010129599_08254.png,4,Amphiprion clarkii,Yellowtail clownfish,Pomacentridae,10129599,8254,99,86,1.151,3,RGB,PNG,18475,dbf65ee5ed1a7b6432f422be90251d36,False,train
R:\PP\Marine-Intelligence-Platform\marine-species-identification\data\raw\images\species_04\fish_000010129599_08255.png,raw\images\species_04\fish_000010129599_08255.png,fish_000010129599_08255.png,4,Amphiprion clarkii,Yellowtail clownfish,Pomacentridae,10129599,8255,95,89,1.067,3,RGB,PNG,19153,33afe603ef1d085e80fd573a23fef97a,False,train
R:\PP\Marine-Intelligence-Platform\marine-species-identification\data\raw\images\species_04\fish_000010129599_08256.png,raw\images\species_04\fish_000010129599_08256.png,fish_000010129599_08256.png,4,Amphiprion clarkii,Yellowtail clownfish,Pomacentridae,10129599,8256,100,91,1.099,3,RGB,PNG,20548,b626ce5d9a87eae1d24984837be56142,False,train
R:\PP\Marine-Intelligence-Platform\marine-species-identification\data\raw\images\species_04\fish_000010129599_08257.png,raw\images\species_04\fish_000010129599_08257.png,fish_000010129599_08257.png,4,Amphiprion clarkii,Yellowtail clownfish,Pomacentridae,10129599,8257,67,72,0.931,3,RGB,PNG,11008,4bfd651d9b32b35c0d5e25425de76f86,False,train
R:\PP\Marine-Intelligence-Platform\marine-species-identification\data\raw\images\species_04\fish_000010129599_08258.png,raw\images\species_04\fish_000010129599_08258.png,fish_000010129599_08258.png,4,Amphiprion clarkii,Yellowtail clownfish,Pomacentridae,10129599,8258,68,76,0.895,3,RGB,PNG,11851,91b294df58d460a09cddc9d315951d31,False,train
R:\PP\Marine-Intelligence-Platform\marine-species-identification\data\raw\images\species_04\fish_000010129599_08259.png,raw\images\species_04\fish_000010129599_08259.png,fish_000010129599_08259.png,4,Amphiprion clarkii,Yellowtail clownfish,Pomacentridae,10129599,8259,100,90,1.111,3,RGB,PNG,20506,f11ae125875eb67a38a828820405488f,False,train
R:\PP\Marine-Intelligence-Platform\marine-species-identification\data\raw\images\species_04\fish_000010129599_08260.png,raw\images\species_04\fish_000010129599_08260.png,fish_000010129599_08260.png,4,Amphiprion clarkii,Yellowtail clownfish,Pomacentridae,10129599,8260,79,74,1.068,3,RGB,PNG,13717,af196f1e683383971b470dfd54e2c3df,False,train
R:\PP\Marine-Intelligence-Platform\marine-species-identification\data\raw\images\species_04\fish_000010129599_08261.png,raw\images\species_04\fish_000010129599_08261.png,fish_000010129599_08261.png,4,Amphiprion clarkii,Yellowtail clownfish,Pomacentridae,10129599,8261,76,83,0.916,3,RGB,PNG,14769,7899fe3b848ae45988ed6490c2dffff8,False,train
R:\PP\Marine-Intelligence-Platform\marine-species-identification\data\raw\images\species_04\fish_000010129599_08262.png,raw\images\species_04\fish_000010129599_08262.png,fish_000010129599_08262.png,4,Amphiprion clarkii,Yellowtail clownfish,Pomacentridae,10129599,8262,70,84,0.833,3,RGB,PNG,13913,968553396ad2e0c1af9ce90e3c038466,False,train
R:\PP\Marine-Intelligence-Platform\marine-species-identification\data\raw\images\species_04\fish_000010919599_08281.png,raw\images\species_04\fish_000010919599_08281.png,fish_000010919599_08281.png,4,Amphiprion clarkii,Yellowtail clownfish,Pomacentridae,10919599,8281,91,79,1.152,3,RGB,PNG,15361,7b1922909785f0a368de88491b35686e,False,train
R:\PP\Marine-Intelligence-Platform\marine-species-identification\data\raw\images\species_04\fish_000010919599_08282.png,raw\images\species_04\fish_000010919599_08282.png,fish_000010919599_08282.png,4,Amphiprion clarkii,Yellowtail clownfish,Pomacentridae,10919599,8282,84,79,1.063,3,RGB,PNG,14170,9636e41e5d48c717ab712293e7a5b889,False,train
R:\PP\Marine-Intelligence-Platform\marine-species-identification\data\raw\images\species_04\fish_000010919599_08283.png,raw\images\species_04\fish_000010919599_08283.png,fish_000010919599_08283.png,4,Amphiprion clarkii,Yellowtail clownfish,Pomacentridae,10919599,8283,84,75,1.12,3,RGB,PNG,13311,fd7c93b3f7d4e97ea4f3d8884b8360ca,False,train
R:\PP\Marine-Intelligence-Platform\marine-species-identification\data\raw\images\species_04\fish_000010919599_08284.png,raw\images\species_04\fish_000010919599_08284.png,fish_000010919599_08284.png,4,Amphiprion clarkii,Yellowtail clownfish,Pomacentridae,10919599,8284,60,72,0.833,3,RGB,PNG,8906,77a0079cd65cdefe85eb885d59066222,False,train
R:\PP\Marine-Intelligence-Platform\marine-species-identification\data\raw\images\species_04\fish_000010919599_08285.png,raw\images\species_04\fish_000010919599_08285.png,fish_000010919599_08285.png,4,Amphiprion clarkii,Yellowtail clownfish,Pomacentridae,10919599,8285,72,65,1.108,3,RGB,PNG,9250,9fe2a277f6f75120765468fff6ad9afc,False,train
R:\PP\Marine-Intelligence-Platform\marine-species-identification\data\raw\images\species_04\fish_000010919599_08286.png,raw\images\species_04\fish_000010919599_08286.png,fish_000010919599_08286.png,4,Amphiprion clarkii,Yellowtail clownfish,Pomacentridae,10919599,8286,71,67,1.06,3,RGB,PNG,8467,59bcb7c41f31772a19ab4f3d7deff8f7,False,train
R:\PP\Marine-Intelligence-Platform\marine-species-identification\data\raw\images\species_04\fish_000010919599_08287.png,raw\images\species_04\fish_000010919599_08287.png,fish_000010919599_08287.png,4,Amphiprion clarkii,Yellowtail clownfish,Pomacentridae,10919599,8287,87,71,1.225,3,RGB,PNG,10190,c2c7ee03368b7437d46083e907fb8ce1,False,train
R:\PP\Marine-Intelligence-Platform\marine-species-identification\data\raw\images\species_04\fish_000011529599_08300.png,raw\images\species_04\fish_000011529599_08300.png,fish_000011529599_08300.png,4,Amphiprion clarkii,Yellowtail clownfish,Pomacentridae,11529599,8300,80,83,0.964,3,RGB,PNG,15258,4703a510ed141769eee6b37a8306fe6a,False,train
R:\PP\Marine-Intelligence-Platform\marine-species-identification\data\raw\images\species_04\fish_000011529599_08301.png,raw\images\species_04\fish_000011529599_08301.png,fish_000011529599_08301.png,4,Amphiprion clarkii,Yellowtail clownfish,Pomacentridae,11529599,8301,95,85,1.118,3,RGB,PNG,18367,42b67d37f30fe0e2bff590105f6cb2a2,False,train
R:\PP\Marine-Intelligence-Platform\marine-species-identification\data\raw\images\species_04\fish_000011529599_08302.png,raw\images\species_04\fish_000011529599_08302.png,fish_000011529599_08302.png,4,Amphiprion clarkii,Yellowtail clownfish,Pomacentridae,11529599,8302,96,89,1.079,3,RGB,PNG,19212,19bb653f3ed9cde9a68013822db087f8,False,train
R:\PP\Marine-Intelligence-Platform\marine-species-identification\data\raw\images\species_04\fish_000011529599_08303.png,raw\images\species_04\fish_000011529599_08303.png,fish_000011529599_08303.png,4,Amphiprion clarkii,Yellowtail clownfish,Pomacentridae,11529599,8303,107,94,1.138,3,RGB,PNG,22260,c7d8063f6633c4998e5101fa294e08ba,False,train
R:\PP\Marine-Intelligence-Platform\marine-species-identification\data\raw\images\species_04\fish_000011529599_08304.png,raw\images\species_04\fish_000011529599_08304.png,fish_000011529599_08304.png,4,Amphiprion clarkii,Yellowtail clownfish,Pomacentridae,11529599,8304,107,95,1.126,3,RGB,PNG,22426,2198a90773e17b9e044d54e56bf2bf2f,False,train
R:\PP\Marine-Intelligence-Platform\marine-species-identification\data\raw\images\species_04\fish_000011529599_08305.png,raw\images\species_04\fish_000011529599_08305.png,fish_000011529599_08305.png,4,Amphiprion clarkii,Yellowtail clownfish,Pomacentridae,11529599,8305,143,113,1.265,3,RGB,PNG,34633,0999e8e237b5a596cd4b17ad871ca2c8,False,train
R:\PP\Marine-Intelligence-Platform\marine-species-identification\data\raw\images\species_04\fish_000011529599_08306.png,raw\images\species_04\fish_000011529599_08306.png,fish_000011529599_08306.png,4,Amphiprion clarkii,Yellowtail clownfish,Pomacentridae,11529599,8306,136,108,1.259,3,RGB,PNG,31490,2068c282e8f9c025cf446f241cd3949c,False,train
R:\PP\Marine-Intelligence-Platform\marine-species-identification\data\raw\images\species_04\fish_000011529599_08307.png,raw\images\species_04\fish_000011529599_08307.png,fish_000011529599_08307.png,4,Amphiprion clarkii,Yellowtail clownfish,Pomacentridae,11529599,8307,116,98,1.184,3,RGB,PNG,24862,616b5e0f99bc16d3d3418a53752da1bf,False,train
R:\PP\Marine-Intelligence-Platform\marine-species-identification\data\raw\images\species_04\fish_000011529599_08308.png,raw\images\species_04\fish_000011529599_08308.png,fish_000011529599_08308.png,4,Amphiprion clarkii,Yellowtail clownfish,Pomacentridae,11529599,8308,70,103,0.68,3,RGB,PNG,16351,406af11f45d7299c3ca7d162202b7d6c,False,train
R:\PP\Marine-Intelligence-Platform\marine-species-identification\data\raw\images\species_04\fish_000011529599_08309.png,raw\images\species_04\fish_000011529599_08309.png,fish_000011529599_08309.png,4,Amphiprion clarkii,Yellowtail clownfish,Pomacentridae,11529599,8309,83,111,0.748,3,RGB,PNG,19261,ba2221621e158ff033f8f3b51920a81f,False,train
R:\PP\Marine-Intelligence-Platform\marine-species-identification\data\raw\images\species_04\fish_000011529599_08310.png,raw\images\species_04\fish_000011529599_08310.png,fish_000011529599_08310.png,4,Amphiprion clarkii,Yellowtail clownfish,Pomacentridae,11529599,8310,82,96,0.854,3,RGB,PNG,15776,735b39532d7affd81089d5a0b10939ff,False,train
R:\PP\Marine-Intelligence-Platform\marine-species-identification\data\raw\images\species_04\fish_000011529599_08311.png,raw\images\species_04\fish_000011529599_08311.png,fish_000011529599_08311.png,4,Amphiprion clarkii,Yellowtail clownfish,Pomacentridae,11529599,8311,84,96,0.875,3,RGB,PNG,15909,369a4db41c8f04090a9bcd7ff8c5a079,False,train
R:\PP\Marine-Intelligence-Platform\marine-species-identification\data\raw\images\species_04\fish_000011529599_08312.png,raw\images\species_04\fish_000011529599_08312.png,fish_000011529599_08312.png,4,Amphiprion clarkii,Yellowtail clownfish,Pomacentridae,11529599,8312,79,103,0.767,3,RGB,PNG,16231,84d398a340b7543ff50870dd5fdfd4fb,False,train
R:\PP\Marine-Intelligence-Platform\marine-species-identification\data\raw\images\species_04\fish_000011529599_08313.png,raw\images\species_04\fish_000011529599_08313.png,fish_000011529599_08313.png,4,Amphiprion clarkii,Yellowtail clownfish,Pomacentridae,11529599,8313,82,103,0.796,3,RGB,PNG,16780,e5f4f96a0c6155db049e0905eb6731b7,False,train
R:\PP\Marine-Intelligence-Platform\marine-species-identification\data\raw\images\species_04\fish_000011529599_08314.png,raw\images\species_04\fish_000011529599_08314.png,fish_000011529599_08314.png,4,Amphiprion clarkii,Yellowtail clownfish,Pomacentridae,11529599,8314,84,104,0.808,3,RGB,PNG,16610,88d3605fe93c0adbaf19213de3fbc1e9,False,train
R:\PP\Marine-Intelligence-Platform\marine-species-identification\data\raw\images\species_04\fish_000011529599_08315.png,raw\images\species_04\fish_000011529599_08315.png,fish_000011529599_08315.png,4,Amphiprion clarkii,Yellowtail clownfish,Pomacentridae,11529599,8315,80,100,0.8,3,RGB,PNG,15236,d251b38f84c749c8d3a840bf0b769588,False,train
R:\PP\Marine-Intelligence-Platform\marine-species-identification\data\raw\images\species_04\fish_000011529599_08316.png,raw\images\species_04\fish_000011529599_08316.png,fish_000011529599_08316.png,4,Amphiprion clarkii,Yellowtail clownfish,Pomacentridae,11529599,8316,73,91,0.802,3,RGB,PNG,13045,e0e8e374c82e0a303337a14cd17302e2,False,train
R:\PP\Marine-Intelligence-Platform\marine-species-identification\data\raw\images\species_04\fish_000001099599_07804.png,raw\images\species_04\fish_000001099599_07804.png,fish_000001099599_07804.png,4,Amphiprion clarkii,Yellowtail clownfish,Pomacentridae,1099599,7804,159,142,1.12,3,RGB,PNG,42815,e2cdeeaab47ddf7411dcbdb4fc6454b7,False,train
R:\PP\Marine-Intelligence-Platform\marine-species-identification\data\raw\images\species_04\fish_000001099599_07805.png,raw\images\species_04\fish_000001099599_07805.png,fish_000001099599_07805.png,4,Amphiprion clarkii,Yellowtail clownfish,Pomacentridae,1099599,7805,172,152,1.132,3,RGB,PNG,48895,832af5f392e46db0f954be43250744d4,False,train
R:\PP\Marine-Intelligence-Platform\marine-species-identification\data\raw\images\species_04\fish_000001099599_07806.png,raw\images\species_04\fish_000001099599_07806.png,fish_000001099599_07806.png,4,Amphiprion clarkii,Yellowtail clownfish,Pomacentridae,1099599,7806,175,155,1.129,3,RGB,PNG,50215,6356f54ba872e342df64bc083201eeb5,False,train
R:\PP\Marine-Intelligence-Platform\marine-species-identification\data\raw\images\species_04\fish_000001099599_07807.png,raw\images\species_04\fish_000001099599_07807.png,fish_000001099599_07807.png,4,Amphiprion clarkii,Yellowtail clownfish,Pomacentridae,1099599,7807,188,168,1.119,3,RGB,PNG,58439,e6ae9e062fc550a66a5b4aeb7b86867f,False,train
R:\PP\Marine-Intelligence-Platform\marine-species-identification\data\raw\images\species_04\fish_000001099599_07808.png,raw\images\species_04\fish_000001099599_07808.png,fish_000001099599_07808.png,4,Amphiprion clarkii,Yellowtail clownfish,Pomacentridae,1099599,7808,187,177,1.056,3,RGB,PNG,57771,95b7bc1fdd9249e0ed180e3ee2ae6d50,False,train
R:\PP\Marine-Intelligence-Platform\marine-species-identification\data\raw\images\species_04\fish_000001099599_07809.png,raw\images\species_04\fish_000001099599_07809.png,fish_000001099599_07809.png,4,Amphiprion clarkii,Yellowtail clownfish,Pomacentridae,1099599,7809,203,186,1.091,3,RGB,PNG,62707,2e0544749d0a040a8bcafd8c9505dd5e,False,train
R:\PP\Marine-Intelligence-Platform\marine-species-identification\data\raw\images\species_04\fish_000001099599_07810.png,raw\images\species_04\fish_000001099599_07810.png,fish_000001099599_07810.png,4,Amphiprion clarkii,Yellowtail clownfish,Pomacentridae,1099599,7810,231,203,1.138,3,RGB,PNG,71109,2cb79dd629f37c5bb53a0ae69a34788a,False,train
R:\PP\Marine-Intelligence-Platform\marine-species-identification\data\raw\images\species_04\fish_000001099599_07811.png,raw\images\species_04\fish_000001099599_07811.png,fish_000001099599_07811.png,4,Amphiprion clarkii,Yellowtail clownfish,Pomacentridae,1099599,7811,211,188,1.122,3,RGB,PNG,67414,d4ac28d2f8259e3630cc5ffeaba34444,False,train
R:\PP\Marine-Intelligence-Platform\marine-species-identification\data\raw\images\species_04\fish_000001099599_07812.png,raw\images\species_04\fish_000001099599_07812.png,fish_000001099599_07812.png,4,Amphiprion clarkii,Yellowtail clownfish,Pomacentridae,1099599,7812,163,167,0.976,3,RGB,PNG,52195,89638154d51af19f2dceca8783f5e450,False,train
R:\PP\Marine-Intelligence-Platform\marine-species-identification\data\raw\images\species_04\fish_000001099599_07813.png,raw\images\species_04\fish_000001099599_07813.png,fish_000001099599_07813.png,4,Amphiprion clarkii,Yellowtail clownfish,Pomacentridae,1099599,7813,168,172,0.977,3,RGB,PNG,57245,c677a666ca3882efa6f6de69088c5116,False,train
R:\PP\Marine-Intelligence-Platform\marine-species-identification\data\raw\images\species_04\fish_000001099599_07814.png,raw\images\species_04\fish_000001099599_07814.png,fish_000001099599_07814.png,4,Amphiprion clarkii,Yellowtail clownfish,Pomacentridae,1099599,7814,143,148,0.966,3,RGB,PNG,51106,89bee82acaedd170eab933ebd50d2ec0,False,train
R:\PP\Marine-Intelligence-Platform\marine-species-identification\data\raw\images\species_04\fish_000001099599_07815.png,raw\images\species_04\fish_000001099599_07815.png,fish_000001099599_07815.png,4,Amphiprion clarkii,Yellowtail clownfish,Pomacentridae,1099599,7815,98,115,0.852,3,RGB,PNG,22815,93fa3db5be3fd6fe201ed3597e415ef6,False,train
R:\PP\Marine-Intelligence-Platform\marine-species-identification\data\raw\images\species_04\fish_000001099599_07816.png,raw\images\species_04\fish_000001099599_07816.png,fish_000001099599_07816.png,4,Amphiprion clarkii,Yellowtail clownfish,Pomacentridae,1099599,7816,107,100,1.07,3,RGB,PNG,21352,d093cfe97556c2a7e55e701d3f6d310e,False,train
R:\PP\Marine-Intelligence-Platform\marine-species-identification\data\raw\images\species_04\fish_000001099599_07817.png,raw\images\species_04\fish_000001099599_07817.png,fish_000001099599_07817.png,4,Amphiprion clarkii,Yellowtail clownfish,Pomacentridae,1099599,7817,123,114,1.079,3,RGB,PNG,25250,77916b11c10033e1433a416cf7a9b66d,False,train
R:\PP\Marine-Intelligence-Platform\marine-species-identification\data\raw\images\species_04\fish_000001099599_07818.png,raw\images\species_04\fish_000001099599_07818.png,fish_000001099599_07818.png,4,Amphiprion clarkii,Yellowtail clownfish,Pomacentridae,1099599,7818,115,91,1.264,3,RGB,PNG,15126,9c80fab16d2ca652c88a57c4102a4993,False,train
R:\PP\Marine-Intelligence-Platform\marine-species-identification\data\raw\images\species_04\fish_000001099599_07819.png,raw\images\species_04\fish_000001099599_07819.png,fish_000001099599_07819.png,4,Amphiprion clarkii,Yellowtail clownfish,Pomacentridae,1099599,7819,87,77,1.13,3,RGB,PNG,11034,2f2c20fb47eeae2105f528a7c6372f0e,False,train
R:\PP\Marine-Intelligence-Platform\marine-species-identification\data\raw\images\species_04\fish_000001099599_07820.png,raw\images\species_04\fish_000001099599_07820.png,fish_000001099599_07820.png,4,Amphiprion clarkii,Yellowtail clownfish,Pomacentridae,1099599,7820,92,80,1.15,3,RGB,PNG,11420,79cee612df622ecfa21a5a779b64e751,False,train
R:\PP\Marine-Intelligence-Platform\marine-species-identification\data\raw\images\species_04\fish_000001099599_07821.png,raw\images\species_04\fish_000001099599_07821.png,fish_000001099599_07821.png,4,Amphiprion clarkii,Yellowtail clownfish,Pomacentridae,1099599,7821,88,80,1.1,3,RGB,PNG,11274,92dc63953e67d34483d9fd2cd78bf7aa,False,train
R:\PP\Marine-Intelligence-Platform\marine-species-identification\data\raw\images\species_04\fish_000001099599_07822.png,raw\images\species_04\fish_000001099599_07822.png,fish_000001099599_07822.png,4,Amphiprion clarkii,Yellowtail clownfish,Pomacentridae,1099599,7822,68,79,0.861,3,RGB,PNG,8740,0b16e6613fd0dc1060a6a9fac1a6b643,False,train
R:\PP\Marine-Intelligence-Platform\marine-species-identification\data\raw\images\species_04\fish_000001099599_07823.png,raw\images\species_04\fish_000001099599_07823.png,fish_000001099599_07823.png,4,Amphiprion clarkii,Yellowtail clownfish,Pomacentridae,1099599,7823,66,75,0.88,3,RGB,PNG,8308,36b70c35fd2114fe1f7f9d65fa65180b,False,train
R:\PP\Marine-Intelligence-Platform\marine-species-identification\data\raw\images\species_04\fish_000001099599_07824.png,raw\images\species_04\fish_000001099599_07824.png,fish_000001099599_07824.png,4,Amphiprion clarkii,Yellowtail clownfish,Pomacentridae,1099599,7824,75,75,1.0,3,RGB,PNG,9646,0c654f8a3dbb541d3b65fc5ef0f1193f,False,train
R:\PP\Marine-Intelligence-Platform\marine-species-identification\data\raw\images\species_04\fish_000001099599_07825.png,raw\images\species_04\fish_000001099599_07825.png,fish_000001099599_07825.png,4,Amphiprion clarkii,Yellowtail clownfish,Pomacentridae,1099599,7825,80,84,0.952,3,RGB,PNG,10156,5ccff4a13c227c3834536e598614de93,False,train
R:\PP\Marine-Intelligence-Platform\marine-species-identification\data\raw\images\species_04\fish_000001099599_07826.png,raw\images\species_04\fish_000001099599_07826.png,fish_000001099599_07826.png,4,Amphiprion clarkii,Yellowtail clownfish,Pomacentridae,1099599,7826,96,92,1.043,3,RGB,PNG,14210,40a6c09d13e8b3e6ef2799b526fd0983,False,train
R:\PP\Marine-Intelligence-Platform\marine-species-identification\data\raw\images\species_04\fish_000001099599_07827.png,raw\images\species_04\fish_000001099599_07827.png,fish_000001099599_07827.png,4,Amphiprion clarkii,Yellowtail clownfish,Pomacentridae,1099599,7827,92,87,1.057,3,RGB,PNG,15213,49dc05acd96b0bcccd30df304236e501,False,train
R:\PP\Marine-Intelligence-Platform\marine-species-identification\data\raw\images\species_04\fish_000001099599_07828.png,raw\images\species_04\fish_000001099599_07828.png,fish_000001099599_07828.png,4,Amphiprion clarkii,Yellowtail clownfish,Pomacentridae,1099599,7828,103,95,1.084,3,RGB,PNG,18819,cd9e6a43ebe17099a49aeefe5607e6f3,False,train
R:\PP\Marine-Intelligence-Platform\marine-species-identification\data\raw\images\species_04\fish_000001099599_07829.png,raw\images\species_04\fish_000001099599_07829.png,fish_000001099599_07829.png,4,Amphiprion clarkii,Yellowtail clownfish,Pomacentridae,1099599,7829,103,96,1.073,3,RGB,PNG,19622,39283497824a8f81b304b89f1d31aae2,False,train
R:\PP\Marine-Intelligence-Platform\marine-species-identification\data\raw\images\species_04\fish_000001099599_07830.png,raw\images\species_04\fish_000001099599_07830.png,fish_000001099599_07830.png,4,Amphiprion clarkii,Yellowtail clownfish,Pomacentridae,1099599,7830,96,89,1.079,3,RGB,PNG,17167,4b788f97eb9d553e49f9b542b442f31f,False,train
R:\PP\Marine-Intelligence-Platform\marine-species-identification\data\raw\images\species_04\fish_000001099599_07831.png,raw\images\species_04\fish_000001099599_07831.png,fish_000001099599_07831.png,4,Amphiprion clarkii,Yellowtail clownfish,Pomacentridae,1099599,7831,84,83,1.012,3,RGB,PNG,13889,39a3fbf680c32a12273cc7e30e06f3d6,False,train
R:\PP\Marine-Intelligence-Platform\marine-species-identification\data\raw\images\species_04\fish_000001099599_07832.png,raw\images\species_04\fish_000001099599_07832.png,fish_000001099599_07832.png,4,Amphiprion clarkii,Yellowtail clownfish,Pomacentridae,1099599,7832,89,91,0.978,3,RGB,PNG,15694,b9ff6c1abbb16f1b6fdad7b04c9961ca,False,train
R:\PP\Marine-Intelligence-Platform\marine-species-identification\data\raw\images\species_04\fish_000001099599_07833.png,raw\images\species_04\fish_000001099599_07833.png,fish_000001099599_07833.png,4,Amphiprion clarkii,Yellowtail clownfish,Pomacentridae,1099599,7833,99,93,1.065,3,RGB,PNG,17838,c71d5718e99439ca9cc102f6420c0636,False,train
R:\PP\Marine-Intelligence-Platform\marine-species-identification\data\raw\images\species_04\fish_000001099599_07834.png,raw\images\species_04\fish_000001099599_07834.png,fish_000001099599_07834.png,4,Amphiprion clarkii,Yellowtail clownfish,Pomacentridae,1099599,7834,103,95,1.084,3,RGB,PNG,18320,4f2e05b632407deab890081848606e22,False,train
R:\PP\Marine-Intelligence-Platform\marine-species-identification\data\raw\images\species_04\fish_000001099599_07835.png,raw\images\species_04\fish_000001099599_07835.png,fish_000001099599_07835.png,4,Amphiprion clarkii,Yellowtail clownfish,Pomacentridae,1099599,7835,88,83,1.06,3,RGB,PNG,12895,2d27bee9ea675a28b0548b27bc06ccd1,False,train
R:\PP\Marine-Intelligence-Platform\marine-species-identification\data\raw\images\species_04\fish_000001099599_07836.png,raw\images\species_04\fish_000001099599_07836.png,fish_000001099599_07836.png,4,Amphiprion clarkii,Yellowtail clownfish,Pomacentridae,1099599,7836,87,84,1.036,3,RGB,PNG,11640,28258269d934a8573ad37dbff992724d,False,train
R:\PP\Marine-Intelligence-Platform\marine-species-identification\data\raw\images\species_04\fish_000001099599_07837.png,raw\images\species_04\fish_000001099599_07837.png,fish_000001099599_07837.png,4,Amphiprion clarkii,Yellowtail clownfish,Pomacentridae,1099599,7837,78,83,0.94,3,RGB,PNG,9517,fe970a1b68a47c4587ba4c78a2d57eae,False,train
R:\PP\Marine-Intelligence-Platform\marine-species-identification\data\raw\images\species_04\fish_000001099599_07838.png,raw\images\species_04\fish_000001099599_07838.png,fish_000001099599_07838.png,4,Amphiprion clarkii,Yellowtail clownfish,Pomacentridae,1099599,7838,95,94,1.011,3,RGB,PNG,13058,b5cd2a67ffb0d5038f2506b82efd2032,False,train
R:\PP\Marine-Intelligence-Platform\marine-species-identification\data\raw\images\species_04\fish_000001099599_07839.png,raw\images\species_04\fish_000001099599_07839.png,fish_000001099599_07839.png,4,Amphiprion clarkii,Yellowtail clownfish,Pomacentridae,1099599,7839,99,96,1.031,3,RGB,PNG,14664,e8faebe0dbad5817c33f59ff184e7e0b,False,train
R:\PP\Marine-Intelligence-Platform\marine-species-identification\data\raw\images\species_04\fish_000001099599_07840.png,raw\images\species_04\fish_000001099599_07840.png,fish_000001099599_07840.png,4,Amphiprion clarkii,Yellowtail clownfish,Pomacentridae,1099599,7840,85,95,0.895,3,RGB,PNG,11769,40cfc084763e4a55e9cc7a0cdd60fea7,False,train
R:\PP\Marine-Intelligence-Platform\marine-species-identification\data\raw\images\species_04\fish_000001099599_07841.png,raw\images\species_04\fish_000001099599_07841.png,fish_000001099599_07841.png,4,Amphiprion clarkii,Yellowtail clownfish,Pomacentridae,1099599,7841,88,92,0.957,3,RGB,PNG,12345,8c78b2ae33fb38158af50c5d506e84f1,False,train
R:\PP\Marine-Intelligence-Platform\marine-species-identification\data\raw\images\species_04\fish_000001099599_07842.png,raw\images\species_04\fish_000001099599_07842.png,fish_000001099599_07842.png,4,Amphiprion clarkii,Yellowtail clownfish,Pomacentridae,1099599,7842,91,96,0.948,3,RGB,PNG,12538,30269d28903d553625072b7f1ea8d70e,False,train
R:\PP\Marine-Intelligence-Platform\marine-species-identification\data\raw\images\species_04\fish_000001099599_07843.png,raw\images\species_04\fish_000001099599_07843.png,fish_000001099599_07843.png,4,Amphiprion clarkii,Yellowtail clownfish,Pomacentridae,1099599,7843,86,95,0.905,3,RGB,PNG,11944,0f9916cf1a963f778f1ad373a0266106,False,train
R:\PP\Marine-Intelligence-Platform\marine-species-identification\data\raw\images\species_04\fish_000001099599_07844.png,raw\images\species_04\fish_000001099599_07844.png,fish_000001099599_07844.png,4,Amphiprion clarkii,Yellowtail clownfish,Pomacentridae,1099599,7844,80,91,0.879,3,RGB,PNG,8398,e6e7ac65b5291c7877d45eae620c0764,False,train
R:\PP\Marine-Intelligence-Platform\marine-species-identification\data\raw\images\species_04\fish_000001099599_07845.png,raw\images\species_04\fish_000001099599_07845.png,fish_000001099599_07845.png,4,Amphiprion clarkii,Yellowtail clownfish,Pomacentridae,1099599,7845,112,94,1.191,3,RGB,PNG,10309,99d4db89a1b08be7390a489b69b0d8c6,False,train
R:\PP\Marine-Intelligence-Platform\marine-species-identification\data\raw\images\species_04\fish_000010909599_08280.png,raw\images\species_04\fish_000010909599_08280.png,fish_000010909599_08280.png,4,Amphiprion clarkii,Yellowtail clownfish,Pomacentridae,10909599,8280,84,73,1.151,3,RGB,PNG,13434,26ed6d7e5ea8347c0bb409c335fa735f,False,train
R:\PP\Marine-Intelligence-Platform\marine-species-identification\data\raw\images\species_04\fish_000005069598_05380.png,raw\images\species_04\fish_000005069598_05380.png,fish_000005069598_05380.png,4,Amphiprion clarkii,Yellowtail clownfish,Pomacentridae,5069598,5380,54,64,0.844,3,RGB,PNG,3967,bc33141fdbe147611261a4fbaebd7643,False,train
R:\PP\Marine-Intelligence-Platform\marine-species-identification\data\raw\images\species_04\fish_000005069598_05381.png,raw\images\species_04\fish_000005069598_05381.png,fish_000005069598_05381.png,4,Amphiprion clarkii,Yellowtail clownfish,Pomacentridae,5069598,5381,63,63,1.0,3,RGB,PNG,4347,b4ce184da5ce4d599f4fa5396136251e,False,train
R:\PP\Marine-Intelligence-Platform\marine-species-identification\data\raw\images\species_04\fish_000005069598_05387.png,raw\images\species_04\fish_000005069598_05387.png,fish_000005069598_05387.png,4,Amphiprion clarkii,Yellowtail clownfish,Pomacentridae,5069598,5387,71,66,1.076,3,RGB,PNG,5058,1faf7f74d4bb4b339e845441b518bb10,False,train
R:\PP\Marine-Intelligence-Platform\marine-species-identification\data\raw\images\species_04\fish_000005069598_05389.png,raw\images\species_04\fish_000005069598_05389.png,fish_000005069598_05389.png,4,Amphiprion clarkii,Yellowtail clownfish,Pomacentridae,5069598,5389,75,71,1.056,3,RGB,PNG,5595,72da1a1788862041487f744a310587c3,False,train
R:\PP\Marine-Intelligence-Platform\marine-species-identification\data\raw\images\species_04\fish_000005069598_05393.png,raw\images\species_04\fish_000005069598_05393.png,fish_000005069598_05393.png,4,Amphiprion clarkii,Yellowtail clownfish,Pomacentridae,5069598,5393,75,70,1.071,3,RGB,PNG,5233,a40f621d884680201ccce53b8901a79b,False,train
R:\PP\Marine-Intelligence-Platform\marine-species-identification\data\raw\images\species_04\fish_000008919599_08165.png,raw\images\species_04\fish_000008919599_08165.png,fish_000008919599_08165.png,4,Amphiprion clarkii,Yellowtail clownfish,Pomacentridae,8919599,8165,115,96,1.198,3,RGB,PNG,15609,70fc590d0623f889684540dadf21f766,False,train
R:\PP\Marine-Intelligence-Platform\marine-species-identification\data\raw\images\species_04\fish_000008919599_08166.png,raw\images\species_04\fish_000008919599_08166.png,fish_000008919599_08166.png,4,Amphiprion clarkii,Yellowtail clownfish,Pomacentridae,8919599,8166,119,100,1.19,3,RGB,PNG,17958,91d068cb883a2954b7b759e9dc844210,False,train
R:\PP\Marine-Intelligence-Platform\marine-species-identification\data\raw\images\species_04\fish_000008919599_08167.png,raw\images\species_04\fish_000008919599_08167.png,fish_000008919599_08167.png,4,Amphiprion clarkii,Yellowtail clownfish,Pomacentridae,8919599,8167,119,94,1.266,3,RGB,PNG,16751,e72bfa68b8951bcdbcc221530cbdc8df,False,train
R:\PP\Marine-Intelligence-Platform\marine-species-identification\data\raw\images\species_04\fish_000008919599_08168.png,raw\images\species_04\fish_000008919599_08168.png,fish_000008919599_08168.png,4,Amphiprion clarkii,Yellowtail clownfish,Pomacentridae,8919599,8168,108,86,1.256,3,RGB,PNG,15970,f074bab19c705142255b982ab1ac636f,False,train
R:\PP\Marine-Intelligence-Platform\marine-species-identification\data\raw\images\species_04\fish_000008919599_08169.png,raw\images\species_04\fish_000008919599_08169.png,fish_000008919599_08169.png,4,Amphiprion clarkii,Yellowtail clownfish,Pomacentridae,8919599,8169,107,91,1.176,3,RGB,PNG,16265,f27cffa225019310d435e22a569c62ac,False,train
R:\PP\Marine-Intelligence-Platform\marine-species-identification\data\raw\images\species_04\fish_000008919599_08170.png,raw\images\species_04\fish_000008919599_08170.png,fish_000008919599_08170.png,4,Amphiprion clarkii,Yellowtail clownfish,Pomacentridae,8919599,8170,88,83,1.06,3,RGB,PNG,12611,08d867713aab1860e53a12ee66877db4,False,train
R:\PP\Marine-Intelligence-Platform\marine-species-identification\data\raw\images\species_04\fish_000008919599_08171.png,raw\images\species_04\fish_000008919599_08171.png,fish_000008919599_08171.png,4,Amphiprion clarkii,Yellowtail clownfish,Pomacentridae,8919599,8171,96,91,1.055,3,RGB,PNG,14596,82664e6f3d70e4a43bb9970e245c62bd,False,train
R:\PP\Marine-Intelligence-Platform\marine-species-identification\data\raw\images\species_04\fish_000008919599_08172.png,raw\images\species_04\fish_000008919599_08172.png,fish_000008919599_08172.png,4,Amphiprion clarkii,Yellowtail clownfish,Pomacentridae,8919599,8172,124,102,1.216,3,RGB,PNG,20723,b82a2c7ef56d74a5c7aaedebd967fa2f,False,train
R:\PP\Marine-Intelligence-Platform\marine-species-identification\data\raw\images\species_04\fish_000008919599_08173.png,raw\images\species_04\fish_000008919599_08173.png,fish_000008919599_08173.png,4,Amphiprion clarkii,Yellowtail clownfish,Pomacentridae,8919599,8173,120,95,1.263,3,RGB,PNG,18812,7c97fd060c1aa919d60cf49c84ced0a3,False,train
R:\PP\Marine-Intelligence-Platform\marine-species-identification\data\raw\images\species_04\fish_000008919599_08174.png,raw\images\species_04\fish_000008919599_08174.png,fish_000008919599_08174.png,4,Amphiprion clarkii,Yellowtail clownfish,Pomacentridae,8919599,8174,124,98,1.265,3,RGB,PNG,21037,0740dc99392c2eb3d88060fe1abb6167,False,train
R:\PP\Marine-Intelligence-Platform\marine-species-identification\data\raw\images\species_04\fish_000008919599_08175.png,raw\images\species_04\fish_000008919599_08175.png,fish_000008919599_08175.png,4,Amphiprion clarkii,Yellowtail clownfish,Pomacentridae,8919599,8175,119,95,1.253,3,RGB,PNG,22114,972c691435f36f24fa0719d0bd0198ec,False,train
R:\PP\Marine-Intelligence-Platform\marine-species-identification\data\raw\images\species_04\fish_000008919599_08176.png,raw\images\species_04\fish_000008919599_08176.png,fish_000008919599_08176.png,4,Amphiprion clarkii,Yellowtail clownfish,Pomacentridae,8919599,8176,83,65,1.277,3,RGB,PNG,11696,a6fd65709f14407ec995540abd3fd58e,False,train
R:\PP\Marine-Intelligence-Platform\marine-species-identification\data\raw\images\species_04\fish_000008919599_08177.png,raw\images\species_04\fish_000008919599_08177.png,fish_000008919599_08177.png,4,Amphiprion clarkii,Yellowtail clownfish,Pomacentridae,8919599,8177,76,70,1.086,3,RGB,PNG,11219,37a140e0e84d2bcebd99b7f4514ac0d9,False,train
R:\PP\Marine-Intelligence-Platform\marine-species-identification\data\raw\images\species_04\fish_000008919599_08178.png,raw\images\species_04\fish_000008919599_08178.png,fish_000008919599_08178.png,4,Amphiprion clarkii,Yellowtail clownfish,Pomacentridae,8919599,8178,88,78,1.128,3,RGB,PNG,12904,e6089f8e2a63b2f7099edbe562a8a4cb,False,train
R:\PP\Marine-Intelligence-Platform\marine-species-identification\data\raw\images\species_04\fish_000008919599_08179.png,raw\images\species_04\fish_000008919599_08179.png,fish_000008919599_08179.png,4,Amphiprion clarkii,Yellowtail clownfish,Pomacentridae,8919599,8179,103,95,1.084,3,RGB,PNG,18247,93a6f0e0dabc8c9d83dc48cdd128a1e9,False,train
R:\PP\Marine-Intelligence-Platform\marine-species-identification\data\raw\images\species_04\fish_000008919599_08180.png,raw\images\species_04\fish_000008919599_08180.png,fish_000008919599_08180.png,4,Amphiprion clarkii,Yellowtail clownfish,Pomacentridae,8919599,8180,107,97,1.103,3,RGB,PNG,19085,6bfc1eb12780d78f237dfd9846fdcd79,False,train
R:\PP\Marine-Intelligence-Platform\marine-species-identification\data\raw\images\species_04\fish_000008919599_08181.png,raw\images\species_04\fish_000008919599_08181.png,fish_000008919599_08181.png,4,Amphiprion clarkii,Yellowtail clownfish,Pomacentridae,8919599,8181,120,106,1.132,3,RGB,PNG,23097,79055bd8c951e0b9d0cc51307c826233,False,train
R:\PP\Marine-Intelligence-Platform\marine-species-identification\data\raw\images\species_04\fish_000008919599_08182.png,raw\images\species_04\fish_000008919599_08182.png,fish_000008919599_08182.png,4,Amphiprion clarkii,Yellowtail clownfish,Pomacentridae,8919599,8182,127,109,1.165,3,RGB,PNG,25008,aa0b412b835a3b8df733b32273f9ed67,False,train
R:\PP\Marine-Intelligence-Platform\marine-species-identification\data\raw\images\species_04\fish_000008919599_08183.png,raw\images\species_04\fish_000008919599_08183.png,fish_000008919599_08183.png,4,Amphiprion clarkii,Yellowtail clownfish,Pomacentridae,8919599,8183,124,108,1.148,3,RGB,PNG,24640,87442084c6c00f91ef86edee532849cb,False,train
R:\PP\Marine-Intelligence-Platform\marine-species-identification\data\raw\images\species_04\fish_000008919599_08184.png,raw\images\species_04\fish_000008919599_08184.png,fish_000008919599_08184.png,4,Amphiprion clarkii,Yellowtail clownfish,Pomacentridae,8919599,8184,119,102,1.167,3,RGB,PNG,22274,dbb7a122aa52b1e1c9284fc9aa4b0e42,False,train
R:\PP\Marine-Intelligence-Platform\marine-species-identification\data\raw\images\species_04\fish_000008919599_08185.png,raw\images\species_04\fish_000008919599_08185.png,fish_000008919599_08185.png,4,Amphiprion clarkii,Yellowtail clownfish,Pomacentridae,8919599,8185,111,100,1.11,3,RGB,PNG,21122,465c225fb0cd2257a196156827228075,False,train
R:\PP\Marine-Intelligence-Platform\marine-species-identification\data\raw\images\species_04\fish_000008919599_08186.png,raw\images\species_04\fish_000008919599_08186.png,fish_000008919599_08186.png,4,Amphiprion clarkii,Yellowtail clownfish,Pomacentridae,8919599,8186,104,98,1.061,3,RGB,PNG,20544,05750e5d2b0761d1dd43e2384493f8a6,False,train
R:\PP\Marine-Intelligence-Platform\marine-species-identification\data\raw\images\species_04\fish_000008919599_08187.png,raw\images\species_04\fish_000008919599_08187.png,fish_000008919599_08187.png,4,Amphiprion clarkii,Yellowtail clownfish,Pomacentridae,8919599,8187,104,97,1.072,3,RGB,PNG,20011,831fa9277dcc862634e0e7432f39cf7f,False,train
R:\PP\Marine-Intelligence-Platform\marine-species-identification\data\raw\images\species_04\fish_000008919599_08188.png,raw\images\species_04\fish_000008919599_08188.png,fish_000008919599_08188.png,4,Amphiprion clarkii,Yellowtail clownfish,Pomacentridae,8919599,8188,97,99,0.98,3,RGB,PNG,19410,aeca3fe2b14cfca42dd4ea31c18a3243,False,train
R:\PP\Marine-Intelligence-Platform\marine-species-identification\data\raw\images\species_04\fish_000008919599_08189.png,raw\images\species_04\fish_000008919599_08189.png,fish_000008919599_08189.png,4,Amphiprion clarkii,Yellowtail clownfish,Pomacentridae,8919599,8189,96,95,1.011,3,RGB,PNG,18162,e3e2e964e49beaf5d594a1be220c37e5,False,train
R:\PP\Marine-Intelligence-Platform\marine-species-identification\data\raw\images\species_04\fish_000008919599_08190.png,raw\images\species_04\fish_000008919599_08190.png,fish_000008919599_08190.png,4,Amphiprion clarkii,Yellowtail clownfish,Pomacentridae,8919599,8190,104,100,1.04,3,RGB,PNG,20006,65afd3e94bf382a69d07dbf0080fe43c,False,train
R:\PP\Marine-Intelligence-Platform\marine-species-identification\data\raw\images\species_04\fish_000008919599_08191.png,raw\images\species_04\fish_000008919599_08191.png,fish_000008919599_08191.png,4,Amphiprion clarkii,Yellowtail clownfish,Pomacentridae,8919599,8191,123,116,1.06,3,RGB,PNG,25783,aa68497258020fe38617354fa49e73ea,False,train
R:\PP\Marine-Intelligence-Platform\marine-species-identification\data\raw\images\species_04\fish_000008919599_08192.png,raw\images\species_04\fish_000008919599_08192.png,fish_000008919599_08192.png,4,Amphiprion clarkii,Yellowtail clownfish,Pomacentridae,8919599,8192,124,114,1.088,3,RGB,PNG,25862,67414b215ad5261842493876e5b213f5,False,train
R:\PP\Marine-Intelligence-Platform\marine-species-identification\data\raw\images\species_04\fish_000008919599_08193.png,raw\images\species_04\fish_000008919599_08193.png,fish_000008919599_08193.png,4,Amphiprion clarkii,Yellowtail clownfish,Pomacentridae,8919599,8193,124,115,1.078,3,RGB,PNG,25746,82a7a4f504e2b3341b769eea67a1b947,False,train
R:\PP\Marine-Intelligence-Platform\marine-species-identification\data\raw\images\species_04\fish_000008919599_08194.png,raw\images\species_04\fish_000008919599_08194.png,fish_000008919599_08194.png,4,Amphiprion clarkii,Yellowtail clownfish,Pomacentridae,8919599,8194,119,114,1.044,3,RGB,PNG,24281,4a3d34fbe98120570ebcedcc1f1a934c,False,train
R:\PP\Marine-Intelligence-Platform\marine-species-identification\data\raw\images\species_04\fish_000008919599_08195.png,raw\images\species_04\fish_000008919599_08195.png,fish_000008919599_08195.png,4,Amphiprion clarkii,Yellowtail clownfish,Pomacentridae,8919599,8195,120,115,1.043,3,RGB,PNG,25216,efcfc533163f4a966c88e2de6b5ea723,False,train
R:\PP\Marine-Intelligence-Platform\marine-species-identification\data\raw\images\species_04\fish_000008919599_08196.png,raw\images\species_04\fish_000008919599_08196.png,fish_000008919599_08196.png,4,Amphiprion clarkii,Yellowtail clownfish,Pomacentridae,8919599,8196,120,114,1.053,3,RGB,PNG,25267,8b71b43d0ec7ab3c33ce44e62c0c22ba,False,train
R:\PP\Marine-Intelligence-Platform\marine-species-identification\data\raw\images\species_04\fish_000008919599_08197.png,raw\images\species_04\fish_000008919599_08197.png,fish_000008919599_08197.png,4,Amphiprion clarkii,Yellowtail clownfish,Pomacentridae,8919599,8197,108,104,1.038,3,RGB,PNG,21465,8e7a12253f638923b330ee2497d2bafa,False,train
R:\PP\Marine-Intelligence-Platform\marine-species-identification\data\raw\images\species_04\fish_000008919599_08198.png,raw\images\species_04\fish_000008919599_08198.png,fish_000008919599_08198.png,4,Amphiprion clarkii,Yellowtail clownfish,Pomacentridae,8919599,8198,103,104,0.99,3,RGB,PNG,21398,84fa4e183f7b5e8d3f2d3b4939051040,False,train
R:\PP\Marine-Intelligence-Platform\marine-species-identification\data\raw\images\species_04\fish_000008919599_08199.png,raw\images\species_04\fish_000008919599_08199.png,fish_000008919599_08199.png,4,Amphiprion clarkii,Yellowtail clownfish,Pomacentridae,8919599,8199,83,88,0.943,3,RGB,PNG,15186,0721bc10afa390ec025a04d86fb6122b,False,train
R:\PP\Marine-Intelligence-Platform\marine-species-identification\data\raw\images\species_04\fish_000008919599_08200.png,raw\images\species_04\fish_000008919599_08200.png,fish_000008919599_08200.png,4,Amphiprion clarkii,Yellowtail clownfish,Pomacentridae,8919599,8200,75,99,0.758,3,RGB,PNG,15371,cb77df8ae885124ca95becbb0741395e,False,train
R:\PP\Marine-Intelligence-Platform\marine-species-identification\data\raw\images\species_04\fish_000008919599_08201.png,raw\images\species_04\fish_000008919599_08201.png,fish_000008919599_08201.png,4,Amphiprion clarkii,Yellowtail clownfish,Pomacentridae,8919599,8201,84,103,0.816,3,RGB,PNG,15097,a106bff49bc047c47ef71dc8059a05ed,False,train
R:\PP\Marine-Intelligence-Platform\marine-species-identification\data\raw\images\species_04\fish_000008919599_08202.png,raw\images\species_04\fish_000008919599_08202.png,fish_000008919599_08202.png,4,Amphiprion clarkii,Yellowtail clownfish,Pomacentridae,8919599,8202,84,99,0.848,3,RGB,PNG,15428,7ba4afe544e80e617b2e0b09ca3abcb5,False,train
R:\PP\Marine-Intelligence-Platform\marine-species-identification\data\raw\images\species_04\fish_000008919599_08203.png,raw\images\species_04\fish_000008919599_08203.png,fish_000008919599_08203.png,4,Amphiprion clarkii,Yellowtail clownfish,Pomacentridae,8919599,8203,89,95,0.937,3,RGB,PNG,15739,7bdd6a7a678f6ef1bb5e522bbb0b65ce,False,train
R:\PP\Marine-Intelligence-Platform\marine-species-identification\data\raw\images\species_04\fish_000008919599_08204.png,raw\images\species_04\fish_000008919599_08204.png,fish_000008919599_08204.png,4,Amphiprion clarkii,Yellowtail clownfish,Pomacentridae,8919599,8204,91,96,0.948,3,RGB,PNG,16748,9dbd3fea81ba72d1b0d70cb6e06358fe,False,train
R:\PP\Marine-Intelligence-Platform\marine-species-identification\data\raw\images\species_04\fish_000008919599_08205.png,raw\images\species_04\fish_000008919599_08205.png,fish_000008919599_08205.png,4,Amphiprion clarkii,Yellowtail clownfish,Pomacentridae,8919599,8205,94,99,0.949,3,RGB,PNG,17780,3d5179e79a5870998d656124270bab80,False,train
R:\PP\Marine-Intelligence-Platform\marine-species-identification\data\raw\images\species_04\fish_000008919599_08206.png,raw\images\species_04\fish_000008919599_08206.png,fish_000008919599_08206.png,4,Amphiprion clarkii,Yellowtail clownfish,Pomacentridae,8919599,8206,94,99,0.949,3,RGB,PNG,17634,749c47cf202bea7ebb553f74c7a6c115,False,train
R:\PP\Marine-Intelligence-Platform\marine-species-identification\data\raw\images\species_04\fish_000008919599_08207.png,raw\images\species_04\fish_000008919599_08207.png,fish_000008919599_08207.png,4,Amphiprion clarkii,Yellowtail clownfish,Pomacentridae,8919599,8207,95,100,0.95,3,RGB,PNG,18112,73a6b05b9ea647feeb19f054f5366c40,False,train
R:\PP\Marine-Intelligence-Platform\marine-species-identification\data\raw\images\species_04\fish_000008919599_08208.png,raw\images\species_04\fish_000008919599_08208.png,fish_000008919599_08208.png,4,Amphiprion clarkii,Yellowtail clownfish,Pomacentridae,8919599,8208,115,111,1.036,3,RGB,PNG,23846,e6d7c39db60b99a0d39b30d6def39a6f,False,train
R:\PP\Marine-Intelligence-Platform\marine-species-identification\data\raw\images\species_04\fish_000008919599_08209.png,raw\images\species_04\fish_000008919599_08209.png,fish_000008919599_08209.png,4,Amphiprion clarkii,Yellowtail clownfish,Pomacentridae,8919599,8209,119,106,1.123,3,RGB,PNG,22770,69c3cff745505452a1189148f92ee155,False,train
R:\PP\Marine-Intelligence-Platform\marine-species-identification\data\raw\images\species_04\fish_000008919599_08210.png,raw\images\species_04\fish_000008919599_08210.png,fish_000008919599_08210.png,4,Amphiprion clarkii,Yellowtail clownfish,Pomacentridae,8919599,8210,124,107,1.159,3,RGB,PNG,23028,0452e61acc99c10303ab2faf95caab1c,False,train
R:\PP\Marine-Intelligence-Platform\marine-species-identification\data\raw\images\species_04\fish_000008919599_08211.png,raw\images\species_04\fish_000008919599_08211.png,fish_000008919599_08211.png,4,Amphiprion clarkii,Yellowtail clownfish,Pomacentridae,8919599,8211,119,106,1.123,3,RGB,PNG,21874,ab9d7167fdbc2059c45ea7c4eaa936d4,False,train
R:\PP\Marine-Intelligence-Platform\marine-species-identification\data\raw\images\species_04\fish_000008919599_08212.png,raw\images\species_04\fish_000008919599_08212.png,fish_000008919599_08212.png,4,Amphiprion clarkii,Yellowtail clownfish,Pomacentridae,8919599,8212,123,105,1.171,3,RGB,PNG,21209,351b4947b3d88782e61e510cd2c281f9,False,train
R:\PP\Marine-Intelligence-Platform\marine-species-identification\data\raw\images\species_04\fish_000003259599_07904.png,raw\images\species_04\fish_000003259599_07904.png,fish_000003259599_07904.png,4,Amphiprion clarkii,Yellowtail clownfish,Pomacentridae,3259599,7904,87,74,1.176,3,RGB,PNG,12310,8fcd3b590185321271c3555a02339506,False,train
R:\PP\Marine-Intelligence-Platform\marine-species-identification\data\raw\images\species_04\fish_000006999599_08094.png,raw\images\species_04\fish_000006999599_08094.png,fish_000006999599_08094.png,4,Amphiprion clarkii,Yellowtail clownfish,Pomacentridae,6999599,8094,92,99,0.929,3,RGB,PNG,14856,d3c0d8cab2f767bd3cb6757791872211,False,train
R:\PP\Marine-Intelligence-Platform\marine-species-identification\data\raw\images\species_04\fish_000006999599_08095.png,raw\images\species_04\fish_000006999599_08095.png,fish_000006999599_08095.png,4,Amphiprion clarkii,Yellowtail clownfish,Pomacentridae,6999599,8095,115,114,1.009,3,RGB,PNG,21999,7944c84526ee1c0ae81577d5a06d4003,False,train
R:\PP\Marine-Intelligence-Platform\marine-species-identification\data\raw\images\species_04\fish_000006999599_08096.png,raw\images\species_04\fish_000006999599_08096.png,fish_000006999599_08096.png,4,Amphiprion clarkii,Yellowtail clownfish,Pomacentridae,6999599,8096,148,130,1.138,3,RGB,PNG,34250,c75a11af98224cce77969e3338ece17f,False,train
R:\PP\Marine-Intelligence-Platform\marine-species-identification\data\raw\images\species_04\fish_000006999599_08097.png,raw\images\species_04\fish_000006999599_08097.png,fish_000006999599_08097.png,4,Amphiprion clarkii,Yellowtail clownfish,Pomacentridae,6999599,8097,103,108,0.954,3,RGB,PNG,17716,6eafc8c041a4702e3edb11c8ea7516ce,False,train
R:\PP\Marine-Intelligence-Platform\marine-species-identification\data\raw\images\species_04\fish_000006999599_08098.png,raw\images\species_04\fish_000006999599_08098.png,fish_000006999599_08098.png,4,Amphiprion clarkii,Yellowtail clownfish,Pomacentridae,6999599,8098,70,91,0.769,3,RGB,PNG,8876,9028003af5049222023d3b503610c9c8,False,train
R:\PP\Marine-Intelligence-Platform\marine-species-identification\data\raw\images\species_04\fish_000006999599_08099.png,raw\images\species_04\fish_000006999599_08099.png,fish_000006999599_08099.png,4,Amphiprion clarkii,Yellowtail clownfish,Pomacentridae,6999599,8099,74,92,0.804,3,RGB,PNG,10068,523220aa2eb5d616ed8f595651f54771,False,train
R:\PP\Marine-Intelligence-Platform\marine-species-identification\data\raw\images\species_04\fish_000006999599_08100.png,raw\images\species_04\fish_000006999599_08100.png,fish_000006999599_08100.png,4,Amphiprion clarkii,Yellowtail clownfish,Pomacentridae,6999599,8100,82,91,0.901,3,RGB,PNG,11128,2a0e3e2339e2a64a0a61ae321750150e,False,train
R:\PP\Marine-Intelligence-Platform\marine-species-identification\data\raw\images\species_04\fish_000006999599_08101.png,raw\images\species_04\fish_000006999599_08101.png,fish_000006999599_08101.png,4,Amphiprion clarkii,Yellowtail clownfish,Pomacentridae,6999599,8101,78,92,0.848,3,RGB,PNG,10673,45a43a56237c8f38b4080daa605cedca,False,train
R:\PP\Marine-Intelligence-Platform\marine-species-identification\data\raw\images\species_04\fish_000006999599_08102.png,raw\images\species_04\fish_000006999599_08102.png,fish_000006999599_08102.png,4,Amphiprion clarkii,Yellowtail clownfish,Pomacentridae,6999599,8102,83,95,0.874,3,RGB,PNG,10901,2f9b7267d74e1fe31774b8ba6cb58227,False,train
R:\PP\Marine-Intelligence-Platform\marine-species-identification\data\raw\images\species_04\fish_000006999599_08103.png,raw\images\species_04\fish_000006999599_08103.png,fish_000006999599_08103.png,4,Amphiprion clarkii,Yellowtail clownfish,Pomacentridae,6999599,8103,89,95,0.937,3,RGB,PNG,11302,dd2f0ab3bbbb9ecd25dbabe4e7d80b3c,False,train
R:\PP\Marine-Intelligence-Platform\marine-species-identification\data\raw\images\species_04\fish_000006999599_08104.png,raw\images\species_04\fish_000006999599_08104.png,fish_000006999599_08104.png,4,Amphiprion clarkii,Yellowtail clownfish,Pomacentridae,6999599,8104,99,93,1.065,3,RGB,PNG,10821,df70bffdc88497653e424ede7bf180e6,False,train
R:\PP\Marine-Intelligence-Platform\marine-species-identification\data\raw\images\species_04\fish_000006999599_08105.png,raw\images\species_04\fish_000006999599_08105.png,fish_000006999599_08105.png,4,Amphiprion clarkii,Yellowtail clownfish,Pomacentridae,6999599,8105,104,98,1.061,3,RGB,PNG,10801,2a9886ad4a0c1d80f1d9986022d04089,False,train
R:\PP\Marine-Intelligence-Platform\marine-species-identification\data\raw\images\species_04\fish_000001969599_07846.png,raw\images\species_04\fish_000001969599_07846.png,fish_000001969599_07846.png,4,Amphiprion clarkii,Yellowtail clownfish,Pomacentridae,1969599,7846,79,71,1.113,3,RGB,PNG,7237,b556e86a8607535ff6ff86c64e59b183,False,train
R:\PP\Marine-Intelligence-Platform\marine-species-identification\data\raw\images\species_04\fish_000001969599_07847.png,raw\images\species_04\fish_000001969599_07847.png,fish_000001969599_07847.png,4,Amphiprion clarkii,Yellowtail clownfish,Pomacentridae,1969599,7847,84,75,1.12,3,RGB,PNG,8069,3cd860269f59be2b71d184e98b6c2607,False,train
R:\PP\Marine-Intelligence-Platform\marine-species-identification\data\raw\images\species_04\fish_000001969599_07848.png,raw\images\species_04\fish_000001969599_07848.png,fish_000001969599_07848.png,4,Amphiprion clarkii,Yellowtail clownfish,Pomacentridae,1969599,7848,99,87,1.138,3,RGB,PNG,9507,f975a62e1138eab15d19cdbcb0e26cac,False,train
R:\PP\Marine-Intelligence-Platform\marine-species-identification\data\raw\images\species_04\fish_000001969599_07849.png,raw\images\species_04\fish_000001969599_07849.png,fish_000001969599_07849.png,4,Amphiprion clarkii,Yellowtail clownfish,Pomacentridae,1969599,7849,95,82,1.159,3,RGB,PNG,8210,e5589f869feebb8f0e187d5497836c91,False,train
R:\PP\Marine-Intelligence-Platform\marine-species-identification\data\raw\images\species_04\fish_000001969599_07850.png,raw\images\species_04\fish_000001969599_07850.png,fish_000001969599_07850.png,4,Amphiprion clarkii,Yellowtail clownfish,Pomacentridae,1969599,7850,92,81,1.136,3,RGB,PNG,8335,cc4e4293203d3a3ee5cc5335f65ccd72,False,train
R:\PP\Marine-Intelligence-Platform\marine-species-identification\data\raw\images\species_04\fish_000001969599_07851.png,raw\images\species_04\fish_000001969599_07851.png,fish_000001969599_07851.png,4,Amphiprion clarkii,Yellowtail clownfish,Pomacentridae,1969599,7851,96,82,1.171,3,RGB,PNG,8681,0fab6b7db7e16e3dccfeed27ca95c0d9,False,train
R:\PP\Marine-Intelligence-Platform\marine-species-identification\data\raw\images\species_04\fish_000001969599_07852.png,raw\images\species_04\fish_000001969599_07852.png,fish_000001969599_07852.png,4,Amphiprion clarkii,Yellowtail clownfish,Pomacentridae,1969599,7852,95,83,1.145,3,RGB,PNG,9323,3fae3e553bfdf0242b402dffebac22a1,False,train
R:\PP\Marine-Intelligence-Platform\marine-species-identification\data\raw\images\species_04\fish_000001969599_07853.png,raw\images\species_04\fish_000001969599_07853.png,fish_000001969599_07853.png,4,Amphiprion clarkii,Yellowtail clownfish,Pomacentridae,1969599,7853,87,82,1.061,3,RGB,PNG,10024,3dda9e07374656e78ae980ed72dcb6a3,False,train
R:\PP\Marine-Intelligence-Platform\marine-species-identification\data\raw\images\species_04\fish_000001969599_07854.png,raw\images\species_04\fish_000001969599_07854.png,fish_000001969599_07854.png,4,Amphiprion clarkii,Yellowtail clownfish,Pomacentridae,1969599,7854,87,80,1.087,3,RGB,PNG,9288,b15618c576ae210d80b3b75c171f063c,False,train
R:\PP\Marine-Intelligence-Platform\marine-species-identification\data\raw\images\species_04\fish_000001969599_07855.png,raw\images\species_04\fish_000001969599_07855.png,fish_000001969599_07855.png,4,Amphiprion clarkii,Yellowtail clownfish,Pomacentridae,1969599,7855,91,80,1.137,3,RGB,PNG,9738,971f63ac1997d95d545dbbd0f26c6618,False,train
R:\PP\Marine-Intelligence-Platform\marine-species-identification\data\raw\images\species_04\fish_000001969599_07856.png,raw\images\species_04\fish_000001969599_07856.png,fish_000001969599_07856.png,4,Amphiprion clarkii,Yellowtail clownfish,Pomacentridae,1969599,7856,91,81,1.123,3,RGB,PNG,9568,10ac24b6a2b6af908ef4459cb61c37c1,False,train
R:\PP\Marine-Intelligence-Platform\marine-species-identification\data\raw\images\species_04\fish_000001969599_07857.png,raw\images\species_04\fish_000001969599_07857.png,fish_000001969599_07857.png,4,Amphiprion clarkii,Yellowtail clownfish,Pomacentridae,1969599,7857,99,85,1.165,3,RGB,PNG,12347,780dd93a435d0aacf545fa4e29e96320,False,train
R:\PP\Marine-Intelligence-Platform\marine-species-identification\data\raw\images\species_04\fish_000001969599_07858.png,raw\images\species_04\fish_000001969599_07858.png,fish_000001969599_07858.png,4,Amphiprion clarkii,Yellowtail clownfish,Pomacentridae,1969599,7858,95,83,1.145,3,RGB,PNG,12231,dc12756bfb376844c473314f54b155e2,False,train
R:\PP\Marine-Intelligence-Platform\marine-species-identification\data\raw\images\species_04\fish_000001969599_07859.png,raw\images\species_04\fish_000001969599_07859.png,fish_000001969599_07859.png,4,Amphiprion clarkii,Yellowtail clownfish,Pomacentridae,1969599,7859,104,90,1.156,3,RGB,PNG,15366,eee271ee7423947281fb28fe5cd9fb0d,False,train
R:\PP\Marine-Intelligence-Platform\marine-species-identification\data\raw\images\species_04\fish_000001969599_07860.png,raw\images\species_04\fish_000001969599_07860.png,fish_000001969599_07860.png,4,Amphiprion clarkii,Yellowtail clownfish,Pomacentridae,1969599,7860,95,84,1.131,3,RGB,PNG,14189,6df8f3524b4289cf1f17df5622363aa8,False,train
R:\PP\Marine-Intelligence-Platform\marine-species-identification\data\raw\images\species_04\fish_000001969599_07861.png,raw\images\species_04\fish_000001969599_07861.png,fish_000001969599_07861.png,4,Amphiprion clarkii,Yellowtail clownfish,Pomacentridae,1969599,7861,100,84,1.19,3,RGB,PNG,15218,9a295edb904d47906fba8dbd24b8ad0e,False,train
R:\PP\Marine-Intelligence-Platform\marine-species-identification\data\raw\images\species_04\fish_000001969599_07862.png,raw\images\species_04\fish_000001969599_07862.png,fish_000001969599_07862.png,4,Amphiprion clarkii,Yellowtail clownfish,Pomacentridae,1969599,7862,88,73,1.205,3,RGB,PNG,12689,ad0a371cf8dbb0a5b05fabfa7b51fb70,False,train
R:\PP\Marine-Intelligence-Platform\marine-species-identification\data\raw\images\species_04\fish_000001969599_07863.png,raw\images\species_04\fish_000001969599_07863.png,fish_000001969599_07863.png,4,Amphiprion clarkii,Yellowtail clownfish,Pomacentridae,1969599,7863,61,71,0.859,3,RGB,PNG,9521,6f051c161907b45099ebac277b91b7fa,False,train
R:\PP\Marine-Intelligence-Platform\marine-species-identification\data\raw\images\species_04\fish_000001969599_07864.png,raw\images\species_04\fish_000001969599_07864.png,fish_000001969599_07864.png,4,Amphiprion clarkii,Yellowtail clownfish,Pomacentridae,1969599,7864,72,75,0.96,3,RGB,PNG,11509,262a1573ff028177fe11eaaa2d11cc7b,False,train
R:\PP\Marine-Intelligence-Platform\marine-species-identification\data\raw\images\species_04\fish_000001969599_07865.png,raw\images\species_04\fish_000001969599_07865.png,fish_000001969599_07865.png,4,Amphiprion clarkii,Yellowtail clownfish,Pomacentridae,1969599,7865,72,80,0.9,3,RGB,PNG,11582,592bf2f5c4b53b6b01aee1acd4f13606,False,train
R:\PP\Marine-Intelligence-Platform\marine-species-identification\data\raw\images\species_04\fish_000001969599_07866.png,raw\images\species_04\fish_000001969599_07866.png,fish_000001969599_07866.png,4,Amphiprion clarkii,Yellowtail clownfish,Pomacentridae,1969599,7866,88,85,1.035,3,RGB,PNG,14206,47a6e7bc8309468df9f360f6d1a2e28d,False,train
R:\PP\Marine-Intelligence-Platform\marine-species-identification\data\raw\images\species_04\fish_000001969599_07867.png,raw\images\species_04\fish_000001969599_07867.png,fish_000001969599_07867.png,4,Amphiprion clarkii,Yellowtail clownfish,Pomacentridae,1969599,7867,108,93,1.161,3,RGB,PNG,18432,936537af6c3fe283b169376094693c2c,False,train
R:\PP\Marine-Intelligence-Platform\marine-species-identification\data\raw\images\species_04\fish_000001969599_07868.png,raw\images\species_04\fish_000001969599_07868.png,fish_000001969599_07868.png,4,Amphiprion clarkii,Yellowtail clownfish,Pomacentridae,1969599,7868,127,107,1.187,3,RGB,PNG,24960,379de62475ad5e9194bab3425cbce5eb,False,train
R:\PP\Marine-Intelligence-Platform\marine-species-identification\data\raw\images\species_04\fish_000001969599_07869.png,raw\images\species_04\fish_000001969599_07869.png,fish_000001969599_07869.png,4,Amphiprion clarkii,Yellowtail clownfish,Pomacentridae,1969599,7869,111,101,1.099,3,RGB,PNG,19908,7bfcbf916fd6d0b90acbe5e35a25bfbf,False,train
R:\PP\Marine-Intelligence-Platform\marine-species-identification\data\raw\images\species_04\fish_000001969599_07870.png,raw\images\species_04\fish_000001969599_07870.png,fish_000001969599_07870.png,4,Amphiprion clarkii,Yellowtail clownfish,Pomacentridae,1969599,7870,120,106,1.132,3,RGB,PNG,22359,c32f86baa624e2c65ff45bd016d48e22,False,train
R:\PP\Marine-Intelligence-Platform\marine-species-identification\data\raw\images\species_04\fish_000001969599_07871.png,raw\images\species_04\fish_000001969599_07871.png,fish_000001969599_07871.png,4,Amphiprion clarkii,Yellowtail clownfish,Pomacentridae,1969599,7871,115,102,1.127,3,RGB,PNG,18373,4a290341517dcabb7f64c6bed58b5c85,False,train
R:\PP\Marine-Intelligence-Platform\marine-species-identification\data\raw\images\species_04\fish_000001969599_07872.png,raw\images\species_04\fish_000001969599_07872.png,fish_000001969599_07872.png,4,Amphiprion clarkii,Yellowtail clownfish,Pomacentridae,1969599,7872,120,107,1.121,3,RGB,PNG,16961,5f6d7362fe0b987977d9e9c1a43065ef,False,train
R:\PP\Marine-Intelligence-Platform\marine-species-identification\data\raw\images\species_04\fish_000001969599_07873.png,raw\images\species_04\fish_000001969599_07873.png,fish_000001969599_07873.png,4,Amphiprion clarkii,Yellowtail clownfish,Pomacentridae,1969599,7873,116,101,1.149,3,RGB,PNG,13107,d6954033362c7684c501ac277c4f6de7,False,train
R:\PP\Marine-Intelligence-Platform\marine-species-identification\data\raw\images\species_04\fish_000001969599_07874.png,raw\images\species_04\fish_000001969599_07874.png,fish_000001969599_07874.png,4,Amphiprion clarkii,Yellowtail clownfish,Pomacentridae,1969599,7874,112,100,1.12,3,RGB,PNG,12121,1f75b7ee2432ceecdef4ee6eff380ac9,False,train
R:\PP\Marine-Intelligence-Platform\marine-species-identification\data\raw\images\species_04\fish_000001969599_07875.png,raw\images\species_04\fish_000001969599_07875.png,fish_000001969599_07875.png,4,Amphiprion clarkii,Yellowtail clownfish,Pomacentridae,1969599,7875,95,92,1.033,3,RGB,PNG,9377,4fba532a73877bf61815a3cb69889a63,False,train
R:\PP\Marine-Intelligence-Platform\marine-species-identification\data\raw\images\species_04\fish_000001969599_07876.png,raw\images\species_04\fish_000001969599_07876.png,fish_000001969599_07876.png,4,Amphiprion clarkii,Yellowtail clownfish,Pomacentridae,1969599,7876,91,79,1.152,3,RGB,PNG,9157,f6f2bb2c7a236b3c19f943eb5f8b8999,False,train
R:\PP\Marine-Intelligence-Platform\marine-species-identification\data\raw\images\species_04\fish_000001969599_07877.png,raw\images\species_04\fish_000001969599_07877.png,fish_000001969599_07877.png,4,Amphiprion clarkii,Yellowtail clownfish,Pomacentridae,1969599,7877,95,83,1.145,3,RGB,PNG,10719,8f3fd89a66dbdf37d817beaad46dcb52,False,train
R:\PP\Marine-Intelligence-Platform\marine-species-identification\data\raw\images\species_04\fish_000001969599_07878.png,raw\images\species_04\fish_000001969599_07878.png,fish_000001969599_07878.png,4,Amphiprion clarkii,Yellowtail clownfish,Pomacentridae,1969599,7878,92,83,1.108,3,RGB,PNG,10569,07515a99f6e8a82077c27033fe71e519,False,train
R:\PP\Marine-Intelligence-Platform\marine-species-identification\data\raw\images\species_04\fish_000001969599_07879.png,raw\images\species_04\fish_000001969599_07879.png,fish_000001969599_07879.png,4,Amphiprion clarkii,Yellowtail clownfish,Pomacentridae,1969599,7879,107,91,1.176,3,RGB,PNG,13721,8fbc09ad0a27907a33343792c5b72f4f,False,train
R:\PP\Marine-Intelligence-Platform\marine-species-identification\data\raw\images\species_04\fish_000001969599_07880.png,raw\images\species_04\fish_000001969599_07880.png,fish_000001969599_07880.png,4,Amphiprion clarkii,Yellowtail clownfish,Pomacentridae,1969599,7880,115,96,1.198,3,RGB,PNG,15164,7de441a70d7217aecb1ecd383545324c,False,train
R:\PP\Marine-Intelligence-Platform\marine-species-identification\data\raw\images\species_04\fish_000001969599_07881.png,raw\images\species_04\fish_000001969599_07881.png,fish_000001969599_07881.png,4,Amphiprion clarkii,Yellowtail clownfish,Pomacentridae,1969599,7881,79,83,0.952,3,RGB,PNG,10124,92b7a0b5b10f4233c7a0937a66dabeda,False,train
R:\PP\Marine-Intelligence-Platform\marine-species-identification\data\raw\images\species_04\fish_000001969599_07882.png,raw\images\species_04\fish_000001969599_07882.png,fish_000001969599_07882.png,4,Amphiprion clarkii,Yellowtail clownfish,Pomacentridae,1969599,7882,108,98,1.102,3,RGB,PNG,15377,93f927e1877f0a576cb0a42c9594e314,False,train
R:\PP\Marine-Intelligence-Platform\marine-species-identification\data\raw\images\species_04\fish_000001969599_07883.png,raw\images\species_04\fish_000001969599_07883.png,fish_000001969599_07883.png,4,Amphiprion clarkii,Yellowtail clownfish,Pomacentridae,1969599,7883,131,107,1.224,3,RGB,PNG,20684,71056897869e8f44a281571bd62af269,False,train
R:\PP\Marine-Intelligence-Platform\marine-species-identification\data\raw\images\species_04\fish_000001969599_07884.png,raw\images\species_04\fish_000001969599_07884.png,fish_000001969599_07884.png,4,Amphiprion clarkii,Yellowtail clownfish,Pomacentridae,1969599,7884,136,107,1.271,3,RGB,PNG,21997,00ca721edba87ede423d2f4ed489e9c4,False,train
R:\PP\Marine-Intelligence-Platform\marine-species-identification\data\raw\images\species_04\fish_000001969599_07885.png,raw\images\species_04\fish_000001969599_07885.png,fish_000001969599_07885.png,4,Amphiprion clarkii,Yellowtail clownfish,Pomacentridae,1969599,7885,140,112,1.25,3,RGB,PNG,24731,6428fee7666b21da7579af73e6b4f33a,False,train
R:\PP\Marine-Intelligence-Platform\marine-species-identification\data\raw\images\species_04\fish_000001969599_07886.png,raw\images\species_04\fish_000001969599_07886.png,fish_000001969599_07886.png,4,Amphiprion clarkii,Yellowtail clownfish,Pomacentridae,1969599,7886,127,105,1.21,3,RGB,PNG,21023,47f32a7755582f8ae186b4849e10339b,False,train
R:\PP\Marine-Intelligence-Platform\marine-species-identification\data\raw\images\species_04\fish_000001969599_07887.png,raw\images\species_04\fish_000001969599_07887.png,fish_000001969599_07887.png,4,Amphiprion clarkii,Yellowtail clownfish,Pomacentridae,1969599,7887,128,108,1.185,3,RGB,PNG,23368,d64921a62f8ec3e002be12dd8b09997c,False,train
R:\PP\Marine-Intelligence-Platform\marine-species-identification\data\raw\images\species_04\fish_000001969599_07888.png,raw\images\species_04\fish_000001969599_07888.png,fish_000001969599_07888.png,4,Amphiprion clarkii,Yellowtail clownfish,Pomacentridae,1969599,7888,123,107,1.15,3,RGB,PNG,23154,51f6ff2bd58a4ca1b230554fe7a941e5,False,train
R:\PP\Marine-Intelligence-Platform\marine-species-identification\data\raw\images\species_04\fish_000001969599_07889.png,raw\images\species_04\fish_000001969599_07889.png,fish_000001969599_07889.png,4,Amphiprion clarkii,Yellowtail clownfish,Pomacentridae,1969599,7889,120,107,1.121,3,RGB,PNG,23184,cfb4e6ec1b07801722686fe91411629a,False,train
R:\PP\Marine-Intelligence-Platform\marine-species-identification\data\raw\images\species_04\fish_000001969599_07890.png,raw\images\species_04\fish_000001969599_07890.png,fish_000001969599_07890.png,4,Amphiprion clarkii,Yellowtail clownfish,Pomacentridae,1969599,7890,139,117,1.188,3,RGB,PNG,29021,66becddecbe75655294fe5a906e814fb,False,train
R:\PP\Marine-Intelligence-Platform\marine-species-identification\data\raw\images\species_04\fish_000001969599_07891.png,raw\images\species_04\fish_000001969599_07891.png,fish_000001969599_07891.png,4,Amphiprion clarkii,Yellowtail clownfish,Pomacentridae,1969599,7891,124,110,1.127,3,RGB,PNG,24774,4c6116868b9c3f01357641edd051778e,False,train
R:\PP\Marine-Intelligence-Platform\marine-species-identification\data\raw\images\species_04\fish_000001969599_07892.png,raw\images\species_04\fish_000001969599_07892.png,fish_000001969599_07892.png,4,Amphiprion clarkii,Yellowtail clownfish,Pomacentridae,1969599,7892,124,110,1.127,3,RGB,PNG,24806,97390b9b3f87f6ee9e4b1030d926adb2,False,train
R:\PP\Marine-Intelligence-Platform\marine-species-identification\data\raw\images\species_04\fish_000001969599_07893.png,raw\images\species_04\fish_000001969599_07893.png,fish_000001969599_07893.png,4,Amphiprion clarkii,Yellowtail clownfish,Pomacentridae,1969599,7893,100,88,1.136,3,RGB,PNG,16861,25c791e71f2ce3e389b5f454adaf61b8,False,train
R:\PP\Marine-Intelligence-Platform\marine-species-identification\data\raw\images\species_04\fish_000001969599_07894.png,raw\images\species_04\fish_000001969599_07894.png,fish_000001969599_07894.png,4,Amphiprion clarkii,Yellowtail clownfish,Pomacentridae,1969599,7894,87,84,1.036,3,RGB,PNG,14702,2c527a1decb267b834e130f351be88e2,False,train
R:\PP\Marine-Intelligence-Platform\marine-species-identification\data\raw\images\species_04\fish_000001969599_07895.png,raw\images\species_04\fish_000001969599_07895.png,fish_000001969599_07895.png,4,Amphiprion clarkii,Yellowtail clownfish,Pomacentridae,1969599,7895,75,73,1.027,3,RGB,PNG,11322,0acff311109e853d7d70b49ac3dee3f1,False,train
R:\PP\Marine-Intelligence-Platform\marine-species-identification\data\raw\images\species_04\fish_000001969599_07896.png,raw\images\species_04\fish_000001969599_07896.png,fish_000001969599_07896.png,4,Amphiprion clarkii,Yellowtail clownfish,Pomacentridae,1969599,7896,83,76,1.092,3,RGB,PNG,13003,fd42045002c9ca594705625de6b2390b,False,train
R:\PP\Marine-Intelligence-Platform\marine-species-identification\data\raw\images\species_04\fish_000001969599_07897.png,raw\images\species_04\fish_000001969599_07897.png,fish_000001969599_07897.png,4,Amphiprion clarkii,Yellowtail clownfish,Pomacentridae,1969599,7897,80,73,1.096,3,RGB,PNG,11967,d2a35d78985733ea3de189cf840ed9c4,False,train
R:\PP\Marine-Intelligence-Platform\marine-species-identification\data\raw\images\species_04\fish_000001969599_07898.png,raw\images\species_04\fish_000001969599_07898.png,fish_000001969599_07898.png,4,Amphiprion clarkii,Yellowtail clownfish,Pomacentridae,1969599,7898,83,75,1.107,3,RGB,PNG,12586,a04a53189c3c91b2245029ef046c8745,False,train
R:\PP\Marine-Intelligence-Platform\marine-species-identification\data\raw\images\species_04\fish_000001969599_07899.png,raw\images\species_04\fish_000001969599_07899.png,fish_000001969599_07899.png,4,Amphiprion clarkii,Yellowtail clownfish,Pomacentridae,1969599,7899,103,85,1.212,3,RGB,PNG,17017,c5c10639d90ab21e26c0e9a60d21cd05,False,train
R:\PP\Marine-Intelligence-Platform\marine-species-identification\data\raw\images\species_04\fish_000011769599_08317.png,raw\images\species_04\fish_000011769599_08317.png,fish_000011769599_08317.png,4,Amphiprion clarkii,Yellowtail clownfish,Pomacentridae,11769599,8317,87,85,1.024,3,RGB,PNG,13620,169a931e4a68d821d8096c14f114a5b3,False,train
R:\PP\Marine-Intelligence-Platform\marine-species-identification\data\raw\images\species_04\fish_000011769599_08318.png,raw\images\species_04\fish_000011769599_08318.png,fish_000011769599_08318.png,4,Amphiprion clarkii,Yellowtail clownfish,Pomacentridae,11769599,8318,100,92,1.087,3,RGB,PNG,18094,fce42521d58e8532104be51a456fc9f6,False,train
R:\PP\Marine-Intelligence-Platform\marine-species-identification\data\raw\images\species_04\fish_000011769599_08319.png,raw\images\species_04\fish_000011769599_08319.png,fish_000011769599_08319.png,4,Amphiprion clarkii,Yellowtail clownfish,Pomacentridae,11769599,8319,94,95,0.989,3,RGB,PNG,18133,79ce0333962b7ffd648b28013287ba8a,False,train
R:\PP\Marine-Intelligence-Platform\marine-species-identification\data\raw\images\species_04\fish_000011769599_08320.png,raw\images\species_04\fish_000011769599_08320.png,fish_000011769599_08320.png,4,Amphiprion clarkii,Yellowtail clownfish,Pomacentridae,11769599,8320,95,111,0.856,3,RGB,PNG,21802,48f309c230f159e14a94550a810897c3,False,train
R:\PP\Marine-Intelligence-Platform\marine-species-identification\data\raw\images\species_04\fish_000011769599_08321.png,raw\images\species_04\fish_000011769599_08321.png,fish_000011769599_08321.png,4,Amphiprion clarkii,Yellowtail clownfish,Pomacentridae,11769599,8321,78,92,0.848,3,RGB,PNG,16497,57695839305d9d04650ac3ae85f1128e,False,train
R:\PP\Marine-Intelligence-Platform\marine-species-identification\data\raw\images\species_04\fish_000011769599_08322.png,raw\images\species_04\fish_000011769599_08322.png,fish_000011769599_08322.png,4,Amphiprion clarkii,Yellowtail clownfish,Pomacentridae,11769599,8322,75,80,0.938,3,RGB,PNG,14620,6da1f9e99aa604bdfaea12fbf1ff1a75,False,train
R:\PP\Marine-Intelligence-Platform\marine-species-identification\data\raw\images\species_04\fish_000011769599_08323.png,raw\images\species_04\fish_000011769599_08323.png,fish_000011769599_08323.png,4,Amphiprion clarkii,Yellowtail clownfish,Pomacentridae,11769599,8323,77,88,0.875,3,RGB,PNG,16290,b8e14844785b8c24fcfedecb7087dc7b,False,train
R:\PP\Marine-Intelligence-Platform\marine-species-identification\data\raw\images\species_04\fish_000011769599_08324.png,raw\images\species_04\fish_000011769599_08324.png,fish_000011769599_08324.png,4,Amphiprion clarkii,Yellowtail clownfish,Pomacentridae,11769599,8324,91,87,1.046,3,RGB,PNG,18694,ff48fa2c7de89d9ab752ca1b73124185,False,train
R:\PP\Marine-Intelligence-Platform\marine-species-identification\data\raw\images\species_04\fish_000011769599_08325.png,raw\images\species_04\fish_000011769599_08325.png,fish_000011769599_08325.png,4,Amphiprion clarkii,Yellowtail clownfish,Pomacentridae,11769599,8325,108,96,1.125,3,RGB,PNG,23948,f08c45e74d9740c8e4ea05171e773b0d,False,train
R:\PP\Marine-Intelligence-Platform\marine-species-identification\data\raw\images\species_04\fish_000011769599_08326.png,raw\images\species_04\fish_000011769599_08326.png,fish_000011769599_08326.png,4,Amphiprion clarkii,Yellowtail clownfish,Pomacentridae,11769599,8326,120,106,1.132,3,RGB,PNG,28816,14fbe00ea9ed64c6e02645dc8d3fd717,False,train
R:\PP\Marine-Intelligence-Platform\marine-species-identification\data\raw\images\species_04\fish_000011769599_08327.png,raw\images\species_04\fish_000011769599_08327.png,fish_000011769599_08327.png,4,Amphiprion clarkii,Yellowtail clownfish,Pomacentridae,11769599,8327,120,104,1.154,3,RGB,PNG,28302,f32de98a9ce7d166dd4bce49bb41dd22,False,train
R:\PP\Marine-Intelligence-Platform\marine-species-identification\data\raw\images\species_04\fish_000011769599_08328.png,raw\images\species_04\fish_000011769599_08328.png,fish_000011769599_08328.png,4,Amphiprion clarkii,Yellowtail clownfish,Pomacentridae,11769599,8328,120,109,1.101,3,RGB,PNG,29400,23e05160709c2600b7a649404981501c,False,train
R:\PP\Marine-Intelligence-Platform\marine-species-identification\data\raw\images\species_04\fish_000011769599_08329.png,raw\images\species_04\fish_000011769599_08329.png,fish_000011769599_08329.png,4,Amphiprion clarkii,Yellowtail clownfish,Pomacentridae,11769599,8329,122,127,0.961,3,RGB,PNG,33736,36994176614b086f9cc6395ad617c8ec,False,train
R:\PP\Marine-Intelligence-Platform\marine-species-identification\data\raw\images\species_04\fish_000011769599_08330.png,raw\images\species_04\fish_000011769599_08330.png,fish_000011769599_08330.png,4,Amphiprion clarkii,Yellowtail clownfish,Pomacentridae,11769599,8330,132,125,1.056,3,RGB,PNG,35766,490f6ef7a59b61d97a570db8eb076b7d,False,train
R:\PP\Marine-Intelligence-Platform\marine-species-identification\data\raw\images\species_04\fish_000011769599_08331.png,raw\images\species_04\fish_000011769599_08331.png,fish_000011769599_08331.png,4,Amphiprion clarkii,Yellowtail clownfish,Pomacentridae,11769599,8331,127,121,1.05,3,RGB,PNG,33605,ed0a97e496d601725461445f4f630f5d,False,train
R:\PP\Marine-Intelligence-Platform\marine-species-identification\data\raw\images\species_04\fish_000011769599_08332.png,raw\images\species_04\fish_000011769599_08332.png,fish_000011769599_08332.png,4,Amphiprion clarkii,Yellowtail clownfish,Pomacentridae,11769599,8332,136,122,1.115,3,RGB,PNG,33945,161c26f517b00a22075770951d9e3ae1,False,train
R:\PP\Marine-Intelligence-Platform\marine-species-identification\data\raw\images\species_04\fish_000011769599_08333.png,raw\images\species_04\fish_000011769599_08333.png,fish_000011769599_08333.png,4,Amphiprion clarkii,Yellowtail clownfish,Pomacentridae,11769599,8333,152,124,1.226,3,RGB,PNG,36632,e17c7b971fcfc74a3d6c096900dae010,False,train
R:\PP\Marine-Intelligence-Platform\marine-species-identification\data\raw\images\species_04\fish_000011769599_08334.png,raw\images\species_04\fish_000011769599_08334.png,fish_000011769599_08334.png,4,Amphiprion clarkii,Yellowtail clownfish,Pomacentridae,11769599,8334,159,126,1.262,3,RGB,PNG,37846,129fca6fe4c483ec3967327a9dc5fb49,False,train
R:\PP\Marine-Intelligence-Platform\marine-species-identification\data\raw\images\species_04\fish_000011769599_08335.png,raw\images\species_04\fish_000011769599_08335.png,fish_000011769599_08335.png,4,Amphiprion clarkii,Yellowtail clownfish,Pomacentridae,11769599,8335,163,124,1.315,3,RGB,PNG,37639,75fef1a1f82dd756f6b62e41d6572df0,False,train
R:\PP\Marine-Intelligence-Platform\marine-species-identification\data\raw\images\species_04\fish_000011769599_08336.png,raw\images\species_04\fish_000011769599_08336.png,fish_000011769599_08336.png,4,Amphiprion clarkii,Yellowtail clownfish,Pomacentridae,11769599,8336,152,120,1.267,3,RGB,PNG,33917,a61c949579a7e99afece0aa3982b28b4,False,train
R:\PP\Marine-Intelligence-Platform\marine-species-identification\data\raw\images\species_04\fish_000011769599_08337.png,raw\images\species_04\fish_000011769599_08337.png,fish_000011769599_08337.png,4,Amphiprion clarkii,Yellowtail clownfish,Pomacentridae,11769599,8337,139,118,1.178,3,RGB,PNG,29652,d7b29a4c49c6817adb3cf332aaa48551,False,train
R:\PP\Marine-Intelligence-Platform\marine-species-identification\data\raw\images\species_04\fish_000011769599_08338.png,raw\images\species_04\fish_000011769599_08338.png,fish_000011769599_08338.png,4,Amphiprion clarkii,Yellowtail clownfish,Pomacentridae,11769599,8338,143,118,1.212,3,RGB,PNG,29613,5125bcdb57fbec6dae6d38a866eb07d8,False,train
R:\PP\Marine-Intelligence-Platform\marine-species-identification\data\raw\images\species_04\fish_000011769599_08339.png,raw\images\species_04\fish_000011769599_08339.png,fish_000011769599_08339.png,4,Amphiprion clarkii,Yellowtail clownfish,Pomacentridae,11769599,8339,136,113,1.204,3,RGB,PNG,27039,1c1299dab5f35e04f2ea7a4b4225cec2,False,train
R:\PP\Marine-Intelligence-Platform\marine-species-identification\data\raw\images\species_04\fish_000011769599_08340.png,raw\images\species_04\fish_000011769599_08340.png,fish_000011769599_08340.png,4,Amphiprion clarkii,Yellowtail clownfish,Pomacentridae,11769599,8340,127,114,1.114,3,RGB,PNG,26001,f92b965f9806ff49e818a6d2dfe65175,False,train
R:\PP\Marine-Intelligence-Platform\marine-species-identification\data\raw\images\species_04\fish_000011769599_08341.png,raw\images\species_04\fish_000011769599_08341.png,fish_000011769599_08341.png,4,Amphiprion clarkii,Yellowtail clownfish,Pomacentridae,11769599,8341,116,100,1.16,3,RGB,PNG,21665,2ac719dc5834c250f7ac593432c90432,False,train
R:\PP\Marine-Intelligence-Platform\marine-species-identification\data\raw\images\species_04\fish_000011769599_08342.png,raw\images\species_04\fish_000011769599_08342.png,fish_000011769599_08342.png,4,Amphiprion clarkii,Yellowtail clownfish,Pomacentridae,11769599,8342,107,99,1.081,3,RGB,PNG,21535,482cb424120c85ad4c4d99d24b8251b3,False,train
R:\PP\Marine-Intelligence-Platform\marine-species-identification\data\raw\images\species_04\fish_000011769599_08343.png,raw\images\species_04\fish_000011769599_08343.png,fish_000011769599_08343.png,4,Amphiprion clarkii,Yellowtail clownfish,Pomacentridae,11769599,8343,131,115,1.139,3,RGB,PNG,31086,5a446f4b38c763154d953e293e9680aa,False,train
R:\PP\Marine-Intelligence-Platform\marine-species-identification\data\raw\images\species_04\fish_000011769599_08344.png,raw\images\species_04\fish_000011769599_08344.png,fish_000011769599_08344.png,4,Amphiprion clarkii,Yellowtail clownfish,Pomacentridae,11769599,8344,127,112,1.134,3,RGB,PNG,30571,5e345937b5048d56d2b191f5f340437f,False,train
R:\PP\Marine-Intelligence-Platform\marine-species-identification\data\raw\images\species_04\fish_000011769599_08345.png,raw\images\species_04\fish_000011769599_08345.png,fish_000011769599_08345.png,4,Amphiprion clarkii,Yellowtail clownfish,Pomacentridae,11769599,8345,151,125,1.208,3,RGB,PNG,40945,131c7c6b768ae11f409f9edac1567b5a,False,train
R:\PP\Marine-Intelligence-Platform\marine-species-identification\data\raw\images\species_04\fish_000011769599_08346.png,raw\images\species_04\fish_000011769599_08346.png,fish_000011769599_08346.png,4,Amphiprion clarkii,Yellowtail clownfish,Pomacentridae,11769599,8346,135,113,1.195,3,RGB,PNG,34517,20857755ded784ef1c9ec3554b69f63a,False,train
R:\PP\Marine-Intelligence-Platform\marine-species-identification\data\raw\images\species_04\fish_000011769599_08347.png,raw\images\species_04\fish_000011769599_08347.png,fish_000011769599_08347.png,4,Amphiprion clarkii,Yellowtail clownfish,Pomacentridae,11769599,8347,143,118,1.212,3,RGB,PNG,37208,86233b7ceed2dabef5f4ce64ad471cbd,False,train
R:\PP\Marine-Intelligence-Platform\marine-species-identification\data\raw\images\species_04\fish_000007669599_08122.png,raw\images\species_04\fish_000007669599_08122.png,fish_000007669599_08122.png,4,Amphiprion clarkii,Yellowtail clownfish,Pomacentridae,7669599,8122,88,88,1.0,3,RGB,PNG,15253,e1b74f76a295ca361714823a605200fc,False,train
R:\PP\Marine-Intelligence-Platform\marine-species-identification\data\raw\images\species_04\fish_000007669599_08123.png,raw\images\species_04\fish_000007669599_08123.png,fish_000007669599_08123.png,4,Amphiprion clarkii,Yellowtail clownfish,Pomacentridae,7669599,8123,94,100,0.94,3,RGB,PNG,18830,3b8d2187389c501cdc2ba5bc694d56fd,False,train
R:\PP\Marine-Intelligence-Platform\marine-species-identification\data\raw\images\species_04\fish_000007669599_08124.png,raw\images\species_04\fish_000007669599_08124.png,fish_000007669599_08124.png,4,Amphiprion clarkii,Yellowtail clownfish,Pomacentridae,7669599,8124,91,89,1.022,3,RGB,PNG,15730,166861d41db735fb330bbcaf7c6d3049,False,train
R:\PP\Marine-Intelligence-Platform\marine-species-identification\data\raw\images\species_04\fish_000007669599_08125.png,raw\images\species_04\fish_000007669599_08125.png,fish_000007669599_08125.png,4,Amphiprion clarkii,Yellowtail clownfish,Pomacentridae,7669599,8125,111,106,1.047,3,RGB,PNG,19997,ed22a5619f9b7759259f7a6191131c40,False,train
R:\PP\Marine-Intelligence-Platform\marine-species-identification\data\raw\images\species_04\fish_000007669599_08126.png,raw\images\species_04\fish_000007669599_08126.png,fish_000007669599_08126.png,4,Amphiprion clarkii,Yellowtail clownfish,Pomacentridae,7669599,8126,112,101,1.109,3,RGB,PNG,19522,71891e8f2f8f2f6b6cae7d32f03a3d91,False,train
R:\PP\Marine-Intelligence-Platform\marine-species-identification\data\raw\images\species_04\fish_000007669599_08127.png,raw\images\species_04\fish_000007669599_08127.png,fish_000007669599_08127.png,4,Amphiprion clarkii,Yellowtail clownfish,Pomacentridae,7669599,8127,103,103,1.0,3,RGB,PNG,18412,494b5e89dfaf35043326d79ebf741ef5,False,train
R:\PP\Marine-Intelligence-Platform\marine-species-identification\data\raw\images\species_04\fish_000007669599_08128.png,raw\images\species_04\fish_000007669599_08128.png,fish_000007669599_08128.png,4,Amphiprion clarkii,Yellowtail clownfish,Pomacentridae,7669599,8128,78,84,0.929,3,RGB,PNG,13279,96099de2de572b61126e281bc7358906,False,train
R:\PP\Marine-Intelligence-Platform\marine-species-identification\data\raw\images\species_04\fish_000007669599_08129.png,raw\images\species_04\fish_000007669599_08129.png,fish_000007669599_08129.png,4,Amphiprion clarkii,Yellowtail clownfish,Pomacentridae,7669599,8129,79,75,1.053,3,RGB,PNG,12265,65fcf0a310d48eb3bbb776859133eda9,False,train
R:\PP\Marine-Intelligence-Platform\marine-species-identification\data\raw\images\species_04\fish_000007669599_08130.png,raw\images\species_04\fish_000007669599_08130.png,fish_000007669599_08130.png,4,Amphiprion clarkii,Yellowtail clownfish,Pomacentridae,7669599,8130,100,91,1.099,3,RGB,PNG,18138,a5ee5eda5d7bce38884eea607a2b330e,False,train
R:\PP\Marine-Intelligence-Platform\marine-species-identification\data\raw\images\species_04\fish_000007669599_08131.png,raw\images\species_04\fish_000007669599_08131.png,fish_000007669599_08131.png,4,Amphiprion clarkii,Yellowtail clownfish,Pomacentridae,7669599,8131,104,94,1.106,3,RGB,PNG,19127,18e95534b801e1f2d946c846da3390cf,False,train
R:\PP\Marine-Intelligence-Platform\marine-species-identification\data\raw\images\species_04\fish_000007669599_08132.png,raw\images\species_04\fish_000007669599_08132.png,fish_000007669599_08132.png,4,Amphiprion clarkii,Yellowtail clownfish,Pomacentridae,7669599,8132,104,93,1.118,3,RGB,PNG,19219,54528863e0f73b7de99e2a806e82a320,False,train
R:\PP\Marine-Intelligence-Platform\marine-species-identification\data\raw\images\species_04\fish_000007669599_08133.png,raw\images\species_04\fish_000007669599_08133.png,fish_000007669599_08133.png,4,Amphiprion clarkii,Yellowtail clownfish,Pomacentridae,7669599,8133,107,95,1.126,3,RGB,PNG,20000,d51098a453ccf6bedfad6553bf8cd505,False,train
R:\PP\Marine-Intelligence-Platform\marine-species-identification\data\raw\images\species_04\fish_000000819599_07791.png,raw\images\species_04\fish_000000819599_07791.png,fish_000000819599_07791.png,4,Amphiprion clarkii,Yellowtail clownfish,Pomacentridae,819599,7791,76,68,1.118,3,RGB,PNG,9073,b138ef1c93784def2dae96c4adddb47e,False,train
R:\PP\Marine-Intelligence-Platform\marine-species-identification\data\raw\images\species_04\fish_000000819599_07792.png,raw\images\species_04\fish_000000819599_07792.png,fish_000000819599_07792.png,4,Amphiprion clarkii,Yellowtail clownfish,Pomacentridae,819599,7792,104,88,1.182,3,RGB,PNG,16358,442ab0a28c00d710117059ea0c219e64,False,train
R:\PP\Marine-Intelligence-Platform\marine-species-identification\data\raw\images\species_04\fish_000000819599_07793.png,raw\images\species_04\fish_000000819599_07793.png,fish_000000819599_07793.png,4,Amphiprion clarkii,Yellowtail clownfish,Pomacentridae,819599,7793,104,87,1.195,3,RGB,PNG,16006,9726918bdd8128658b78ceada97ec4cb,False,train
R:\PP\Marine-Intelligence-Platform\marine-species-identification\data\raw\images\species_04\fish_000000819599_07794.png,raw\images\species_04\fish_000000819599_07794.png,fish_000000819599_07794.png,4,Amphiprion clarkii,Yellowtail clownfish,Pomacentridae,819599,7794,95,84,1.131,3,RGB,PNG,13762,dc8675764b1f361a20c44215aa474f21,False,train
R:\PP\Marine-Intelligence-Platform\marine-species-identification\data\raw\images\species_04\fish_000000819599_07795.png,raw\images\species_04\fish_000000819599_07795.png,fish_000000819599_07795.png,4,Amphiprion clarkii,Yellowtail clownfish,Pomacentridae,819599,7795,112,91,1.231,3,RGB,PNG,16983,f6bf053f01316ec9c598280b2b89568d,False,train
R:\PP\Marine-Intelligence-Platform\marine-species-identification\data\raw\images\species_04\fish_000000819599_07796.png,raw\images\species_04\fish_000000819599_07796.png,fish_000000819599_07796.png,4,Amphiprion clarkii,Yellowtail clownfish,Pomacentridae,819599,7796,123,107,1.15,3,RGB,PNG,23552,3572fc956060be37a7c4a21352a54011,False,train
R:\PP\Marine-Intelligence-Platform\marine-species-identification\data\raw\images\species_04\fish_000000819599_07797.png,raw\images\species_04\fish_000000819599_07797.png,fish_000000819599_07797.png,4,Amphiprion clarkii,Yellowtail clownfish,Pomacentridae,819599,7797,128,107,1.196,3,RGB,PNG,24776,e6d454cc97a618fb73bc9f69d3f7fbf4,False,train
R:\PP\Marine-Intelligence-Platform\marine-species-identification\data\raw\images\species_04\fish_000000819599_07798.png,raw\images\species_04\fish_000000819599_07798.png,fish_000000819599_07798.png,4,Amphiprion clarkii,Yellowtail clownfish,Pomacentridae,819599,7798,127,109,1.165,3,RGB,PNG,22099,f7ff4b5ecc29d7695db1111042f007bd,False,train
R:\PP\Marine-Intelligence-Platform\marine-species-identification\data\raw\images\species_04\fish_000000819599_07799.png,raw\images\species_04\fish_000000819599_07799.png,fish_000000819599_07799.png,4,Amphiprion clarkii,Yellowtail clownfish,Pomacentridae,819599,7799,115,104,1.106,3,RGB,PNG,19041,2f273b96e00079b3d55c19ab578d3271,False,train
R:\PP\Marine-Intelligence-Platform\marine-species-identification\data\raw\images\species_04\fish_000000819599_07800.png,raw\images\species_04\fish_000000819599_07800.png,fish_000000819599_07800.png,4,Amphiprion clarkii,Yellowtail clownfish,Pomacentridae,819599,7800,100,93,1.075,3,RGB,PNG,17787,2604d02c5333ab3d82adffdf51fb1aab,False,train
R:\PP\Marine-Intelligence-Platform\marine-species-identification\data\raw\images\species_04\fish_000007809599_08134.png,raw\images\species_04\fish_000007809599_08134.png,fish_000007809599_08134.png,4,Amphiprion clarkii,Yellowtail clownfish,Pomacentridae,7809599,8134,116,97,1.196,3,RGB,PNG,20648,0580f38e0e8138b20b350d3e9504bfb9,False,train
R:\PP\Marine-Intelligence-Platform\marine-species-identification\data\raw\images\species_04\fish_000007809599_08135.png,raw\images\species_04\fish_000007809599_08135.png,fish_000007809599_08135.png,4,Amphiprion clarkii,Yellowtail clownfish,Pomacentridae,7809599,8135,69,92,0.75,3,RGB,PNG,8213,18c9e246d2c650008cd70c98a2d05721,False,train
R:\PP\Marine-Intelligence-Platform\marine-species-identification\data\raw\images\species_04\fish_000010679599_08263.png,raw\images\species_04\fish_000010679599_08263.png,fish_000010679599_08263.png,4,Amphiprion clarkii,Yellowtail clownfish,Pomacentridae,10679599,8263,77,91,0.846,3,RGB,PNG,14841,d4763221b1cf6cbb8972af2b1085e546,False,train
R:\PP\Marine-Intelligence-Platform\marine-species-identification\data\raw\images\species_04\fish_000010679599_08264.png,raw\images\species_04\fish_000010679599_08264.png,fish_000010679599_08264.png,4,Amphiprion clarkii,Yellowtail clownfish,Pomacentridae,10679599,8264,88,99,0.889,3,RGB,PNG,16928,e8a92c042b2dc30b47bac90537669095,False,train
R:\PP\Marine-Intelligence-Platform\marine-species-identification\data\raw\images\species_04\fish_000010679599_08265.png,raw\images\species_04\fish_000010679599_08265.png,fish_000010679599_08265.png,4,Amphiprion clarkii,Yellowtail clownfish,Pomacentridae,10679599,8265,93,99,0.939,3,RGB,PNG,17333,9732bfb55371be017eb6b9824b712e16,False,train
R:\PP\Marine-Intelligence-Platform\marine-species-identification\data\raw\images\species_04\fish_000010679599_08266.png,raw\images\species_04\fish_000010679599_08266.png,fish_000010679599_08266.png,4,Amphiprion clarkii,Yellowtail clownfish,Pomacentridae,10679599,8266,84,88,0.955,3,RGB,PNG,13364,3a4f2172d2ba5c636a3bec3e34878be4,False,train
R:\PP\Marine-Intelligence-Platform\marine-species-identification\data\raw\images\species_04\fish_000010679599_08267.png,raw\images\species_04\fish_000010679599_08267.png,fish_000010679599_08267.png,4,Amphiprion clarkii,Yellowtail clownfish,Pomacentridae,10679599,8267,91,88,1.034,3,RGB,PNG,13405,9a79de9c456ba9791318c2c88f3d8af2,False,train
R:\PP\Marine-Intelligence-Platform\marine-species-identification\data\raw\images\species_04\fish_000010679599_08268.png,raw\images\species_04\fish_000010679599_08268.png,fish_000010679599_08268.png,4,Amphiprion clarkii,Yellowtail clownfish,Pomacentridae,10679599,8268,99,89,1.112,3,RGB,PNG,14051,a25e16e4ad9731166156268eb8fa1ba6,False,train
R:\PP\Marine-Intelligence-Platform\marine-species-identification\data\raw\images\species_04\fish_000010679599_08269.png,raw\images\species_04\fish_000010679599_08269.png,fish_000010679599_08269.png,4,Amphiprion clarkii,Yellowtail clownfish,Pomacentridae,10679599,8269,99,88,1.125,3,RGB,PNG,14292,bf0c9c5ebc2c81b723ba68b079cf3377,False,train
R:\PP\Marine-Intelligence-Platform\marine-species-identification\data\raw\images\species_04\fish_000010679599_08270.png,raw\images\species_04\fish_000010679599_08270.png,fish_000010679599_08270.png,4,Amphiprion clarkii,Yellowtail clownfish,Pomacentridae,10679599,8270,103,86,1.198,3,RGB,PNG,14323,60727ed882904ca6ecce03376d530cfc,False,train
R:\PP\Marine-Intelligence-Platform\marine-species-identification\data\raw\images\species_04\fish_000010679599_08271.png,raw\images\species_04\fish_000010679599_08271.png,fish_000010679599_08271.png,4,Amphiprion clarkii,Yellowtail clownfish,Pomacentridae,10679599,8271,91,86,1.058,3,RGB,PNG,12384,298c7103e900a51af33cf5bb3f62bd54,False,train
R:\PP\Marine-Intelligence-Platform\marine-species-identification\data\raw\images\species_04\fish_000010679599_08272.png,raw\images\species_04\fish_000010679599_08272.png,fish_000010679599_08272.png,4,Amphiprion clarkii,Yellowtail clownfish,Pomacentridae,10679599,8272,79,75,1.053,3,RGB,PNG,9605,62436ac04bb9cd4117c7a6e04562ad1f,False,train
R:\PP\Marine-Intelligence-Platform\marine-species-identification\data\raw\images\species_04\fish_000010679599_08273.png,raw\images\species_04\fish_000010679599_08273.png,fish_000010679599_08273.png,4,Amphiprion clarkii,Yellowtail clownfish,Pomacentridae,10679599,8273,60,64,0.938,3,RGB,PNG,6499,22050cf54720017446861d4671f7ba77,False,train
R:\PP\Marine-Intelligence-Platform\marine-species-identification\data\raw\images\species_04\fish_000010679599_08274.png,raw\images\species_04\fish_000010679599_08274.png,fish_000010679599_08274.png,4,Amphiprion clarkii,Yellowtail clownfish,Pomacentridae,10679599,8274,63,63,1.0,3,RGB,PNG,6963,cafdb3a5c5d9a3e26f906039402dec2f,False,train
R:\PP\Marine-Intelligence-Platform\marine-species-identification\data\raw\images\species_04\fish_000010679599_08275.png,raw\images\species_04\fish_000010679599_08275.png,fish_000010679599_08275.png,4,Amphiprion clarkii,Yellowtail clownfish,Pomacentridae,10679599,8275,60,58,1.034,3,RGB,PNG,6302,6df92d876ef7f416c2b99c2e3840a613,False,train
R:\PP\Marine-Intelligence-Platform\marine-species-identification\data\raw\images\species_04\fish_000010679599_08276.png,raw\images\species_04\fish_000010679599_08276.png,fish_000010679599_08276.png,4,Amphiprion clarkii,Yellowtail clownfish,Pomacentridae,10679599,8276,100,80,1.25,3,RGB,PNG,13347,cbfdafc5f73451004a7c7f3790c05c1a,False,train
R:\PP\Marine-Intelligence-Platform\marine-species-identification\data\raw\images\species_04\fish_000010679599_08277.png,raw\images\species_04\fish_000010679599_08277.png,fish_000010679599_08277.png,4,Amphiprion clarkii,Yellowtail clownfish,Pomacentridae,10679599,8277,99,84,1.179,3,RGB,PNG,14203,44596a09ea2460b03794bed0ffed2971,False,train
R:\PP\Marine-Intelligence-Platform\marine-species-identification\data\raw\images\species_04\fish_000010679599_08278.png,raw\images\species_04\fish_000010679599_08278.png,fish_000010679599_08278.png,4,Amphiprion clarkii,Yellowtail clownfish,Pomacentridae,10679599,8278,100,78,1.282,3,RGB,PNG,13573,a67fbfc9197ab5d027284f457a8fa86f,False,train
R:\PP\Marine-Intelligence-Platform\marine-species-identification\data\raw\images\species_04\fish_000010679599_08279.png,raw\images\species_04\fish_000010679599_08279.png,fish_000010679599_08279.png,4,Amphiprion clarkii,Yellowtail clownfish,Pomacentridae,10679599,8279,79,72,1.097,3,RGB,PNG,11747,d6ae38f8f13d731f664cc8fca112ca5a,False,train
R:\PP\Marine-Intelligence-Platform\marine-species-identification\data\raw\images\species_12\fish_000020830001_01788.png,raw\images\species_12\fish_000020830001_01788.png,fish_000020830001_01788.png,12,Canthigaster valentini,Valentin's sharpnose puffer,Tetraodontidae,20830001,1788,191,166,1.151,3,RGB,PNG,29555,445bf6a43ba3e83234130aaf17156b48,False,train
R:\PP\Marine-Intelligence-Platform\marine-species-identification\data\raw\images\species_12\fish_000020830001_01789.png,raw\images\species_12\fish_000020830001_01789.png,fish_000020830001_01789.png,12,Canthigaster valentini,Valentin's sharpnose puffer,Tetraodontidae,20830001,1789,200,161,1.242,3,RGB,PNG,30500,580509ec57e4f2ae2b50ae749bc9bc74,False,train
R:\PP\Marine-Intelligence-Platform\marine-species-identification\data\raw\images\species_12\fish_000020830001_01790.png,raw\images\species_12\fish_000020830001_01790.png,fish_000020830001_01790.png,12,Canthigaster valentini,Valentin's sharpnose puffer,Tetraodontidae,20830001,1790,112,92,1.217,3,RGB,PNG,11460,47e762c6c69f7b019f5589d87f967d06,False,train
R:\PP\Marine-Intelligence-Platform\marine-species-identification\data\raw\images\species_12\fish_000020830001_01791.png,raw\images\species_12\fish_000020830001_01791.png,fish_000020830001_01791.png,12,Canthigaster valentini,Valentin's sharpnose puffer,Tetraodontidae,20830001,1791,112,93,1.204,3,RGB,PNG,11462,f658f58d210fd64bd013abc4f4f5b8fb,False,train
R:\PP\Marine-Intelligence-Platform\marine-species-identification\data\raw\images\species_12\fish_003571805521_09639.png,raw\images\species_12\fish_003571805521_09639.png,fish_003571805521_09639.png,12,Canthigaster valentini,Valentin's sharpnose puffer,Tetraodontidae,3571805521,9639,119,92,1.293,3,RGB,PNG,27667,44a5919ec2dd57e2d516b4a2380dcb02,False,train
R:\PP\Marine-Intelligence-Platform\marine-species-identification\data\raw\images\species_12\fish_003571805521_09641.png,raw\images\species_12\fish_003571805521_09641.png,fish_003571805521_09641.png,12,Canthigaster valentini,Valentin's sharpnose puffer,Tetraodontidae,3571805521,9641,116,96,1.208,3,RGB,PNG,28439,146290b1d53ab5bdf42a1b11f8982329,False,train
R:\PP\Marine-Intelligence-Platform\marine-species-identification\data\raw\images\species_12\fish_003571805521_09660.png,raw\images\species_12\fish_003571805521_09660.png,fish_003571805521_09660.png,12,Canthigaster valentini,Valentin's sharpnose puffer,Tetraodontidae,3571805521,9660,115,115,1.0,3,RGB,PNG,26279,3b0260f3ece9e6a54dbcc9c13e4f3a56,False,train
R:\PP\Marine-Intelligence-Platform\marine-species-identification\data\raw\images\species_12\fish_003571805521_11133.png,raw\images\species_12\fish_003571805521_11133.png,fish_003571805521_11133.png,12,Canthigaster valentini,Valentin's sharpnose puffer,Tetraodontidae,3571805521,11133,95,75,1.267,3,RGB,PNG,16937,9c4b7fbfe4c0d5692ac957c368554867,False,train
R:\PP\Marine-Intelligence-Platform\marine-species-identification\data\raw\images\species_12\fish_003571805521_11360.png,raw\images\species_12\fish_003571805521_11360.png,fish_003571805521_11360.png,12,Canthigaster valentini,Valentin's sharpnose puffer,Tetraodontidae,3571805521,11360,119,89,1.337,3,RGB,PNG,20347,ba32770098142f69611c3ca32c9e9463,False,train
R:\PP\Marine-Intelligence-Platform\marine-species-identification\data\raw\images\species_12\fish_003571805521_11361.png,raw\images\species_12\fish_003571805521_11361.png,fish_003571805521_11361.png,12,Canthigaster valentini,Valentin's sharpnose puffer,Tetraodontidae,3571805521,11361,100,79,1.266,3,RGB,PNG,15765,e478d11e3c1273e5f8f234b169be4917,False,train
R:\PP\Marine-Intelligence-Platform\marine-species-identification\data\raw\images\species_12\fish_003571805521_12506.png,raw\images\species_12\fish_003571805521_12506.png,fish_003571805521_12506.png,12,Canthigaster valentini,Valentin's sharpnose puffer,Tetraodontidae,3571805521,12506,84,69,1.217,3,RGB,PNG,13346,603318425221a4196e3d8de89835a045,False,train
R:\PP\Marine-Intelligence-Platform\marine-species-identification\data\raw\images\species_12\fish_003571805521_13090.png,raw\images\species_12\fish_003571805521_13090.png,fish_003571805521_13090.png,12,Canthigaster valentini,Valentin's sharpnose puffer,Tetraodontidae,3571805521,13090,135,101,1.337,3,RGB,PNG,30575,eac788539f4c47638d55f7faf7ffd0e7,False,train
R:\PP\Marine-Intelligence-Platform\marine-species-identification\data\raw\images\species_12\fish_003571805521_14717.png,raw\images\species_12\fish_003571805521_14717.png,fish_003571805521_14717.png,12,Canthigaster valentini,Valentin's sharpnose puffer,Tetraodontidae,3571805521,14717,112,85,1.318,3,RGB,PNG,18345,c52b513ea324839f8bb51ffbf077cb9a,False,train
R:\PP\Marine-Intelligence-Platform\marine-species-identification\data\raw\images\species_12\fish_003571805521_15530.png,raw\images\species_12\fish_003571805521_15530.png,fish_003571805521_15530.png,12,Canthigaster valentini,Valentin's sharpnose puffer,Tetraodontidae,3571805521,15530,104,79,1.316,3,RGB,PNG,19877,4b8280f245771e6cd60e655672177f86,False,train
R:\PP\Marine-Intelligence-Platform\marine-species-identification\data\raw\images\species_12\fish_003571805521_18080.png,raw\images\species_12\fish_003571805521_18080.png,fish_003571805521_18080.png,12,Canthigaster valentini,Valentin's sharpnose puffer,Tetraodontidae,3571805521,18080,67,66,1.015,3,RGB,PNG,11229,0cbbba9f86404b10f53e43c3d2924f81,False,train
R:\PP\Marine-Intelligence-Platform\marine-species-identification\data\raw\images\species_12\fish_003571805521_18324.png,raw\images\species_12\fish_003571805521_18324.png,fish_003571805521_18324.png,12,Canthigaster valentini,Valentin's sharpnose puffer,Tetraodontidae,3571805521,18324,135,97,1.392,3,RGB,PNG,21735,5d86f233e1c7633e95afea47ab615119,False,train
R:\PP\Marine-Intelligence-Platform\marine-species-identification\data\raw\images\species_12\fish_003571805521_20317.png,raw\images\species_12\fish_003571805521_20317.png,fish_003571805521_20317.png,12,Canthigaster valentini,Valentin's sharpnose puffer,Tetraodontidae,3571805521,20317,131,109,1.202,3,RGB,PNG,28959,e103319c359171f0a93bc2c3509eb2a5,False,train
R:\PP\Marine-Intelligence-Platform\marine-species-identification\data\raw\images\species_12\fish_003571805521_20321.png,raw\images\species_12\fish_003571805521_20321.png,fish_003571805521_20321.png,12,Canthigaster valentini,Valentin's sharpnose puffer,Tetraodontidae,3571805521,20321,103,87,1.184,3,RGB,PNG,22851,d79b20f32e7411feebcc1051103cb7e8,False,train
R:\PP\Marine-Intelligence-Platform\marine-species-identification\data\raw\images\species_12\fish_003571805521_20322.png,raw\images\species_12\fish_003571805521_20322.png,fish_003571805521_20322.png,12,Canthigaster valentini,Valentin's sharpnose puffer,Tetraodontidae,3571805521,20322,87,78,1.115,3,RGB,PNG,17452,0a277cbfc60d0fcd53303e3357ff78d2,False,train
R:\PP\Marine-Intelligence-Platform\marine-species-identification\data\raw\images\species_12\fish_003571805521_20664.png,raw\images\species_12\fish_003571805521_20664.png,fish_003571805521_20664.png,12,Canthigaster valentini,Valentin's sharpnose puffer,Tetraodontidae,3571805521,20664,119,97,1.227,3,RGB,PNG,27411,2f38ed53ddc09424bcffc058d6fa656d,False,train
R:\PP\Marine-Intelligence-Platform\marine-species-identification\data\raw\images\species_12\fish_003571805521_20666.png,raw\images\species_12\fish_003571805521_20666.png,fish_003571805521_20666.png,12,Canthigaster valentini,Valentin's sharpnose puffer,Tetraodontidae,3571805521,20666,136,103,1.32,3,RGB,PNG,29930,b6a8a2ecfa1f1a059cc6b071dfec96f2,False,train
R:\PP\Marine-Intelligence-Platform\marine-species-identification\data\raw\images\species_12\fish_003571805521_20914.png,raw\images\species_12\fish_003571805521_20914.png,fish_003571805521_20914.png,12,Canthigaster valentini,Valentin's sharpnose puffer,Tetraodontidae,3571805521,20914,79,76,1.039,3,RGB,PNG,15406,b222645ec130e265ef3cf1ad36ca95de,False,train
R:\PP\Marine-Intelligence-Platform\marine-species-identification\data\raw\images\species_12\fish_003571805521_21004.png,raw\images\species_12\fish_003571805521_21004.png,fish_003571805521_21004.png,12,Canthigaster valentini,Valentin's sharpnose puffer,Tetraodontidae,3571805521,21004,120,96,1.25,3,RGB,PNG,22061,e19d210ba3d6c02d9d516641cdf4bd79,False,train
R:\PP\Marine-Intelligence-Platform\marine-species-identification\data\raw\images\species_12\fish_003571805521_21433.png,raw\images\species_12\fish_003571805521_21433.png,fish_003571805521_21433.png,12,Canthigaster valentini,Valentin's sharpnose puffer,Tetraodontidae,3571805521,21433,100,87,1.149,3,RGB,PNG,22157,9d2ebe930eb0d83d3d547c460ef3a6e1,False,train
R:\PP\Marine-Intelligence-Platform\marine-species-identification\data\raw\images\species_12\fish_003571805521_24852.png,raw\images\species_12\fish_003571805521_24852.png,fish_003571805521_24852.png,12,Canthigaster valentini,Valentin's sharpnose puffer,Tetraodontidae,3571805521,24852,132,101,1.307,3,RGB,PNG,28359,16970e282dda47890b44f13ee0321d2c,False,train
R:\PP\Marine-Intelligence-Platform\marine-species-identification\data\raw\images\species_12\fish_003571805521_24853.png,raw\images\species_12\fish_003571805521_24853.png,fish_003571805521_24853.png,12,Canthigaster valentini,Valentin's sharpnose puffer,Tetraodontidae,3571805521,24853,108,89,1.213,3,RGB,PNG,24163,2111a2ba183d55860b384ad14cf62f5f,False,train
R:\PP\Marine-Intelligence-Platform\marine-species-identification\data\raw\images\species_12\fish_003571805521_26588.png,raw\images\species_12\fish_003571805521_26588.png,fish_003571805521_26588.png,12,Canthigaster valentini,Valentin's sharpnose puffer,Tetraodontidae,3571805521,26588,116,101,1.149,3,RGB,PNG,22677,4f44b44ccdf623909a900ae7a8c302dd,False,train
R:\PP\Marine-Intelligence-Platform\marine-species-identification\data\raw\images\species_12\fish_003571805521_27316.png,raw\images\species_12\fish_003571805521_27316.png,fish_003571805521_27316.png,12,Canthigaster valentini,Valentin's sharpnose puffer,Tetraodontidae,3571805521,27316,116,87,1.333,3,RGB,PNG,19606,4721b5a126a522eb313ac41451a6d270,False,train
R:\PP\Marine-Intelligence-Platform\marine-species-identification\data\raw\images\species_12\fish_003571805521_27317.png,raw\images\species_12\fish_003571805521_27317.png,fish_003571805521_27317.png,12,Canthigaster valentini,Valentin's sharpnose puffer,Tetraodontidae,3571805521,27317,120,113,1.062,3,RGB,PNG,26761,a186be488140d857c551ccb03fbc1571,False,train
R:\PP\Marine-Intelligence-Platform\marine-species-identification\data\raw\images\species_12\fish_003571805521_27318.png,raw\images\species_12\fish_003571805521_27318.png,fish_003571805521_27318.png,12,Canthigaster valentini,Valentin's sharpnose puffer,Tetraodontidae,3571805521,27318,123,109,1.128,3,RGB,PNG,26009,0bae3b4889854c6955301d230aea2f51,False,train
R:\PP\Marine-Intelligence-Platform\marine-species-identification\data\raw\images\species_12\fish_003571805521_27319.png,raw\images\species_12\fish_003571805521_27319.png,fish_003571805521_27319.png,12,Canthigaster valentini,Valentin's sharpnose puffer,Tetraodontidae,3571805521,27319,120,115,1.043,3,RGB,PNG,27646,96d7fc08bdbb628a58e75d544eef5987,False,train
R:\PP\Marine-Intelligence-Platform\marine-species-identification\data\raw\images\species_12\fish_003571805521_27320.png,raw\images\species_12\fish_003571805521_27320.png,fish_003571805521_27320.png,12,Canthigaster valentini,Valentin's sharpnose puffer,Tetraodontidae,3571805521,27320,115,88,1.307,3,RGB,PNG,24983,1348e6db2f405a10380aec894e0b544b,False,train
R:\PP\Marine-Intelligence-Platform\marine-species-identification\data\raw\images\species_12\fish_004193556855_11054.png,raw\images\species_12\fish_004193556855_11054.png,fish_004193556855_11054.png,12,Canthigaster valentini,Valentin's sharpnose puffer,Tetraodontidae,4193556855,11054,123,100,1.23,3,RGB,PNG,25653,b8f32f922214a32af04ccb1da07b0d93,False,train
R:\PP\Marine-Intelligence-Platform\marine-species-identification\data\raw\images\species_12\fish_004193556855_20761.png,raw\images\species_12\fish_004193556855_20761.png,fish_004193556855_20761.png,12,Canthigaster valentini,Valentin's sharpnose puffer,Tetraodontidae,4193556855,20761,112,94,1.191,3,RGB,PNG,23818,a01f28639a73cf750f9f206c63b25571,False,train
R:\PP\Marine-Intelligence-Platform\marine-species-identification\data\raw\images\species_12\fish_004193556855_21306.png,raw\images\species_12\fish_004193556855_21306.png,fish_004193556855_21306.png,12,Canthigaster valentini,Valentin's sharpnose puffer,Tetraodontidae,4193556855,21306,135,107,1.262,3,RGB,PNG,29661,bf4c8f4f0d24fd81653c750ec03f2d75,False,train
R:\PP\Marine-Intelligence-Platform\marine-species-identification\data\raw\images\species_12\fish_004193556855_24861.png,raw\images\species_12\fish_004193556855_24861.png,fish_004193556855_24861.png,12,Canthigaster valentini,Valentin's sharpnose puffer,Tetraodontidae,4193556855,24861,135,105,1.286,3,RGB,PNG,29433,3902f0663cdbaf8626a72d99411ce56d,False,train
R:\PP\Marine-Intelligence-Platform\marine-species-identification\data\raw\images\species_12\fish_004193556855_25254.png,raw\images\species_12\fish_004193556855_25254.png,fish_004193556855_25254.png,12,Canthigaster valentini,Valentin's sharpnose puffer,Tetraodontidae,4193556855,25254,127,105,1.21,3,RGB,PNG,27148,e5d928c19cc6d0fa1edc87e579af6a33,False,train
R:\PP\Marine-Intelligence-Platform\marine-species-identification\data\raw\images\species_12\fish_004193556855_27142.png,raw\images\species_12\fish_004193556855_27142.png,fish_004193556855_27142.png,12,Canthigaster valentini,Valentin's sharpnose puffer,Tetraodontidae,4193556855,27142,124,101,1.228,3,RGB,PNG,25981,fa2229cc845b6e3d9b10e92c055bee47,False,train
R:\PP\Marine-Intelligence-Platform\marine-species-identification\data\raw\images\species_12\fish_004398307127_19241.png,raw\images\species_12\fish_004398307127_19241.png,fish_004398307127_19241.png,12,Canthigaster valentini,Valentin's sharpnose puffer,Tetraodontidae,4398307127,19241,140,123,1.138,3,RGB,PNG,39038,1880f9dd0f3f34c334ac2ca2784d80c2,False,train
R:\PP\Marine-Intelligence-Platform\marine-species-identification\data\raw\images\species_12\fish_004398307127_19244.png,raw\images\species_12\fish_004398307127_19244.png,fish_004398307127_19244.png,12,Canthigaster valentini,Valentin's sharpnose puffer,Tetraodontidae,4398307127,19244,152,133,1.143,3,RGB,PNG,44855,c2a63cdef876f9ba8cde64abc7bdfe41,False,train
R:\PP\Marine-Intelligence-Platform\marine-species-identification\data\raw\images\species_12\fish_003424815280_19252.png,raw\images\species_12\fish_003424815280_19252.png,fish_003424815280_19252.png,12,Canthigaster valentini,Valentin's sharpnose puffer,Tetraodontidae,3424815280,19252,71,80,0.887,3,RGB,PNG,14272,5aae9f97950d125fd139a4240282a60c,False,train
R:\PP\Marine-Intelligence-Platform\marine-species-identification\data\raw\images\species_12\fish_003424815280_19253.png,raw\images\species_12\fish_003424815280_19253.png,fish_003424815280_19253.png,12,Canthigaster valentini,Valentin's sharpnose puffer,Tetraodontidae,3424815280,19253,74,91,0.813,3,RGB,PNG,17201,91f4ea720abb31b5d915957238d49a73,False,train
R:\PP\Marine-Intelligence-Platform\marine-species-identification\data\raw\images\species_12\fish_003424815280_19254.png,raw\images\species_12\fish_003424815280_19254.png,fish_003424815280_19254.png,12,Canthigaster valentini,Valentin's sharpnose puffer,Tetraodontidae,3424815280,19254,67,72,0.931,3,RGB,PNG,12577,54e2f7eb49289e2748006dd288f27e36,False,train
R:\PP\Marine-Intelligence-Platform\marine-species-identification\data\raw\images\species_12\fish_003424815280_19255.png,raw\images\species_12\fish_003424815280_19255.png,fish_003424815280_19255.png,12,Canthigaster valentini,Valentin's sharpnose puffer,Tetraodontidae,3424815280,19255,85,88,0.966,3,RGB,PNG,17509,7e49adcec109869569b00ce108a87f8c,False,train
R:\PP\Marine-Intelligence-Platform\marine-species-identification\data\raw\images\species_12\fish_003424815280_19256.png,raw\images\species_12\fish_003424815280_19256.png,fish_003424815280_19256.png,12,Canthigaster valentini,Valentin's sharpnose puffer,Tetraodontidae,3424815280,19256,85,88,0.966,3,RGB,PNG,16872,1cb713d9a3deb4a3511daf6332375cfa,False,train
R:\PP\Marine-Intelligence-Platform\marine-species-identification\data\raw\images\species_12\fish_003424815280_19257.png,raw\images\species_12\fish_003424815280_19257.png,fish_003424815280_19257.png,12,Canthigaster valentini,Valentin's sharpnose puffer,Tetraodontidae,3424815280,19257,85,88,0.966,3,RGB,PNG,18320,b59b2b55ff06c5d4ff186dfe522e15c1,False,train
R:\PP\Marine-Intelligence-Platform\marine-species-identification\data\raw\images\species_12\fish_003424815280_19258.png,raw\images\species_12\fish_003424815280_19258.png,fish_003424815280_19258.png,12,Canthigaster valentini,Valentin's sharpnose puffer,Tetraodontidae,3424815280,19258,76,91,0.835,3,RGB,PNG,17235,f92bc3d453faaaa8d7567352152ca7c2,False,train
R:\PP\Marine-Intelligence-Platform\marine-species-identification\data\raw\images\species_12\fish_003424815280_19259.png,raw\images\species_12\fish_003424815280_19259.png,fish_003424815280_19259.png,12,Canthigaster valentini,Valentin's sharpnose puffer,Tetraodontidae,3424815280,19259,83,88,0.943,3,RGB,PNG,19157,18c4eed5cf165700b66ab2401f72bf70,False,train
R:\PP\Marine-Intelligence-Platform\marine-species-identification\data\raw\images\species_12\fish_003424815280_19260.png,raw\images\species_12\fish_003424815280_19260.png,fish_003424815280_19260.png,12,Canthigaster valentini,Valentin's sharpnose puffer,Tetraodontidae,3424815280,19260,78,88,0.886,3,RGB,PNG,17922,49ce9c82792b93e7af51ffd476f2fa97,False,train
R:\PP\Marine-Intelligence-Platform\marine-species-identification\data\raw\images\species_12\fish_003424815280_19261.png,raw\images\species_12\fish_003424815280_19261.png,fish_003424815280_19261.png,12,Canthigaster valentini,Valentin's sharpnose puffer,Tetraodontidae,3424815280,19261,97,124,0.782,3,RGB,PNG,31076,155d1fdcec00e61e193caf46489c0541,False,train
R:\PP\Marine-Intelligence-Platform\marine-species-identification\data\raw\images\species_12\fish_003424815280_19262.png,raw\images\species_12\fish_003424815280_19262.png,fish_003424815280_19262.png,12,Canthigaster valentini,Valentin's sharpnose puffer,Tetraodontidae,3424815280,19262,140,187,0.749,3,RGB,PNG,62157,f976489e4c1a704abaee38aecaae90ea,False,train
R:\PP\Marine-Intelligence-Platform\marine-species-identification\data\raw\images\species_12\fish_003424815280_26242.png,raw\images\species_12\fish_003424815280_26242.png,fish_003424815280_26242.png,12,Canthigaster valentini,Valentin's sharpnose puffer,Tetraodontidae,3424815280,26242,86,95,0.905,3,RGB,PNG,20680,71f348563962c136aa235b8fbff6887d,False,train
R:\PP\Marine-Intelligence-Platform\marine-species-identification\data\raw\images\species_12\fish_003589995584_11732.png,raw\images\species_12\fish_003589995584_11732.png,fish_003589995584_11732.png,12,Canthigaster valentini,Valentin's sharpnose puffer,Tetraodontidae,3589995584,11732,96,74,1.297,3,RGB,PNG,13699,631f4a6e0b673a0140db6e4ef84caff0,False,train
R:\PP\Marine-Intelligence-Platform\marine-species-identification\data\raw\images\species_12\fish_003589995584_27321.png,raw\images\species_12\fish_003589995584_27321.png,fish_003589995584_27321.png,12,Canthigaster valentini,Valentin's sharpnose puffer,Tetraodontidae,3589995584,27321,84,74,1.135,3,RGB,PNG,12086,0e5c6ee695181a06552f687c79fac709,False,train
R:\PP\Marine-Intelligence-Platform\marine-species-identification\data\raw\images\species_12\fish_003589995584_27322.png,raw\images\species_12\fish_003589995584_27322.png,fish_003589995584_27322.png,12,Canthigaster valentini,Valentin's sharpnose puffer,Tetraodontidae,3589995584,27322,95,73,1.301,3,RGB,PNG,13416,dbb015ea3902777cec17393acbd1a4b9,False,train
R:\PP\Marine-Intelligence-Platform\marine-species-identification\data\raw\images\species_12\fish_004369077107_27184.png,raw\images\species_12\fish_004369077107_27184.png,fish_004369077107_27184.png,12,Canthigaster valentini,Valentin's sharpnose puffer,Tetraodontidae,4369077107,27184,240,174,1.379,3,RGB,PNG,57134,8e099f4351d6775905635120d656387c,False,train
R:\PP\Marine-Intelligence-Platform\marine-species-identification\data\raw\images\species_12\fish_004369077107_27197.png,raw\images\species_12\fish_004369077107_27197.png,fish_004369077107_27197.png,12,Canthigaster valentini,Valentin's sharpnose puffer,Tetraodontidae,4369077107,27197,236,172,1.372,3,RGB,PNG,56046,b01347402b868b93e6ce2d2c97e09186,False,train
R:\PP\Marine-Intelligence-Platform\marine-species-identification\data\raw\images\species_12\fish_004368837107_15675.png,raw\images\species_12\fish_004368837107_15675.png,fish_004368837107_15675.png,12,Canthigaster valentini,Valentin's sharpnose puffer,Tetraodontidae,4368837107,15675,93,96,0.969,3,RGB,PNG,16870,567ed24c3cfc66f1a303016e3827e755,False,train
R:\PP\Marine-Intelligence-Platform\marine-species-identification\data\raw\images\species_12\fish_003698295825_11685.png,raw\images\species_12\fish_003698295825_11685.png,fish_003698295825_11685.png,12,Canthigaster valentini,Valentin's sharpnose puffer,Tetraodontidae,3698295825,11685,108,93,1.161,3,RGB,PNG,8417,a6271c4c6a53bf466c3132873fe8b881,False,train
R:\PP\Marine-Intelligence-Platform\marine-species-identification\data\raw\images\species_12\fish_003698295825_12947.png,raw\images\species_12\fish_003698295825_12947.png,fish_003698295825_12947.png,12,Canthigaster valentini,Valentin's sharpnose puffer,Tetraodontidae,3698295825,12947,107,88,1.216,3,RGB,PNG,12291,f477442902256dba50b34e9fe018b955,False,train
R:\PP\Marine-Intelligence-Platform\marine-species-identification\data\raw\images\species_12\fish_003698295825_17769.png,raw\images\species_12\fish_003698295825_17769.png,fish_003698295825_17769.png,12,Canthigaster valentini,Valentin's sharpnose puffer,Tetraodontidae,3698295825,17769,107,87,1.23,3,RGB,PNG,6978,03078c9dac473e335a245e4631f813be,False,train
R:\PP\Marine-Intelligence-Platform\marine-species-identification\data\raw\images\species_12\fish_003752805961_09372.png,raw\images\species_12\fish_003752805961_09372.png,fish_003752805961_09372.png,12,Canthigaster valentini,Valentin's sharpnose puffer,Tetraodontidae,3752805961,9372,68,66,1.03,3,RGB,PNG,11000,090ade8d97fd6365af74a730368b3228,False,train
R:\PP\Marine-Intelligence-Platform\marine-species-identification\data\raw\images\species_12\fish_003752805961_12597.png,raw\images\species_12\fish_003752805961_12597.png,fish_003752805961_12597.png,12,Canthigaster valentini,Valentin's sharpnose puffer,Tetraodontidae,3752805961,12597,95,81,1.173,3,RGB,PNG,18181,40ddbb0b2cc3907c2235751de1975998,False,train
R:\PP\Marine-Intelligence-Platform\marine-species-identification\data\raw\images\species_12\fish_003752805961_21005.png,raw\images\species_12\fish_003752805961_21005.png,fish_003752805961_21005.png,12,Canthigaster valentini,Valentin's sharpnose puffer,Tetraodontidae,3752805961,21005,99,79,1.253,3,RGB,PNG,19248,78b05ac122b70b3a0009e395d096f341,False,train
R:\PP\Marine-Intelligence-Platform\marine-species-identification\data\raw\images\species_12\fish_003752805961_24854.png,raw\images\species_12\fish_003752805961_24854.png,fish_003752805961_24854.png,12,Canthigaster valentini,Valentin's sharpnose puffer,Tetraodontidae,3752805961,24854,79,73,1.082,3,RGB,PNG,13772,da0d7d62a87fb05463f6d0f3b57f88c9,False,train
R:\PP\Marine-Intelligence-Platform\marine-species-identification\data\raw\images\species_12\fish_003734755888_26965.png,raw\images\species_12\fish_003734755888_26965.png,fish_003734755888_26965.png,12,Canthigaster valentini,Valentin's sharpnose puffer,Tetraodontidae,3734755888,26965,151,122,1.238,3,RGB,PNG,41401,bcb2f97074ab328408a382ec6f7b1fa6,False,train
R:\PP\Marine-Intelligence-Platform\marine-species-identification\data\raw\images\species_12\fish_003919206359_20846.png,raw\images\species_12\fish_003919206359_20846.png,fish_003919206359_20846.png,12,Canthigaster valentini,Valentin's sharpnose puffer,Tetraodontidae,3919206359,20846,105,111,0.946,3,RGB,PNG,14382,9dc098bcf4fb4baef5e1c799a0652eed,False,train
R:\PP\Marine-Intelligence-Platform\marine-species-identification\data\raw\images\species_12\fish_003919206359_21558.png,raw\images\species_12\fish_003919206359_21558.png,fish_003919206359_21558.png,12,Canthigaster valentini,Valentin's sharpnose puffer,Tetraodontidae,3919206359,21558,120,108,1.111,3,RGB,PNG,18864,e20f5239ebac2be06a027c38ea6fd8e7,False,train
R:\PP\Marine-Intelligence-Platform\marine-species-identification\data\raw\images\species_12\fish_003919206359_21963.png,raw\images\species_12\fish_003919206359_21963.png,fish_003919206359_21963.png,12,Canthigaster valentini,Valentin's sharpnose puffer,Tetraodontidae,3919206359,21963,107,88,1.216,3,RGB,PNG,11845,4d2de99e5356ffcc8f3a96ec36347e89,False,train
R:\PP\Marine-Intelligence-Platform\marine-species-identification\data\raw\images\species_12\fish_003919206359_22512.png,raw\images\species_12\fish_003919206359_22512.png,fish_003919206359_22512.png,12,Canthigaster valentini,Valentin's sharpnose puffer,Tetraodontidae,3919206359,22512,135,100,1.35,3,RGB,PNG,16863,bed38c438722e95eb641a9d89b56d176,False,train
R:\PP\Marine-Intelligence-Platform\marine-species-identification\data\raw\images\species_12\fish_003698325825_11372.png,raw\images\species_12\fish_003698325825_11372.png,fish_003698325825_11372.png,12,Canthigaster valentini,Valentin's sharpnose puffer,Tetraodontidae,3698325825,11372,188,153,1.229,3,RGB,PNG,35989,d3b5d1c54e4a80e242c35a4dce824de5,False,train
R:\PP\Marine-Intelligence-Platform\marine-species-identification\data\raw\images\species_12\fish_003698325825_12946.png,raw\images\species_12\fish_003698325825_12946.png,fish_003698325825_12946.png,12,Canthigaster valentini,Valentin's sharpnose puffer,Tetraodontidae,3698325825,12946,188,155,1.213,3,RGB,PNG,38242,a105b40e4cc4ba22b755ca87ec450f40,False,train
R:\PP\Marine-Intelligence-Platform\marine-species-identification\data\raw\images\species_12\fish_003698325825_25033.png,raw\images\species_12\fish_003698325825_25033.png,fish_003698325825_25033.png,12,Canthigaster valentini,Valentin's sharpnose puffer,Tetraodontidae,3698325825,25033,171,136,1.257,3,RGB,PNG,33458,7538c54c074c27fb1365c023c439d335,False,train
R:\PP\Marine-Intelligence-Platform\marine-species-identification\data\raw\images\species_12\fish_003623955643_11376.png,raw\images\species_12\fish_003623955643_11376.png,fish_003623955643_11376.png,12,Canthigaster valentini,Valentin's sharpnose puffer,Tetraodontidae,3623955643,11376,168,136,1.235,3,RGB,PNG,39583,eba92abdc80d915759013d8323c89f4c,False,train
R:\PP\Marine-Intelligence-Platform\marine-species-identification\data\raw\images\species_12\fish_003623955643_11377.png,raw\images\species_12\fish_003623955643_11377.png,fish_003623955643_11377.png,12,Canthigaster valentini,Valentin's sharpnose puffer,Tetraodontidae,3623955643,11377,152,129,1.178,3,RGB,PNG,38018,26d4aac4dd1f2382899cef957a8aeb39,False,train
R:\PP\Marine-Intelligence-Platform\marine-species-identification\data\raw\images\species_12\fish_003623955643_12465.png,raw\images\species_12\fish_003623955643_12465.png,fish_003623955643_12465.png,12,Canthigaster valentini,Valentin's sharpnose puffer,Tetraodontidae,3623955643,12465,164,134,1.224,3,RGB,PNG,39308,9f8358c14274a355da1ff7a6bd72d84e,False,train
R:\PP\Marine-Intelligence-Platform\marine-species-identification\data\raw\images\species_12\fish_003623955643_14331.png,raw\images\species_12\fish_003623955643_14331.png,fish_003623955643_14331.png,12,Canthigaster valentini,Valentin's sharpnose puffer,Tetraodontidae,3623955643,14331,180,143,1.259,3,RGB,PNG,42795,8d7040fa75b428bd01c88ac609292e0c,False,train
R:\PP\Marine-Intelligence-Platform\marine-species-identification\data\raw\images\species_12\fish_003623955643_19245.png,raw\images\species_12\fish_003623955643_19245.png,fish_003623955643_19245.png,12,Canthigaster valentini,Valentin's sharpnose puffer,Tetraodontidae,3623955643,19245,80,91,0.879,3,RGB,PNG,13908,984b0bd966fd464e44eacda77cae7ec8,False,train
R:\PP\Marine-Intelligence-Platform\marine-species-identification\data\raw\images\species_12\fish_003623955643_19251.png,raw\images\species_12\fish_003623955643_19251.png,fish_003623955643_19251.png,12,Canthigaster valentini,Valentin's sharpnose puffer,Tetraodontidae,3623955643,19251,128,119,1.076,3,RGB,PNG,32620,5a69052f9fc1955eabd11903465aa4be,False,train
R:\PP\Marine-Intelligence-Platform\marine-species-identification\data\raw\images\species_12\fish_003623955643_20763.png,raw\images\species_12\fish_003623955643_20763.png,fish_003623955643_20763.png,12,Canthigaster valentini,Valentin's sharpnose puffer,Tetraodontidae,3623955643,20763,176,139,1.266,3,RGB,PNG,40154,c8b351ec7f8ff6bb242da36ac8bd3938,False,train
R:\PP\Marine-Intelligence-Platform\marine-species-identification\data\raw\images\species_12\fish_004566767394_19247.png,raw\images\species_12\fish_004566767394_19247.png,fish_004566767394_19247.png,12,Canthigaster valentini,Valentin's sharpnose puffer,Tetraodontidae,4566767394,19247,98,119,0.824,3,RGB,PNG,26824,b9507f60165173a325db8b36bd1fd438,False,train
R:\PP\Marine-Intelligence-Platform\marine-species-identification\data\raw\images\species_12\fish_004566767394_20284.png,raw\images\species_12\fish_004566767394_20284.png,fish_004566767394_20284.png,12,Canthigaster valentini,Valentin's sharpnose puffer,Tetraodontidae,4566767394,20284,123,121,1.017,3,RGB,PNG,26623,e854639aac4306ddd7a2a70d2a5d7bf5,False,train
R:\PP\Marine-Intelligence-Platform\marine-species-identification\data\raw\images\species_12\fish_003623965643_19243.png,raw\images\species_12\fish_003623965643_19243.png,fish_003623965643_19243.png,12,Canthigaster valentini,Valentin's sharpnose puffer,Tetraodontidae,3623965643,19243,147,109,1.349,3,RGB,PNG,28018,00cc29e3fd3b66ece902b01ef9d7b5fa,False,train
R:\PP\Marine-Intelligence-Platform\marine-species-identification\data\raw\images\species_12\fish_003589975584_26585.png,raw\images\species_12\fish_003589975584_26585.png,fish_003589975584_26585.png,12,Canthigaster valentini,Valentin's sharpnose puffer,Tetraodontidae,3589975584,26585,75,72,1.042,3,RGB,PNG,14073,70a859856e3f395626423551e166710e,False,train
R:\PP\Marine-Intelligence-Platform\marine-species-identification\data\raw\images\species_12\fish_003737965904_22535.png,raw\images\species_12\fish_003737965904_22535.png,fish_003737965904_22535.png,12,Canthigaster valentini,Valentin's sharpnose puffer,Tetraodontidae,3737965904,22535,80,77,1.039,3,RGB,PNG,7422,5a7fc71af4e802e6bc3be635f64fa481,False,train
R:\PP\Marine-Intelligence-Platform\marine-species-identification\data\raw\images\species_12\fish_003733245884_24634.png,raw\images\species_12\fish_003733245884_24634.png,fish_003733245884_24634.png,12,Canthigaster valentini,Valentin's sharpnose puffer,Tetraodontidae,3733245884,24634,200,162,1.235,3,RGB,PNG,66534,73914484be059cb4140e9b6068aec43f,False,train
R:\PP\Marine-Intelligence-Platform\marine-species-identification\data\raw\images\species_12\fish_003752795961_19249.png,raw\images\species_12\fish_003752795961_19249.png,fish_003752795961_19249.png,12,Canthigaster valentini,Valentin's sharpnose puffer,Tetraodontidae,3752795961,19249,89,95,0.937,3,RGB,PNG,21160,da4d925a171019df156c7bf12daa823a,False,train
R:\PP\Marine-Intelligence-Platform\marine-species-identification\data\raw\images\species_12\fish_003752795961_25212.png,raw\images\species_12\fish_003752795961_25212.png,fish_003752795961_25212.png,12,Canthigaster valentini,Valentin's sharpnose puffer,Tetraodontidae,3752795961,25212,129,176,0.733,3,RGB,PNG,36414,b364b005ae5adcbb46946e4d842567fe,False,train
R:\PP\Marine-Intelligence-Platform\marine-species-identification\data\raw\images\species_12\fish_004262886961_09290.png,raw\images\species_12\fish_004262886961_09290.png,fish_004262886961_09290.png,12,Canthigaster valentini,Valentin's sharpnose puffer,Tetraodontidae,4262886961,9290,103,79,1.304,3,RGB,PNG,18762,ecf895d7c25a7db21115e74aa92d1e53,False,train
R:\PP\Marine-Intelligence-Platform\marine-species-identification\data\raw\images\species_12\fish_004262886961_09294.png,raw\images\species_12\fish_004262886961_09294.png,fish_004262886961_09294.png,12,Canthigaster valentini,Valentin's sharpnose puffer,Tetraodontidae,4262886961,9294,91,74,1.23,3,RGB,PNG,15734,e1a715b85eea710430351e85826869b2,False,train
R:\PP\Marine-Intelligence-Platform\marine-species-identification\data\raw\images\species_12\fish_004262886961_11252.png,raw\images\species_12\fish_004262886961_11252.png,fish_004262886961_11252.png,12,Canthigaster valentini,Valentin's sharpnose puffer,Tetraodontidae,4262886961,11252,96,76,1.263,3,RGB,PNG,16833,d201586478ad943e19ccfbd1ba5bb760,False,train
R:\PP\Marine-Intelligence-Platform\marine-species-identification\data\raw\images\species_12\fish_004262886961_11253.png,raw\images\species_12\fish_004262886961_11253.png,fish_004262886961_11253.png,12,Canthigaster valentini,Valentin's sharpnose puffer,Tetraodontidae,4262886961,11253,96,75,1.28,3,RGB,PNG,16910,4616d80fe8544585de1db266b5d09cfb,False,train
R:\PP\Marine-Intelligence-Platform\marine-species-identification\data\raw\images\species_12\fish_004262886961_11301.png,raw\images\species_12\fish_004262886961_11301.png,fish_004262886961_11301.png,12,Canthigaster valentini,Valentin's sharpnose puffer,Tetraodontidae,4262886961,11301,92,73,1.26,3,RGB,PNG,15844,6069b06f882424d5b9279374a28f4119,False,train
R:\PP\Marine-Intelligence-Platform\marine-species-identification\data\raw\images\species_12\fish_004262886961_11355.png,raw\images\species_12\fish_004262886961_11355.png,fish_004262886961_11355.png,12,Canthigaster valentini,Valentin's sharpnose puffer,Tetraodontidae,4262886961,11355,99,78,1.269,3,RGB,PNG,18133,976a2568f45e67591ab06b047313b520,False,train
R:\PP\Marine-Intelligence-Platform\marine-species-identification\data\raw\images\species_12\fish_004262886961_11358.png,raw\images\species_12\fish_004262886961_11358.png,fish_004262886961_11358.png,12,Canthigaster valentini,Valentin's sharpnose puffer,Tetraodontidae,4262886961,11358,119,92,1.293,3,RGB,PNG,25915,fc0657199cd0c1ccc2faad158bd9a51a,False,train
R:\PP\Marine-Intelligence-Platform\marine-species-identification\data\raw\images\species_12\fish_004262886961_11373.png,raw\images\species_12\fish_004262886961_11373.png,fish_004262886961_11373.png,12,Canthigaster valentini,Valentin's sharpnose puffer,Tetraodontidae,4262886961,11373,99,78,1.269,3,RGB,PNG,18164,0a26efe78a30a18da09105151fee13a2,False,train
R:\PP\Marine-Intelligence-Platform\marine-species-identification\data\raw\images\species_12\fish_004262886961_12649.png,raw\images\species_12\fish_004262886961_12649.png,fish_004262886961_12649.png,12,Canthigaster valentini,Valentin's sharpnose puffer,Tetraodontidae,4262886961,12649,96,76,1.263,3,RGB,PNG,17228,7ed07527682a77bea6d6ec32da0ec70d,False,train
R:\PP\Marine-Intelligence-Platform\marine-species-identification\data\raw\images\species_12\fish_004262886961_12651.png,raw\images\species_12\fish_004262886961_12651.png,fish_004262886961_12651.png,12,Canthigaster valentini,Valentin's sharpnose puffer,Tetraodontidae,4262886961,12651,92,73,1.26,3,RGB,PNG,15510,253b82ab6fc93528352f597ea62f4aa7,False,train
R:\PP\Marine-Intelligence-Platform\marine-species-identification\data\raw\images\species_12\fish_004262886961_12944.png,raw\images\species_12\fish_004262886961_12944.png,fish_004262886961_12944.png,12,Canthigaster valentini,Valentin's sharpnose puffer,Tetraodontidae,4262886961,12944,95,77,1.234,3,RGB,PNG,16800,0bdbcffee9d2d66e71572c4affb6391a,False,train
R:\PP\Marine-Intelligence-Platform\marine-species-identification\data\raw\images\species_12\fish_004262886961_12945.png,raw\images\species_12\fish_004262886961_12945.png,fish_004262886961_12945.png,12,Canthigaster valentini,Valentin's sharpnose puffer,Tetraodontidae,4262886961,12945,96,76,1.263,3,RGB,PNG,16793,76620961c94d35e5d728ab3c945cd447,False,train
R:\PP\Marine-Intelligence-Platform\marine-species-identification\data\raw\images\species_12\fish_004262886961_14072.png,raw\images\species_12\fish_004262886961_14072.png,fish_004262886961_14072.png,12,Canthigaster valentini,Valentin's sharpnose puffer,Tetraodontidae,4262886961,14072,92,74,1.243,3,RGB,PNG,15705,dc55e716a494cc5dc0d279a86cd487d9,False,train
R:\PP\Marine-Intelligence-Platform\marine-species-identification\data\raw\images\species_12\fish_004262886961_14073.png,raw\images\species_12\fish_004262886961_14073.png,fish_004262886961_14073.png,12,Canthigaster valentini,Valentin's sharpnose puffer,Tetraodontidae,4262886961,14073,96,77,1.247,3,RGB,PNG,16958,805317176b4f38be4a987969d7b62049,False,train
R:\PP\Marine-Intelligence-Platform\marine-species-identification\data\raw\images\species_12\fish_004262886961_14524.png,raw\images\species_12\fish_004262886961_14524.png,fish_004262886961_14524.png,12,Canthigaster valentini,Valentin's sharpnose puffer,Tetraodontidae,4262886961,14524,91,72,1.264,3,RGB,PNG,15385,c956253fc341119eb3a6f52c12145c95,False,train
R:\PP\Marine-Intelligence-Platform\marine-species-identification\data\raw\images\species_12\fish_004262886961_21289.png,raw\images\species_12\fish_004262886961_21289.png,fish_004262886961_21289.png,12,Canthigaster valentini,Valentin's sharpnose puffer,Tetraodontidae,4262886961,21289,92,74,1.243,3,RGB,PNG,16035,69300023a24de0215616137321464531,False,train
R:\PP\Marine-Intelligence-Platform\marine-species-identification\data\raw\images\species_12\fish_004262886961_23234.png,raw\images\species_12\fish_004262886961_23234.png,fish_004262886961_23234.png,12,Canthigaster valentini,Valentin's sharpnose puffer,Tetraodontidae,4262886961,23234,96,77,1.247,3,RGB,PNG,17334,17fd6ea1e3f5b7cd10d31477d6637bd4,False,train
R:\PP\Marine-Intelligence-Platform\marine-species-identification\data\raw\images\species_05\fish_003572215521_11386.png,raw\images\species_05\fish_003572215521_11386.png,fish_003572215521_11386.png,5,Chaetodon lunulatus,Oval butterflyfish,Chaetodontidae,3572215521,11386,70,71,0.986,3,RGB,PNG,9355,22dd76e70c2a431bdbc607e99aa7f702,False,train
R:\PP\Marine-Intelligence-Platform\marine-species-identification\data\raw\images\species_05\fish_003572215521_12503.png,raw\images\species_05\fish_003572215521_12503.png,fish_003572215521_12503.png,5,Chaetodon lunulatus,Oval butterflyfish,Chaetodontidae,3572215521,12503,69,71,0.972,3,RGB,PNG,9244,887a014ccfccfd6ae912873dcbacaebc,False,train
R:\PP\Marine-Intelligence-Platform\marine-species-identification\data\raw\images\species_05\fish_003484295359_15940.png,raw\images\species_05\fish_003484295359_15940.png,fish_003484295359_15940.png,5,Chaetodon lunulatus,Oval butterflyfish,Chaetodontidae,3484295359,15940,81,95,0.853,3,RGB,PNG,16931,8a26e22e15f2482fdfb57ea7a97db4a4,False,train
R:\PP\Marine-Intelligence-Platform\marine-species-identification\data\raw\images\species_05\fish_003484295359_21940.png,raw\images\species_05\fish_003484295359_21940.png,fish_003484295359_21940.png,5,Chaetodon lunulatus,Oval butterflyfish,Chaetodontidae,3484295359,21940,91,92,0.989,3,RGB,PNG,17859,adcead1560c392cf72c3d322bbb07886,False,train
R:\PP\Marine-Intelligence-Platform\marine-species-identification\data\raw\images\species_05\fish_003424585280_19689.png,raw\images\species_05\fish_003424585280_19689.png,fish_003424585280_19689.png,5,Chaetodon lunulatus,Oval butterflyfish,Chaetodontidae,3424585280,19689,84,76,1.105,3,RGB,PNG,16225,97457acc7d7c4ff9be8df1426163f499,False,train
R:\PP\Marine-Intelligence-Platform\marine-species-identification\data\raw\images\species_05\fish_003481615355_11627.png,raw\images\species_05\fish_003481615355_11627.png,fish_003481615355_11627.png,5,Chaetodon lunulatus,Oval butterflyfish,Chaetodontidae,3481615355,11627,116,109,1.064,3,RGB,PNG,29329,345439e942d747699bc538bed073d96e,False,train
R:\PP\Marine-Intelligence-Platform\marine-species-identification\data\raw\images\species_05\fish_003481615355_12185.png,raw\images\species_05\fish_003481615355_12185.png,fish_003481615355_12185.png,5,Chaetodon lunulatus,Oval butterflyfish,Chaetodontidae,3481615355,12185,71,79,0.899,3,RGB,PNG,13854,14c90111b9c638e539ff158899ea16bd,False,train
R:\PP\Marine-Intelligence-Platform\marine-species-identification\data\raw\images\species_05\fish_003481615355_12551.png,raw\images\species_05\fish_003481615355_12551.png,fish_003481615355_12551.png,5,Chaetodon lunulatus,Oval butterflyfish,Chaetodontidae,3481615355,12551,93,100,0.93,3,RGB,PNG,22939,e73723e33a7c1dc5843d24e7c46d4a13,False,train
R:\PP\Marine-Intelligence-Platform\marine-species-identification\data\raw\images\species_05\fish_003481615355_12561.png,raw\images\species_05\fish_003481615355_12561.png,fish_003481615355_12561.png,5,Chaetodon lunulatus,Oval butterflyfish,Chaetodontidae,3481615355,12561,92,95,0.968,3,RGB,PNG,21314,656aab0dd33e9526d04e8b31c32b9ee3,False,train
R:\PP\Marine-Intelligence-Platform\marine-species-identification\data\raw\images\species_05\fish_003481615355_13317.png,raw\images\species_05\fish_003481615355_13317.png,fish_003481615355_13317.png,5,Chaetodon lunulatus,Oval butterflyfish,Chaetodontidae,3481615355,13317,103,102,1.01,3,RGB,PNG,25264,c66d4d019d2475bc7f01066ea82a8376,False,train
R:\PP\Marine-Intelligence-Platform\marine-species-identification\data\raw\images\species_05\fish_003481615355_16117.png,raw\images\species_05\fish_003481615355_16117.png,fish_003481615355_16117.png,5,Chaetodon lunulatus,Oval butterflyfish,Chaetodontidae,3481615355,16117,94,99,0.949,3,RGB,PNG,22693,ba1d0eb4bd1bd15678a784b512dca7e7,False,train
R:\PP\Marine-Intelligence-Platform\marine-species-identification\data\raw\images\species_05\fish_003481615355_19385.png,raw\images\species_05\fish_003481615355_19385.png,fish_003481615355_19385.png,5,Chaetodon lunulatus,Oval butterflyfish,Chaetodontidae,3481615355,19385,94,100,0.94,3,RGB,PNG,22863,283ddcdab829889db5c445223f7ce3ff,False,train
R:\PP\Marine-Intelligence-Platform\marine-species-identification\data\raw\images\species_05\fish_003481615355_19386.png,raw\images\species_05\fish_003481615355_19386.png,fish_003481615355_19386.png,5,Chaetodon lunulatus,Oval butterflyfish,Chaetodontidae,3481615355,19386,92,95,0.968,3,RGB,PNG,21341,e2c00979b9a575603e23b86e35d0e1c6,False,train
R:\PP\Marine-Intelligence-Platform\marine-species-identification\data\raw\images\species_05\fish_003481615355_19562.png,raw\images\species_05\fish_003481615355_19562.png,fish_003481615355_19562.png,5,Chaetodon lunulatus,Oval butterflyfish,Chaetodontidae,3481615355,19562,89,96,0.927,3,RGB,PNG,20931,a28cb03752f6b6de2217900872fc15aa,False,train
R:\PP\Marine-Intelligence-Platform\marine-species-identification\data\raw\images\species_05\fish_003481615355_21072.png,raw\images\species_05\fish_003481615355_21072.png,fish_003481615355_21072.png,5,Chaetodon lunulatus,Oval butterflyfish,Chaetodontidae,3481615355,21072,77,84,0.917,3,RGB,PNG,15859,83b1cd0e05f33b477788dba465dd94de,False,train
R:\PP\Marine-Intelligence-Platform\marine-species-identification\data\raw\images\species_05\fish_003481615355_23200.png,raw\images\species_05\fish_003481615355_23200.png,fish_003481615355_23200.png,5,Chaetodon lunulatus,Oval butterflyfish,Chaetodontidae,3481615355,23200,104,103,1.01,3,RGB,PNG,25145,ee56f070316a7753279235121a9cb609,False,train
R:\PP\Marine-Intelligence-Platform\marine-species-identification\data\raw\images\species_05\fish_003424605280_19650.png,raw\images\species_05\fish_003424605280_19650.png,fish_003424605280_19650.png,5,Chaetodon lunulatus,Oval butterflyfish,Chaetodontidae,3424605280,19650,101,104,0.971,3,RGB,PNG,25584,c39945cf5107951e1c75876fa690788e,False,train
R:\PP\Marine-Intelligence-Platform\marine-species-identification\data\raw\images\species_05\fish_003424605280_19651.png,raw\images\species_05\fish_003424605280_19651.png,fish_003424605280_19651.png,5,Chaetodon lunulatus,Oval butterflyfish,Chaetodontidae,3424605280,19651,115,103,1.117,3,RGB,PNG,28631,f68fb74bac7256f4aca9da31a50e2a62,False,train
R:\PP\Marine-Intelligence-Platform\marine-species-identification\data\raw\images\species_05\fish_003424605280_19652.png,raw\images\species_05\fish_003424605280_19652.png,fish_003424605280_19652.png,5,Chaetodon lunulatus,Oval butterflyfish,Chaetodontidae,3424605280,19652,112,102,1.098,3,RGB,PNG,28337,20e1e08080b655060b21610e2782f515,False,train
R:\PP\Marine-Intelligence-Platform\marine-species-identification\data\raw\images\species_05\fish_003424605280_19653.png,raw\images\species_05\fish_003424605280_19653.png,fish_003424605280_19653.png,5,Chaetodon lunulatus,Oval butterflyfish,Chaetodontidae,3424605280,19653,104,119,0.874,3,RGB,PNG,30257,75a232c7d63c824c0c28f2f316e8b6b1,False,train
R:\PP\Marine-Intelligence-Platform\marine-species-identification\data\raw\images\species_05\fish_003424605280_19654.png,raw\images\species_05\fish_003424605280_19654.png,fish_003424605280_19654.png,5,Chaetodon lunulatus,Oval butterflyfish,Chaetodontidae,3424605280,19654,116,102,1.137,3,RGB,PNG,28893,630846f3da2ccf481d8d477fd81c3eb2,False,train
R:\PP\Marine-Intelligence-Platform\marine-species-identification\data\raw\images\species_05\fish_003424605280_19655.png,raw\images\species_05\fish_003424605280_19655.png,fish_003424605280_19655.png,5,Chaetodon lunulatus,Oval butterflyfish,Chaetodontidae,3424605280,19655,100,100,1.0,3,RGB,PNG,24505,c104fadf881c69528ec1aa3ce6cc2607,False,train
R:\PP\Marine-Intelligence-Platform\marine-species-identification\data\raw\images\species_05\fish_003424605280_19656.png,raw\images\species_05\fish_003424605280_19656.png,fish_003424605280_19656.png,5,Chaetodon lunulatus,Oval butterflyfish,Chaetodontidae,3424605280,19656,107,112,0.955,3,RGB,PNG,29174,72a023553712cb364c25e19d72e9e189,False,train
R:\PP\Marine-Intelligence-Platform\marine-species-identification\data\raw\images\species_05\fish_003424605280_19657.png,raw\images\species_05\fish_003424605280_19657.png,fish_003424605280_19657.png,5,Chaetodon lunulatus,Oval butterflyfish,Chaetodontidae,3424605280,19657,119,117,1.017,3,RGB,PNG,34090,a052f4975442d3871f5e5db09bcea635,False,train
R:\PP\Marine-Intelligence-Platform\marine-species-identification\data\raw\images\species_05\fish_003424605280_19658.png,raw\images\species_05\fish_003424605280_19658.png,fish_003424605280_19658.png,5,Chaetodon lunulatus,Oval butterflyfish,Chaetodontidae,3424605280,19658,114,120,0.95,3,RGB,PNG,33579,37f3d40eb51c1ab10b7fb578f40ae585,False,train
R:\PP\Marine-Intelligence-Platform\marine-species-identification\data\raw\images\species_05\fish_003424605280_19667.png,raw\images\species_05\fish_003424605280_19667.png,fish_003424605280_19667.png,5,Chaetodon lunulatus,Oval butterflyfish,Chaetodontidae,3424605280,19667,103,101,1.02,3,RGB,PNG,25813,4c69c884e18b8a588678212af8887e92,False,train
R:\PP\Marine-Intelligence-Platform\marine-species-identification\data\raw\images\species_05\fish_003424605280_21385.png,raw\images\species_05\fish_003424605280_21385.png,fish_003424605280_21385.png,5,Chaetodon lunulatus,Oval butterflyfish,Chaetodontidae,3424605280,21385,114,127,0.898,3,RGB,PNG,35729,45f215afbc8e74fd0a9696468fead6a1,False,train
R:\PP\Marine-Intelligence-Platform\marine-species-identification\data\raw\images\species_05\fish_003424605280_21411.png,raw\images\species_05\fish_003424605280_21411.png,fish_003424605280_21411.png,5,Chaetodon lunulatus,Oval butterflyfish,Chaetodontidae,3424605280,21411,111,102,1.088,3,RGB,PNG,27958,70b87f0f30096d7a7b80969b9f845b94,False,train
R:\PP\Marine-Intelligence-Platform\marine-species-identification\data\raw\images\species_05\fish_003424605280_21415.png,raw\images\species_05\fish_003424605280_21415.png,fish_003424605280_21415.png,5,Chaetodon lunulatus,Oval butterflyfish,Chaetodontidae,3424605280,21415,102,116,0.879,3,RGB,PNG,28901,fa115b36edfa2f285ec0ea9ba1b6f7e5,False,train
R:\PP\Marine-Intelligence-Platform\marine-species-identification\data\raw\images\species_05\fish_003424605280_21426.png,raw\images\species_05\fish_003424605280_21426.png,fish_003424605280_21426.png,5,Chaetodon lunulatus,Oval butterflyfish,Chaetodontidae,3424605280,21426,99,98,1.01,3,RGB,PNG,23363,6494515a316828cf4cf2712f25fd342c,False,train
R:\PP\Marine-Intelligence-Platform\marine-species-identification\data\raw\images\species_05\fish_003424605280_21478.png,raw\images\species_05\fish_003424605280_21478.png,fish_003424605280_21478.png,5,Chaetodon lunulatus,Oval butterflyfish,Chaetodontidae,3424605280,21478,78,84,0.929,3,RGB,PNG,16157,7a99d8fa3bdcdab7134da127acf07904,False,train
R:\PP\Marine-Intelligence-Platform\marine-species-identification\data\raw\images\species_05\fish_003424605280_21990.png,raw\images\species_05\fish_003424605280_21990.png,fish_003424605280_21990.png,5,Chaetodon lunulatus,Oval butterflyfish,Chaetodontidae,3424605280,21990,111,103,1.078,3,RGB,PNG,27107,22784e4bf04c87fc841bf3f316719f67,False,train
R:\PP\Marine-Intelligence-Platform\marine-species-identification\data\raw\images\species_05\fish_003424605280_25052.png,raw\images\species_05\fish_003424605280_25052.png,fish_003424605280_25052.png,5,Chaetodon lunulatus,Oval butterflyfish,Chaetodontidae,3424605280,25052,101,120,0.842,3,RGB,PNG,29686,dbe9406dca297f81899fd9e8e34f9e96,False,train
R:\PP\Marine-Intelligence-Platform\marine-species-identification\data\raw\images\species_05\fish_003424605280_25057.png,raw\images\species_05\fish_003424605280_25057.png,fish_003424605280_25057.png,5,Chaetodon lunulatus,Oval butterflyfish,Chaetodontidae,3424605280,25057,109,123,0.886,3,RGB,PNG,32861,6289c6debaa852745027daa18e050bc8,False,train
R:\PP\Marine-Intelligence-Platform\marine-species-identification\data\raw\images\species_05\fish_003435665294_16167.png,raw\images\species_05\fish_003435665294_16167.png,fish_003435665294_16167.png,5,Chaetodon lunulatus,Oval butterflyfish,Chaetodontidae,3435665294,16167,80,92,0.87,3,RGB,PNG,12620,9fdd7faa4fd792f91b33dc8036d7f6fd,False,train
R:\PP\Marine-Intelligence-Platform\marine-species-identification\data\raw\images\species_05\fish_003435165294_16142.png,raw\images\species_05\fish_003435165294_16142.png,fish_003435165294_16142.png,5,Chaetodon lunulatus,Oval butterflyfish,Chaetodontidae,3435165294,16142,84,74,1.135,3,RGB,PNG,13294,93e078d4a4e11679339681e37f452a5d,False,train
R:\PP\Marine-Intelligence-Platform\marine-species-identification\data\raw\images\species_05\fish_003473305341_12549.png,raw\images\species_05\fish_003473305341_12549.png,fish_003473305341_12549.png,5,Chaetodon lunulatus,Oval butterflyfish,Chaetodontidae,3473305341,12549,78,84,0.929,3,RGB,PNG,15229,d32b1e1b69bb5568c90cc25cacecc8b5,False,train
R:\PP\Marine-Intelligence-Platform\marine-species-identification\data\raw\images\species_05\fish_003473305341_12550.png,raw\images\species_05\fish_003473305341_12550.png,fish_003473305341_12550.png,5,Chaetodon lunulatus,Oval butterflyfish,Chaetodontidae,3473305341,12550,92,86,1.07,3,RGB,PNG,18875,fab88060c93345338089c4b18fb0032a,False,train
R:\PP\Marine-Intelligence-Platform\marine-species-identification\data\raw\images\species_05\fish_003473305341_19606.png,raw\images\species_05\fish_003473305341_19606.png,fish_003473305341_19606.png,5,Chaetodon lunulatus,Oval butterflyfish,Chaetodontidae,3473305341,19606,92,87,1.057,3,RGB,PNG,18277,423866919154e0ec4c8687359990d968,False,train
R:\PP\Marine-Intelligence-Platform\marine-species-identification\data\raw\images\species_05\fish_003473305341_20973.png,raw\images\species_05\fish_003473305341_20973.png,fish_003473305341_20973.png,5,Chaetodon lunulatus,Oval butterflyfish,Chaetodontidae,3473305341,20973,95,89,1.067,3,RGB,PNG,19669,65f2fd6bc81a2e06bb1a1a1fadbff327,False,train
R:\PP\Marine-Intelligence-Platform\marine-species-identification\data\raw\images\species_05\fish_003473305341_21464.png,raw\images\species_05\fish_003473305341_21464.png,fish_003473305341_21464.png,5,Chaetodon lunulatus,Oval butterflyfish,Chaetodontidae,3473305341,21464,76,80,0.95,3,RGB,PNG,14587,304b6b1cbbb1ef8ae6720a82b56d4b8f,False,train
R:\PP\Marine-Intelligence-Platform\marine-species-identification\data\raw\images\species_05\fish_003424655280_19474.png,raw\images\species_05\fish_003424655280_19474.png,fish_003424655280_19474.png,5,Chaetodon lunulatus,Oval butterflyfish,Chaetodontidae,3424655280,19474,107,112,0.955,3,RGB,PNG,24074,7993a16ea0f104da47a671aed632440b,False,train
R:\PP\Marine-Intelligence-Platform\marine-species-identification\data\raw\images\species_05\fish_003424655280_19475.png,raw\images\species_05\fish_003424655280_19475.png,fish_003424655280_19475.png,5,Chaetodon lunulatus,Oval butterflyfish,Chaetodontidae,3424655280,19475,101,107,0.944,3,RGB,PNG,22376,8f4a7f10fb40eddad5d4f1302a7c0cde,False,train
R:\PP\Marine-Intelligence-Platform\marine-species-identification\data\raw\images\species_05\fish_003424655280_19476.png,raw\images\species_05\fish_003424655280_19476.png,fish_003424655280_19476.png,5,Chaetodon lunulatus,Oval butterflyfish,Chaetodontidae,3424655280,19476,108,102,1.059,3,RGB,PNG,24577,6577c5d263bde9335a547ef41f11b05d,False,train
R:\PP\Marine-Intelligence-Platform\marine-species-identification\data\raw\images\species_05\fish_003424655280_19477.png,raw\images\species_05\fish_003424655280_19477.png,fish_003424655280_19477.png,5,Chaetodon lunulatus,Oval butterflyfish,Chaetodontidae,3424655280,19477,99,103,0.961,3,RGB,PNG,20928,0e366b85b6b2a5e0c6b1c07f8e6c85a7,False,train
R:\PP\Marine-Intelligence-Platform\marine-species-identification\data\raw\images\species_05\fish_003424655280_19478.png,raw\images\species_05\fish_003424655280_19478.png,fish_003424655280_19478.png,5,Chaetodon lunulatus,Oval butterflyfish,Chaetodontidae,3424655280,19478,108,102,1.059,3,RGB,PNG,21469,fc74f2b7476d8e5c201b3351296b2152,False,train
R:\PP\Marine-Intelligence-Platform\marine-species-identification\data\raw\images\species_05\fish_003424655280_19479.png,raw\images\species_05\fish_003424655280_19479.png,fish_003424655280_19479.png,5,Chaetodon lunulatus,Oval butterflyfish,Chaetodontidae,3424655280,19479,112,115,0.974,3,RGB,PNG,27311,e0d285f9933a5b80ace3a2574b6bbcdf,False,train
R:\PP\Marine-Intelligence-Platform\marine-species-identification\data\raw\images\species_05\fish_003424655280_19480.png,raw\images\species_05\fish_003424655280_19480.png,fish_003424655280_19480.png,5,Chaetodon lunulatus,Oval butterflyfish,Chaetodontidae,3424655280,19480,124,103,1.204,3,RGB,PNG,29763,9440205b9bd29b9179a7885f1a3f9143,False,train
R:\PP\Marine-Intelligence-Platform\marine-species-identification\data\raw\images\species_05\fish_003424655280_19481.png,raw\images\species_05\fish_003424655280_19481.png,fish_003424655280_19481.png,5,Chaetodon lunulatus,Oval butterflyfish,Chaetodontidae,3424655280,19481,109,115,0.948,3,RGB,PNG,25254,a7c1918c763164540cc8760bb1fdebc5,False,train
R:\PP\Marine-Intelligence-Platform\marine-species-identification\data\raw\images\species_05\fish_003424655280_19482.png,raw\images\species_05\fish_003424655280_19482.png,fish_003424655280_19482.png,5,Chaetodon lunulatus,Oval butterflyfish,Chaetodontidae,3424655280,19482,120,100,1.2,3,RGB,PNG,28461,dc272e3e947e5277556d793620937692,False,train
R:\PP\Marine-Intelligence-Platform\marine-species-identification\data\raw\images\species_05\fish_003424655280_19618.png,raw\images\species_05\fish_003424655280_19618.png,fish_003424655280_19618.png,5,Chaetodon lunulatus,Oval butterflyfish,Chaetodontidae,3424655280,19618,120,103,1.165,3,RGB,PNG,27728,e8cae4cfe8d51a61972998df11c30a4e,False,train
R:\PP\Marine-Intelligence-Platform\marine-species-identification\data\raw\images\species_05\fish_003424655280_19639.png,raw\images\species_05\fish_003424655280_19639.png,fish_003424655280_19639.png,5,Chaetodon lunulatus,Oval butterflyfish,Chaetodontidae,3424655280,19639,123,108,1.139,3,RGB,PNG,29673,d8a949c35c683603ff088131931476a1,False,train
R:\PP\Marine-Intelligence-Platform\marine-species-identification\data\raw\images\species_05\fish_003424655280_19712.png,raw\images\species_05\fish_003424655280_19712.png,fish_003424655280_19712.png,5,Chaetodon lunulatus,Oval butterflyfish,Chaetodontidae,3424655280,19712,110,119,0.924,3,RGB,PNG,26143,69de1c380be8ad57cf4926695c39dd9a,False,train
R:\PP\Marine-Intelligence-Platform\marine-species-identification\data\raw\images\species_05\fish_003424655280_20373.png,raw\images\species_05\fish_003424655280_20373.png,fish_003424655280_20373.png,5,Chaetodon lunulatus,Oval butterflyfish,Chaetodontidae,3424655280,20373,104,102,1.02,3,RGB,PNG,20951,5ff1b6eda02129cb5c0dc278d97242bb,False,train
R:\PP\Marine-Intelligence-Platform\marine-species-identification\data\raw\images\species_05\fish_003424655280_20965.png,raw\images\species_05\fish_003424655280_20965.png,fish_003424655280_20965.png,5,Chaetodon lunulatus,Oval butterflyfish,Chaetodontidae,3424655280,20965,111,105,1.057,3,RGB,PNG,25873,36493dbcc6522fab4cf9afa515eec44c,False,train
R:\PP\Marine-Intelligence-Platform\marine-species-identification\data\raw\images\species_05\fish_003424655280_20985.png,raw\images\species_05\fish_003424655280_20985.png,fish_003424655280_20985.png,5,Chaetodon lunulatus,Oval butterflyfish,Chaetodontidae,3424655280,20985,103,107,0.963,3,RGB,PNG,22434,dafe7341f4a970011365b6fa3c7af5c6,False,train
R:\PP\Marine-Intelligence-Platform\marine-species-identification\data\raw\images\species_05\fish_003424655280_21453.png,raw\images\species_05\fish_003424655280_21453.png,fish_003424655280_21453.png,5,Chaetodon lunulatus,Oval butterflyfish,Chaetodontidae,3424655280,21453,128,107,1.196,3,RGB,PNG,30722,b57cfc6222d75e1c164a96fc6e52b6eb,False,train
R:\PP\Marine-Intelligence-Platform\marine-species-identification\data\raw\images\species_05\fish_003424655280_25612.png,raw\images\species_05\fish_003424655280_25612.png,fish_003424655280_25612.png,5,Chaetodon lunulatus,Oval butterflyfish,Chaetodontidae,3424655280,25612,107,106,1.009,3,RGB,PNG,22344,5e56e4415aeebbf4efd04df0f0efbad3,False,train
R:\PP\Marine-Intelligence-Platform\marine-species-identification\data\raw\images\species_05\fish_003424655280_25867.png,raw\images\species_05\fish_003424655280_25867.png,fish_003424655280_25867.png,5,Chaetodon lunulatus,Oval butterflyfish,Chaetodontidae,3424655280,25867,120,102,1.176,3,RGB,PNG,28165,69be01f50f29b2a1928dd2871b7de49a,False,train
R:\PP\Marine-Intelligence-Platform\marine-species-identification\data\raw\images\species_05\fish_003424725280_19349.png,raw\images\species_05\fish_003424725280_19349.png,fish_003424725280_19349.png,5,Chaetodon lunulatus,Oval butterflyfish,Chaetodontidae,3424725280,19349,80,67,1.194,3,RGB,PNG,11934,4d0f5f376ed31e3a13f742a751779b1a,False,train
R:\PP\Marine-Intelligence-Platform\marine-species-identification\data\raw\images\species_05\fish_003424725280_19350.png,raw\images\species_05\fish_003424725280_19350.png,fish_003424725280_19350.png,5,Chaetodon lunulatus,Oval butterflyfish,Chaetodontidae,3424725280,19350,88,75,1.173,3,RGB,PNG,13911,0441ac59c7360862744cb53d40cd2827,False,train
R:\PP\Marine-Intelligence-Platform\marine-species-identification\data\raw\images\species_05\fish_003424725280_19351.png,raw\images\species_05\fish_003424725280_19351.png,fish_003424725280_19351.png,5,Chaetodon lunulatus,Oval butterflyfish,Chaetodontidae,3424725280,19351,83,80,1.038,3,RGB,PNG,14582,7c9a6d3f9dbd19aa008a3a14e89c8f4e,False,train
R:\PP\Marine-Intelligence-Platform\marine-species-identification\data\raw\images\species_05\fish_003424725280_19352.png,raw\images\species_05\fish_003424725280_19352.png,fish_003424725280_19352.png,5,Chaetodon lunulatus,Oval butterflyfish,Chaetodontidae,3424725280,19352,92,80,1.15,3,RGB,PNG,15425,0604cb64976c4d461a384f074a9f1069,False,train
R:\PP\Marine-Intelligence-Platform\marine-species-identification\data\raw\images\species_05\fish_003424725280_19353.png,raw\images\species_05\fish_003424725280_19353.png,fish_003424725280_19353.png,5,Chaetodon lunulatus,Oval butterflyfish,Chaetodontidae,3424725280,19353,92,80,1.15,3,RGB,PNG,15521,96593da50bb049cb4168b6c6b5fa7139,False,train
R:\PP\Marine-Intelligence-Platform\marine-species-identification\data\raw\images\species_05\fish_003424725280_19354.png,raw\images\species_05\fish_003424725280_19354.png,fish_003424725280_19354.png,5,Chaetodon lunulatus,Oval butterflyfish,Chaetodontidae,3424725280,19354,95,84,1.131,3,RGB,PNG,18882,7ed480124ba995fb8fe6552517077d86,False,train
R:\PP\Marine-Intelligence-Platform\marine-species-identification\data\raw\images\species_05\fish_003424725280_19355.png,raw\images\species_05\fish_003424725280_19355.png,fish_003424725280_19355.png,5,Chaetodon lunulatus,Oval butterflyfish,Chaetodontidae,3424725280,19355,73,75,0.973,3,RGB,PNG,13095,855eaf4a5a46efb1d6159af96094abba,False,train
R:\PP\Marine-Intelligence-Platform\marine-species-identification\data\raw\images\species_05\fish_003424725280_19356.png,raw\images\species_05\fish_003424725280_19356.png,fish_003424725280_19356.png,5,Chaetodon lunulatus,Oval butterflyfish,Chaetodontidae,3424725280,19356,92,83,1.108,3,RGB,PNG,17878,d97b902d1582478dd40030fc29ee4cb5,False,train
R:\PP\Marine-Intelligence-Platform\marine-species-identification\data\raw\images\species_05\fish_003424725280_19357.png,raw\images\species_05\fish_003424725280_19357.png,fish_003424725280_19357.png,5,Chaetodon lunulatus,Oval butterflyfish,Chaetodontidae,3424725280,19357,84,73,1.151,3,RGB,PNG,12904,a1774a2f14f61c8669f6c175b649754d,False,train
R:\PP\Marine-Intelligence-Platform\marine-species-identification\data\raw\images\species_05\fish_003424725280_19358.png,raw\images\species_05\fish_003424725280_19358.png,fish_003424725280_19358.png,5,Chaetodon lunulatus,Oval butterflyfish,Chaetodontidae,3424725280,19358,92,81,1.136,3,RGB,PNG,15946,93406f4c261e90be72a0d8fd4a4ecff0,False,train
R:\PP\Marine-Intelligence-Platform\marine-species-identification\data\raw\images\species_05\fish_003424725280_19463.png,raw\images\species_05\fish_003424725280_19463.png,fish_003424725280_19463.png,5,Chaetodon lunulatus,Oval butterflyfish,Chaetodontidae,3424725280,19463,78,83,0.94,3,RGB,PNG,14979,8bfcc8973533dfcca35fa2cbff1e6e03,False,train
R:\PP\Marine-Intelligence-Platform\marine-species-identification\data\raw\images\species_05\fish_003424725280_19696.png,raw\images\species_05\fish_003424725280_19696.png,fish_003424725280_19696.png,5,Chaetodon lunulatus,Oval butterflyfish,Chaetodontidae,3424725280,19696,91,80,1.137,3,RGB,PNG,15808,2e2a467cc171dc7a1efb8cbf9328587b,False,train
R:\PP\Marine-Intelligence-Platform\marine-species-identification\data\raw\images\species_05\fish_003424725280_19905.png,raw\images\species_05\fish_003424725280_19905.png,fish_003424725280_19905.png,5,Chaetodon lunulatus,Oval butterflyfish,Chaetodontidae,3424725280,19905,96,86,1.116,3,RGB,PNG,18805,ed06a7997f97929aaa62fe85292baf92,False,train
R:\PP\Marine-Intelligence-Platform\marine-species-identification\data\raw\images\species_05\fish_003424725280_19925.png,raw\images\species_05\fish_003424725280_19925.png,fish_003424725280_19925.png,5,Chaetodon lunulatus,Oval butterflyfish,Chaetodontidae,3424725280,19925,95,83,1.145,3,RGB,PNG,18621,fbc9eae7ba49d394b953949cf0e9114f,False,train
R:\PP\Marine-Intelligence-Platform\marine-species-identification\data\raw\images\species_05\fish_003424725280_21381.png,raw\images\species_05\fish_003424725280_21381.png,fish_003424725280_21381.png,5,Chaetodon lunulatus,Oval butterflyfish,Chaetodontidae,3424725280,21381,73,83,0.88,3,RGB,PNG,13994,164514c00c12f93e22767b3aa1be5aba,False,train
R:\PP\Marine-Intelligence-Platform\marine-species-identification\data\raw\images\species_05\fish_003572165521_19175.png,raw\images\species_05\fish_003572165521_19175.png,fish_003572165521_19175.png,5,Chaetodon lunulatus,Oval butterflyfish,Chaetodontidae,3572165521,19175,74,80,0.925,3,RGB,PNG,15001,f9c4c446bfc21e21770036daa58eb020,False,train
R:\PP\Marine-Intelligence-Platform\marine-species-identification\data\raw\images\species_05\fish_003481865355_18300.png,raw\images\species_05\fish_003481865355_18300.png,fish_003481865355_18300.png,5,Chaetodon lunulatus,Oval butterflyfish,Chaetodontidae,3481865355,18300,63,67,0.94,3,RGB,PNG,9586,d5c7a84a94922d9eb77f28d9ba71b244,False,train
R:\PP\Marine-Intelligence-Platform\marine-species-identification\data\raw\images\species_05\fish_003405395239_22977.png,raw\images\species_05\fish_003405395239_22977.png,fish_003405395239_22977.png,5,Chaetodon lunulatus,Oval butterflyfish,Chaetodontidae,3405395239,22977,71,72,0.986,3,RGB,PNG,7614,8970626373240ec666d5e262fbb3132c,False,train
R:\PP\Marine-Intelligence-Platform\marine-species-identification\data\raw\images\species_05\fish_003405395239_22978.png,raw\images\species_05\fish_003405395239_22978.png,fish_003405395239_22978.png,5,Chaetodon lunulatus,Oval butterflyfish,Chaetodontidae,3405395239,22978,79,75,1.053,3,RGB,PNG,8916,19a4a643dd40a185517b9d1826024244,False,train
R:\PP\Marine-Intelligence-Platform\marine-species-identification\data\raw\images\species_05\fish_003405395239_22979.png,raw\images\species_05\fish_003405395239_22979.png,fish_003405395239_22979.png,5,Chaetodon lunulatus,Oval butterflyfish,Chaetodontidae,3405395239,22979,79,75,1.053,3,RGB,PNG,9602,24f405a7072ad131f18470e582969d74,False,train
R:\PP\Marine-Intelligence-Platform\marine-species-identification\data\raw\images\species_05\fish_003405395239_22980.png,raw\images\species_05\fish_003405395239_22980.png,fish_003405395239_22980.png,5,Chaetodon lunulatus,Oval butterflyfish,Chaetodontidae,3405395239,22980,86,87,0.989,3,RGB,PNG,12987,5854ac663a561d25a7e5743326c45aed,False,train
R:\PP\Marine-Intelligence-Platform\marine-species-identification\data\raw\images\species_05\fish_003405395239_22981.png,raw\images\species_05\fish_003405395239_22981.png,fish_003405395239_22981.png,5,Chaetodon lunulatus,Oval butterflyfish,Chaetodontidae,3405395239,22981,83,82,1.012,3,RGB,PNG,11844,a8904461db80accae796484ceaf2761c,False,train
R:\PP\Marine-Intelligence-Platform\marine-species-identification\data\raw\images\species_05\fish_003405395239_22982.png,raw\images\species_05\fish_003405395239_22982.png,fish_003405395239_22982.png,5,Chaetodon lunulatus,Oval butterflyfish,Chaetodontidae,3405395239,22982,83,84,0.988,3,RGB,PNG,11588,1fac0bab84ec3d4b1650ebce54e7b899,False,train
R:\PP\Marine-Intelligence-Platform\marine-species-identification\data\raw\images\species_05\fish_003461285323_13545.png,raw\images\species_05\fish_003461285323_13545.png,fish_003461285323_13545.png,5,Chaetodon lunulatus,Oval butterflyfish,Chaetodontidae,3461285323,13545,75,88,0.852,3,RGB,PNG,14311,bbe60b2d4d0f97f6638b533ee252a2e7,False,train
R:\PP\Marine-Intelligence-Platform\marine-species-identification\data\raw\images\species_05\fish_003484075359_25700.png,raw\images\species_05\fish_003484075359_25700.png,fish_003484075359_25700.png,5,Chaetodon lunulatus,Oval butterflyfish,Chaetodontidae,3484075359,25700,75,68,1.103,3,RGB,PNG,11664,5e636d1a1b327c61c638d1638af34335,False,train
R:\PP\Marine-Intelligence-Platform\marine-species-identification\data\raw\images\species_05\fish_003571485521_13305.png,raw\images\species_05\fish_003571485521_13305.png,fish_003571485521_13305.png,5,Chaetodon lunulatus,Oval butterflyfish,Chaetodontidae,3571485521,13305,79,83,0.952,3,RGB,PNG,15584,07140cc878668e7c65579c88e461d897,False,train
R:\PP\Marine-Intelligence-Platform\marine-species-identification\data\raw\images\species_05\fish_003571485521_13491.png,raw\images\species_05\fish_003571485521_13491.png,fish_003571485521_13491.png,5,Chaetodon lunulatus,Oval butterflyfish,Chaetodontidae,3571485521,13491,79,80,0.988,3,RGB,PNG,14993,d6f8dc89f793e62efb65c81e4cbedea0,False,train
R:\PP\Marine-Intelligence-Platform\marine-species-identification\data\raw\images\species_05\fish_003571485521_19287.png,raw\images\species_05\fish_003571485521_19287.png,fish_003571485521_19287.png,5,Chaetodon lunulatus,Oval butterflyfish,Chaetodontidae,3571485521,19287,82,83,0.988,3,RGB,PNG,16178,9a856b3645721e0ae59469ad1b7020db,False,train
R:\PP\Marine-Intelligence-Platform\marine-species-identification\data\raw\images\species_05\fish_003481755355_19172.png,raw\images\species_05\fish_003481755355_19172.png,fish_003481755355_19172.png,5,Chaetodon lunulatus,Oval butterflyfish,Chaetodontidae,3481755355,19172,195,170,1.147,3,RGB,PNG,71488,82939d5f0750d4130e1d6e1758b71bfa,False,train
R:\PP\Marine-Intelligence-Platform\marine-species-identification\data\raw\images\species_05\fish_003481755355_19431.png,raw\images\species_05\fish_003481755355_19431.png,fish_003481755355_19431.png,5,Chaetodon lunulatus,Oval butterflyfish,Chaetodontidae,3481755355,19431,211,177,1.192,3,RGB,PNG,85899,f71dbc22d5388c9313f0f8a37bab6f92,False,train
R:\PP\Marine-Intelligence-Platform\marine-species-identification\data\raw\images\species_05\fish_003435515294_16133.png,raw\images\species_05\fish_003435515294_16133.png,fish_003435515294_16133.png,5,Chaetodon lunulatus,Oval butterflyfish,Chaetodontidae,3435515294,16133,80,83,0.964,3,RGB,PNG,13689,f567852bd28a2e76ae3d7f350fd9474c,False,train
R:\PP\Marine-Intelligence-Platform\marine-species-identification\data\raw\images\species_05\fish_003571625521_14463.png,raw\images\species_05\fish_003571625521_14463.png,fish_003571625521_14463.png,5,Chaetodon lunulatus,Oval butterflyfish,Chaetodontidae,3571625521,14463,73,80,0.912,3,RGB,PNG,14962,5d74b964621750d8df49846d964cf5c3,False,train
R:\PP\Marine-Intelligence-Platform\marine-species-identification\data\raw\images\species_05\fish_003571625521_24001.png,raw\images\species_05\fish_003571625521_24001.png,fish_003571625521_24001.png,5,Chaetodon lunulatus,Oval butterflyfish,Chaetodontidae,3571625521,24001,68,68,1.0,3,RGB,PNG,10922,17b95ff84e2b19449c5e646ce14b20bf,False,train
R:\PP\Marine-Intelligence-Platform\marine-species-identification\data\raw\images\species_05\fish_003435395294_16057.png,raw\images\species_05\fish_003435395294_16057.png,fish_003435395294_16057.png,5,Chaetodon lunulatus,Oval butterflyfish,Chaetodontidae,3435395294,16057,76,100,0.76,3,RGB,PNG,15903,723387d01388e4da063ebdc2c0f9b53b,False,train
R:\PP\Marine-Intelligence-Platform\marine-species-identification\data\raw\images\species_05\fish_003435395294_16058.png,raw\images\species_05\fish_003435395294_16058.png,fish_003435395294_16058.png,5,Chaetodon lunulatus,Oval butterflyfish,Chaetodontidae,3435395294,16058,79,107,0.738,3,RGB,PNG,16735,49fb5e21f3853353533b0febfad399e3,False,train
R:\PP\Marine-Intelligence-Platform\marine-species-identification\data\raw\images\species_05\fish_003435395294_16059.png,raw\images\species_05\fish_003435395294_16059.png,fish_003435395294_16059.png,5,Chaetodon lunulatus,Oval butterflyfish,Chaetodontidae,3435395294,16059,77,107,0.72,3,RGB,PNG,16282,70160aae643449e0de0ccb14654ca392,False,train
R:\PP\Marine-Intelligence-Platform\marine-species-identification\data\raw\images\species_05\fish_003435395294_16060.png,raw\images\species_05\fish_003435395294_16060.png,fish_003435395294_16060.png,5,Chaetodon lunulatus,Oval butterflyfish,Chaetodontidae,3435395294,16060,77,95,0.811,3,RGB,PNG,16170,5b6d971fa43e86c042fe955281788ac6,False,train
R:\PP\Marine-Intelligence-Platform\marine-species-identification\data\raw\images\species_05\fish_003435395294_16061.png,raw\images\species_05\fish_003435395294_16061.png,fish_003435395294_16061.png,5,Chaetodon lunulatus,Oval butterflyfish,Chaetodontidae,3435395294,16061,77,99,0.778,3,RGB,PNG,17024,f7a8c74d6b0846a1ebdc51a4551b29d9,False,train
R:\PP\Marine-Intelligence-Platform\marine-species-identification\data\raw\images\species_05\fish_003435395294_16062.png,raw\images\species_05\fish_003435395294_16062.png,fish_003435395294_16062.png,5,Chaetodon lunulatus,Oval butterflyfish,Chaetodontidae,3435395294,16062,79,103,0.767,3,RGB,PNG,16450,b85a9b162513695b6a29d3511edd24b9,False,train
R:\PP\Marine-Intelligence-Platform\marine-species-identification\data\raw\images\species_05\fish_003435395294_23996.png,raw\images\species_05\fish_003435395294_23996.png,fish_003435395294_23996.png,5,Chaetodon lunulatus,Oval butterflyfish,Chaetodontidae,3435395294,23996,80,103,0.777,3,RGB,PNG,16867,d23016254e3dde099f968804114546aa,False,train
R:\PP\Marine-Intelligence-Platform\marine-species-identification\data\raw\images\species_05\fish_003481635355_11613.png,raw\images\species_05\fish_003481635355_11613.png,fish_003481635355_11613.png,5,Chaetodon lunulatus,Oval butterflyfish,Chaetodontidae,3481635355,11613,96,99,0.97,3,RGB,PNG,19985,4787f8e4180d8e1e9585321a508c2cb7,False,train
R:\PP\Marine-Intelligence-Platform\marine-species-identification\data\raw\images\species_05\fish_003481635355_11614.png,raw\images\species_05\fish_003481635355_11614.png,fish_003481635355_11614.png,5,Chaetodon lunulatus,Oval butterflyfish,Chaetodontidae,3481635355,11614,90,96,0.938,3,RGB,PNG,19299,c3e6efb6a3048d29a26feca93a8cb57a,False,train
R:\PP\Marine-Intelligence-Platform\marine-species-identification\data\raw\images\species_05\fish_003481635355_11631.png,raw\images\species_05\fish_003481635355_11631.png,fish_003481635355_11631.png,5,Chaetodon lunulatus,Oval butterflyfish,Chaetodontidae,3481635355,11631,75,92,0.815,3,RGB,PNG,15246,6686d7e1b86cb8445eecd0f2dc058eec,False,train
R:\PP\Marine-Intelligence-Platform\marine-species-identification\data\raw\images\species_05\fish_003481635355_12573.png,raw\images\species_05\fish_003481635355_12573.png,fish_003481635355_12573.png,5,Chaetodon lunulatus,Oval butterflyfish,Chaetodontidae,3481635355,12573,79,92,0.859,3,RGB,PNG,16101,a2e6be2e6ddccba0b8723f77f10fec3d,False,train
R:\PP\Marine-Intelligence-Platform\marine-species-identification\data\raw\images\species_05\fish_003481635355_12583.png,raw\images\species_05\fish_003481635355_12583.png,fish_003481635355_12583.png,5,Chaetodon lunulatus,Oval butterflyfish,Chaetodontidae,3481635355,12583,96,103,0.932,3,RGB,PNG,21930,973e175d070ce3a5a9ced8c784b99096,False,train
R:\PP\Marine-Intelligence-Platform\marine-species-identification\data\raw\images\species_05\fish_003481635355_13417.png,raw\images\species_05\fish_003481635355_13417.png,fish_003481635355_13417.png,5,Chaetodon lunulatus,Oval butterflyfish,Chaetodontidae,3481635355,13417,104,116,0.897,3,RGB,PNG,27218,542043278c2d39c039e6b916171cb8e6,False,train
R:\PP\Marine-Intelligence-Platform\marine-species-identification\data\raw\images\species_05\fish_003481635355_13600.png,raw\images\species_05\fish_003481635355_13600.png,fish_003481635355_13600.png,5,Chaetodon lunulatus,Oval butterflyfish,Chaetodontidae,3481635355,13600,107,98,1.092,3,RGB,PNG,19555,e85c4e68677afa5ea7abe1d6492e6a55,False,train
R:\PP\Marine-Intelligence-Platform\marine-species-identification\data\raw\images\species_05\fish_003481635355_13606.png,raw\images\species_05\fish_003481635355_13606.png,fish_003481635355_13606.png,5,Chaetodon lunulatus,Oval butterflyfish,Chaetodontidae,3481635355,13606,89,95,0.937,3,RGB,PNG,18700,5baf6819a6ddd23e4f1553d73b7729e6,False,train
R:\PP\Marine-Intelligence-Platform\marine-species-identification\data\raw\images\species_05\fish_003481635355_13618.png,raw\images\species_05\fish_003481635355_13618.png,fish_003481635355_13618.png,5,Chaetodon lunulatus,Oval butterflyfish,Chaetodontidae,3481635355,13618,86,95,0.905,3,RGB,PNG,18329,fe60bf43c6893b9bfb32c45fbdec8bb9,False,train
R:\PP\Marine-Intelligence-Platform\marine-species-identification\data\raw\images\species_05\fish_003481635355_21443.png,raw\images\species_05\fish_003481635355_21443.png,fish_003481635355_21443.png,5,Chaetodon lunulatus,Oval butterflyfish,Chaetodontidae,3481635355,21443,80,91,0.879,3,RGB,PNG,16089,fd8872db30440cde1c077c8c2f7a1e42,False,train
R:\PP\Marine-Intelligence-Platform\marine-species-identification\data\raw\images\species_05\fish_003481635355_24358.png,raw\images\species_05\fish_003481635355_24358.png,fish_003481635355_24358.png,5,Chaetodon lunulatus,Oval butterflyfish,Chaetodontidae,3481635355,24358,100,108,0.926,3,RGB,PNG,24092,9e9d9dfa1fe6ff70993f972eb0d43e47,False,train
R:\PP\Marine-Intelligence-Platform\marine-species-identification\data\raw\images\species_05\fish_003481635355_25085.png,raw\images\species_05\fish_003481635355_25085.png,fish_003481635355_25085.png,5,Chaetodon lunulatus,Oval butterflyfish,Chaetodontidae,3481635355,25085,86,92,0.935,3,RGB,PNG,17580,ec8a8b49e06a0d1a5730087662ba008b,False,train
R:\PP\Marine-Intelligence-Platform\marine-species-identification\data\raw\images\species_05\fish_003481635355_25866.png,raw\images\species_05\fish_003481635355_25866.png,fish_003481635355_25866.png,5,Chaetodon lunulatus,Oval butterflyfish,Chaetodontidae,3481635355,25866,156,125,1.248,3,RGB,PNG,43398,eaa6ce772ba449b558c259d2b05fb3ba,False,train
R:\PP\Marine-Intelligence-Platform\marine-species-identification\data\raw\images\species_05\fish_003435605294_15966.png,raw\images\species_05\fish_003435605294_15966.png,fish_003435605294_15966.png,5,Chaetodon lunulatus,Oval butterflyfish,Chaetodontidae,3435605294,15966,75,68,1.103,3,RGB,PNG,9325,82dc613e1a04803d5edd75a1852adbe4,False,train
R:\PP\Marine-Intelligence-Platform\marine-species-identification\data\raw\images\species_05\fish_003435605294_15967.png,raw\images\species_05\fish_003435605294_15967.png,fish_003435605294_15967.png,5,Chaetodon lunulatus,Oval butterflyfish,Chaetodontidae,3435605294,15967,91,81,1.123,3,RGB,PNG,16084,c8ed23f167269ad3c738b9ec473dab97,False,train
R:\PP\Marine-Intelligence-Platform\marine-species-identification\data\raw\images\species_05\fish_003435605294_16140.png,raw\images\species_05\fish_003435605294_16140.png,fish_003435605294_16140.png,5,Chaetodon lunulatus,Oval butterflyfish,Chaetodontidae,3435605294,16140,72,66,1.091,3,RGB,PNG,10119,32ac5d7e7046e89b3f8bf52228f0c543,False,train
R:\PP\Marine-Intelligence-Platform\marine-species-identification\data\raw\images\species_05\fish_003435605294_16247.png,raw\images\species_05\fish_003435605294_16247.png,fish_003435605294_16247.png,5,Chaetodon lunulatus,Oval butterflyfish,Chaetodontidae,3435605294,16247,75,71,1.056,3,RGB,PNG,11466,5f1d9c3ef8e33ec942753523622232f5,False,train
R:\PP\Marine-Intelligence-Platform\marine-species-identification\data\raw\images\species_05\fish_003572035521_18567.png,raw\images\species_05\fish_003572035521_18567.png,fish_003572035521_18567.png,5,Chaetodon lunulatus,Oval butterflyfish,Chaetodontidae,3572035521,18567,83,76,1.092,3,RGB,PNG,15276,15c08e9c8a55ffc246398ac2fc91eebe,False,train
R:\PP\Marine-Intelligence-Platform\marine-species-identification\data\raw\images\species_05\fish_003572035521_18569.png,raw\images\species_05\fish_003572035521_18569.png,fish_003572035521_18569.png,5,Chaetodon lunulatus,Oval butterflyfish,Chaetodontidae,3572035521,18569,79,77,1.026,3,RGB,PNG,14470,b1cceaa3d2478d5ed987c5a28f9269e6,False,train
R:\PP\Marine-Intelligence-Platform\marine-species-identification\data\raw\images\species_05\fish_003572035521_25861.png,raw\images\species_05\fish_003572035521_25861.png,fish_003572035521_25861.png,5,Chaetodon lunulatus,Oval butterflyfish,Chaetodontidae,3572035521,25861,80,77,1.039,3,RGB,PNG,14690,70e82be80fbbd9124af1a465adc7c12f,False,train
R:\PP\Marine-Intelligence-Platform\marine-species-identification\data\raw\images\species_05\fish_003571785521_19446.png,raw\images\species_05\fish_003571785521_19446.png,fish_003571785521_19446.png,5,Chaetodon lunulatus,Oval butterflyfish,Chaetodontidae,3571785521,19446,88,83,1.06,3,RGB,PNG,18067,252afe2107d3c2d510bacfc18d42cc4a,False,train
R:\PP\Marine-Intelligence-Platform\marine-species-identification\data\raw\images\species_05\fish_003533985426_15923.png,raw\images\species_05\fish_003533985426_15923.png,fish_003533985426_15923.png,5,Chaetodon lunulatus,Oval butterflyfish,Chaetodontidae,3533985426,15923,78,80,0.975,3,RGB,PNG,13885,2dde45feea5fd0166537880ddd565d9d,False,train
R:\PP\Marine-Intelligence-Platform\marine-species-identification\data\raw\images\species_05\fish_003533985426_25748.png,raw\images\species_05\fish_003533985426_25748.png,fish_003533985426_25748.png,5,Chaetodon lunulatus,Oval butterflyfish,Chaetodontidae,3533985426,25748,72,72,1.0,3,RGB,PNG,11399,3d81ff9361e55f53a2a24575aeab55e5,False,train
R:\PP\Marine-Intelligence-Platform\marine-species-identification\data\raw\images\species_05\fish_003484365359_11395.png,raw\images\species_05\fish_003484365359_11395.png,fish_003484365359_11395.png,5,Chaetodon lunulatus,Oval butterflyfish,Chaetodontidae,3484365359,11395,126,155,0.813,3,RGB,PNG,34502,5550525212faab1f833251624d8cb2ec,False,train
R:\PP\Marine-Intelligence-Platform\marine-species-identification\data\raw\images\species_05\fish_003484365359_17728.png,raw\images\species_05\fish_003484365359_17728.png,fish_003484365359_17728.png,5,Chaetodon lunulatus,Oval butterflyfish,Chaetodontidae,3484365359,17728,141,159,0.887,3,RGB,PNG,38807,80ff71324d3f1455d6e409c9d002e946,False,train
R:\PP\Marine-Intelligence-Platform\marine-species-identification\data\raw\images\species_05\fish_003484365359_25793.png,raw\images\species_05\fish_003484365359_25793.png,fish_003484365359_25793.png,5,Chaetodon lunulatus,Oval butterflyfish,Chaetodontidae,3484365359,25793,152,172,0.884,3,RGB,PNG,42459,b8b54c334b92514051d85f21662dafc5,False,train
R:\PP\Marine-Intelligence-Platform\marine-species-identification\data\raw\images\species_05\fish_003502985380_11458.png,raw\images\species_05\fish_003502985380_11458.png,fish_003502985380_11458.png,5,Chaetodon lunulatus,Oval butterflyfish,Chaetodontidae,3502985380,11458,73,75,0.973,3,RGB,PNG,11931,06f79b162b5429353399adb12ced1427,False,train
R:\PP\Marine-Intelligence-Platform\marine-species-identification\data\raw\images\species_05\fish_003502985380_11524.png,raw\images\species_05\fish_003502985380_11524.png,fish_003502985380_11524.png,5,Chaetodon lunulatus,Oval butterflyfish,Chaetodontidae,3502985380,11524,79,74,1.068,3,RGB,PNG,12673,c6ba14d40a509b7f9077b3557bc94d49,False,train
R:\PP\Marine-Intelligence-Platform\marine-species-identification\data\raw\images\species_05\fish_003572265521_17832.png,raw\images\species_05\fish_003572265521_17832.png,fish_003572265521_17832.png,5,Chaetodon lunulatus,Oval butterflyfish,Chaetodontidae,3572265521,17832,83,91,0.912,3,RGB,PNG,19150,13dcc99f091d377b3660a07131593967,False,train
R:\PP\Marine-Intelligence-Platform\marine-species-identification\data\raw\images\species_05\fish_003572265521_21364.png,raw\images\species_05\fish_003572265521_21364.png,fish_003572265521_21364.png,5,Chaetodon lunulatus,Oval butterflyfish,Chaetodontidae,3572265521,21364,71,96,0.74,3,RGB,PNG,17498,6e93b97d54735b16f75c6ccdf969635f,False,train
R:\PP\Marine-Intelligence-Platform\marine-species-identification\data\raw\images\species_05\fish_003572265521_25104.png,raw\images\species_05\fish_003572265521_25104.png,fish_003572265521_25104.png,5,Chaetodon lunulatus,Oval butterflyfish,Chaetodontidae,3572265521,25104,80,92,0.87,3,RGB,PNG,18763,ad8671c68ee4dbdcc4c910c35bc1bab7,False,train
R:\PP\Marine-Intelligence-Platform\marine-species-identification\data\raw\images\species_05\fish_003435245294_16121.png,raw\images\species_05\fish_003435245294_16121.png,fish_003435245294_16121.png,5,Chaetodon lunulatus,Oval butterflyfish,Chaetodontidae,3435245294,16121,76,88,0.864,3,RGB,PNG,14335,87ad30de6a87844a8a5ae72349ac8b15,False,train
R:\PP\Marine-Intelligence-Platform\marine-species-identification\data\raw\images\species_05\fish_003435245294_16152.png,raw\images\species_05\fish_003435245294_16152.png,fish_003435245294_16152.png,5,Chaetodon lunulatus,Oval butterflyfish,Chaetodontidae,3435245294,16152,80,83,0.964,3,RGB,PNG,14381,4d8fcaa9263a22b484f553066ea48f28,False,train
R:\PP\Marine-Intelligence-Platform\marine-species-identification\data\raw\images\species_05\fish_003435245294_16154.png,raw\images\species_05\fish_003435245294_16154.png,fish_003435245294_16154.png,5,Chaetodon lunulatus,Oval butterflyfish,Chaetodontidae,3435245294,16154,87,95,0.916,3,RGB,PNG,18060,8595e3f8f7317933c64fba46d5b874ca,False,train
R:\PP\Marine-Intelligence-Platform\marine-species-identification\data\raw\images\species_05\fish_003435245294_16259.png,raw\images\species_05\fish_003435245294_16259.png,fish_003435245294_16259.png,5,Chaetodon lunulatus,Oval butterflyfish,Chaetodontidae,3435245294,16259,86,87,0.989,3,RGB,PNG,16221,754f18998175861fd3c763061cf63ff1,False,train
R:\PP\Marine-Intelligence-Platform\marine-species-identification\data\raw\images\species_05\fish_003572055521_19156.png,raw\images\species_05\fish_003572055521_19156.png,fish_003572055521_19156.png,5,Chaetodon lunulatus,Oval butterflyfish,Chaetodontidae,3572055521,19156,74,80,0.925,3,RGB,PNG,14154,8e3419af52d4fa7b361ee76b66757c56,False,train
R:\PP\Marine-Intelligence-Platform\marine-species-identification\data\raw\images\species_05\fish_003572055521_19324.png,raw\images\species_05\fish_003572055521_19324.png,fish_003572055521_19324.png,5,Chaetodon lunulatus,Oval butterflyfish,Chaetodontidae,3572055521,19324,75,80,0.938,3,RGB,PNG,14375,74a5e6629f7d60e1414b2543d8fba4d6,False,train
R:\PP\Marine-Intelligence-Platform\marine-species-identification\data\raw\images\species_05\fish_003571945521_12974.png,raw\images\species_05\fish_003571945521_12974.png,fish_003571945521_12974.png,5,Chaetodon lunulatus,Oval butterflyfish,Chaetodontidae,3571945521,12974,67,80,0.838,3,RGB,PNG,12061,f906c4836a73a9649816aa7e5c1a1880,False,train
R:\PP\Marine-Intelligence-Platform\marine-species-identification\data\raw\images\species_05\fish_003435335294_16107.png,raw\images\species_05\fish_003435335294_16107.png,fish_003435335294_16107.png,5,Chaetodon lunulatus,Oval butterflyfish,Chaetodontidae,3435335294,16107,79,76,1.039,3,RGB,PNG,12774,6acfd17ca84186c0133a61ba67a57d4c,False,train
R:\PP\Marine-Intelligence-Platform\marine-species-identification\data\raw\images\species_05\fish_003435335294_16108.png,raw\images\species_05\fish_003435335294_16108.png,fish_003435335294_16108.png,5,Chaetodon lunulatus,Oval butterflyfish,Chaetodontidae,3435335294,16108,80,76,1.053,3,RGB,PNG,13011,967859dd9a864f7cad0e4db53b5f8854,False,train
R:\PP\Marine-Intelligence-Platform\marine-species-identification\data\raw\images\species_05\fish_003435335294_16109.png,raw\images\species_05\fish_003435335294_16109.png,fish_003435335294_16109.png,5,Chaetodon lunulatus,Oval butterflyfish,Chaetodontidae,3435335294,16109,92,75,1.227,3,RGB,PNG,12091,02eb5f9b23259df1413d41305b47c1b2,False,train
R:\PP\Marine-Intelligence-Platform\marine-species-identification\data\raw\images\species_05\fish_003435335294_18125.png,raw\images\species_05\fish_003435335294_18125.png,fish_003435335294_18125.png,5,Chaetodon lunulatus,Oval butterflyfish,Chaetodontidae,3435335294,18125,91,79,1.152,3,RGB,PNG,15697,77465624ffe11770fbf4b7a0222f7d84,False,train
R:\PP\Marine-Intelligence-Platform\marine-species-identification\data\raw\images\species_05\fish_003435335294_20685.png,raw\images\species_05\fish_003435335294_20685.png,fish_003435335294_20685.png,5,Chaetodon lunulatus,Oval butterflyfish,Chaetodontidae,3435335294,20685,80,84,0.952,3,RGB,PNG,14640,2df4277dd789a6374a20ab01e8e9165a,False,train
R:\PP\Marine-Intelligence-Platform\marine-species-identification\data\raw\images\species_05\fish_003435335294_20727.png,raw\images\species_05\fish_003435335294_20727.png,fish_003435335294_20727.png,5,Chaetodon lunulatus,Oval butterflyfish,Chaetodontidae,3435335294,20727,79,73,1.082,3,RGB,PNG,12035,1b6bfad5bef0e100933a64a81a0668a4,False,train
R:\PP\Marine-Intelligence-Platform\marine-species-identification\data\raw\images\species_05\fish_003435335294_23017.png,raw\images\species_05\fish_003435335294_23017.png,fish_003435335294_23017.png,5,Chaetodon lunulatus,Oval butterflyfish,Chaetodontidae,3435335294,23017,80,72,1.111,3,RGB,PNG,11853,55bf7a382cbdefc7609343a65cad847d,False,train
R:\PP\Marine-Intelligence-Platform\marine-species-identification\data\raw\images\species_05\fish_003435335294_26183.png,raw\images\species_05\fish_003435335294_26183.png,fish_003435335294_26183.png,5,Chaetodon lunulatus,Oval butterflyfish,Chaetodontidae,3435335294,26183,80,71,1.127,3,RGB,PNG,11516,edeccda6292955bf20d3cff0adca1330,False,train
R:\PP\Marine-Intelligence-Platform\marine-species-identification\data\raw\images\species_05\fish_003435335294_26307.png,raw\images\species_05\fish_003435335294_26307.png,fish_003435335294_26307.png,5,Chaetodon lunulatus,Oval butterflyfish,Chaetodontidae,3435335294,26307,76,72,1.056,3,RGB,PNG,11340,36300163df618460d40924a0059f8550,False,train
R:\PP\Marine-Intelligence-Platform\marine-species-identification\data\raw\images\species_05\fish_003424575280_19775.png,raw\images\species_05\fish_003424575280_19775.png,fish_003424575280_19775.png,5,Chaetodon lunulatus,Oval butterflyfish,Chaetodontidae,3424575280,19775,70,84,0.833,3,RGB,PNG,14212,ed8fa65a7688857428d8429ddc519b35,False,train
R:\PP\Marine-Intelligence-Platform\marine-species-identification\data\raw\images\species_05\fish_003424575280_19776.png,raw\images\species_05\fish_003424575280_19776.png,fish_003424575280_19776.png,5,Chaetodon lunulatus,Oval butterflyfish,Chaetodontidae,3424575280,19776,76,83,0.916,3,RGB,PNG,14327,fb6da2e4469a5ec4af3205e2e702a4b2,False,train
R:\PP\Marine-Intelligence-Platform\marine-species-identification\data\raw\images\species_05\fish_003424575280_24246.png,raw\images\species_05\fish_003424575280_24246.png,fish_003424575280_24246.png,5,Chaetodon lunulatus,Oval butterflyfish,Chaetodontidae,3424575280,24246,71,88,0.807,3,RGB,PNG,15195,6cf0de3b8bb2eb94430d77850fa4b19f,False,train
R:\PP\Marine-Intelligence-Platform\marine-species-identification\data\raw\images\species_05\fish_003484325359_17723.png,raw\images\species_05\fish_003484325359_17723.png,fish_003484325359_17723.png,5,Chaetodon lunulatus,Oval butterflyfish,Chaetodontidae,3484325359,17723,97,111,0.874,3,RGB,PNG,23073,85516e2bbd745f4a41360f6b417e01dc,False,train
R:\PP\Marine-Intelligence-Platform\marine-species-identification\data\raw\images\species_05\fish_003435115294_16194.png,raw\images\species_05\fish_003435115294_16194.png,fish_003435115294_16194.png,5,Chaetodon lunulatus,Oval butterflyfish,Chaetodontidae,3435115294,16194,75,83,0.904,3,RGB,PNG,12406,594381fe8e40d458b88e68596d433d9d,False,train
R:\PP\Marine-Intelligence-Platform\marine-species-identification\data\raw\images\species_05\fish_003435115294_16195.png,raw\images\species_05\fish_003435115294_16195.png,fish_003435115294_16195.png,5,Chaetodon lunulatus,Oval butterflyfish,Chaetodontidae,3435115294,16195,75,88,0.852,3,RGB,PNG,13553,5e8f58c493079f126b2e19f8f7396dcf,False,train
R:\PP\Marine-Intelligence-Platform\marine-species-identification\data\raw\images\species_05\fish_003435115294_16196.png,raw\images\species_05\fish_003435115294_16196.png,fish_003435115294_16196.png,5,Chaetodon lunulatus,Oval butterflyfish,Chaetodontidae,3435115294,16196,76,74,1.027,3,RGB,PNG,12061,726711babbe42d0094acb59b2b1d2927,False,train
R:\PP\Marine-Intelligence-Platform\marine-species-identification\data\raw\images\species_05\fish_003435115294_16197.png,raw\images\species_05\fish_003435115294_16197.png,fish_003435115294_16197.png,5,Chaetodon lunulatus,Oval butterflyfish,Chaetodontidae,3435115294,16197,99,82,1.207,3,RGB,PNG,17123,74833aa1dc73c7a14c6a0bffff8c4c38,False,train
R:\PP\Marine-Intelligence-Platform\marine-species-identification\data\raw\images\species_05\fish_003435115294_16198.png,raw\images\species_05\fish_003435115294_16198.png,fish_003435115294_16198.png,5,Chaetodon lunulatus,Oval butterflyfish,Chaetodontidae,3435115294,16198,87,74,1.176,3,RGB,PNG,13867,959bba4ed65d2d7ffa605a55437c56dc,False,train
R:\PP\Marine-Intelligence-Platform\marine-species-identification\data\raw\images\species_05\fish_003435115294_16243.png,raw\images\species_05\fish_003435115294_16243.png,fish_003435115294_16243.png,5,Chaetodon lunulatus,Oval butterflyfish,Chaetodontidae,3435115294,16243,71,79,0.899,3,RGB,PNG,12224,e47a2fdd32c7ea073459839016bd5a15,False,train
R:\PP\Marine-Intelligence-Platform\marine-species-identification\data\raw\images\species_05\fish_003435115294_16256.png,raw\images\species_05\fish_003435115294_16256.png,fish_003435115294_16256.png,5,Chaetodon lunulatus,Oval butterflyfish,Chaetodontidae,3435115294,16256,79,83,0.952,3,RGB,PNG,14266,94f85e80b45441d4c364a47f1620ff69,False,train
R:\PP\Marine-Intelligence-Platform\marine-species-identification\data\raw\images\species_05\fish_003511445406_10240.png,raw\images\species_05\fish_003511445406_10240.png,fish_003511445406_10240.png,5,Chaetodon lunulatus,Oval butterflyfish,Chaetodontidae,3511445406,10240,64,67,0.955,3,RGB,PNG,9481,4ae5f525f9c317f9df972cda05d46b00,False,train
R:\PP\Marine-Intelligence-Platform\marine-species-identification\data\raw\images\species_05\fish_003511445406_19749.png,raw\images\species_05\fish_003511445406_19749.png,fish_003511445406_19749.png,5,Chaetodon lunulatus,Oval butterflyfish,Chaetodontidae,3511445406,19749,89,95,0.937,3,RGB,PNG,20062,3c118dcae576dbb878fd0d18f35618d9,False,train
R:\PP\Marine-Intelligence-Platform\marine-species-identification\data\raw\images\species_05\fish_003581185542_23169.png,raw\images\species_05\fish_003581185542_23169.png,fish_003581185542_23169.png,5,Chaetodon lunulatus,Oval butterflyfish,Chaetodontidae,3581185542,23169,66,67,0.985,3,RGB,PNG,8467,b404755b9b81f62b63cda9cbc4d9fa4d,False,train
R:\PP\Marine-Intelligence-Platform\marine-species-identification\data\raw\images\species_05\fish_003481735355_11609.png,raw\images\species_05\fish_003481735355_11609.png,fish_003481735355_11609.png,5,Chaetodon lunulatus,Oval butterflyfish,Chaetodontidae,3481735355,11609,107,104,1.029,3,RGB,PNG,21098,659c77b9a7a7ce83731857b397f74a9f,False,train
R:\PP\Marine-Intelligence-Platform\marine-species-identification\data\raw\images\species_05\fish_003588905576_11556.png,raw\images\species_05\fish_003588905576_11556.png,fish_003588905576_11556.png,5,Chaetodon lunulatus,Oval butterflyfish,Chaetodontidae,3588905576,11556,74,84,0.881,3,RGB,PNG,15114,42356dd11056d4f84efb9f904f0b62d0,False,train
R:\PP\Marine-Intelligence-Platform\marine-species-identification\data\raw\images\species_05\fish_003588905576_13373.png,raw\images\species_05\fish_003588905576_13373.png,fish_003588905576_13373.png,5,Chaetodon lunulatus,Oval butterflyfish,Chaetodontidae,3588905576,13373,96,89,1.079,3,RGB,PNG,20108,edc85b8e293c0376ad524e2cea6c9f1f,False,train
R:\PP\Marine-Intelligence-Platform\marine-species-identification\data\raw\images\species_05\fish_003588905576_13406.png,raw\images\species_05\fish_003588905576_13406.png,fish_003588905576_13406.png,5,Chaetodon lunulatus,Oval butterflyfish,Chaetodontidae,3588905576,13406,88,87,1.011,3,RGB,PNG,18870,51ff2894b20e94f975479e9072a7a318,False,train
R:\PP\Marine-Intelligence-Platform\marine-species-identification\data\raw\images\species_05\fish_003588905576_15772.png,raw\images\species_05\fish_003588905576_15772.png,fish_003588905576_15772.png,5,Chaetodon lunulatus,Oval butterflyfish,Chaetodontidae,3588905576,15772,88,87,1.011,3,RGB,PNG,18826,6e96551367a6f8f9ff298e22a6d59279,False,train
R:\PP\Marine-Intelligence-Platform\marine-species-identification\data\raw\images\species_05\fish_003588905576_15947.png,raw\images\species_05\fish_003588905576_15947.png,fish_003588905576_15947.png,5,Chaetodon lunulatus,Oval butterflyfish,Chaetodontidae,3588905576,15947,96,89,1.079,3,RGB,PNG,20284,03b8b60eaded32657089e3bca3acb38c,False,train
R:\PP\Marine-Intelligence-Platform\marine-species-identification\data\raw\images\species_05\fish_003588905576_15956.png,raw\images\species_05\fish_003588905576_15956.png,fish_003588905576_15956.png,5,Chaetodon lunulatus,Oval butterflyfish,Chaetodontidae,3588905576,15956,91,88,1.034,3,RGB,PNG,19892,b2c1e039cc536d3a9cc9bb537485e72e,False,train
R:\PP\Marine-Intelligence-Platform\marine-species-identification\data\raw\images\species_05\fish_003588905576_17691.png,raw\images\species_05\fish_003588905576_17691.png,fish_003588905576_17691.png,5,Chaetodon lunulatus,Oval butterflyfish,Chaetodontidae,3588905576,17691,78,80,0.975,3,RGB,PNG,15720,91c0885539f47d80bece36822a4d1bba,False,train
R:\PP\Marine-Intelligence-Platform\marine-species-identification\data\raw\images\species_05\fish_003588905576_17874.png,raw\images\species_05\fish_003588905576_17874.png,fish_003588905576_17874.png,5,Chaetodon lunulatus,Oval butterflyfish,Chaetodontidae,3588905576,17874,96,90,1.067,3,RGB,PNG,21184,8e0711f4d0d83fdb3e1ab14e284e3a4d,False,train
R:\PP\Marine-Intelligence-Platform\marine-species-identification\data\raw\images\species_05\fish_003588905576_17880.png,raw\images\species_05\fish_003588905576_17880.png,fish_003588905576_17880.png,5,Chaetodon lunulatus,Oval butterflyfish,Chaetodontidae,3588905576,17880,107,94,1.138,3,RGB,PNG,23261,03d7bf2b863c79052ee566acd0ef9a81,False,train
R:\PP\Marine-Intelligence-Platform\marine-species-identification\data\raw\images\species_05\fish_003588905576_19151.png,raw\images\species_05\fish_003588905576_19151.png,fish_003588905576_19151.png,5,Chaetodon lunulatus,Oval butterflyfish,Chaetodontidae,3588905576,19151,92,89,1.034,3,RGB,PNG,20279,447f7131383b2ae79ad6345788aa170f,False,train
R:\PP\Marine-Intelligence-Platform\marine-species-identification\data\raw\images\species_05\fish_003588905576_19152.png,raw\images\species_05\fish_003588905576_19152.png,fish_003588905576_19152.png,5,Chaetodon lunulatus,Oval butterflyfish,Chaetodontidae,3588905576,19152,91,87,1.046,3,RGB,PNG,19729,e9de823c1b5e6ec23585d636e958ae88,False,train
R:\PP\Marine-Intelligence-Platform\marine-species-identification\data\raw\images\species_05\fish_003588905576_19301.png,raw\images\species_05\fish_003588905576_19301.png,fish_003588905576_19301.png,5,Chaetodon lunulatus,Oval butterflyfish,Chaetodontidae,3588905576,19301,77,84,0.917,3,RGB,PNG,16265,a1b49e64b80d616cba27f1524ffdcf54,False,train
R:\PP\Marine-Intelligence-Platform\marine-species-identification\data\raw\images\species_05\fish_003588905576_19317.png,raw\images\species_05\fish_003588905576_19317.png,fish_003588905576_19317.png,5,Chaetodon lunulatus,Oval butterflyfish,Chaetodontidae,3588905576,19317,96,89,1.079,3,RGB,PNG,20909,776b143ad30939e1256551e7a8f98dec,False,train
R:\PP\Marine-Intelligence-Platform\marine-species-identification\data\raw\images\species_05\fish_003588905576_19423.png,raw\images\species_05\fish_003588905576_19423.png,fish_003588905576_19423.png,5,Chaetodon lunulatus,Oval butterflyfish,Chaetodontidae,3588905576,19423,83,84,0.988,3,RGB,PNG,17047,3048418d65f1439c74f181708895f89f,False,train
R:\PP\Marine-Intelligence-Platform\marine-species-identification\data\raw\images\species_05\fish_003588905576_19429.png,raw\images\species_05\fish_003588905576_19429.png,fish_003588905576_19429.png,5,Chaetodon lunulatus,Oval butterflyfish,Chaetodontidae,3588905576,19429,108,94,1.149,3,RGB,PNG,22623,e978b52134d140c7d5ac57c538aedf70,False,train
R:\PP\Marine-Intelligence-Platform\marine-species-identification\data\raw\images\species_05\fish_003588905576_21416.png,raw\images\species_05\fish_003588905576_21416.png,fish_003588905576_21416.png,5,Chaetodon lunulatus,Oval butterflyfish,Chaetodontidae,3588905576,21416,92,90,1.022,3,RGB,PNG,19996,007d9b26821f1a2c4ed6fe2505f52cd1,False,train
R:\PP\Marine-Intelligence-Platform\marine-species-identification\data\raw\images\species_05\fish_003588905576_21421.png,raw\images\species_05\fish_003588905576_21421.png,fish_003588905576_21421.png,5,Chaetodon lunulatus,Oval butterflyfish,Chaetodontidae,3588905576,21421,87,88,0.989,3,RGB,PNG,18526,beeb04eb27ca8c81a035660158b76e68,False,train
R:\PP\Marine-Intelligence-Platform\marine-species-identification\data\raw\images\species_05\fish_003588905576_24189.png,raw\images\species_05\fish_003588905576_24189.png,fish_003588905576_24189.png,5,Chaetodon lunulatus,Oval butterflyfish,Chaetodontidae,3588905576,24189,82,83,0.988,3,RGB,PNG,17023,0ebbe265cf84969cce3918f760617e67,False,train
R:\PP\Marine-Intelligence-Platform\marine-species-identification\data\raw\images\species_05\fish_003588905576_25703.png,raw\images\species_05\fish_003588905576_25703.png,fish_003588905576_25703.png,5,Chaetodon lunulatus,Oval butterflyfish,Chaetodontidae,3588905576,25703,83,82,1.012,3,RGB,PNG,16693,3411cece1289151337c2bbbd80b86693,False,train
R:\PP\Marine-Intelligence-Platform\marine-species-identification\data\raw\images\species_05\fish_003588905576_25869.png,raw\images\species_05\fish_003588905576_25869.png,fish_003588905576_25869.png,5,Chaetodon lunulatus,Oval butterflyfish,Chaetodontidae,3588905576,25869,87,86,1.012,3,RGB,PNG,18248,ce8586a082b2800efd68db654f1b27a0,False,train
R:\PP\Marine-Intelligence-Platform\marine-species-identification\data\raw\images\species_05\fish_003435375294_16075.png,raw\images\species_05\fish_003435375294_16075.png,fish_003435375294_16075.png,5,Chaetodon lunulatus,Oval butterflyfish,Chaetodontidae,3435375294,16075,70,75,0.933,3,RGB,PNG,9874,32f6b954c4ec6f6e6d9e2e1cc972aac3,False,train
R:\PP\Marine-Intelligence-Platform\marine-species-identification\data\raw\images\species_05\fish_003435375294_16209.png,raw\images\species_05\fish_003435375294_16209.png,fish_003435375294_16209.png,5,Chaetodon lunulatus,Oval butterflyfish,Chaetodontidae,3435375294,16209,69,72,0.958,3,RGB,PNG,9480,9b232f049e219f2d51e27c4639a86d2e,False,train
R:\PP\Marine-Intelligence-Platform\marine-species-identification\data\raw\images\species_05\fish_003435375294_20721.png,raw\images\species_05\fish_003435375294_20721.png,fish_003435375294_20721.png,5,Chaetodon lunulatus,Oval butterflyfish,Chaetodontidae,3435375294,20721,76,70,1.086,3,RGB,PNG,10875,f74a4b4e6471743c1f7cc9ac054325b9,False,train
R:\PP\Marine-Intelligence-Platform\marine-species-identification\data\raw\images\species_05\fish_003511375406_10266.png,raw\images\species_05\fish_003511375406_10266.png,fish_003511375406_10266.png,5,Chaetodon lunulatus,Oval butterflyfish,Chaetodontidae,3511375406,10266,91,77,1.182,3,RGB,PNG,17298,f5effae7e4d8eba7bed901327879f7bf,False,train
R:\PP\Marine-Intelligence-Platform\marine-species-identification\data\raw\images\species_05\fish_003511375406_10400.png,raw\images\species_05\fish_003511375406_10400.png,fish_003511375406_10400.png,5,Chaetodon lunulatus,Oval butterflyfish,Chaetodontidae,3511375406,10400,75,75,1.0,3,RGB,PNG,13785,cff063cc9fe17d7d21387669ac132bb2,False,train
R:\PP\Marine-Intelligence-Platform\marine-species-identification\data\raw\images\species_05\fish_003511375406_13591.png,raw\images\species_05\fish_003511375406_13591.png,fish_003511375406_13591.png,5,Chaetodon lunulatus,Oval butterflyfish,Chaetodontidae,3511375406,13591,87,78,1.115,3,RGB,PNG,16871,6282fec88779827aef699e4bbb85deec,False,train
R:\PP\Marine-Intelligence-Platform\marine-species-identification\data\raw\images\species_05\fish_003481885355_21355.png,raw\images\species_05\fish_003481885355_21355.png,fish_003481885355_21355.png,5,Chaetodon lunulatus,Oval butterflyfish,Chaetodontidae,3481885355,21355,68,80,0.85,3,RGB,PNG,13334,753ac5f33ce966fb85267c886746956b,False,train
R:\PP\Marine-Intelligence-Platform\marine-species-identification\data\raw\images\species_05\fish_003511355406_10272.png,raw\images\species_05\fish_003511355406_10272.png,fish_003511355406_10272.png,5,Chaetodon lunulatus,Oval butterflyfish,Chaetodontidae,3511355406,10272,114,151,0.755,3,RGB,PNG,32027,35b0edb2758ca590d366b3cba6dd5637,False,train
R:\PP\Marine-Intelligence-Platform\marine-species-identification\data\raw\images\species_05\fish_003511355406_10273.png,raw\images\species_05\fish_003511355406_10273.png,fish_003511355406_10273.png,5,Chaetodon lunulatus,Oval butterflyfish,Chaetodontidae,3511355406,10273,100,120,0.833,3,RGB,PNG,26274,2e7fe1470db347464f921895600b0f02,False,train
R:\PP\Marine-Intelligence-Platform\marine-species-identification\data\raw\images\species_05\fish_003511355406_10284.png,raw\images\species_05\fish_003511355406_10284.png,fish_003511355406_10284.png,5,Chaetodon lunulatus,Oval butterflyfish,Chaetodontidae,3511355406,10284,84,107,0.785,3,RGB,PNG,18770,4c09a854f9674123958ab5aff0ff2a15,False,train
R:\PP\Marine-Intelligence-Platform\marine-species-identification\data\raw\images\species_05\fish_003503425380_10394.png,raw\images\species_05\fish_003503425380_10394.png,fish_003503425380_10394.png,5,Chaetodon lunulatus,Oval butterflyfish,Chaetodontidae,3503425380,10394,70,76,0.921,3,RGB,PNG,10713,c9dcd04b79f27e15222ea4eaf3d90232,False,train
R:\PP\Marine-Intelligence-Platform\marine-species-identification\data\raw\images\species_05\fish_003503425380_10908.png,raw\images\species_05\fish_003503425380_10908.png,fish_003503425380_10908.png,5,Chaetodon lunulatus,Oval butterflyfish,Chaetodontidae,3503425380,10908,71,79,0.899,3,RGB,PNG,10774,7ddf6b78e1f3f619b581bd0628f32da8,False,train
R:\PP\Marine-Intelligence-Platform\marine-species-identification\data\raw\images\species_05\fish_003503425380_16051.png,raw\images\species_05\fish_003503425380_16051.png,fish_003503425380_16051.png,5,Chaetodon lunulatus,Oval butterflyfish,Chaetodontidae,3503425380,16051,71,76,0.934,3,RGB,PNG,10151,8ec32cf716d86a8610ac57f48acb3aeb,False,train
R:\PP\Marine-Intelligence-Platform\marine-species-identification\data\raw\images\species_05\fish_003461565323_13584.png,raw\images\species_05\fish_003461565323_13584.png,fish_003461565323_13584.png,5,Chaetodon lunulatus,Oval butterflyfish,Chaetodontidae,3461565323,13584,89,92,0.967,3,RGB,PNG,19824,2555bfff8373fb9a26e45577283389cd,False,train
R:\PP\Marine-Intelligence-Platform\marine-species-identification\data\raw\images\species_05\fish_003461565323_17964.png,raw\images\species_05\fish_003461565323_17964.png,fish_003461565323_17964.png,5,Chaetodon lunulatus,Oval butterflyfish,Chaetodontidae,3461565323,17964,105,123,0.854,3,RGB,PNG,31872,6ea462fdf420f7f93a982870b022aa28,False,train
R:\PP\Marine-Intelligence-Platform\marine-species-identification\data\raw\images\species_05\fish_003461565323_18723.png,raw\images\species_05\fish_003461565323_18723.png,fish_003461565323_18723.png,5,Chaetodon lunulatus,Oval butterflyfish,Chaetodontidae,3461565323,18723,107,107,1.0,3,RGB,PNG,28042,323fbbc5ff1227875f8471f1af88b7f2,False,train
R:\PP\Marine-Intelligence-Platform\marine-species-identification\data\raw\images\species_05\fish_003461565323_19454.png,raw\images\species_05\fish_003461565323_19454.png,fish_003461565323_19454.png,5,Chaetodon lunulatus,Oval butterflyfish,Chaetodontidae,3461565323,19454,107,100,1.07,3,RGB,PNG,26339,d769ce6504ae0cf4553e86a8cdd76a7c,False,train
R:\PP\Marine-Intelligence-Platform\marine-species-identification\data\raw\images\species_05\fish_003461565323_23259.png,raw\images\species_05\fish_003461565323_23259.png,fish_003461565323_23259.png,5,Chaetodon lunulatus,Oval butterflyfish,Chaetodontidae,3461565323,23259,103,116,0.888,3,RGB,PNG,29164,04710695e40a554fa997062dceeec3bb,False,train
R:\PP\Marine-Intelligence-Platform\marine-species-identification\data\raw\images\species_05\fish_003424825280_19240.png,raw\images\species_05\fish_003424825280_19240.png,fish_003424825280_19240.png,5,Chaetodon lunulatus,Oval butterflyfish,Chaetodontidae,3424825280,19240,80,76,1.053,3,RGB,PNG,13775,1036a6ff16ea589afaa5f80e544ce57a,False,train
R:\PP\Marine-Intelligence-Platform\marine-species-identification\data\raw\images\species_05\fish_003461545323_13346.png,raw\images\species_05\fish_003461545323_13346.png,fish_003461545323_13346.png,5,Chaetodon lunulatus,Oval butterflyfish,Chaetodontidae,3461545323,13346,70,92,0.761,3,RGB,PNG,13842,18baff7a4adf67aca0d7f8df586f0ae6,False,train
R:\PP\Marine-Intelligence-Platform\marine-species-identification\data\raw\images\species_05\fish_003461545323_13347.png,raw\images\species_05\fish_003461545323_13347.png,fish_003461545323_13347.png,5,Chaetodon lunulatus,Oval butterflyfish,Chaetodontidae,3461545323,13347,72,88,0.818,3,RGB,PNG,13849,fd68dc0db32d9d760e93b86a35907f4b,False,train
R:\PP\Marine-Intelligence-Platform\marine-species-identification\data\raw\images\species_05\fish_003461545323_13348.png,raw\images\species_05\fish_003461545323_13348.png,fish_003461545323_13348.png,5,Chaetodon lunulatus,Oval butterflyfish,Chaetodontidae,3461545323,13348,75,95,0.789,3,RGB,PNG,15040,f025400a2a6a5365c3d295837ad24ff3,False,train
R:\PP\Marine-Intelligence-Platform\marine-species-identification\data\raw\images\species_05\fish_003461545323_13349.png,raw\images\species_05\fish_003461545323_13349.png,fish_003461545323_13349.png,5,Chaetodon lunulatus,Oval butterflyfish,Chaetodontidae,3461545323,13349,70,95,0.737,3,RGB,PNG,14446,bd182702ba42482154bc3743fd80309d,False,train
R:\PP\Marine-Intelligence-Platform\marine-species-identification\data\raw\images\species_05\fish_003461545323_13350.png,raw\images\species_05\fish_003461545323_13350.png,fish_003461545323_13350.png,5,Chaetodon lunulatus,Oval butterflyfish,Chaetodontidae,3461545323,13350,72,92,0.783,3,RGB,PNG,13416,4579a901f1273b8ffe351abd1f3dae18,False,train
R:\PP\Marine-Intelligence-Platform\marine-species-identification\data\raw\images\species_05\fish_003461545323_13351.png,raw\images\species_05\fish_003461545323_13351.png,fish_003461545323_13351.png,5,Chaetodon lunulatus,Oval butterflyfish,Chaetodontidae,3461545323,13351,71,75,0.947,3,RGB,PNG,11077,acdbb5bfc1d8df96b394e4385cf23ea5,False,train
R:\PP\Marine-Intelligence-Platform\marine-species-identification\data\raw\images\species_05\fish_003461545323_13352.png,raw\images\species_05\fish_003461545323_13352.png,fish_003461545323_13352.png,5,Chaetodon lunulatus,Oval butterflyfish,Chaetodontidae,3461545323,13352,78,80,0.975,3,RGB,PNG,13224,61dbf94c30ff4c2888f2aa719ad3ef04,False,train
R:\PP\Marine-Intelligence-Platform\marine-species-identification\data\raw\images\species_05\fish_003461545323_13353.png,raw\images\species_05\fish_003461545323_13353.png,fish_003461545323_13353.png,5,Chaetodon lunulatus,Oval butterflyfish,Chaetodontidae,3461545323,13353,71,79,0.899,3,RGB,PNG,11420,2266eff6d1c2b23542d91ba4ec75b009,False,train
R:\PP\Marine-Intelligence-Platform\marine-species-identification\data\raw\images\species_05\fish_003461545323_13354.png,raw\images\species_05\fish_003461545323_13354.png,fish_003461545323_13354.png,5,Chaetodon lunulatus,Oval butterflyfish,Chaetodontidae,3461545323,13354,67,76,0.882,3,RGB,PNG,10524,0f8dbe0d464e9ed34229cf89ce904d7a,False,train
R:\PP\Marine-Intelligence-Platform\marine-species-identification\data\raw\images\species_05\fish_003461545323_13358.png,raw\images\species_05\fish_003461545323_13358.png,fish_003461545323_13358.png,5,Chaetodon lunulatus,Oval butterflyfish,Chaetodontidae,3461545323,13358,77,80,0.963,3,RGB,PNG,12954,bca2d6418255dc1b4f915c2dde3d1530,False,train
R:\PP\Marine-Intelligence-Platform\marine-species-identification\data\raw\images\species_05\fish_003461545323_13398.png,raw\images\species_05\fish_003461545323_13398.png,fish_003461545323_13398.png,5,Chaetodon lunulatus,Oval butterflyfish,Chaetodontidae,3461545323,13398,100,99,1.01,3,RGB,PNG,20773,63abdc7fb329144dd0c6e3729d9bc64a,False,train
R:\PP\Marine-Intelligence-Platform\marine-species-identification\data\raw\images\species_05\fish_003461545323_16364.png,raw\images\species_05\fish_003461545323_16364.png,fish_003461545323_16364.png,5,Chaetodon lunulatus,Oval butterflyfish,Chaetodontidae,3461545323,16364,79,79,1.0,3,RGB,PNG,13635,ede1c40c4a14603dcfff6be6b450063e,False,train
R:\PP\Marine-Intelligence-Platform\marine-species-identification\data\raw\images\species_05\fish_003461545323_17656.png,raw\images\species_05\fish_003461545323_17656.png,fish_003461545323_17656.png,5,Chaetodon lunulatus,Oval butterflyfish,Chaetodontidae,3461545323,17656,87,84,1.036,3,RGB,PNG,15551,31ef07d18dff57af7eb210a38500ec92,False,train
R:\PP\Marine-Intelligence-Platform\marine-species-identification\data\raw\images\species_05\fish_003461545323_18622.png,raw\images\species_05\fish_003461545323_18622.png,fish_003461545323_18622.png,5,Chaetodon lunulatus,Oval butterflyfish,Chaetodontidae,3461545323,18622,100,104,0.962,3,RGB,PNG,21885,6694f2ea36e29b91c44237ccd61a8632,False,train
R:\PP\Marine-Intelligence-Platform\marine-species-identification\data\raw\images\species_05\fish_003461545323_19173.png,raw\images\species_05\fish_003461545323_19173.png,fish_003461545323_19173.png,5,Chaetodon lunulatus,Oval butterflyfish,Chaetodontidae,3461545323,19173,84,104,0.808,3,RGB,PNG,18826,1609b8bb7aa37bd08a88079f131770f4,False,train
R:\PP\Marine-Intelligence-Platform\marine-species-identification\data\raw\images\species_05\fish_003461545323_19178.png,raw\images\species_05\fish_003461545323_19178.png,fish_003461545323_19178.png,5,Chaetodon lunulatus,Oval butterflyfish,Chaetodontidae,3461545323,19178,85,95,0.895,3,RGB,PNG,16883,e850b25438c7d42f8094dee724a1494f,False,train
R:\PP\Marine-Intelligence-Platform\marine-species-identification\data\raw\images\species_05\fish_003461545323_19420.png,raw\images\species_05\fish_003461545323_19420.png,fish_003461545323_19420.png,5,Chaetodon lunulatus,Oval butterflyfish,Chaetodontidae,3461545323,19420,93,100,0.93,3,RGB,PNG,19803,9bc49186c5ad30c52485d4ea1e938f9e,False,train
R:\PP\Marine-Intelligence-Platform\marine-species-identification\data\raw\images\species_05\fish_003461545323_19461.png,raw\images\species_05\fish_003461545323_19461.png,fish_003461545323_19461.png,5,Chaetodon lunulatus,Oval butterflyfish,Chaetodontidae,3461545323,19461,95,92,1.033,3,RGB,PNG,18416,c59a9a0da1070b547b015fa3b571e0fe,False,train
R:\PP\Marine-Intelligence-Platform\marine-species-identification\data\raw\images\species_05\fish_003461545323_19467.png,raw\images\species_05\fish_003461545323_19467.png,fish_003461545323_19467.png,5,Chaetodon lunulatus,Oval butterflyfish,Chaetodontidae,3461545323,19467,96,94,1.021,3,RGB,PNG,18837,fdfbe9c86301af708acce9e31e0a0168,False,train
R:\PP\Marine-Intelligence-Platform\marine-species-identification\data\raw\images\species_05\fish_003461545323_21073.png,raw\images\species_05\fish_003461545323_21073.png,fish_003461545323_21073.png,5,Chaetodon lunulatus,Oval butterflyfish,Chaetodontidae,3461545323,21073,71,88,0.807,3,RGB,PNG,13713,6e147c51efb9988b1451665d9eb9b894,False,train
R:\PP\Marine-Intelligence-Platform\marine-species-identification\data\raw\images\species_05\fish_003461545323_21459.png,raw\images\species_05\fish_003461545323_21459.png,fish_003461545323_21459.png,5,Chaetodon lunulatus,Oval butterflyfish,Chaetodontidae,3461545323,21459,82,100,0.82,3,RGB,PNG,17651,33b7b016aaabe8de95b82799cde777f0,False,train
R:\PP\Marine-Intelligence-Platform\marine-species-identification\data\raw\images\species_05\fish_003484315359_25871.png,raw\images\species_05\fish_003484315359_25871.png,fish_003484315359_25871.png,5,Chaetodon lunulatus,Oval butterflyfish,Chaetodontidae,3484315359,25871,68,68,1.0,3,RGB,PNG,9136,64c98359346c487752e2d52c5dcb51f7,False,train
R:\PP\Marine-Intelligence-Platform\marine-species-identification\data\raw\images\species_05\fish_003572105521_19677.png,raw\images\species_05\fish_003572105521_19677.png,fish_003572105521_19677.png,5,Chaetodon lunulatus,Oval butterflyfish,Chaetodontidae,3572105521,19677,80,74,1.081,3,RGB,PNG,15006,4b11a7507fb1ca7282bbffe4c539f5ea,False,train
R:\PP\Marine-Intelligence-Platform\marine-species-identification\data\raw\images\species_05\fish_003571635521_13313.png,raw\images\species_05\fish_003571635521_13313.png,fish_003571635521_13313.png,5,Chaetodon lunulatus,Oval butterflyfish,Chaetodontidae,3571635521,13313,68,65,1.046,3,RGB,PNG,10584,33c8e04c193c69f7333080be0b4e7a6c,False,train
R:\PP\Marine-Intelligence-Platform\marine-species-identification\data\raw\images\species_05\fish_003533665426_11193.png,raw\images\species_05\fish_003533665426_11193.png,fish_003533665426_11193.png,5,Chaetodon lunulatus,Oval butterflyfish,Chaetodontidae,3533665426,11193,83,76,1.092,3,RGB,PNG,14376,b6d306a1723dd21abfb4079fb1d265cd,False,train
R:\PP\Marine-Intelligence-Platform\marine-species-identification\data\raw\images\species_05\fish_003533665426_11444.png,raw\images\species_05\fish_003533665426_11444.png,fish_003533665426_11444.png,5,Chaetodon lunulatus,Oval butterflyfish,Chaetodontidae,3533665426,11444,81,83,0.976,3,RGB,PNG,15244,ff557bbdb750a1dc0dd958f45cf68fe7,False,train
R:\PP\Marine-Intelligence-Platform\marine-species-identification\data\raw\images\species_05\fish_003533665426_13510.png,raw\images\species_05\fish_003533665426_13510.png,fish_003533665426_13510.png,5,Chaetodon lunulatus,Oval butterflyfish,Chaetodontidae,3533665426,13510,75,74,1.014,3,RGB,PNG,12531,7b4d53bfad392631118eaf08e666c2bc,False,train
R:\PP\Marine-Intelligence-Platform\marine-species-identification\data\raw\images\species_05\fish_003435565294_16039.png,raw\images\species_05\fish_003435565294_16039.png,fish_003435565294_16039.png,5,Chaetodon lunulatus,Oval butterflyfish,Chaetodontidae,3435565294,16039,76,84,0.905,3,RGB,PNG,13130,7fece9d1220dd154345db06dd134fac5,False,train
R:\PP\Marine-Intelligence-Platform\marine-species-identification\data\raw\images\species_05\fish_003435565294_16155.png,raw\images\species_05\fish_003435565294_16155.png,fish_003435565294_16155.png,5,Chaetodon lunulatus,Oval butterflyfish,Chaetodontidae,3435565294,16155,87,87,1.0,3,RGB,PNG,16370,2b9e66413e11ad28d39107564bddde99,False,train
R:\PP\Marine-Intelligence-Platform\marine-species-identification\data\raw\images\species_05\fish_003435565294_16225.png,raw\images\species_05\fish_003435565294_16225.png,fish_003435565294_16225.png,5,Chaetodon lunulatus,Oval butterflyfish,Chaetodontidae,3435565294,16225,82,83,0.988,3,RGB,PNG,14070,281fcd05c92c56c17e294bb15df19644,False,train
R:\PP\Marine-Intelligence-Platform\marine-species-identification\data\raw\images\species_05\fish_003435565294_16235.png,raw\images\species_05\fish_003435565294_16235.png,fish_003435565294_16235.png,5,Chaetodon lunulatus,Oval butterflyfish,Chaetodontidae,3435565294,16235,81,83,0.976,3,RGB,PNG,14489,1d71379f4e18e6686588a452b354311b,False,train
R:\PP\Marine-Intelligence-Platform\marine-species-identification\data\raw\images\species_05\fish_003435565294_25613.png,raw\images\species_05\fish_003435565294_25613.png,fish_003435565294_25613.png,5,Chaetodon lunulatus,Oval butterflyfish,Chaetodontidae,3435565294,25613,79,83,0.952,3,RGB,PNG,13947,5c99512ab3e59a92ea17a3433941d094,False,train
R:\PP\Marine-Intelligence-Platform\marine-species-identification\data\raw\images\species_05\fish_003435565294_25715.png,raw\images\species_05\fish_003435565294_25715.png,fish_003435565294_25715.png,5,Chaetodon lunulatus,Oval butterflyfish,Chaetodontidae,3435565294,25715,81,87,0.931,3,RGB,PNG,14917,0cbd6e073a847a77f6e233860b1b24f0,False,train
R:\PP\Marine-Intelligence-Platform\marine-species-identification\data\raw\images\species_05\fish_003511415406_10245.png,raw\images\species_05\fish_003511415406_10245.png,fish_003511415406_10245.png,5,Chaetodon lunulatus,Oval butterflyfish,Chaetodontidae,3511415406,10245,78,100,0.78,3,RGB,PNG,17036,b07aab3c36a6e365746adcb6e8f720fd,False,train
R:\PP\Marine-Intelligence-Platform\marine-species-identification\data\raw\images\species_05\fish_003511415406_10724.png,raw\images\species_05\fish_003511415406_10724.png,fish_003511415406_10724.png,5,Chaetodon lunulatus,Oval butterflyfish,Chaetodontidae,3511415406,10724,87,104,0.837,3,RGB,PNG,19550,115ff0962186bfd062fc8a498fa87223,False,train
R:\PP\Marine-Intelligence-Platform\marine-species-identification\data\raw\images\species_05\fish_003511415406_10924.png,raw\images\species_05\fish_003511415406_10924.png,fish_003511415406_10924.png,5,Chaetodon lunulatus,Oval butterflyfish,Chaetodontidae,3511415406,10924,71,83,0.855,3,RGB,PNG,12814,e5e6c5cc97da7833a603129c3d8b219f,False,train
R:\PP\Marine-Intelligence-Platform\marine-species-identification\data\raw\images\species_05\fish_003511415406_18617.png,raw\images\species_05\fish_003511415406_18617.png,fish_003511415406_18617.png,5,Chaetodon lunulatus,Oval butterflyfish,Chaetodontidae,3511415406,18617,72,88,0.818,3,RGB,PNG,14157,b0ef3dece183e04104eb74ae1bf1efb3,False,train
R:\PP\Marine-Intelligence-Platform\marine-species-identification\data\raw\images\species_05\fish_003571445521_19457.png,raw\images\species_05\fish_003571445521_19457.png,fish_003571445521_19457.png,5,Chaetodon lunulatus,Oval butterflyfish,Chaetodontidae,3571445521,19457,75,73,1.027,3,RGB,PNG,13450,59636f85145933f7ca39ea8c5bc95dd1,False,train
R:\PP\Marine-Intelligence-Platform\marine-species-identification\data\raw\images\species_05\fish_003571445521_25651.png,raw\images\species_05\fish_003571445521_25651.png,fish_003571445521_25651.png,5,Chaetodon lunulatus,Oval butterflyfish,Chaetodontidae,3571445521,25651,70,75,0.933,3,RGB,PNG,12946,767029f27383ef5a0957e82401d7a324,False,train
R:\PP\Marine-Intelligence-Platform\marine-species-identification\data\raw\images\species_05\fish_003571445521_25854.png,raw\images\species_05\fish_003571445521_25854.png,fish_003571445521_25854.png,5,Chaetodon lunulatus,Oval butterflyfish,Chaetodontidae,3571445521,25854,68,67,1.015,3,RGB,PNG,11138,028fd98e70ae01c63df6970682f07c20,False,train
R:\PP\Marine-Intelligence-Platform\marine-species-identification\data\raw\images\species_05\fish_003533965426_12570.png,raw\images\species_05\fish_003533965426_12570.png,fish_003533965426_12570.png,5,Chaetodon lunulatus,Oval butterflyfish,Chaetodontidae,3533965426,12570,67,76,0.882,3,RGB,PNG,11713,5a3f0c7f8e985f3f99104581dafb0364,False,train
R:\PP\Marine-Intelligence-Platform\marine-species-identification\data\raw\images\species_05\fish_003533965426_23067.png,raw\images\species_05\fish_003533965426_23067.png,fish_003533965426_23067.png,5,Chaetodon lunulatus,Oval butterflyfish,Chaetodontidae,3533965426,23067,71,76,0.934,3,RGB,PNG,12410,bc0b88dc565adc4564ce081fb222d7cc,False,train
R:\PP\Marine-Intelligence-Platform\marine-species-identification\data\raw\images\species_05\fish_003533965426_25722.png,raw\images\species_05\fish_003533965426_25722.png,fish_003533965426_25722.png,5,Chaetodon lunulatus,Oval butterflyfish,Chaetodontidae,3533965426,25722,65,76,0.855,3,RGB,PNG,11765,d512ae2e200f2b21c1b670a4fbd6180e,False,train
R:\PP\Marine-Intelligence-Platform\marine-species-identification\data\raw\images\species_05\fish_003481955355_11515.png,raw\images\species_05\fish_003481955355_11515.png,fish_003481955355_11515.png,5,Chaetodon lunulatus,Oval butterflyfish,Chaetodontidae,3481955355,11515,88,95,0.926,3,RGB,PNG,19737,8d56ed8dafcb85164692533e07008dc7,False,train
R:\PP\Marine-Intelligence-Platform\marine-species-identification\data\raw\images\species_05\fish_003481955355_11516.png,raw\images\species_05\fish_003481955355_11516.png,fish_003481955355_11516.png,5,Chaetodon lunulatus,Oval butterflyfish,Chaetodontidae,3481955355,11516,83,87,0.954,3,RGB,PNG,16715,fca9c0ea8a8bc0b5ffc09749b5601f4e,False,train
R:\PP\Marine-Intelligence-Platform\marine-species-identification\data\raw\images\species_05\fish_003481955355_11517.png,raw\images\species_05\fish_003481955355_11517.png,fish_003481955355_11517.png,5,Chaetodon lunulatus,Oval butterflyfish,Chaetodontidae,3481955355,11517,74,84,0.881,3,RGB,PNG,14315,7c0206035fa2ed6359750a2166d9ec2a,False,train
R:\PP\Marine-Intelligence-Platform\marine-species-identification\data\raw\images\species_05\fish_003481955355_12595.png,raw\images\species_05\fish_003481955355_12595.png,fish_003481955355_12595.png,5,Chaetodon lunulatus,Oval butterflyfish,Chaetodontidae,3481955355,12595,83,91,0.912,3,RGB,PNG,17653,9ad3cee20d3e1a7b473d5d1ed1562e8d,False,train
R:\PP\Marine-Intelligence-Platform\marine-species-identification\data\raw\images\species_05\fish_003481955355_19310.png,raw\images\species_05\fish_003481955355_19310.png,fish_003481955355_19310.png,5,Chaetodon lunulatus,Oval butterflyfish,Chaetodontidae,3481955355,19310,79,78,1.013,3,RGB,PNG,15233,09a08da5b8535a2ea203aca89562399b,False,train
R:\PP\Marine-Intelligence-Platform\marine-species-identification\data\raw\images\species_05\fish_003481955355_19701.png,raw\images\species_05\fish_003481955355_19701.png,fish_003481955355_19701.png,5,Chaetodon lunulatus,Oval butterflyfish,Chaetodontidae,3481955355,19701,77,83,0.928,3,RGB,PNG,14763,2b0b59a2aec04c3b30c4f4adc457b7d8,False,train
R:\PP\Marine-Intelligence-Platform\marine-species-identification\data\raw\images\species_05\fish_003484095359_24382.png,raw\images\species_05\fish_003484095359_24382.png,fish_003484095359_24382.png,5,Chaetodon lunulatus,Oval butterflyfish,Chaetodontidae,3484095359,24382,76,80,0.95,3,RGB,PNG,13126,15431e837b131f0e500c747c74a37a30,False,train
R:\PP\Marine-Intelligence-Platform\marine-species-identification\data\raw\images\species_05\fish_003461225323_13628.png,raw\images\species_05\fish_003461225323_13628.png,fish_003461225323_13628.png,5,Chaetodon lunulatus,Oval butterflyfish,Chaetodontidae,3461225323,13628,79,80,0.988,3,RGB,PNG,13313,208cc2c90e5821910af82c958eff5ade,False,train
R:\PP\Marine-Intelligence-Platform\marine-species-identification\data\raw\images\species_05\fish_003461225323_13629.png,raw\images\species_05\fish_003461225323_13629.png,fish_003461225323_13629.png,5,Chaetodon lunulatus,Oval butterflyfish,Chaetodontidae,3461225323,13629,80,83,0.964,3,RGB,PNG,13983,70ff1688e8fb5a6128353d43533f4ae0,False,train
R:\PP\Marine-Intelligence-Platform\marine-species-identification\data\raw\images\species_05\fish_003461225323_13630.png,raw\images\species_05\fish_003461225323_13630.png,fish_003461225323_13630.png,5,Chaetodon lunulatus,Oval butterflyfish,Chaetodontidae,3461225323,13630,83,88,0.943,3,RGB,PNG,15291,5ececd52be7bee3dc54f9f536b4490d8,False,train
R:\PP\Marine-Intelligence-Platform\marine-species-identification\data\raw\images\species_05\fish_003461225323_13631.png,raw\images\species_05\fish_003461225323_13631.png,fish_003461225323_13631.png,5,Chaetodon lunulatus,Oval butterflyfish,Chaetodontidae,3461225323,13631,107,100,1.07,3,RGB,PNG,23243,4f32de205f8ef5ce80fb07cf12f3df64,False,train
R:\PP\Marine-Intelligence-Platform\marine-species-identification\data\raw\images\species_05\fish_003461225323_13632.png,raw\images\species_05\fish_003461225323_13632.png,fish_003461225323_13632.png,5,Chaetodon lunulatus,Oval butterflyfish,Chaetodontidae,3461225323,13632,84,83,1.012,3,RGB,PNG,14565,c71c3554060e6cdf91f7e08b3ddd0617,False,train
R:\PP\Marine-Intelligence-Platform\marine-species-identification\data\raw\images\species_05\fish_003461225323_13633.png,raw\images\species_05\fish_003461225323_13633.png,fish_003461225323_13633.png,5,Chaetodon lunulatus,Oval butterflyfish,Chaetodontidae,3461225323,13633,86,88,0.977,3,RGB,PNG,16001,bf5dc2d39fa852c562c846f85f40a592,False,train
R:\PP\Marine-Intelligence-Platform\marine-species-identification\data\raw\images\species_05\fish_003461225323_13634.png,raw\images\species_05\fish_003461225323_13634.png,fish_003461225323_13634.png,5,Chaetodon lunulatus,Oval butterflyfish,Chaetodontidae,3461225323,13634,96,94,1.021,3,RGB,PNG,19056,c00db15439aac279175ffe44807575e1,False,train
R:\PP\Marine-Intelligence-Platform\marine-species-identification\data\raw\images\species_05\fish_003461225323_13635.png,raw\images\species_05\fish_003461225323_13635.png,fish_003461225323_13635.png,5,Chaetodon lunulatus,Oval butterflyfish,Chaetodontidae,3461225323,13635,87,95,0.916,3,RGB,PNG,17207,4ec2e2de67e5343c7ec9be38d317e244,False,train
R:\PP\Marine-Intelligence-Platform\marine-species-identification\data\raw\images\species_05\fish_003461225323_13636.png,raw\images\species_05\fish_003461225323_13636.png,fish_003461225323_13636.png,5,Chaetodon lunulatus,Oval butterflyfish,Chaetodontidae,3461225323,13636,123,108,1.139,3,RGB,PNG,27990,dd5f23ed2c203036461109a5cc80686d,False,train
R:\PP\Marine-Intelligence-Platform\marine-species-identification\data\raw\images\species_05\fish_003461225323_13637.png,raw\images\species_05\fish_003461225323_13637.png,fish_003461225323_13637.png,5,Chaetodon lunulatus,Oval butterflyfish,Chaetodontidae,3461225323,13637,103,91,1.132,3,RGB,PNG,19899,7ee2d100d3baab95dc403925d62e021e,False,train
R:\PP\Marine-Intelligence-Platform\marine-species-identification\data\raw\images\species_05\fish_003461225323_17778.png,raw\images\species_05\fish_003461225323_17778.png,fish_003461225323_17778.png,5,Chaetodon lunulatus,Oval butterflyfish,Chaetodontidae,3461225323,17778,93,95,0.979,3,RGB,PNG,18243,d545ded82364801027184689c4aa4b7c,False,train
R:\PP\Marine-Intelligence-Platform\marine-species-identification\data\raw\images\species_05\fish_003461225323_17781.png,raw\images\species_05\fish_003461225323_17781.png,fish_003461225323_17781.png,5,Chaetodon lunulatus,Oval butterflyfish,Chaetodontidae,3461225323,17781,96,96,1.0,3,RGB,PNG,18996,bf7e2eca9d0ce803ca1aafa7a7275dfe,False,train
R:\PP\Marine-Intelligence-Platform\marine-species-identification\data\raw\images\species_05\fish_003461225323_18065.png,raw\images\species_05\fish_003461225323_18065.png,fish_003461225323_18065.png,5,Chaetodon lunulatus,Oval butterflyfish,Chaetodontidae,3461225323,18065,119,97,1.227,3,RGB,PNG,24228,727eb1a54e619cc8d4c8023c2db6c868,False,train
R:\PP\Marine-Intelligence-Platform\marine-species-identification\data\raw\images\species_05\fish_003461225323_19390.png,raw\images\species_05\fish_003461225323_19390.png,fish_003461225323_19390.png,5,Chaetodon lunulatus,Oval butterflyfish,Chaetodontidae,3461225323,19390,115,103,1.117,3,RGB,PNG,24567,9981f5d73ebbf7186e5e3c7720f5d078,False,train
R:\PP\Marine-Intelligence-Platform\marine-species-identification\data\raw\images\species_05\fish_003461225323_19700.png,raw\images\species_05\fish_003461225323_19700.png,fish_003461225323_19700.png,5,Chaetodon lunulatus,Oval butterflyfish,Chaetodontidae,3461225323,19700,109,119,0.916,3,RGB,PNG,27874,7aa32660d2e5e20fb9e2879ceffa2c4c,False,train
R:\PP\Marine-Intelligence-Platform\marine-species-identification\data\raw\images\species_05\fish_003461225323_19715.png,raw\images\species_05\fish_003461225323_19715.png,fish_003461225323_19715.png,5,Chaetodon lunulatus,Oval butterflyfish,Chaetodontidae,3461225323,19715,84,81,1.037,3,RGB,PNG,14998,98680e6ef2e3b6c8868f5eb27e85228f,False,train
R:\PP\Marine-Intelligence-Platform\marine-species-identification\data\raw\images\species_05\fish_003461225323_20506.png,raw\images\species_05\fish_003461225323_20506.png,fish_003461225323_20506.png,5,Chaetodon lunulatus,Oval butterflyfish,Chaetodontidae,3461225323,20506,108,100,1.08,3,RGB,PNG,22848,20513771a08d40762bff1022897b79a0,False,train
R:\PP\Marine-Intelligence-Platform\marine-species-identification\data\raw\images\species_05\fish_003461225323_23624.png,raw\images\species_05\fish_003461225323_23624.png,fish_003461225323_23624.png,5,Chaetodon lunulatus,Oval butterflyfish,Chaetodontidae,3461225323,23624,96,96,1.0,3,RGB,PNG,19240,f408dd09a051ad4abbc91813d01c6c7d,False,train
R:\PP\Marine-Intelligence-Platform\marine-species-identification\data\raw\images\species_05\fish_003461225323_24003.png,raw\images\species_05\fish_003461225323_24003.png,fish_003461225323_24003.png,5,Chaetodon lunulatus,Oval butterflyfish,Chaetodontidae,3461225323,24003,103,99,1.04,3,RGB,PNG,20887,564250e0e2b203a95b9e67550fd017ca,False,train
R:\PP\Marine-Intelligence-Platform\marine-species-identification\data\raw\images\species_05\fish_003461225323_25617.png,raw\images\species_05\fish_003461225323_25617.png,fish_003461225323_25617.png,5,Chaetodon lunulatus,Oval butterflyfish,Chaetodontidae,3461225323,25617,96,93,1.032,3,RGB,PNG,19134,345bed93f1b8e75c6c3b2ed69e135758,False,train
R:\PP\Marine-Intelligence-Platform\marine-species-identification\data\raw\images\species_05\fish_003461225323_25619.png,raw\images\species_05\fish_003461225323_25619.png,fish_003461225323_25619.png,5,Chaetodon lunulatus,Oval butterflyfish,Chaetodontidae,3461225323,25619,85,87,0.977,3,RGB,PNG,15524,69c0c156affd9dc05ee28dd7c219deb9,False,train
R:\PP\Marine-Intelligence-Platform\marine-species-identification\data\raw\images\species_05\fish_003461225323_25620.png,raw\images\species_05\fish_003461225323_25620.png,fish_003461225323_25620.png,5,Chaetodon lunulatus,Oval butterflyfish,Chaetodontidae,3461225323,25620,81,83,0.976,3,RGB,PNG,14161,f4594449b946146a04d1eb53ace200c8,False,train
R:\PP\Marine-Intelligence-Platform\marine-species-identification\data\raw\images\species_05\fish_003461225323_25633.png,raw\images\species_05\fish_003461225323_25633.png,fish_003461225323_25633.png,5,Chaetodon lunulatus,Oval butterflyfish,Chaetodontidae,3461225323,25633,93,95,0.979,3,RGB,PNG,18432,1986dd6d158481a2e06dc80e7ef0807e,False,train
R:\PP\Marine-Intelligence-Platform\marine-species-identification\data\raw\images\species_05\fish_003461225323_25776.png,raw\images\species_05\fish_003461225323_25776.png,fish_003461225323_25776.png,5,Chaetodon lunulatus,Oval butterflyfish,Chaetodontidae,3461225323,25776,92,92,1.0,3,RGB,PNG,17534,8a149a33d6121bab83f8370b3381dbea,False,train
R:\PP\Marine-Intelligence-Platform\marine-species-identification\data\raw\images\species_05\fish_003461225323_25798.png,raw\images\species_05\fish_003461225323_25798.png,fish_003461225323_25798.png,5,Chaetodon lunulatus,Oval butterflyfish,Chaetodontidae,3461225323,25798,96,104,0.923,3,RGB,PNG,20991,af94d8c6753ab39c417b920a659125bf,False,train
R:\PP\Marine-Intelligence-Platform\marine-species-identification\data\raw\images\species_05\fish_003461225323_25825.png,raw\images\species_05\fish_003461225323_25825.png,fish_003461225323_25825.png,5,Chaetodon lunulatus,Oval butterflyfish,Chaetodontidae,3461225323,25825,86,96,0.896,3,RGB,PNG,17092,dc2d30d9e96248648bcc04a3b09a182a,False,train
R:\PP\Marine-Intelligence-Platform\marine-species-identification\data\raw\images\species_05\fish_003461225323_27006.png,raw\images\species_05\fish_003461225323_27006.png,fish_003461225323_27006.png,5,Chaetodon lunulatus,Oval butterflyfish,Chaetodontidae,3461225323,27006,89,96,0.927,3,RGB,PNG,17737,573d88b321cae90b118897b133ffd5c6,False,train
R:\PP\Marine-Intelligence-Platform\marine-species-identification\data\raw\images\species_05\fish_003571685521_13312.png,raw\images\species_05\fish_003571685521_13312.png,fish_003571685521_13312.png,5,Chaetodon lunulatus,Oval butterflyfish,Chaetodontidae,3571685521,13312,76,75,1.013,3,RGB,PNG,13607,e33f10bfb2c56457b5fb1200f1df4890,False,train
R:\PP\Marine-Intelligence-Platform\marine-species-identification\data\raw\images\species_05\fish_003571685521_13555.png,raw\images\species_05\fish_003571685521_13555.png,fish_003571685521_13555.png,5,Chaetodon lunulatus,Oval butterflyfish,Chaetodontidae,3571685521,13555,79,79,1.0,3,RGB,PNG,14916,ce4572bcc78a498925cffa54f40f9e7e,False,train
R:\PP\Marine-Intelligence-Platform\marine-species-identification\data\raw\images\species_05\fish_003461495323_13395.png,raw\images\species_05\fish_003461495323_13395.png,fish_003461495323_13395.png,5,Chaetodon lunulatus,Oval butterflyfish,Chaetodontidae,3461495323,13395,79,79,1.0,3,RGB,PNG,11783,48b44cd458f6ef5a44b96a15c147b2ea,False,train
R:\PP\Marine-Intelligence-Platform\marine-species-identification\data\raw\images\species_05\fish_003461495323_13396.png,raw\images\species_05\fish_003461495323_13396.png,fish_003461495323_13396.png,5,Chaetodon lunulatus,Oval butterflyfish,Chaetodontidae,3461495323,13396,78,80,0.975,3,RGB,PNG,11817,343b8f2ef29ef1242c246dbfcf2181be,False,train
R:\PP\Marine-Intelligence-Platform\marine-species-identification\data\raw\images\species_05\fish_003511385406_19735.png,raw\images\species_05\fish_003511385406_19735.png,fish_003511385406_19735.png,5,Chaetodon lunulatus,Oval butterflyfish,Chaetodontidae,3511385406,19735,76,91,0.835,3,RGB,PNG,15685,c13abdfdad426fe6364eb24de48c8106,False,train
R:\PP\Marine-Intelligence-Platform\marine-species-identification\data\raw\images\species_05\fish_003435135294_16229.png,raw\images\species_05\fish_003435135294_16229.png,fish_003435135294_16229.png,5,Chaetodon lunulatus,Oval butterflyfish,Chaetodontidae,3435135294,16229,71,79,0.899,3,RGB,PNG,12021,3646feaeaacff1bac78258b56521030f,False,train
R:\PP\Marine-Intelligence-Platform\marine-species-identification\data\raw\images\species_05\fish_003572185521_15837.png,raw\images\species_05\fish_003572185521_15837.png,fish_003572185521_15837.png,5,Chaetodon lunulatus,Oval butterflyfish,Chaetodontidae,3572185521,15837,91,83,1.096,3,RGB,PNG,18821,5012445bf2e8d36bc74ca1bf4673b5b4,False,train
R:\PP\Marine-Intelligence-Platform\marine-species-identification\data\raw\images\species_05\fish_003572185521_19335.png,raw\images\species_05\fish_003572185521_19335.png,fish_003572185521_19335.png,5,Chaetodon lunulatus,Oval butterflyfish,Chaetodontidae,3572185521,19335,96,88,1.091,3,RGB,PNG,21073,fde39ac7b34c50b109d864bdfb52da3f,False,train
R:\PP\Marine-Intelligence-Platform\marine-species-identification\data\raw\images\species_05\fish_003572185521_19337.png,raw\images\species_05\fish_003572185521_19337.png,fish_003572185521_19337.png,5,Chaetodon lunulatus,Oval butterflyfish,Chaetodontidae,3572185521,19337,99,89,1.112,3,RGB,PNG,21697,10ece30cc1ab0a6df80ebf5b552d0b1b,False,train
R:\PP\Marine-Intelligence-Platform\marine-species-identification\data\raw\images\species_05\fish_003572185521_19343.png,raw\images\species_05\fish_003572185521_19343.png,fish_003572185521_19343.png,5,Chaetodon lunulatus,Oval butterflyfish,Chaetodontidae,3572185521,19343,96,86,1.116,3,RGB,PNG,20606,67cc583e28e896ec3564adf9970893cb,False,train
R:\PP\Marine-Intelligence-Platform\marine-species-identification\data\raw\images\species_05\fish_003572185521_19434.png,raw\images\species_05\fish_003572185521_19434.png,fish_003572185521_19434.png,5,Chaetodon lunulatus,Oval butterflyfish,Chaetodontidae,3572185521,19434,91,83,1.096,3,RGB,PNG,18870,91542fb9264e1be927642521dc687e34,False,train
R:\PP\Marine-Intelligence-Platform\marine-species-identification\data\raw\images\species_05\fish_003572185521_19535.png,raw\images\species_05\fish_003572185521_19535.png,fish_003572185521_19535.png,5,Chaetodon lunulatus,Oval butterflyfish,Chaetodontidae,3572185521,19535,84,76,1.105,3,RGB,PNG,15893,f3fc62327d4590bf47408d1a2b63c6af,False,train
R:\PP\Marine-Intelligence-Platform\marine-species-identification\data\raw\images\species_05\fish_003572185521_19679.png,raw\images\species_05\fish_003572185521_19679.png,fish_003572185521_19679.png,5,Chaetodon lunulatus,Oval butterflyfish,Chaetodontidae,3572185521,19679,99,90,1.1,3,RGB,PNG,22008,1f8e5a799534a8d7ecb3a6989c598ca4,False,train
R:\PP\Marine-Intelligence-Platform\marine-species-identification\data\raw\images\species_05\fish_003572185521_25063.png,raw\images\species_05\fish_003572185521_25063.png,fish_003572185521_25063.png,5,Chaetodon lunulatus,Oval butterflyfish,Chaetodontidae,3572185521,25063,103,91,1.132,3,RGB,PNG,23365,a476ba5fd7b13da7e9e1c272f1268f03,False,train
R:\PP\Marine-Intelligence-Platform\marine-species-identification\data\raw\images\species_05\fish_003484405359_25873.png,raw\images\species_05\fish_003484405359_25873.png,fish_003484405359_25873.png,5,Chaetodon lunulatus,Oval butterflyfish,Chaetodontidae,3484405359,25873,112,98,1.143,3,RGB,PNG,23302,4dae9751082d96009c48b0b9d8a4941f,False,train
R:\PP\Marine-Intelligence-Platform\marine-species-identification\data\raw\images\species_05\fish_003503055380_10431.png,raw\images\species_05\fish_003503055380_10431.png,fish_003503055380_10431.png,5,Chaetodon lunulatus,Oval butterflyfish,Chaetodontidae,3503055380,10431,84,87,0.966,3,RGB,PNG,15132,3239dd1cde3f64e7befc2578b8099e38,False,train
R:\PP\Marine-Intelligence-Platform\marine-species-identification\data\raw\images\species_05\fish_003503055380_10434.png,raw\images\species_05\fish_003503055380_10434.png,fish_003503055380_10434.png,5,Chaetodon lunulatus,Oval butterflyfish,Chaetodontidae,3503055380,10434,84,83,1.012,3,RGB,PNG,14386,06b10a1477552bdc913ba53230891104,False,train
R:\PP\Marine-Intelligence-Platform\marine-species-identification\data\raw\images\species_05\fish_003503055380_11419.png,raw\images\species_05\fish_003503055380_11419.png,fish_003503055380_11419.png,5,Chaetodon lunulatus,Oval butterflyfish,Chaetodontidae,3503055380,11419,88,83,1.06,3,RGB,PNG,15289,1daeb04dee6419db8538f69871277c47,False,train
R:\PP\Marine-Intelligence-Platform\marine-species-identification\data\raw\images\species_05\fish_003503055380_11476.png,raw\images\species_05\fish_003503055380_11476.png,fish_003503055380_11476.png,5,Chaetodon lunulatus,Oval butterflyfish,Chaetodontidae,3503055380,11476,80,77,1.039,3,RGB,PNG,13290,0789ab865b080aaa08e63e61e774cfaf,False,train
R:\PP\Marine-Intelligence-Platform\marine-species-identification\data\raw\images\species_05\fish_003503055380_15795.png,raw\images\species_05\fish_003503055380_15795.png,fish_003503055380_15795.png,5,Chaetodon lunulatus,Oval butterflyfish,Chaetodontidae,3503055380,15795,81,84,0.964,3,RGB,PNG,14637,86f216f0da0b01685d96e4ec1030a873,False,train
R:\PP\Marine-Intelligence-Platform\marine-species-identification\data\raw\images\species_05\fish_003503055380_15969.png,raw\images\species_05\fish_003503055380_15969.png,fish_003503055380_15969.png,5,Chaetodon lunulatus,Oval butterflyfish,Chaetodontidae,3503055380,15969,92,92,1.0,3,RGB,PNG,17218,d3a92dacbe6f2623835d32190558029e,False,train
R:\PP\Marine-Intelligence-Platform\marine-species-identification\data\raw\images\species_05\fish_003503055380_15970.png,raw\images\species_05\fish_003503055380_15970.png,fish_003503055380_15970.png,5,Chaetodon lunulatus,Oval butterflyfish,Chaetodontidae,3503055380,15970,93,96,0.969,3,RGB,PNG,17620,28e7a19622ff8ff7851d99ed0a839fa5,False,train
R:\PP\Marine-Intelligence-Platform\marine-species-identification\data\raw\images\species_05\fish_003503055380_18564.png,raw\images\species_05\fish_003503055380_18564.png,fish_003503055380_18564.png,5,Chaetodon lunulatus,Oval butterflyfish,Chaetodontidae,3503055380,18564,88,85,1.035,3,RGB,PNG,15445,b429586233e1df2525f2559aab25bb14,False,train
R:\PP\Marine-Intelligence-Platform\marine-species-identification\data\raw\images\species_05\fish_003503055380_21368.png,raw\images\species_05\fish_003503055380_21368.png,fish_003503055380_21368.png,5,Chaetodon lunulatus,Oval butterflyfish,Chaetodontidae,3503055380,21368,83,75,1.107,3,RGB,PNG,13514,3ae376e920afca40d413c49c4cc30053,False,train
R:\PP\Marine-Intelligence-Platform\marine-species-identification\data\raw\images\species_05\fish_003503055380_25853.png,raw\images\species_05\fish_003503055380_25853.png,fish_003503055380_25853.png,5,Chaetodon lunulatus,Oval butterflyfish,Chaetodontidae,3503055380,25853,87,85,1.024,3,RGB,PNG,15378,3b8e901f0466e750fbfa6c65e3387b96,False,train
R:\PP\Marine-Intelligence-Platform\marine-species-identification\data\raw\images\species_05\fish_003424705280_19415.png,raw\images\species_05\fish_003424705280_19415.png,fish_003424705280_19415.png,5,Chaetodon lunulatus,Oval butterflyfish,Chaetodontidae,3424705280,19415,88,83,1.06,3,RGB,PNG,17466,88d01d8a345f5b87e086d6f1456215dc,False,train
R:\PP\Marine-Intelligence-Platform\marine-species-identification\data\raw\images\species_05\fish_003424705280_19416.png,raw\images\species_05\fish_003424705280_19416.png,fish_003424705280_19416.png,5,Chaetodon lunulatus,Oval butterflyfish,Chaetodontidae,3424705280,19416,72,76,0.947,3,RGB,PNG,13407,2290208aea1d105a7328dc98f7cde04c,False,train
R:\PP\Marine-Intelligence-Platform\marine-species-identification\data\raw\images\species_05\fish_003424705280_19417.png,raw\images\species_05\fish_003424705280_19417.png,fish_003424705280_19417.png,5,Chaetodon lunulatus,Oval butterflyfish,Chaetodontidae,3424705280,19417,71,76,0.934,3,RGB,PNG,13198,0bdaf59b5b586262f70316d120d22bbf,False,train
R:\PP\Marine-Intelligence-Platform\marine-species-identification\data\raw\images\species_05\fish_003424705280_19418.png,raw\images\species_05\fish_003424705280_19418.png,fish_003424705280_19418.png,5,Chaetodon lunulatus,Oval butterflyfish,Chaetodontidae,3424705280,19418,75,71,1.056,3,RGB,PNG,13183,fedff204ddfd822eada89bee7e6833e1,False,train
R:\PP\Marine-Intelligence-Platform\marine-species-identification\data\raw\images\species_05\fish_003424705280_19419.png,raw\images\species_05\fish_003424705280_19419.png,fish_003424705280_19419.png,5,Chaetodon lunulatus,Oval butterflyfish,Chaetodontidae,3424705280,19419,72,72,1.0,3,RGB,PNG,12781,dc205abdcc78cbc9eb20451ad711b729,False,train
R:\PP\Marine-Intelligence-Platform\marine-species-identification\data\raw\images\species_05\fish_003424705280_19525.png,raw\images\species_05\fish_003424705280_19525.png,fish_003424705280_19525.png,5,Chaetodon lunulatus,Oval butterflyfish,Chaetodontidae,3424705280,19525,73,76,0.961,3,RGB,PNG,13541,c06dc61010d8488b4022ddddcb138684,False,train
R:\PP\Marine-Intelligence-Platform\marine-species-identification\data\raw\images\species_05\fish_003424705280_19530.png,raw\images\species_05\fish_003424705280_19530.png,fish_003424705280_19530.png,5,Chaetodon lunulatus,Oval butterflyfish,Chaetodontidae,3424705280,19530,75,73,1.027,3,RGB,PNG,13542,e6c0c59cc882a411b463b143f9e9d8d0,False,train
R:\PP\Marine-Intelligence-Platform\marine-species-identification\data\raw\images\species_05\fish_003424705280_19694.png,raw\images\species_05\fish_003424705280_19694.png,fish_003424705280_19694.png,5,Chaetodon lunulatus,Oval butterflyfish,Chaetodontidae,3424705280,19694,68,72,0.944,3,RGB,PNG,12208,a48e4822338299ad401be8b3e1a5d557,False,train
R:\PP\Marine-Intelligence-Platform\marine-species-identification\data\raw\images\species_05\fish_003424705280_19708.png,raw\images\species_05\fish_003424705280_19708.png,fish_003424705280_19708.png,5,Chaetodon lunulatus,Oval butterflyfish,Chaetodontidae,3424705280,19708,74,75,0.987,3,RGB,PNG,13269,18e9b1974663abdad83748eca58b42e1,False,train
R:\PP\Marine-Intelligence-Platform\marine-species-identification\data\raw\images\species_05\fish_003424705280_25622.png,raw\images\species_05\fish_003424705280_25622.png,fish_003424705280_25622.png,5,Chaetodon lunulatus,Oval butterflyfish,Chaetodontidae,3424705280,25622,68,79,0.861,3,RGB,PNG,13292,e2bf86baac3a20570afcb14872fff08f,False,train
R:\PP\Marine-Intelligence-Platform\marine-species-identification\data\raw\images\species_05\fish_003424705280_25842.png,raw\images\species_05\fish_003424705280_25842.png,fish_003424705280_25842.png,5,Chaetodon lunulatus,Oval butterflyfish,Chaetodontidae,3424705280,25842,68,80,0.85,3,RGB,PNG,13008,db96a3224fd4a501e548c6c60a45ca7e,False,train
R:\PP\Marine-Intelligence-Platform\marine-species-identification\data\raw\images\species_05\fish_003572015521_10271.png,raw\images\species_05\fish_003572015521_10271.png,fish_003572015521_10271.png,5,Chaetodon lunulatus,Oval butterflyfish,Chaetodontidae,3572015521,10271,75,66,1.136,3,RGB,PNG,11558,b00af056e5c05684508e6058d05df2bf,False,train
R:\PP\Marine-Intelligence-Platform\marine-species-identification\data\raw\images\species_05\fish_003572015521_17648.png,raw\images\species_05\fish_003572015521_17648.png,fish_003572015521_17648.png,5,Chaetodon lunulatus,Oval butterflyfish,Chaetodontidae,3572015521,17648,67,65,1.031,3,RGB,PNG,9926,ae242f04ef5bd0e6b92ebc23dd89f1c7,False,train
R:\PP\Marine-Intelligence-Platform\marine-species-identification\data\raw\images\species_05\fish_003424615280_19585.png,raw\images\species_05\fish_003424615280_19585.png,fish_003424615280_19585.png,5,Chaetodon lunulatus,Oval butterflyfish,Chaetodontidae,3424615280,19585,93,108,0.861,3,RGB,PNG,24319,119f5b64bbc687c59986515fdfa9b0b5,False,train
R:\PP\Marine-Intelligence-Platform\marine-species-identification\data\raw\images\species_05\fish_003424615280_19586.png,raw\images\species_05\fish_003424615280_19586.png,fish_003424615280_19586.png,5,Chaetodon lunulatus,Oval butterflyfish,Chaetodontidae,3424615280,19586,91,96,0.948,3,RGB,PNG,20972,2585d8568f0b67902ac1cc8540c1fc08,False,train
R:\PP\Marine-Intelligence-Platform\marine-species-identification\data\raw\images\species_05\fish_003424615280_19587.png,raw\images\species_05\fish_003424615280_19587.png,fish_003424615280_19587.png,5,Chaetodon lunulatus,Oval butterflyfish,Chaetodontidae,3424615280,19587,92,95,0.968,3,RGB,PNG,21278,9a941c485628caf8d1f01c7d98c59a8d,False,train
R:\PP\Marine-Intelligence-Platform\marine-species-identification\data\raw\images\species_05\fish_003424615280_19588.png,raw\images\species_05\fish_003424615280_19588.png,fish_003424615280_19588.png,5,Chaetodon lunulatus,Oval butterflyfish,Chaetodontidae,3424615280,19588,92,99,0.929,3,RGB,PNG,21783,346473f35304c2ba7b1e28c419df3f42,False,train
R:\PP\Marine-Intelligence-Platform\marine-species-identification\data\raw\images\species_05\fish_003424615280_21303.png,raw\images\species_05\fish_003424615280_21303.png,fish_003424615280_21303.png,5,Chaetodon lunulatus,Oval butterflyfish,Chaetodontidae,3424615280,21303,94,96,0.979,3,RGB,PNG,21999,3b76a9b4f26c79a93d688b1f0c87e716,False,train
R:\PP\Marine-Intelligence-Platform\marine-species-identification\data\raw\images\species_05\fish_003424615280_21311.png,raw\images\species_05\fish_003424615280_21311.png,fish_003424615280_21311.png,5,Chaetodon lunulatus,Oval butterflyfish,Chaetodontidae,3424615280,21311,92,99,0.929,3,RGB,PNG,21888,9277a766c8be6e8f90ce3038deb5097e,False,train
R:\PP\Marine-Intelligence-Platform\marine-species-identification\data\raw\images\species_05\fish_003424615280_21373.png,raw\images\species_05\fish_003424615280_21373.png,fish_003424615280_21373.png,5,Chaetodon lunulatus,Oval butterflyfish,Chaetodontidae,3424615280,21373,95,115,0.826,3,RGB,PNG,26636,190778f79bbd46d2ddfac3839d3e376a,False,train
R:\PP\Marine-Intelligence-Platform\marine-species-identification\data\raw\images\species_05\fish_003424615280_21448.png,raw\images\species_05\fish_003424615280_21448.png,fish_003424615280_21448.png,5,Chaetodon lunulatus,Oval butterflyfish,Chaetodontidae,3424615280,21448,97,115,0.843,3,RGB,PNG,27161,4cc2c3fc4d65aa2715dba89848634d26,False,train
R:\PP\Marine-Intelligence-Platform\marine-species-identification\data\raw\images\species_05\fish_003424615280_21474.png,raw\images\species_05\fish_003424615280_21474.png,fish_003424615280_21474.png,5,Chaetodon lunulatus,Oval butterflyfish,Chaetodontidae,3424615280,21474,80,96,0.833,3,RGB,PNG,19041,feba046bce4d6b96415e02f8c6cd1add,False,train
R:\PP\Marine-Intelligence-Platform\marine-species-identification\data\raw\images\species_05\fish_003424615280_25070.png,raw\images\species_05\fish_003424615280_25070.png,fish_003424615280_25070.png,5,Chaetodon lunulatus,Oval butterflyfish,Chaetodontidae,3424615280,25070,94,120,0.783,3,RGB,PNG,28204,cd556a87d0bb77905cf95072b1556927,False,train
R:\PP\Marine-Intelligence-Platform\marine-species-identification\data\raw\images\species_05\fish_003435645294_15977.png,raw\images\species_05\fish_003435645294_15977.png,fish_003435645294_15977.png,5,Chaetodon lunulatus,Oval butterflyfish,Chaetodontidae,3435645294,15977,67,75,0.893,3,RGB,PNG,9785,c07b2f34562b9a1db3137e45f59a3233,False,train
R:\PP\Marine-Intelligence-Platform\marine-species-identification\data\raw\images\species_05\fish_003435645294_16253.png,raw\images\species_05\fish_003435645294_16253.png,fish_003435645294_16253.png,5,Chaetodon lunulatus,Oval butterflyfish,Chaetodontidae,3435645294,16253,68,76,0.895,3,RGB,PNG,10392,79c9ebdb75452bb1e55f8c7da50a494f,False,train
R:\PP\Marine-Intelligence-Platform\marine-species-identification\data\raw\images\species_05\fish_003588895576_13389.png,raw\images\species_05\fish_003588895576_13389.png,fish_003588895576_13389.png,5,Chaetodon lunulatus,Oval butterflyfish,Chaetodontidae,3588895576,13389,64,71,0.901,3,RGB,PNG,6798,7ca775cbba360ed303f939973eefabd1,False,train
R:\PP\Marine-Intelligence-Platform\marine-species-identification\data\raw\images\species_05\fish_003473265341_12599.png,raw\images\species_05\fish_003473265341_12599.png,fish_003473265341_12599.png,5,Chaetodon lunulatus,Oval butterflyfish,Chaetodontidae,3473265341,12599,75,74,1.014,3,RGB,PNG,12398,5b3aadc2f999c0656731ec69ec7b1fe5,False,train
R:\PP\Marine-Intelligence-Platform\marine-species-identification\data\raw\images\species_05\fish_003473265341_12600.png,raw\images\species_05\fish_003473265341_12600.png,fish_003473265341_12600.png,5,Chaetodon lunulatus,Oval butterflyfish,Chaetodontidae,3473265341,12600,71,72,0.986,3,RGB,PNG,11548,e8e6d402b887d01b2004acbe96641910,False,train
R:\PP\Marine-Intelligence-Platform\marine-species-identification\data\raw\images\species_05\fish_003473265341_12601.png,raw\images\species_05\fish_003473265341_12601.png,fish_003473265341_12601.png,5,Chaetodon lunulatus,Oval butterflyfish,Chaetodontidae,3473265341,12601,71,68,1.044,3,RGB,PNG,10649,78eb1203ef76fbffb962f675f5bf7d5c,False,train
R:\PP\Marine-Intelligence-Platform\marine-species-identification\data\raw\images\species_05\fish_003473265341_12602.png,raw\images\species_05\fish_003473265341_12602.png,fish_003473265341_12602.png,5,Chaetodon lunulatus,Oval butterflyfish,Chaetodontidae,3473265341,12602,72,70,1.029,3,RGB,PNG,11426,112dde1ceb038c43ad7ca73e9872f7d8,False,train
R:\PP\Marine-Intelligence-Platform\marine-species-identification\data\raw\images\species_05\fish_003473265341_12603.png,raw\images\species_05\fish_003473265341_12603.png,fish_003473265341_12603.png,5,Chaetodon lunulatus,Oval butterflyfish,Chaetodontidae,3473265341,12603,71,66,1.076,3,RGB,PNG,10480,025a82e7c0b748ae5ef3c8fd3ef747b8,False,train
R:\PP\Marine-Intelligence-Platform\marine-species-identification\data\raw\images\species_05\fish_003473265341_13576.png,raw\images\species_05\fish_003473265341_13576.png,fish_003473265341_13576.png,5,Chaetodon lunulatus,Oval butterflyfish,Chaetodontidae,3473265341,13576,76,69,1.101,3,RGB,PNG,11593,9b3c96b9e0a73cc17cc4fd407f548fce,False,train
R:\PP\Marine-Intelligence-Platform\marine-species-identification\data\raw\images\species_05\fish_003571475521_12532.png,raw\images\species_05\fish_003571475521_12532.png,fish_003571475521_12532.png,5,Chaetodon lunulatus,Oval butterflyfish,Chaetodontidae,3571475521,12532,74,91,0.813,3,RGB,PNG,16985,4395eceb4acfdd1aaa84d02e56f4b9cf,False,train
R:\PP\Marine-Intelligence-Platform\marine-species-identification\data\raw\images\species_05\fish_003571475521_13318.png,raw\images\species_05\fish_003571475521_13318.png,fish_003571475521_13318.png,5,Chaetodon lunulatus,Oval butterflyfish,Chaetodontidae,3571475521,13318,74,75,0.987,3,RGB,PNG,14052,58b95ce240a7693803174843adc91ac0,False,train
R:\PP\Marine-Intelligence-Platform\marine-species-identification\data\raw\images\species_05\fish_003571475521_13435.png,raw\images\species_05\fish_003571475521_13435.png,fish_003571475521_13435.png,5,Chaetodon lunulatus,Oval butterflyfish,Chaetodontidae,3571475521,13435,67,71,0.944,3,RGB,PNG,11999,cc15b288c681bdbef28e8dbfdcfd1514,False,train
R:\PP\Marine-Intelligence-Platform\marine-species-identification\data\raw\images\species_05\fish_003571475521_13535.png,raw\images\species_05\fish_003571475521_13535.png,fish_003571475521_13535.png,5,Chaetodon lunulatus,Oval butterflyfish,Chaetodontidae,3571475521,13535,75,71,1.056,3,RGB,PNG,13411,fd000045cdfb344451a88c65621f636c,False,train
R:\PP\Marine-Intelligence-Platform\marine-species-identification\data\raw\images\species_05\fish_003571475521_19407.png,raw\images\species_05\fish_003571475521_19407.png,fish_003571475521_19407.png,5,Chaetodon lunulatus,Oval butterflyfish,Chaetodontidae,3571475521,19407,67,71,0.944,3,RGB,PNG,11931,94c8feec3f5cc50c5b797b573f09f27c,False,train
R:\PP\Marine-Intelligence-Platform\marine-species-identification\data\raw\images\species_05\fish_003571475521_19442.png,raw\images\species_05\fish_003571475521_19442.png,fish_003571475521_19442.png,5,Chaetodon lunulatus,Oval butterflyfish,Chaetodontidae,3571475521,19442,76,73,1.041,3,RGB,PNG,13956,ad995d00916ebc39f13a68bd763d9968,False,train
R:\PP\Marine-Intelligence-Platform\marine-species-identification\data\raw\images\species_05\fish_003571475521_22211.png,raw\images\species_05\fish_003571475521_22211.png,fish_003571475521_22211.png,5,Chaetodon lunulatus,Oval butterflyfish,Chaetodontidae,3571475521,22211,73,79,0.924,3,RGB,PNG,14610,3293df96186ec5b3018936b2ee81dd31,False,train
R:\PP\Marine-Intelligence-Platform\marine-species-identification\data\raw\images\species_05\fish_003571475521_23612.png,raw\images\species_05\fish_003571475521_23612.png,fish_003571475521_23612.png,5,Chaetodon lunulatus,Oval butterflyfish,Chaetodontidae,3571475521,23612,72,79,0.911,3,RGB,PNG,14389,c12e7a716e325b23a44d7613473015d8,False,train
R:\PP\Marine-Intelligence-Platform\marine-species-identification\data\raw\images\species_05\fish_003390165224_25708.png,raw\images\species_05\fish_003390165224_25708.png,fish_003390165224_25708.png,5,Chaetodon lunulatus,Oval butterflyfish,Chaetodontidae,3390165224,25708,67,71,0.944,3,RGB,PNG,8425,9d43365c482c22d5fdea3f49adda5750,False,train
R:\PP\Marine-Intelligence-Platform\marine-species-identification\data\raw\images\species_05\fish_003390165224_25709.png,raw\images\species_05\fish_003390165224_25709.png,fish_003390165224_25709.png,5,Chaetodon lunulatus,Oval butterflyfish,Chaetodontidae,3390165224,25709,67,68,0.985,3,RGB,PNG,8327,627fb2d4466c640608e9a2d20e748081,False,train
R:\PP\Marine-Intelligence-Platform\marine-species-identification\data\raw\images\species_05\fish_003481895355_19422.png,raw\images\species_05\fish_003481895355_19422.png,fish_003481895355_19422.png,5,Chaetodon lunulatus,Oval butterflyfish,Chaetodontidae,3481895355,19422,78,83,0.94,3,RGB,PNG,15764,f065d921636420a4495d1bb44f4308f0,False,train
R:\PP\Marine-Intelligence-Platform\marine-species-identification\data\raw\images\species_05\fish_003461445323_23208.png,raw\images\species_05\fish_003461445323_23208.png,fish_003461445323_23208.png,5,Chaetodon lunulatus,Oval butterflyfish,Chaetodontidae,3461445323,23208,76,72,1.056,3,RGB,PNG,10433,2d57786c75628eafb0ed81c9d3c34ab7,False,train
R:\PP\Marine-Intelligence-Platform\marine-species-identification\data\raw\images\species_05\fish_003572085521_13424.png,raw\images\species_05\fish_003572085521_13424.png,fish_003572085521_13424.png,5,Chaetodon lunulatus,Oval butterflyfish,Chaetodontidae,3572085521,13424,80,84,0.952,3,RGB,PNG,16394,58d32718f05a6f837024ddf21bb3258e,False,train
R:\PP\Marine-Intelligence-Platform\marine-species-identification\data\raw\images\species_05\fish_003572085521_18305.png,raw\images\species_05\fish_003572085521_18305.png,fish_003572085521_18305.png,5,Chaetodon lunulatus,Oval butterflyfish,Chaetodontidae,3572085521,18305,80,83,0.964,3,RGB,PNG,16068,0e9e0b74b051f47236e1b3d174052015,False,train
R:\PP\Marine-Intelligence-Platform\marine-species-identification\data\raw\images\species_05\fish_003572085521_19283.png,raw\images\species_05\fish_003572085521_19283.png,fish_003572085521_19283.png,5,Chaetodon lunulatus,Oval butterflyfish,Chaetodontidae,3572085521,19283,78,79,0.987,3,RGB,PNG,14889,394ca7813876092ea693c27f361cd8c3,False,train
R:\PP\Marine-Intelligence-Platform\marine-species-identification\data\raw\images\species_05\fish_003572085521_25858.png,raw\images\species_05\fish_003572085521_25858.png,fish_003572085521_25858.png,5,Chaetodon lunulatus,Oval butterflyfish,Chaetodontidae,3572085521,25858,79,77,1.026,3,RGB,PNG,14712,6e41e8174b01ebe2756e5a0f6503bfa9,False,train
R:\PP\Marine-Intelligence-Platform\marine-species-identification\data\raw\images\species_05\fish_003571385521_11421.png,raw\images\species_05\fish_003571385521_11421.png,fish_003571385521_11421.png,5,Chaetodon lunulatus,Oval butterflyfish,Chaetodontidae,3571385521,11421,79,73,1.082,3,RGB,PNG,9045,a6f7a5692e2c3e4278cb9e8c2ef51113,False,train
R:\PP\Marine-Intelligence-Platform\marine-species-identification\data\raw\images\species_05\fish_003571385521_11674.png,raw\images\species_05\fish_003571385521_11674.png,fish_003571385521_11674.png,5,Chaetodon lunulatus,Oval butterflyfish,Chaetodontidae,3571385521,11674,68,65,1.046,3,RGB,PNG,8553,f1d6c46a565e4d017faa743372910f26,False,train
R:\PP\Marine-Intelligence-Platform\marine-species-identification\data\raw\images\species_05\fish_003571385521_13390.png,raw\images\species_05\fish_003571385521_13390.png,fish_003571385521_13390.png,5,Chaetodon lunulatus,Oval butterflyfish,Chaetodontidae,3571385521,13390,72,69,1.043,3,RGB,PNG,7916,2f9a5d2c290191052ef61e09da1ba505,False,train
R:\PP\Marine-Intelligence-Platform\marine-species-identification\data\raw\images\species_05\fish_003571385521_13415.png,raw\images\species_05\fish_003571385521_13415.png,fish_003571385521_13415.png,5,Chaetodon lunulatus,Oval butterflyfish,Chaetodontidae,3571385521,13415,71,67,1.06,3,RGB,PNG,7417,bea96a69117331377be074e23889ab47,False,train
R:\PP\Marine-Intelligence-Platform\marine-species-identification\data\raw\images\species_05\fish_003571385521_15799.png,raw\images\species_05\fish_003571385521_15799.png,fish_003571385521_15799.png,5,Chaetodon lunulatus,Oval butterflyfish,Chaetodontidae,3571385521,15799,80,74,1.081,3,RGB,PNG,8976,ba0df625957bbddb0a856a979572e775,False,train
R:\PP\Marine-Intelligence-Platform\marine-species-identification\data\raw\images\species_05\fish_003571385521_15803.png,raw\images\species_05\fish_003571385521_15803.png,fish_003571385521_15803.png,5,Chaetodon lunulatus,Oval butterflyfish,Chaetodontidae,3571385521,15803,76,72,1.056,3,RGB,PNG,8145,26892d4569fac276eca7d83efebd8dd2,False,train
R:\PP\Marine-Intelligence-Platform\marine-species-identification\data\raw\images\species_05\fish_003571385521_19495.png,raw\images\species_05\fish_003571385521_19495.png,fish_003571385521_19495.png,5,Chaetodon lunulatus,Oval butterflyfish,Chaetodontidae,3571385521,19495,83,75,1.107,3,RGB,PNG,8931,a2ad997e88386956f4ad516d9e024e38,False,train
R:\PP\Marine-Intelligence-Platform\marine-species-identification\data\raw\images\species_05\fish_003571385521_19529.png,raw\images\species_05\fish_003571385521_19529.png,fish_003571385521_19529.png,5,Chaetodon lunulatus,Oval butterflyfish,Chaetodontidae,3571385521,19529,67,64,1.047,3,RGB,PNG,6573,d83184f114f0e72f42172e1c62fca0a8,False,train
R:\PP\Marine-Intelligence-Platform\marine-species-identification\data\raw\images\species_05\fish_003571385521_19533.png,raw\images\species_05\fish_003571385521_19533.png,fish_003571385521_19533.png,5,Chaetodon lunulatus,Oval butterflyfish,Chaetodontidae,3571385521,19533,75,71,1.056,3,RGB,PNG,8456,a037c1c474f3adb662e127af6b115acb,False,train
R:\PP\Marine-Intelligence-Platform\marine-species-identification\data\raw\images\species_05\fish_003571385521_21356.png,raw\images\species_05\fish_003571385521_21356.png,fish_003571385521_21356.png,5,Chaetodon lunulatus,Oval butterflyfish,Chaetodontidae,3571385521,21356,67,65,1.031,3,RGB,PNG,7490,dc5ee8c7824ba22795c00eae7eb6df9b,False,train
R:\PP\Marine-Intelligence-Platform\marine-species-identification\data\raw\images\species_05\fish_003571385521_23212.png,raw\images\species_05\fish_003571385521_23212.png,fish_003571385521_23212.png,5,Chaetodon lunulatus,Oval butterflyfish,Chaetodontidae,3571385521,23212,67,65,1.031,3,RGB,PNG,6792,cc312faad38778e4498efa8d23e71288,False,train
R:\PP\Marine-Intelligence-Platform\marine-species-identification\data\raw\images\species_05\fish_003571385521_27310.png,raw\images\species_05\fish_003571385521_27310.png,fish_003571385521_27310.png,5,Chaetodon lunulatus,Oval butterflyfish,Chaetodontidae,3571385521,27310,68,62,1.097,3,RGB,PNG,7237,2159306b08b74c9d37ed081e1ab124ca,False,train
R:\PP\Marine-Intelligence-Platform\marine-species-identification\data\raw\images\species_05\fish_003572045521_11610.png,raw\images\species_05\fish_003572045521_11610.png,fish_003572045521_11610.png,5,Chaetodon lunulatus,Oval butterflyfish,Chaetodontidae,3572045521,11610,86,91,0.945,3,RGB,PNG,18657,907b09df2f1e179bdac695cbd8986935,False,train
R:\PP\Marine-Intelligence-Platform\marine-species-identification\data\raw\images\species_05\fish_003572045521_15973.png,raw\images\species_05\fish_003572045521_15973.png,fish_003572045521_15973.png,5,Chaetodon lunulatus,Oval butterflyfish,Chaetodontidae,3572045521,15973,70,71,0.986,3,RGB,PNG,12044,0a42a4f9326feb6f2234d51bfa0998fe,False,train
R:\PP\Marine-Intelligence-Platform\marine-species-identification\data\raw\images\species_05\fish_003572045521_17765.png,raw\images\species_05\fish_003572045521_17765.png,fish_003572045521_17765.png,5,Chaetodon lunulatus,Oval butterflyfish,Chaetodontidae,3572045521,17765,77,96,0.802,3,RGB,PNG,17612,a0a17f539322692ef8453609666c7a04,False,train
R:\PP\Marine-Intelligence-Platform\marine-species-identification\data\raw\images\species_05\fish_003572045521_22324.png,raw\images\species_05\fish_003572045521_22324.png,fish_003572045521_22324.png,5,Chaetodon lunulatus,Oval butterflyfish,Chaetodontidae,3572045521,22324,80,92,0.87,3,RGB,PNG,17747,b1adb62d4f3c748d1cb53fc30ebb6a51,False,train
R:\PP\Marine-Intelligence-Platform\marine-species-identification\data\raw\images\species_05\fish_003572045521_23075.png,raw\images\species_05\fish_003572045521_23075.png,fish_003572045521_23075.png,5,Chaetodon lunulatus,Oval butterflyfish,Chaetodontidae,3572045521,23075,79,96,0.823,3,RGB,PNG,18306,f7ae403483fd0d40200a023dc580af8c,False,train
R:\PP\Marine-Intelligence-Platform\marine-species-identification\data\raw\images\species_05\fish_003484185359_11433.png,raw\images\species_05\fish_003484185359_11433.png,fish_003484185359_11433.png,5,Chaetodon lunulatus,Oval butterflyfish,Chaetodontidae,3484185359,11433,86,100,0.86,3,RGB,PNG,16909,3868c816e8f97e61c3fcc13c0127059e,False,train
R:\PP\Marine-Intelligence-Platform\marine-species-identification\data\raw\images\species_05\fish_003484185359_11434.png,raw\images\species_05\fish_003484185359_11434.png,fish_003484185359_11434.png,5,Chaetodon lunulatus,Oval butterflyfish,Chaetodontidae,3484185359,11434,78,96,0.812,3,RGB,PNG,16315,11a922ee0636c3529ff3cee7fe57a612,False,train
R:\PP\Marine-Intelligence-Platform\marine-species-identification\data\raw\images\species_05\fish_003484185359_11464.png,raw\images\species_05\fish_003484185359_11464.png,fish_003484185359_11464.png,5,Chaetodon lunulatus,Oval butterflyfish,Chaetodontidae,3484185359,11464,68,91,0.747,3,RGB,PNG,12695,e1c7f98dade0569d69c728fdb96c69d9,False,train
R:\PP\Marine-Intelligence-Platform\marine-species-identification\data\raw\images\species_05\fish_003484185359_16035.png,raw\images\species_05\fish_003484185359_16035.png,fish_003484185359_16035.png,5,Chaetodon lunulatus,Oval butterflyfish,Chaetodontidae,3484185359,16035,85,100,0.85,3,RGB,PNG,17412,f7e6c320faf77fcbfbbed987af42fdea,False,train
R:\PP\Marine-Intelligence-Platform\marine-species-identification\data\raw\images\species_05\fish_003484185359_17724.png,raw\images\species_05\fish_003484185359_17724.png,fish_003484185359_17724.png,5,Chaetodon lunulatus,Oval butterflyfish,Chaetodontidae,3484185359,17724,89,103,0.864,3,RGB,PNG,21024,31e7bc49473f35b97dec69bd577f50bd,False,train
R:\PP\Marine-Intelligence-Platform\marine-species-identification\data\raw\images\species_05\fish_003484185359_17733.png,raw\images\species_05\fish_003484185359_17733.png,fish_003484185359_17733.png,5,Chaetodon lunulatus,Oval butterflyfish,Chaetodontidae,3484185359,17733,90,104,0.865,3,RGB,PNG,20739,097f93ee78c7413a6bc69c93e66263d9,False,train
R:\PP\Marine-Intelligence-Platform\marine-species-identification\data\raw\images\species_05\fish_003484185359_17829.png,raw\images\species_05\fish_003484185359_17829.png,fish_003484185359_17829.png,5,Chaetodon lunulatus,Oval butterflyfish,Chaetodontidae,3484185359,17829,87,103,0.845,3,RGB,PNG,20006,6bf5f968febb1c4dea6a7f54cb4d4cf0,False,train
R:\PP\Marine-Intelligence-Platform\marine-species-identification\data\raw\images\species_05\fish_003484185359_24347.png,raw\images\species_05\fish_003484185359_24347.png,fish_003484185359_24347.png,5,Chaetodon lunulatus,Oval butterflyfish,Chaetodontidae,3484185359,24347,86,103,0.835,3,RGB,PNG,19297,d15ff62a54162dd1dba610f91fb00e38,False,train
R:\PP\Marine-Intelligence-Platform\marine-species-identification\data\raw\images\species_05\fish_003571425521_13534.png,raw\images\species_05\fish_003571425521_13534.png,fish_003571425521_13534.png,5,Chaetodon lunulatus,Oval butterflyfish,Chaetodontidae,3571425521,13534,89,95,0.937,3,RGB,PNG,21577,ef056aae1c4077c8070d527b4ad4ac9c,False,train
R:\PP\Marine-Intelligence-Platform\marine-species-identification\data\raw\images\species_05\fish_003571425521_15954.png,raw\images\species_05\fish_003571425521_15954.png,fish_003571425521_15954.png,5,Chaetodon lunulatus,Oval butterflyfish,Chaetodontidae,3571425521,15954,98,99,0.99,3,RGB,PNG,24579,450ca6112e3943a035eb0b92a230365b,False,train
R:\PP\Marine-Intelligence-Platform\marine-species-identification\data\raw\images\species_05\fish_003473275341_12589.png,raw\images\species_05\fish_003473275341_12589.png,fish_003473275341_12589.png,5,Chaetodon lunulatus,Oval butterflyfish,Chaetodontidae,3473275341,12589,71,75,0.947,3,RGB,PNG,12216,207485e018c1a6a388ceae31096f952e,False,train
R:\PP\Marine-Intelligence-Platform\marine-species-identification\data\raw\images\species_05\fish_003473275341_13355.png,raw\images\species_05\fish_003473275341_13355.png,fish_003473275341_13355.png,5,Chaetodon lunulatus,Oval butterflyfish,Chaetodontidae,3473275341,13355,74,75,0.987,3,RGB,PNG,12844,03810bad514fa6748d0d0ab913455cfe,False,train
R:\PP\Marine-Intelligence-Platform\marine-species-identification\data\raw\images\species_05\fish_003473275341_19413.png,raw\images\species_05\fish_003473275341_19413.png,fish_003473275341_19413.png,5,Chaetodon lunulatus,Oval butterflyfish,Chaetodontidae,3473275341,19413,72,80,0.9,3,RGB,PNG,13481,e6609dc619d3af727ac397a2a5f12d30,False,train
R:\PP\Marine-Intelligence-Platform\marine-species-identification\data\raw\images\species_05\fish_003473275341_19483.png,raw\images\species_05\fish_003473275341_19483.png,fish_003473275341_19483.png,5,Chaetodon lunulatus,Oval butterflyfish,Chaetodontidae,3473275341,19483,74,80,0.925,3,RGB,PNG,14012,ae4df41d31ef71f9b82a661875e9c483,False,train
R:\PP\Marine-Intelligence-Platform\marine-species-identification\data\raw\images\species_05\fish_003435255294_16251.png,raw\images\species_05\fish_003435255294_16251.png,fish_003435255294_16251.png,5,Chaetodon lunulatus,Oval butterflyfish,Chaetodontidae,3435255294,16251,72,72,1.0,3,RGB,PNG,11134,9a72ec369682b608bffd55e5d9adc844,False,train
R:\PP\Marine-Intelligence-Platform\marine-species-identification\data\raw\images\species_05\fish_003435255294_16258.png,raw\images\species_05\fish_003435255294_16258.png,fish_003435255294_16258.png,5,Chaetodon lunulatus,Oval butterflyfish,Chaetodontidae,3435255294,16258,70,72,0.972,3,RGB,PNG,10998,261761cdd16faeb2a16f00c1ca4a41ea,False,train
R:\PP\Marine-Intelligence-Platform\marine-species-identification\data\raw\images\species_05\fish_003435415294_22314.png,raw\images\species_05\fish_003435415294_22314.png,fish_003435415294_22314.png,5,Chaetodon lunulatus,Oval butterflyfish,Chaetodontidae,3435415294,22314,107,123,0.87,3,RGB,PNG,24040,5242da458852b5c84a4e7034cce16644,False,train
R:\PP\Marine-Intelligence-Platform\marine-species-identification\data\raw\images\species_05\fish_003502965380_10441.png,raw\images\species_05\fish_003502965380_10441.png,fish_003502965380_10441.png,5,Chaetodon lunulatus,Oval butterflyfish,Chaetodontidae,3502965380,10441,76,92,0.826,3,RGB,PNG,15877,1bb92801e7a4d339f50d4dc8d1689f9a,False,train
R:\PP\Marine-Intelligence-Platform\marine-species-identification\data\raw\images\species_05\fish_003502965380_10442.png,raw\images\species_05\fish_003502965380_10442.png,fish_003502965380_10442.png,5,Chaetodon lunulatus,Oval butterflyfish,Chaetodontidae,3502965380,10442,75,87,0.862,3,RGB,PNG,13782,fa0f2b10e79e733cb0c32af319fe2c3f,False,train
R:\PP\Marine-Intelligence-Platform\marine-species-identification\data\raw\images\species_05\fish_003502965380_10961.png,raw\images\species_05\fish_003502965380_10961.png,fish_003502965380_10961.png,5,Chaetodon lunulatus,Oval butterflyfish,Chaetodontidae,3502965380,10961,78,91,0.857,3,RGB,PNG,15231,78449f54751eedf74ed35d609b790d96,False,train
R:\PP\Marine-Intelligence-Platform\marine-species-identification\data\raw\images\species_05\fish_003502965380_11151.png,raw\images\species_05\fish_003502965380_11151.png,fish_003502965380_11151.png,5,Chaetodon lunulatus,Oval butterflyfish,Chaetodontidae,3502965380,11151,78,92,0.848,3,RGB,PNG,16210,fdf07700e0bd0d6c58bea3bf9223764e,False,train
R:\PP\Marine-Intelligence-Platform\marine-species-identification\data\raw\images\species_05\fish_003502965380_11453.png,raw\images\species_05\fish_003502965380_11453.png,fish_003502965380_11453.png,5,Chaetodon lunulatus,Oval butterflyfish,Chaetodontidae,3502965380,11453,83,88,0.943,3,RGB,PNG,15980,39c0284b47f175aa55eaedff958c37dd,False,train
R:\PP\Marine-Intelligence-Platform\marine-species-identification\data\raw\images\species_05\fish_003502965380_11466.png,raw\images\species_05\fish_003502965380_11466.png,fish_003502965380_11466.png,5,Chaetodon lunulatus,Oval butterflyfish,Chaetodontidae,3502965380,11466,83,87,0.954,3,RGB,PNG,16178,e8b94f63b0394eb0ae279b13af194c21,False,train
R:\PP\Marine-Intelligence-Platform\marine-species-identification\data\raw\images\species_05\fish_003502965380_11469.png,raw\images\species_05\fish_003502965380_11469.png,fish_003502965380_11469.png,5,Chaetodon lunulatus,Oval butterflyfish,Chaetodontidae,3502965380,11469,69,76,0.908,3,RGB,PNG,11597,a4edbb24fdd02490eb49caa6177d2213,False,train
R:\PP\Marine-Intelligence-Platform\marine-species-identification\data\raw\images\species_05\fish_003502965380_12527.png,raw\images\species_05\fish_003502965380_12527.png,fish_003502965380_12527.png,5,Chaetodon lunulatus,Oval butterflyfish,Chaetodontidae,3502965380,12527,94,111,0.847,3,RGB,PNG,22583,b889757d7a1ae83a3ec85a4e168ae490,False,train
R:\PP\Marine-Intelligence-Platform\marine-species-identification\data\raw\images\species_05\fish_003502965380_13319.png,raw\images\species_05\fish_003502965380_13319.png,fish_003502965380_13319.png,5,Chaetodon lunulatus,Oval butterflyfish,Chaetodontidae,3502965380,13319,66,72,0.917,3,RGB,PNG,10796,7fbad5cc33b0630de499efe76c7b0f8d,False,train
R:\PP\Marine-Intelligence-Platform\marine-species-identification\data\raw\images\species_05\fish_003502965380_15834.png,raw\images\species_05\fish_003502965380_15834.png,fish_003502965380_15834.png,5,Chaetodon lunulatus,Oval butterflyfish,Chaetodontidae,3502965380,15834,86,95,0.905,3,RGB,PNG,17918,26720b31da956018608af3b0baaf5164,False,train
R:\PP\Marine-Intelligence-Platform\marine-species-identification\data\raw\images\species_05\fish_003502965380_16104.png,raw\images\species_05\fish_003502965380_16104.png,fish_003502965380_16104.png,5,Chaetodon lunulatus,Oval butterflyfish,Chaetodontidae,3502965380,16104,86,91,0.945,3,RGB,PNG,17426,0353cfe2d2e2c434b0c3069c6e13fe98,False,train
R:\PP\Marine-Intelligence-Platform\marine-species-identification\data\raw\images\species_05\fish_003502965380_18629.png,raw\images\species_05\fish_003502965380_18629.png,fish_003502965380_18629.png,5,Chaetodon lunulatus,Oval butterflyfish,Chaetodontidae,3502965380,18629,74,83,0.892,3,RGB,PNG,12973,98f01199528b3eb914eb8aaf040da0bb,False,train
R:\PP\Marine-Intelligence-Platform\marine-species-identification\data\raw\images\species_05\fish_003502965380_19548.png,raw\images\species_05\fish_003502965380_19548.png,fish_003502965380_19548.png,5,Chaetodon lunulatus,Oval butterflyfish,Chaetodontidae,3502965380,19548,67,79,0.848,3,RGB,PNG,10979,a8f065ea8ae339da88ee28a18b5aa6bf,False,train
R:\PP\Marine-Intelligence-Platform\marine-species-identification\data\raw\images\species_05\fish_003502965380_20376.png,raw\images\species_05\fish_003502965380_20376.png,fish_003502965380_20376.png,5,Chaetodon lunulatus,Oval butterflyfish,Chaetodontidae,3502965380,20376,75,92,0.815,3,RGB,PNG,15633,b65b6028bbe2a27d7875703d16f7f87d,False,train
R:\PP\Marine-Intelligence-Platform\marine-species-identification\data\raw\images\species_05\fish_003502965380_20836.png,raw\images\species_05\fish_003502965380_20836.png,fish_003502965380_20836.png,5,Chaetodon lunulatus,Oval butterflyfish,Chaetodontidae,3502965380,20836,73,76,0.961,3,RGB,PNG,12521,90217b5ab354afa2feb147af4b471cb6,False,train
R:\PP\Marine-Intelligence-Platform\marine-species-identification\data\raw\images\species_05\fish_003502965380_21941.png,raw\images\species_05\fish_003502965380_21941.png,fish_003502965380_21941.png,5,Chaetodon lunulatus,Oval butterflyfish,Chaetodontidae,3502965380,21941,86,92,0.935,3,RGB,PNG,17561,9f3553ab9f0cdf33ff6fc447fc83e8dd,False,train
R:\PP\Marine-Intelligence-Platform\marine-species-identification\data\raw\images\species_05\fish_003502965380_23167.png,raw\images\species_05\fish_003502965380_23167.png,fish_003502965380_23167.png,5,Chaetodon lunulatus,Oval butterflyfish,Chaetodontidae,3502965380,23167,75,79,0.949,3,RGB,PNG,13117,193b687d527d6390e2d2439f094f0e0a,False,train
R:\PP\Marine-Intelligence-Platform\marine-species-identification\data\raw\images\species_05\fish_003502965380_23614.png,raw\images\species_05\fish_003502965380_23614.png,fish_003502965380_23614.png,5,Chaetodon lunulatus,Oval butterflyfish,Chaetodontidae,3502965380,23614,73,76,0.961,3,RGB,PNG,12263,9cd2c8e22b71d019e554ea783f2b7e0e,False,train
R:\PP\Marine-Intelligence-Platform\marine-species-identification\data\raw\images\species_05\fish_003502965380_24386.png,raw\images\species_05\fish_003502965380_24386.png,fish_003502965380_24386.png,5,Chaetodon lunulatus,Oval butterflyfish,Chaetodontidae,3502965380,24386,67,76,0.882,3,RGB,PNG,11215,ba066521cf39b91e809f6d191a703acf,False,train
R:\PP\Marine-Intelligence-Platform\marine-species-identification\data\raw\images\species_05\fish_003502965380_24389.png,raw\images\species_05\fish_003502965380_24389.png,fish_003502965380_24389.png,5,Chaetodon lunulatus,Oval butterflyfish,Chaetodontidae,3502965380,24389,68,80,0.85,3,RGB,PNG,11962,9327d1d48c57d2f4024b2d78bfd1ff3c,False,train
R:\PP\Marine-Intelligence-Platform\marine-species-identification\data\raw\images\species_05\fish_003533675426_16032.png,raw\images\species_05\fish_003533675426_16032.png,fish_003533675426_16032.png,5,Chaetodon lunulatus,Oval butterflyfish,Chaetodontidae,3533675426,16032,64,71,0.901,3,RGB,PNG,10493,d9a085e38e13c4f6b9d35f2166054310,False,train
R:\PP\Marine-Intelligence-Platform\marine-species-identification\data\raw\images\species_05\fish_003533675426_16066.png,raw\images\species_05\fish_003533675426_16066.png,fish_003533675426_16066.png,5,Chaetodon lunulatus,Oval butterflyfish,Chaetodontidae,3533675426,16066,82,92,0.891,3,RGB,PNG,17856,3f352a721aaad3e3ccb1f78a9e666f5b,False,train
R:\PP\Marine-Intelligence-Platform\marine-species-identification\data\raw\images\species_05\fish_003533675426_17689.png,raw\images\species_05\fish_003533675426_17689.png,fish_003533675426_17689.png,5,Chaetodon lunulatus,Oval butterflyfish,Chaetodontidae,3533675426,17689,73,76,0.961,3,RGB,PNG,12683,18939a20381a919a1bfb29797f61df05,False,train
R:\PP\Marine-Intelligence-Platform\marine-species-identification\data\raw\images\species_05\fish_003533675426_17875.png,raw\images\species_05\fish_003533675426_17875.png,fish_003533675426_17875.png,5,Chaetodon lunulatus,Oval butterflyfish,Chaetodontidae,3533675426,17875,85,92,0.924,3,RGB,PNG,18248,75e08cf54ef57321b7c9aa9005d6be38,False,train
R:\PP\Marine-Intelligence-Platform\marine-species-identification\data\raw\images\species_05\fish_003533675426_19439.png,raw\images\species_05\fish_003533675426_19439.png,fish_003533675426_19439.png,5,Chaetodon lunulatus,Oval butterflyfish,Chaetodontidae,3533675426,19439,88,77,1.143,3,RGB,PNG,15120,4eb2aa82d4f4b161c9dc1051b11facd4,False,train
R:\PP\Marine-Intelligence-Platform\marine-species-identification\data\raw\images\species_05\fish_003533675426_21946.png,raw\images\species_05\fish_003533675426_21946.png,fish_003533675426_21946.png,5,Chaetodon lunulatus,Oval butterflyfish,Chaetodontidae,3533675426,21946,86,91,0.945,3,RGB,PNG,18002,dafa674d76308b807d60e0b3254b2e8d,False,train
R:\PP\Marine-Intelligence-Platform\marine-species-identification\data\raw\images\species_05\fish_003533675426_22086.png,raw\images\species_05\fish_003533675426_22086.png,fish_003533675426_22086.png,5,Chaetodon lunulatus,Oval butterflyfish,Chaetodontidae,3533675426,22086,85,87,0.977,3,RGB,PNG,17152,8b6b0cf0c4dd51d33a6afc1455a53468,False,train
R:\PP\Marine-Intelligence-Platform\marine-species-identification\data\raw\images\species_05\fish_003533675426_24591.png,raw\images\species_05\fish_003533675426_24591.png,fish_003533675426_24591.png,5,Chaetodon lunulatus,Oval butterflyfish,Chaetodontidae,3533675426,24591,78,88,0.886,3,RGB,PNG,15675,4d582e1c173a6ea6b604e39153c48c4f,False,train
R:\PP\Marine-Intelligence-Platform\marine-species-identification\data\raw\images\species_05\fish_003503375380_10395.png,raw\images\species_05\fish_003503375380_10395.png,fish_003503375380_10395.png,5,Chaetodon lunulatus,Oval butterflyfish,Chaetodontidae,3503375380,10395,64,71,0.901,3,RGB,PNG,9263,66d6bbc5a007d0dea8f8b8013fe2f768,False,train
R:\PP\Marine-Intelligence-Platform\marine-species-identification\data\raw\images\species_05\fish_003503375380_10396.png,raw\images\species_05\fish_003503375380_10396.png,fish_003503375380_10396.png,5,Chaetodon lunulatus,Oval butterflyfish,Chaetodontidae,3503375380,10396,66,71,0.93,3,RGB,PNG,9374,f6821f2a8f2ad7d9c15dceb351ac6f8c,False,train
R:\PP\Marine-Intelligence-Platform\marine-species-identification\data\raw\images\species_05\fish_003461315323_13485.png,raw\images\species_05\fish_003461315323_13485.png,fish_003461315323_13485.png,5,Chaetodon lunulatus,Oval butterflyfish,Chaetodontidae,3461315323,13485,104,83,1.253,3,RGB,PNG,16130,46aac19999df1f4d42433927d593c9b6,False,train
R:\PP\Marine-Intelligence-Platform\marine-species-identification\data\raw\images\species_05\fish_003503285380_11405.png,raw\images\species_05\fish_003503285380_11405.png,fish_003503285380_11405.png,5,Chaetodon lunulatus,Oval butterflyfish,Chaetodontidae,3503285380,11405,61,67,0.91,3,RGB,PNG,9033,337e270d12465f00c956219da4b4ec16,False,train
R:\PP\Marine-Intelligence-Platform\marine-species-identification\data\raw\images\species_05\fish_003503285380_11436.png,raw\images\species_05\fish_003503285380_11436.png,fish_003503285380_11436.png,5,Chaetodon lunulatus,Oval butterflyfish,Chaetodontidae,3503285380,11436,62,68,0.912,3,RGB,PNG,9295,c6d099a8424480e1bd41e50029fa180f,False,train
R:\PP\Marine-Intelligence-Platform\marine-species-identification\data\raw\images\species_05\fish_003503285380_17967.png,raw\images\species_05\fish_003503285380_17967.png,fish_003503285380_17967.png,5,Chaetodon lunulatus,Oval butterflyfish,Chaetodontidae,3503285380,17967,61,68,0.897,3,RGB,PNG,9146,aadf3f7d45fbb404116376bed8ea977f,False,train
R:\PP\Marine-Intelligence-Platform\marine-species-identification\data\raw\images\species_05\fish_003503285380_25741.png,raw\images\species_05\fish_003503285380_25741.png,fish_003503285380_25741.png,5,Chaetodon lunulatus,Oval butterflyfish,Chaetodontidae,3503285380,25741,61,68,0.897,3,RGB,PNG,9154,fd81a2df9d72f675589820b31eb8d2d3,False,train
R:\PP\Marine-Intelligence-Platform\marine-species-identification\data\raw\images\species_05\fish_003424835280_25056.png,raw\images\species_05\fish_003424835280_25056.png,fish_003424835280_25056.png,5,Chaetodon lunulatus,Oval butterflyfish,Chaetodontidae,3424835280,25056,110,116,0.948,3,RGB,PNG,29144,f9f4d600ed9f61ee35ba155dc0504321,False,train
R:\PP\Marine-Intelligence-Platform\marine-species-identification\data\raw\images\species_06\fish_004421547170_13841.png,raw\images\species_06\fish_004421547170_13841.png,fish_004421547170_13841.png,6,Chaetodon trifascialis,Chevron butterflyfish,Chaetodontidae,4421547170,13841,134,135,0.993,3,RGB,PNG,36821,a0b6da09a833a6a6ad254c1f0f0e6125,False,train
R:\PP\Marine-Intelligence-Platform\marine-species-identification\data\raw\images\species_06\fish_003776726026_09091.png,raw\images\species_06\fish_003776726026_09091.png,fish_003776726026_09091.png,6,Chaetodon trifascialis,Chevron butterflyfish,Chaetodontidae,3776726026,9091,116,113,1.027,3,RGB,PNG,22646,c62a3ea966c27d1a616b0d5f1f4110a7,False,train
R:\PP\Marine-Intelligence-Platform\marine-species-identification\data\raw\images\species_06\fish_003796316083_10403.png,raw\images\species_06\fish_003796316083_10403.png,fish_003796316083_10403.png,6,Chaetodon trifascialis,Chevron butterflyfish,Chaetodontidae,3796316083,10403,95,95,1.0,3,RGB,PNG,21542,89136ddfb83d470c5200b19ab0cefa1b,False,train
R:\PP\Marine-Intelligence-Platform\marine-species-identification\data\raw\images\species_06\fish_003796316083_13546.png,raw\images\species_06\fish_003796316083_13546.png,fish_003796316083_13546.png,6,Chaetodon trifascialis,Chevron butterflyfish,Chaetodontidae,3796316083,13546,112,97,1.155,3,RGB,PNG,22732,938f09e8dda60becb680044a5acf8b4b,False,train
R:\PP\Marine-Intelligence-Platform\marine-species-identification\data\raw\images\species_06\fish_003796316083_13842.png,raw\images\species_06\fish_003796316083_13842.png,fish_003796316083_13842.png,6,Chaetodon trifascialis,Chevron butterflyfish,Chaetodontidae,3796316083,13842,99,82,1.207,3,RGB,PNG,17182,519480c83d991d7c58cf334e60d5bfc6,False,train
R:\PP\Marine-Intelligence-Platform\marine-species-identification\data\raw\images\species_06\fish_003796316083_19699.png,raw\images\species_06\fish_003796316083_19699.png,fish_003796316083_19699.png,6,Chaetodon trifascialis,Chevron butterflyfish,Chaetodontidae,3796316083,19699,88,99,0.889,3,RGB,PNG,19623,2e9641a0a46fdcef4f5c6d9f6e7876f3,False,train
R:\PP\Marine-Intelligence-Platform\marine-species-identification\data\raw\images\species_06\fish_003955016461_25690.png,raw\images\species_06\fish_003955016461_25690.png,fish_003955016461_25690.png,6,Chaetodon trifascialis,Chevron butterflyfish,Chaetodontidae,3955016461,25690,144,127,1.134,3,RGB,PNG,31745,3e4fc25fb1d46c1b7b2266260057d1a9,False,train
R:\PP\Marine-Intelligence-Platform\marine-species-identification\data\raw\images\species_06\fish_003682685784_26302.png,raw\images\species_06\fish_003682685784_26302.png,fish_003682685784_26302.png,6,Chaetodon trifascialis,Chevron butterflyfish,Chaetodontidae,3682685784,26302,195,170,1.147,3,RGB,PNG,57123,a2de99da9faa9cdb56199d9a79b0a6c3,False,train
R:\PP\Marine-Intelligence-Platform\marine-species-identification\data\raw\images\species_06\fish_003803636104_13038.png,raw\images\species_06\fish_003803636104_13038.png,fish_003803636104_13038.png,6,Chaetodon trifascialis,Chevron butterflyfish,Chaetodontidae,3803636104,13038,147,133,1.105,3,RGB,PNG,36245,91aec1aa25e24aa361204b4ab82d09a5,False,train
R:\PP\Marine-Intelligence-Platform\marine-species-identification\data\raw\images\species_06\fish_000004710001_00476.png,raw\images\species_06\fish_000004710001_00476.png,fish_000004710001_00476.png,6,Chaetodon trifascialis,Chevron butterflyfish,Chaetodontidae,4710001,476,120,102,1.176,3,RGB,PNG,15147,ad3328b0943511cbd31b7fdcd7987b8c,False,train
R:\PP\Marine-Intelligence-Platform\marine-species-identification\data\raw\images\species_06\fish_000004710001_00477.png,raw\images\species_06\fish_000004710001_00477.png,fish_000004710001_00477.png,6,Chaetodon trifascialis,Chevron butterflyfish,Chaetodontidae,4710001,477,123,104,1.183,3,RGB,PNG,15744,385b6c51df454a30eac8cabafde1f655,False,train
R:\PP\Marine-Intelligence-Platform\marine-species-identification\data\raw\images\species_06\fish_000004710001_00478.png,raw\images\species_06\fish_000004710001_00478.png,fish_000004710001_00478.png,6,Chaetodon trifascialis,Chevron butterflyfish,Chaetodontidae,4710001,478,124,110,1.127,3,RGB,PNG,20198,1a83104fbb9f72481341b2531dd0435e,False,train
R:\PP\Marine-Intelligence-Platform\marine-species-identification\data\raw\images\species_06\fish_000004710001_00479.png,raw\images\species_06\fish_000004710001_00479.png,fish_000004710001_00479.png,6,Chaetodon trifascialis,Chevron butterflyfish,Chaetodontidae,4710001,479,127,115,1.104,3,RGB,PNG,20265,8ab5a46a099316662414d58854abdcbb,False,train
R:\PP\Marine-Intelligence-Platform\marine-species-identification\data\raw\images\species_06\fish_000004710001_00480.png,raw\images\species_06\fish_000004710001_00480.png,fish_000004710001_00480.png,6,Chaetodon trifascialis,Chevron butterflyfish,Chaetodontidae,4710001,480,104,101,1.03,3,RGB,PNG,16434,b760b3b0a8b79f590a6135a6a3c745b2,False,train
R:\PP\Marine-Intelligence-Platform\marine-species-identification\data\raw\images\species_06\fish_000004710001_00482.png,raw\images\species_06\fish_000004710001_00482.png,fish_000004710001_00482.png,6,Chaetodon trifascialis,Chevron butterflyfish,Chaetodontidae,4710001,482,97,100,0.97,3,RGB,PNG,15322,dcacf7c4f3ee5464bf57109da6416cd8,False,train
R:\PP\Marine-Intelligence-Platform\marine-species-identification\data\raw\images\species_06\fish_000004710001_00486.png,raw\images\species_06\fish_000004710001_00486.png,fish_000004710001_00486.png,6,Chaetodon trifascialis,Chevron butterflyfish,Chaetodontidae,4710001,486,108,108,1.0,3,RGB,PNG,18175,0b58b31ae76597edb084a0da7c361694,False,train
R:\PP\Marine-Intelligence-Platform\marine-species-identification\data\raw\images\species_06\fish_000004710001_00488.png,raw\images\species_06\fish_000004710001_00488.png,fish_000004710001_00488.png,6,Chaetodon trifascialis,Chevron butterflyfish,Chaetodontidae,4710001,488,116,111,1.045,3,RGB,PNG,20498,cecb25ecedd44e848c3cf64374b266ff,False,train
R:\PP\Marine-Intelligence-Platform\marine-species-identification\data\raw\images\species_06\fish_000004710001_00489.png,raw\images\species_06\fish_000004710001_00489.png,fish_000004710001_00489.png,6,Chaetodon trifascialis,Chevron butterflyfish,Chaetodontidae,4710001,489,116,114,1.018,3,RGB,PNG,20583,e980ec74c400733d12a894aa22d7c236,False,train
R:\PP\Marine-Intelligence-Platform\marine-species-identification\data\raw\images\species_06\fish_003813596123_09093.png,raw\images\species_06\fish_003813596123_09093.png,fish_003813596123_09093.png,6,Chaetodon trifascialis,Chevron butterflyfish,Chaetodontidae,3813596123,9093,123,124,0.992,3,RGB,PNG,22465,f709ed90095dfbfddb1570edde03f319,False,train
R:\PP\Marine-Intelligence-Platform\marine-species-identification\data\raw\images\species_06\fish_000023979597_05193.png,raw\images\species_06\fish_000023979597_05193.png,fish_000023979597_05193.png,6,Chaetodon trifascialis,Chevron butterflyfish,Chaetodontidae,23979597,5193,116,119,0.975,3,RGB,PNG,20750,60ea0a6040d0f53c59982e7d7371e775,False,train
R:\PP\Marine-Intelligence-Platform\marine-species-identification\data\raw\images\species_06\fish_000023979597_05194.png,raw\images\species_06\fish_000023979597_05194.png,fish_000023979597_05194.png,6,Chaetodon trifascialis,Chevron butterflyfish,Chaetodontidae,23979597,5194,121,148,0.818,3,RGB,PNG,28645,7d725f883aff1f46de785e4449a3da49,False,train
R:\PP\Marine-Intelligence-Platform\marine-species-identification\data\raw\images\species_06\fish_000023979597_05195.png,raw\images\species_06\fish_000023979597_05195.png,fish_000023979597_05195.png,6,Chaetodon trifascialis,Chevron butterflyfish,Chaetodontidae,23979597,5195,129,160,0.806,3,RGB,PNG,34547,3a8201399ff1c7f0d57d0525daae86e9,False,train
R:\PP\Marine-Intelligence-Platform\marine-species-identification\data\raw\images\species_06\fish_000023979597_05196.png,raw\images\species_06\fish_000023979597_05196.png,fish_000023979597_05196.png,6,Chaetodon trifascialis,Chevron butterflyfish,Chaetodontidae,23979597,5196,128,156,0.821,3,RGB,PNG,34108,84ea31744b670daf7a9dcce07e618519,False,train
R:\PP\Marine-Intelligence-Platform\marine-species-identification\data\raw\images\species_06\fish_000023979597_05197.png,raw\images\species_06\fish_000023979597_05197.png,fish_000023979597_05197.png,6,Chaetodon trifascialis,Chevron butterflyfish,Chaetodontidae,23979597,5197,133,156,0.853,3,RGB,PNG,36554,4ce884f44be2ededd21e12c92fe46a6a,False,train
R:\PP\Marine-Intelligence-Platform\marine-species-identification\data\raw\images\species_06\fish_000023979597_05198.png,raw\images\species_06\fish_000023979597_05198.png,fish_000023979597_05198.png,6,Chaetodon trifascialis,Chevron butterflyfish,Chaetodontidae,23979597,5198,132,156,0.846,3,RGB,PNG,37200,ec72b1e4e7198a12c8a96c7b5b7eaea3,False,train
R:\PP\Marine-Intelligence-Platform\marine-species-identification\data\raw\images\species_06\fish_000023979597_05200.png,raw\images\species_06\fish_000023979597_05200.png,fish_000023979597_05200.png,6,Chaetodon trifascialis,Chevron butterflyfish,Chaetodontidae,23979597,5200,149,175,0.851,3,RGB,PNG,46451,5915ed897a5e7b3f1b0b6b3455f054e1,False,train
R:\PP\Marine-Intelligence-Platform\marine-species-identification\data\raw\images\species_06\fish_000023979597_05202.png,raw\images\species_06\fish_000023979597_05202.png,fish_000023979597_05202.png,6,Chaetodon trifascialis,Chevron butterflyfish,Chaetodontidae,23979597,5202,151,172,0.878,3,RGB,PNG,46862,beb813635ce868fe72e4edcca44fc551,False,train
R:\PP\Marine-Intelligence-Platform\marine-species-identification\data\raw\images\species_06\fish_000023979597_05204.png,raw\images\species_06\fish_000023979597_05204.png,fish_000023979597_05204.png,6,Chaetodon trifascialis,Chevron butterflyfish,Chaetodontidae,23979597,5204,153,176,0.869,3,RGB,PNG,48107,772224c96970292b2a7fb4574a834616,False,train
R:\PP\Marine-Intelligence-Platform\marine-species-identification\data\raw\images\species_06\fish_000023979597_05206.png,raw\images\species_06\fish_000023979597_05206.png,fish_000023979597_05206.png,6,Chaetodon trifascialis,Chevron butterflyfish,Chaetodontidae,23979597,5206,161,175,0.92,3,RGB,PNG,47660,6005f1158ab0826f82fbdbdf1bdebf74,False,train
R:\PP\Marine-Intelligence-Platform\marine-species-identification\data\raw\images\species_06\fish_000023979597_05208.png,raw\images\species_06\fish_000023979597_05208.png,fish_000023979597_05208.png,6,Chaetodon trifascialis,Chevron butterflyfish,Chaetodontidae,23979597,5208,150,171,0.877,3,RGB,PNG,44756,361ffbd3819b6d98c230126327f36fae,False,train
R:\PP\Marine-Intelligence-Platform\marine-species-identification\data\raw\images\species_06\fish_000023979597_05210.png,raw\images\species_06\fish_000023979597_05210.png,fish_000023979597_05210.png,6,Chaetodon trifascialis,Chevron butterflyfish,Chaetodontidae,23979597,5210,154,171,0.901,3,RGB,PNG,45784,f5367f1f363a19ac0032fae9fb4d16c1,False,train
R:\PP\Marine-Intelligence-Platform\marine-species-identification\data\raw\images\species_06\fish_000023979597_05213.png,raw\images\species_06\fish_000023979597_05213.png,fish_000023979597_05213.png,6,Chaetodon trifascialis,Chevron butterflyfish,Chaetodontidae,23979597,5213,179,157,1.14,3,RGB,PNG,44569,abc30287ef596252f26d72b44d1cf51f,False,train
R:\PP\Marine-Intelligence-Platform\marine-species-identification\data\raw\images\species_06\fish_000023979597_05215.png,raw\images\species_06\fish_000023979597_05215.png,fish_000023979597_05215.png,6,Chaetodon trifascialis,Chevron butterflyfish,Chaetodontidae,23979597,5215,187,163,1.147,3,RGB,PNG,50623,525e77e49cf8565f67bb4331a14ad31b,False,train
R:\PP\Marine-Intelligence-Platform\marine-species-identification\data\raw\images\species_06\fish_000023979597_05219.png,raw\images\species_06\fish_000023979597_05219.png,fish_000023979597_05219.png,6,Chaetodon trifascialis,Chevron butterflyfish,Chaetodontidae,23979597,5219,191,153,1.248,3,RGB,PNG,46833,245ce71660d065c21d1624015d074fde,False,train
R:\PP\Marine-Intelligence-Platform\marine-species-identification\data\raw\images\species_06\fish_000023979597_05220.png,raw\images\species_06\fish_000023979597_05220.png,fish_000023979597_05220.png,6,Chaetodon trifascialis,Chevron butterflyfish,Chaetodontidae,23979597,5220,184,156,1.179,3,RGB,PNG,43869,a7f84f62c9e20a967803fa24a4e9feb2,False,train
R:\PP\Marine-Intelligence-Platform\marine-species-identification\data\raw\images\species_06\fish_004421527170_18266.png,raw\images\species_06\fish_004421527170_18266.png,fish_004421527170_18266.png,6,Chaetodon trifascialis,Chevron butterflyfish,Chaetodontidae,4421527170,18266,149,151,0.987,3,RGB,PNG,43212,8f4842250a6a69103f52cbe91a7a67b0,False,train
R:\PP\Marine-Intelligence-Platform\marine-species-identification\data\raw\images\species_06\fish_003763845996_11269.png,raw\images\species_06\fish_003763845996_11269.png,fish_003763845996_11269.png,6,Chaetodon trifascialis,Chevron butterflyfish,Chaetodontidae,3763845996,11269,148,124,1.194,3,RGB,PNG,36291,7005213910310631b41ccd33cc450787,False,train
R:\PP\Marine-Intelligence-Platform\marine-species-identification\data\raw\images\species_06\fish_003763845996_12996.png,raw\images\species_06\fish_003763845996_12996.png,fish_003763845996_12996.png,6,Chaetodon trifascialis,Chevron butterflyfish,Chaetodontidae,3763845996,12996,143,127,1.126,3,RGB,PNG,36834,571a7dfe95f51a1af8763f7a79af44e9,False,train
R:\PP\Marine-Intelligence-Platform\marine-species-identification\data\raw\images\species_06\fish_003763845996_21683.png,raw\images\species_06\fish_003763845996_21683.png,fish_003763845996_21683.png,6,Chaetodon trifascialis,Chevron butterflyfish,Chaetodontidae,3763845996,21683,132,128,1.031,3,RGB,PNG,35071,a8c7d9761e7e5d18673329a74bbcfbd4,False,train
R:\PP\Marine-Intelligence-Platform\marine-species-identification\data\raw\images\species_06\fish_003461295323_21780.png,raw\images\species_06\fish_003461295323_21780.png,fish_003461295323_21780.png,6,Chaetodon trifascialis,Chevron butterflyfish,Chaetodontidae,3461295323,21780,147,125,1.176,3,RGB,PNG,42790,cf635fc29cd91298882647245755137c,False,train
R:\PP\Marine-Intelligence-Platform\marine-species-identification\data\raw\images\species_06\fish_003692515800_09090.png,raw\images\species_06\fish_003692515800_09090.png,fish_003692515800_09090.png,6,Chaetodon trifascialis,Chevron butterflyfish,Chaetodontidae,3692515800,9090,131,107,1.224,3,RGB,PNG,23037,a67eeb9772a558fe22677626151b5b5b,False,train
R:\PP\Marine-Intelligence-Platform\marine-species-identification\data\raw\images\species_06\fish_003698565825_09092.png,raw\images\species_06\fish_003698565825_09092.png,fish_003698565825_09092.png,6,Chaetodon trifascialis,Chevron butterflyfish,Chaetodontidae,3698565825,9092,120,108,1.111,3,RGB,PNG,23643,b0c4ef5b7f8440fdc70a0c4c578dcc9a,False,train
R:\PP\Marine-Intelligence-Platform\marine-species-identification\data\raw\images\species_06\fish_003549545469_09098.png,raw\images\species_06\fish_003549545469_09098.png,fish_003549545469_09098.png,6,Chaetodon trifascialis,Chevron butterflyfish,Chaetodontidae,3549545469,9098,100,136,0.735,3,RGB,PNG,19384,2d2e44c6bb563ad73e72e7dce567593d,False,train
R:\PP\Marine-Intelligence-Platform\marine-species-identification\data\raw\images\species_06\fish_003549545469_09099.png,raw\images\species_06\fish_003549545469_09099.png,fish_003549545469_09099.png,6,Chaetodon trifascialis,Chevron butterflyfish,Chaetodontidae,3549545469,9099,124,148,0.838,3,RGB,PNG,27443,d3dfd55980ad5e0c02d769cf30713e14,False,train
R:\PP\Marine-Intelligence-Platform\marine-species-identification\data\raw\images\species_06\fish_003549545469_09100.png,raw\images\species_06\fish_003549545469_09100.png,fish_003549545469_09100.png,6,Chaetodon trifascialis,Chevron butterflyfish,Chaetodontidae,3549545469,9100,129,143,0.902,3,RGB,PNG,29391,a5e6fca8e62e75b8651afa5700f6c048,False,train
R:\PP\Marine-Intelligence-Platform\marine-species-identification\data\raw\images\species_06\fish_003549545469_09101.png,raw\images\species_06\fish_003549545469_09101.png,fish_003549545469_09101.png,6,Chaetodon trifascialis,Chevron butterflyfish,Chaetodontidae,3549545469,9101,112,159,0.704,3,RGB,PNG,28306,a6ef2dcf8a3aaffa2ead732a1adad308,False,train
R:\PP\Marine-Intelligence-Platform\marine-species-identification\data\raw\images\species_06\fish_003549545469_09102.png,raw\images\species_06\fish_003549545469_09102.png,fish_003549545469_09102.png,6,Chaetodon trifascialis,Chevron butterflyfish,Chaetodontidae,3549545469,9102,120,163,0.736,3,RGB,PNG,30999,a6d2619def5a24d20575d29cb0ecdc4f,False,train
R:\PP\Marine-Intelligence-Platform\marine-species-identification\data\raw\images\species_06\fish_003549545469_09103.png,raw\images\species_06\fish_003549545469_09103.png,fish_003549545469_09103.png,6,Chaetodon trifascialis,Chevron butterflyfish,Chaetodontidae,3549545469,9103,124,163,0.761,3,RGB,PNG,31077,12ddb7106ab0afd67a27fdbb0085ed9c,False,train
R:\PP\Marine-Intelligence-Platform\marine-species-identification\data\raw\images\species_06\fish_003549545469_09104.png,raw\images\species_06\fish_003549545469_09104.png,fish_003549545469_09104.png,6,Chaetodon trifascialis,Chevron butterflyfish,Chaetodontidae,3549545469,9104,117,139,0.842,3,RGB,PNG,23238,18782dbe279b148892e17becd7593d4e,False,train
R:\PP\Marine-Intelligence-Platform\marine-species-identification\data\raw\images\species_06\fish_003549545469_09105.png,raw\images\species_06\fish_003549545469_09105.png,fish_003549545469_09105.png,6,Chaetodon trifascialis,Chevron butterflyfish,Chaetodontidae,3549545469,9105,115,139,0.827,3,RGB,PNG,22617,bf4c1fa0fa1e66f109d6c28e2477c641,False,train
R:\PP\Marine-Intelligence-Platform\marine-species-identification\data\raw\images\species_06\fish_003549545469_11037.png,raw\images\species_06\fish_003549545469_11037.png,fish_003549545469_11037.png,6,Chaetodon trifascialis,Chevron butterflyfish,Chaetodontidae,3549545469,11037,125,128,0.977,3,RGB,PNG,24429,8a372f79904958873fa5bc2b854e45b2,False,train
R:\PP\Marine-Intelligence-Platform\marine-species-identification\data\raw\images\species_06\fish_003549545469_13482.png,raw\images\species_06\fish_003549545469_13482.png,fish_003549545469_13482.png,6,Chaetodon trifascialis,Chevron butterflyfish,Chaetodontidae,3549545469,13482,131,119,1.101,3,RGB,PNG,23717,f221e176becf37e871a003e1b0cecea4,False,train
R:\PP\Marine-Intelligence-Platform\marine-species-identification\data\raw\images\species_06\fish_003549545469_17768.png,raw\images\species_06\fish_003549545469_17768.png,fish_003549545469_17768.png,6,Chaetodon trifascialis,Chevron butterflyfish,Chaetodontidae,3549545469,17768,127,119,1.067,3,RGB,PNG,22368,2ee9942680af8945f87b0297f3e23958,False,train
R:\PP\Marine-Intelligence-Platform\marine-species-identification\data\raw\images\species_06\fish_003549545469_23155.png,raw\images\species_06\fish_003549545469_23155.png,fish_003549545469_23155.png,6,Chaetodon trifascialis,Chevron butterflyfish,Chaetodontidae,3549545469,23155,111,110,1.009,3,RGB,PNG,17553,8807dae31857f3513b1ece8d4c2a4758,False,train
R:\PP\Marine-Intelligence-Platform\marine-species-identification\data\raw\images\species_06\fish_004310937036_17771.png,raw\images\species_06\fish_004310937036_17771.png,fish_004310937036_17771.png,6,Chaetodon trifascialis,Chevron butterflyfish,Chaetodontidae,4310937036,17771,187,220,0.85,3,RGB,PNG,92282,4dcc37efa7595373b30f450c807e426d,False,train
R:\PP\Marine-Intelligence-Platform\marine-species-identification\data\raw\images\species_06\fish_004310937036_21534.png,raw\images\species_06\fish_004310937036_21534.png,fish_004310937036_21534.png,6,Chaetodon trifascialis,Chevron butterflyfish,Chaetodontidae,4310937036,21534,168,140,1.2,3,RGB,PNG,47618,5abbfd8ec8beb7ccdaf4999823e50f14,False,train
R:\PP\Marine-Intelligence-Platform\marine-species-identification\data\raw\images\species_06\fish_004310937036_21539.png,raw\images\species_06\fish_004310937036_21539.png,fish_004310937036_21539.png,6,Chaetodon trifascialis,Chevron butterflyfish,Chaetodontidae,4310937036,21539,175,215,0.814,3,RGB,PNG,83258,d618b3dacc706cf0cec78dfa53f124b6,False,train
R:\PP\Marine-Intelligence-Platform\marine-species-identification\data\raw\images\species_06\fish_003633925672_09914.png,raw\images\species_06\fish_003633925672_09914.png,fish_003633925672_09914.png,6,Chaetodon trifascialis,Chevron butterflyfish,Chaetodontidae,3633925672,9914,155,136,1.14,3,RGB,PNG,24361,5622f9f21a327e7c96a62eb16e3e4b29,False,train
R:\PP\Marine-Intelligence-Platform\marine-species-identification\data\raw\images\species_06\fish_000004590001_00377.png,raw\images\species_06\fish_000004590001_00377.png,fish_000004590001_00377.png,6,Chaetodon trifascialis,Chevron butterflyfish,Chaetodontidae,4590001,377,80,77,1.039,3,RGB,PNG,8549,6931475e47812ea46d5f97e935c01ebb,False,train
R:\PP\Marine-Intelligence-Platform\marine-species-identification\data\raw\images\species_06\fish_000004590001_00379.png,raw\images\species_06\fish_000004590001_00379.png,fish_000004590001_00379.png,6,Chaetodon trifascialis,Chevron butterflyfish,Chaetodontidae,4590001,379,87,80,1.087,3,RGB,PNG,9965,221e8b5998ea97c8f3a500f171457476,False,train
R:\PP\Marine-Intelligence-Platform\marine-species-identification\data\raw\images\species_06\fish_000004590001_00381.png,raw\images\species_06\fish_000004590001_00381.png,fish_000004590001_00381.png,6,Chaetodon trifascialis,Chevron butterflyfish,Chaetodontidae,4590001,381,84,77,1.091,3,RGB,PNG,9613,da30d9a690fd582a18782f2550212418,False,train
R:\PP\Marine-Intelligence-Platform\marine-species-identification\data\raw\images\species_06\fish_000004590001_00385.png,raw\images\species_06\fish_000004590001_00385.png,fish_000004590001_00385.png,6,Chaetodon trifascialis,Chevron butterflyfish,Chaetodontidae,4590001,385,80,75,1.067,3,RGB,PNG,9120,864a963ac1290b8b8020b37139afca9b,False,train
R:\PP\Marine-Intelligence-Platform\marine-species-identification\data\raw\images\species_06\fish_000004590001_00387.png,raw\images\species_06\fish_000004590001_00387.png,fish_000004590001_00387.png,6,Chaetodon trifascialis,Chevron butterflyfish,Chaetodontidae,4590001,387,76,71,1.07,3,RGB,PNG,8559,9b3f6cd2ef796ee48993129f8e65ecfb,False,train
R:\PP\Marine-Intelligence-Platform\marine-species-identification\data\raw\images\species_06\fish_000004590001_00389.png,raw\images\species_06\fish_000004590001_00389.png,fish_000004590001_00389.png,6,Chaetodon trifascialis,Chevron butterflyfish,Chaetodontidae,4590001,389,72,67,1.075,3,RGB,PNG,7731,6ae1815ac22a5f3af9a8b7bfbaa292d9,False,train
R:\PP\Marine-Intelligence-Platform\marine-species-identification\data\raw\images\species_06\fish_000004590001_00391.png,raw\images\species_06\fish_000004590001_00391.png,fish_000004590001_00391.png,6,Chaetodon trifascialis,Chevron butterflyfish,Chaetodontidae,4590001,391,67,62,1.081,3,RGB,PNG,6837,b44bcc396e2590211d6e3176e08c75c5,False,train
R:\PP\Marine-Intelligence-Platform\marine-species-identification\data\raw\images\species_06\fish_004083106702_11305.png,raw\images\species_06\fish_004083106702_11305.png,fish_004083106702_11305.png,6,Chaetodon trifascialis,Chevron butterflyfish,Chaetodontidae,4083106702,11305,119,104,1.144,3,RGB,PNG,24057,c96480ccbd6cf8fd1f730db903adb69e,False,train
R:\PP\Marine-Intelligence-Platform\marine-species-identification\data\raw\images\species_06\fish_000420000106_00025.png,raw\images\species_06\fish_000420000106_00025.png,fish_000420000106_00025.png,6,Chaetodon trifascialis,Chevron butterflyfish,Chaetodontidae,420000106,25,67,83,0.807,3,RGB,PNG,7983,8ba497d091934d1c3bb7281c3ae50ecf,False,train
R:\PP\Marine-Intelligence-Platform\marine-species-identification\data\raw\images\species_06\fish_000420000106_00026.png,raw\images\species_06\fish_000420000106_00026.png,fish_000420000106_00026.png,6,Chaetodon trifascialis,Chevron butterflyfish,Chaetodontidae,420000106,26,75,96,0.781,3,RGB,PNG,10213,3d50239746204c08d7372dff3e2aa347,False,train
R:\PP\Marine-Intelligence-Platform\marine-species-identification\data\raw\images\species_06\fish_000420000106_00027.png,raw\images\species_06\fish_000420000106_00027.png,fish_000420000106_00027.png,6,Chaetodon trifascialis,Chevron butterflyfish,Chaetodontidae,420000106,27,75,96,0.781,3,RGB,PNG,10177,021e7955eee98db628580395d3c75795,False,train
R:\PP\Marine-Intelligence-Platform\marine-species-identification\data\raw\images\species_06\fish_000420000106_00028.png,raw\images\species_06\fish_000420000106_00028.png,fish_000420000106_00028.png,6,Chaetodon trifascialis,Chevron butterflyfish,Chaetodontidae,420000106,28,72,83,0.867,3,RGB,PNG,8818,081a767645732ec0027df73703a4698a,False,train
R:\PP\Marine-Intelligence-Platform\marine-species-identification\data\raw\images\species_06\fish_004575827413_13643.png,raw\images\species_06\fish_004575827413_13643.png,fish_004575827413_13643.png,6,Chaetodon trifascialis,Chevron butterflyfish,Chaetodontidae,4575827413,13643,232,198,1.172,3,RGB,PNG,47991,daeb5986ab5bebf10a99080b8ff4f835,False,train
R:\PP\Marine-Intelligence-Platform\marine-species-identification\data\raw\images\species_06\fish_003861116228_09088.png,raw\images\species_06\fish_003861116228_09088.png,fish_003861116228_09088.png,6,Chaetodon trifascialis,Chevron butterflyfish,Chaetodontidae,3861116228,9088,99,131,0.756,3,RGB,PNG,15004,336d1ad2c8b2c256ab3b1c9df048dd8e,False,train
R:\PP\Marine-Intelligence-Platform\marine-species-identification\data\raw\images\species_06\fish_003776596026_24982.png,raw\images\species_06\fish_003776596026_24982.png,fish_003776596026_24982.png,6,Chaetodon trifascialis,Chevron butterflyfish,Chaetodontidae,3776596026,24982,123,104,1.183,3,RGB,PNG,18989,31cc7299ff159b09e7a59ee0a158277b,False,train
R:\PP\Marine-Intelligence-Platform\marine-species-identification\data\raw\images\species_06\fish_003738745907_09095.png,raw\images\species_06\fish_003738745907_09095.png,fish_003738745907_09095.png,6,Chaetodon trifascialis,Chevron butterflyfish,Chaetodontidae,3738745907,9095,119,101,1.178,3,RGB,PNG,15061,3369127e38eb454b642c46a3649ee9cf,False,train
R:\PP\Marine-Intelligence-Platform\marine-species-identification\data\raw\images\species_06\fish_003738745907_14249.png,raw\images\species_06\fish_003738745907_14249.png,fish_003738745907_14249.png,6,Chaetodon trifascialis,Chevron butterflyfish,Chaetodontidae,3738745907,14249,116,100,1.16,3,RGB,PNG,14762,3b1b9823686ca2ea19d85c76dc41701a,False,train
R:\PP\Marine-Intelligence-Platform\marine-species-identification\data\raw\images\species_06\fish_003549585469_09084.png,raw\images\species_06\fish_003549585469_09084.png,fish_003549585469_09084.png,6,Chaetodon trifascialis,Chevron butterflyfish,Chaetodontidae,3549585469,9084,99,93,1.065,3,RGB,PNG,14616,7af33cf2fa3825d9d9fed5664ffe9386,False,train
R:\PP\Marine-Intelligence-Platform\marine-species-identification\data\raw\images\species_06\fish_003549585469_09144.png,raw\images\species_06\fish_003549585469_09144.png,fish_003549585469_09144.png,6,Chaetodon trifascialis,Chevron butterflyfish,Chaetodontidae,3549585469,9144,86,103,0.835,3,RGB,PNG,13518,57c590b3693802e4a6478886fd86ebb8,False,train
R:\PP\Marine-Intelligence-Platform\marine-species-identification\data\raw\images\species_06\fish_003549585469_11276.png,raw\images\species_06\fish_003549585469_11276.png,fish_003549585469_11276.png,6,Chaetodon trifascialis,Chevron butterflyfish,Chaetodontidae,3549585469,11276,98,103,0.951,3,RGB,PNG,15310,369b7dc81c1edbde7843eb8f472b3d70,False,train
R:\PP\Marine-Intelligence-Platform\marine-species-identification\data\raw\images\species_06\fish_003549585469_21538.png,raw\images\species_06\fish_003549585469_21538.png,fish_003549585469_21538.png,6,Chaetodon trifascialis,Chevron butterflyfish,Chaetodontidae,3549585469,21538,98,99,0.99,3,RGB,PNG,14770,f9003f7d1326e13ea26424a97c3f3751,False,train
R:\PP\Marine-Intelligence-Platform\marine-species-identification\data\raw\images\species_06\fish_003925896380_09082.png,raw\images\species_06\fish_003925896380_09082.png,fish_003925896380_09082.png,6,Chaetodon trifascialis,Chevron butterflyfish,Chaetodontidae,3925896380,9082,154,171,0.901,3,RGB,PNG,56891,46b3dea0bac07924b279118b661363a2,False,train
R:\PP\Marine-Intelligence-Platform\marine-species-identification\data\raw\images\species_06\fish_003737195897_21644.png,raw\images\species_06\fish_003737195897_21644.png,fish_003737195897_21644.png,6,Chaetodon trifascialis,Chevron butterflyfish,Chaetodontidae,3737195897,21644,92,89,1.034,3,RGB,PNG,9800,74c970a7c17ed82c42a5cdb1e8060d42,False,train
R:\PP\Marine-Intelligence-Platform\marine-species-identification\data\raw\images\species_06\fish_003549645469_13531.png,raw\images\species_06\fish_003549645469_13531.png,fish_003549645469_13531.png,6,Chaetodon trifascialis,Chevron butterflyfish,Chaetodontidae,3549645469,13531,171,192,0.891,3,RGB,PNG,52964,935510c1084ac209e8a5fff4858c7496,False,train
R:\PP\Marine-Intelligence-Platform\marine-species-identification\data\raw\images\species_06\fish_003549645469_23426.png,raw\images\species_06\fish_003549645469_23426.png,fish_003549645469_23426.png,6,Chaetodon trifascialis,Chevron butterflyfish,Chaetodontidae,3549645469,23426,144,168,0.857,3,RGB,PNG,43043,0788aa2d0485fc3e23abdb145842ce53,False,train
R:\PP\Marine-Intelligence-Platform\marine-species-identification\data\raw\images\species_06\fish_003549635469_18619.png,raw\images\species_06\fish_003549635469_18619.png,fish_003549635469_18619.png,6,Chaetodon trifascialis,Chevron butterflyfish,Chaetodontidae,3549635469,18619,116,113,1.027,3,RGB,PNG,25859,d987c7563286586c6cf6d31eebe8279b,False,train
R:\PP\Marine-Intelligence-Platform\marine-species-identification\data\raw\images\species_06\fish_003955046461_10723.png,raw\images\species_06\fish_003955046461_10723.png,fish_003955046461_10723.png,6,Chaetodon trifascialis,Chevron butterflyfish,Chaetodontidae,3955046461,10723,127,160,0.794,3,RGB,PNG,36537,787fe2a0038bbc1861baf02df109ad11,False,train
R:\PP\Marine-Intelligence-Platform\marine-species-identification\data\raw\images\species_06\fish_003549535469_15833.png,raw\images\species_06\fish_003549535469_15833.png,fish_003549535469_15833.png,6,Chaetodon trifascialis,Chevron butterflyfish,Chaetodontidae,3549535469,15833,74,83,0.892,3,RGB,PNG,14599,7199a40fff14f0d74ae3aff9bad0d685,False,train
R:\PP\Marine-Intelligence-Platform\marine-species-identification\data\raw\images\species_06\fish_003549535469_21361.png,raw\images\species_06\fish_003549535469_21361.png,fish_003549535469_21361.png,6,Chaetodon trifascialis,Chevron butterflyfish,Chaetodontidae,3549535469,21361,91,116,0.784,3,RGB,PNG,22408,5ba9f94ab51faa0002d7eb69533f644b,False,train
R:\PP\Marine-Intelligence-Platform\marine-species-identification\data\raw\images\species_06\fish_004531207347_18616.png,raw\images\species_06\fish_004531207347_18616.png,fish_004531207347_18616.png,6,Chaetodon trifascialis,Chevron butterflyfish,Chaetodontidae,4531207347,18616,108,85,1.271,3,RGB,PNG,12896,b8b719e6c3153d3e4d8aab7f13e101f7,False,train
R:\PP\Marine-Intelligence-Platform\marine-species-identification\data\raw\images\species_06\fish_003516895416_09920.png,raw\images\species_06\fish_003516895416_09920.png,fish_003516895416_09920.png,6,Chaetodon trifascialis,Chevron butterflyfish,Chaetodontidae,3516895416,9920,196,228,0.86,3,RGB,PNG,61241,29bb1aa460e0891f32b5c58f6506a4cf,False,train
R:\PP\Marine-Intelligence-Platform\marine-species-identification\data\raw\images\species_06\fish_003516895416_09921.png,raw\images\species_06\fish_003516895416_09921.png,fish_003516895416_09921.png,6,Chaetodon trifascialis,Chevron butterflyfish,Chaetodontidae,3516895416,9921,184,215,0.856,3,RGB,PNG,53609,e4dc9eed803c31d7a083e5f97a789b32,False,train
R:\PP\Marine-Intelligence-Platform\marine-species-identification\data\raw\images\species_06\fish_003516895416_09922.png,raw\images\species_06\fish_003516895416_09922.png,fish_003516895416_09922.png,6,Chaetodon trifascialis,Chevron butterflyfish,Chaetodontidae,3516895416,9922,183,224,0.817,3,RGB,PNG,55700,b3abe1635740e40bf1837d0a7764e80d,False,train
R:\PP\Marine-Intelligence-Platform\marine-species-identification\data\raw\images\species_06\fish_003516895416_09923.png,raw\images\species_06\fish_003516895416_09923.png,fish_003516895416_09923.png,6,Chaetodon trifascialis,Chevron butterflyfish,Chaetodontidae,3516895416,9923,174,203,0.857,3,RGB,PNG,48132,0e40f645de1a1b32394446f58724f15c,False,train
R:\PP\Marine-Intelligence-Platform\marine-species-identification\data\raw\images\species_06\fish_003516895416_09924.png,raw\images\species_06\fish_003516895416_09924.png,fish_003516895416_09924.png,6,Chaetodon trifascialis,Chevron butterflyfish,Chaetodontidae,3516895416,9924,146,160,0.912,3,RGB,PNG,35736,29dc515259328e68feb17d6599d91fbe,False,train
R:\PP\Marine-Intelligence-Platform\marine-species-identification\data\raw\images\species_06\fish_003516895416_09925.png,raw\images\species_06\fish_003516895416_09925.png,fish_003516895416_09925.png,6,Chaetodon trifascialis,Chevron butterflyfish,Chaetodontidae,3516895416,9925,130,143,0.909,3,RGB,PNG,29427,7bb26ea7e1b169e0953dcbcb3253de71,False,train
R:\PP\Marine-Intelligence-Platform\marine-species-identification\data\raw\images\species_06\fish_003516895416_09926.png,raw\images\species_06\fish_003516895416_09926.png,fish_003516895416_09926.png,6,Chaetodon trifascialis,Chevron butterflyfish,Chaetodontidae,3516895416,9926,131,112,1.17,3,RGB,PNG,20221,fd646b3bdcad4aae4e83fce649c48645,False,train
R:\PP\Marine-Intelligence-Platform\marine-species-identification\data\raw\images\species_06\fish_003516895416_09927.png,raw\images\species_06\fish_003516895416_09927.png,fish_003516895416_09927.png,6,Chaetodon trifascialis,Chevron butterflyfish,Chaetodontidae,3516895416,9927,155,127,1.22,3,RGB,PNG,28109,350374919fbebe956b9f0ad1bf285dce,False,train
R:\PP\Marine-Intelligence-Platform\marine-species-identification\data\raw\images\species_06\fish_003516895416_09928.png,raw\images\species_06\fish_003516895416_09928.png,fish_003516895416_09928.png,6,Chaetodon trifascialis,Chevron butterflyfish,Chaetodontidae,3516895416,9928,156,127,1.228,3,RGB,PNG,30079,dd3c352b8cd4b05ee8aebcd1488c601a,False,train
R:\PP\Marine-Intelligence-Platform\marine-species-identification\data\raw\images\species_06\fish_003516895416_09929.png,raw\images\species_06\fish_003516895416_09929.png,fish_003516895416_09929.png,6,Chaetodon trifascialis,Chevron butterflyfish,Chaetodontidae,3516895416,9929,144,125,1.152,3,RGB,PNG,24530,c00fc5e3b4ccb3c577304eb1b1d0e569,False,train
R:\PP\Marine-Intelligence-Platform\marine-species-identification\data\raw\images\species_06\fish_003516895416_09930.png,raw\images\species_06\fish_003516895416_09930.png,fish_003516895416_09930.png,6,Chaetodon trifascialis,Chevron butterflyfish,Chaetodontidae,3516895416,9930,157,180,0.872,3,RGB,PNG,40210,35bd603a1e1bed40d9827876dd0b1b80,False,train
R:\PP\Marine-Intelligence-Platform\marine-species-identification\data\raw\images\species_06\fish_003516895416_09931.png,raw\images\species_06\fish_003516895416_09931.png,fish_003516895416_09931.png,6,Chaetodon trifascialis,Chevron butterflyfish,Chaetodontidae,3516895416,9931,119,107,1.112,3,RGB,PNG,18675,0e65406c66cf1ed4f3dfa33d981ad264,False,train
R:\PP\Marine-Intelligence-Platform\marine-species-identification\data\raw\images\species_06\fish_003516895416_09932.png,raw\images\species_06\fish_003516895416_09932.png,fish_003516895416_09932.png,6,Chaetodon trifascialis,Chevron butterflyfish,Chaetodontidae,3516895416,9932,116,106,1.094,3,RGB,PNG,17690,11b5273124ff9c8474631fe1e66bbac8,False,train
R:\PP\Marine-Intelligence-Platform\marine-species-identification\data\raw\images\species_06\fish_003516895416_09933.png,raw\images\species_06\fish_003516895416_09933.png,fish_003516895416_09933.png,6,Chaetodon trifascialis,Chevron butterflyfish,Chaetodontidae,3516895416,9933,119,106,1.123,3,RGB,PNG,18722,06207c1a396be105e674dc526a62ccbe,False,train
R:\PP\Marine-Intelligence-Platform\marine-species-identification\data\raw\images\species_06\fish_003516895416_09934.png,raw\images\species_06\fish_003516895416_09934.png,fish_003516895416_09934.png,6,Chaetodon trifascialis,Chevron butterflyfish,Chaetodontidae,3516895416,9934,176,208,0.846,3,RGB,PNG,49240,79815ac087d4c64b9439c6826c9d7cde,False,train
R:\PP\Marine-Intelligence-Platform\marine-species-identification\data\raw\images\species_06\fish_003516895416_15428.png,raw\images\species_06\fish_003516895416_15428.png,fish_003516895416_15428.png,6,Chaetodon trifascialis,Chevron butterflyfish,Chaetodontidae,3516895416,15428,164,196,0.837,3,RGB,PNG,44036,6995686171597542ddf5f99881aea836,False,train
R:\PP\Marine-Intelligence-Platform\marine-species-identification\data\raw\images\species_06\fish_003516895416_16128.png,raw\images\species_06\fish_003516895416_16128.png,fish_003516895416_16128.png,6,Chaetodon trifascialis,Chevron butterflyfish,Chaetodontidae,3516895416,16128,99,100,0.99,3,RGB,PNG,14113,310601eb69899e09c38a4c04277c07b7,False,train
R:\PP\Marine-Intelligence-Platform\marine-species-identification\data\raw\images\species_06\fish_003516895416_21860.png,raw\images\species_06\fish_003516895416_21860.png,fish_003516895416_21860.png,6,Chaetodon trifascialis,Chevron butterflyfish,Chaetodontidae,3516895416,21860,159,134,1.187,3,RGB,PNG,30427,fb6ee7ca89d21ffcea82201f4ba3ed2e,False,train
R:\PP\Marine-Intelligence-Platform\marine-species-identification\data\raw\images\species_06\fish_003516895416_21861.png,raw\images\species_06\fish_003516895416_21861.png,fish_003516895416_21861.png,6,Chaetodon trifascialis,Chevron butterflyfish,Chaetodontidae,3516895416,21861,156,134,1.164,3,RGB,PNG,29938,502dc854fa2b3a018c7f14e07f9a44c3,False,train
R:\PP\Marine-Intelligence-Platform\marine-species-identification\data\raw\images\species_06\fish_003516895416_23216.png,raw\images\species_06\fish_003516895416_23216.png,fish_003516895416_23216.png,6,Chaetodon trifascialis,Chevron butterflyfish,Chaetodontidae,3516895416,23216,193,224,0.862,3,RGB,PNG,59436,e61b1b902adab16c2b991fd9083d5295,False,train
R:\PP\Marine-Intelligence-Platform\marine-species-identification\data\raw\images\species_06\fish_003693975805_09097.png,raw\images\species_06\fish_003693975805_09097.png,fish_003693975805_09097.png,6,Chaetodon trifascialis,Chevron butterflyfish,Chaetodontidae,3693975805,9097,175,164,1.067,3,RGB,PNG,44508,84d56add682ef2f13e40f593f39fd865,False,train
R:\PP\Marine-Intelligence-Platform\marine-species-identification\data\raw\images\species_06\fish_003780786038_17425.png,raw\images\species_06\fish_003780786038_17425.png,fish_003780786038_17425.png,6,Chaetodon trifascialis,Chevron butterflyfish,Chaetodontidae,3780786038,17425,79,75,1.053,3,RGB,PNG,8792,ce55d7a72c6cbd13855ef28aeb3fa2c2,False,train
R:\PP\Marine-Intelligence-Platform\marine-species-identification\data\raw\images\species_06\fish_003780786038_17605.png,raw\images\species_06\fish_003780786038_17605.png,fish_003780786038_17605.png,6,Chaetodon trifascialis,Chevron butterflyfish,Chaetodontidae,3780786038,17605,72,72,1.0,3,RGB,PNG,7719,242e0490ae9dba65570b7b6540a86cd8,False,train
R:\PP\Marine-Intelligence-Platform\marine-species-identification\data\raw\images\species_06\fish_004085306710_19143.png,raw\images\species_06\fish_004085306710_19143.png,fish_004085306710_19143.png,6,Chaetodon trifascialis,Chevron butterflyfish,Chaetodontidae,4085306710,19143,159,148,1.074,3,RGB,PNG,53552,52971d37b4833d3fde7db249e82cd3a6,False,train
R:\PP\Marine-Intelligence-Platform\marine-species-identification\data\raw\images\species_06\fish_426262696106_09779.png,raw\images\species_06\fish_426262696106_09779.png,fish_426262696106_09779.png,6,Chaetodon trifascialis,Chevron butterflyfish,Chaetodontidae,426262696106,9779,95,100,0.95,3,RGB,PNG,22329,837eb14ed0a9cac72ed00320689a3e51,False,train
R:\PP\Marine-Intelligence-Platform\marine-species-identification\data\raw\images\species_06\fish_394214642006_21679.png,raw\images\species_06\fish_394214642006_21679.png,fish_394214642006_21679.png,6,Chaetodon trifascialis,Chevron butterflyfish,Chaetodontidae,394214642006,21679,92,77,1.195,3,RGB,PNG,12186,fa646945a7d939b9f3df06daf923462e,False,train
R:\PP\Marine-Intelligence-Platform\marine-species-identification\data\raw\images\species_06\fish_003581225542_09916.png,raw\images\species_06\fish_003581225542_09916.png,fish_003581225542_09916.png,6,Chaetodon trifascialis,Chevron butterflyfish,Chaetodontidae,3581225542,9916,96,112,0.857,3,RGB,PNG,13604,8b45c0058e3f7a3b72fc3ce4b5f563e8,False,train
R:\PP\Marine-Intelligence-Platform\marine-species-identification\data\raw\images\species_06\fish_004266586971_18575.png,raw\images\species_06\fish_004266586971_18575.png,fish_004266586971_18575.png,6,Chaetodon trifascialis,Chevron butterflyfish,Chaetodontidae,4266586971,18575,180,160,1.125,3,RGB,PNG,50977,53b4393207009eb62a53d105d5aab97c,False,train
R:\PP\Marine-Intelligence-Platform\marine-species-identification\data\raw\images\species_06\fish_003590415584_21540.png,raw\images\species_06\fish_003590415584_21540.png,fish_003590415584_21540.png,6,Chaetodon trifascialis,Chevron butterflyfish,Chaetodontidae,3590415584,21540,75,74,1.014,3,RGB,PNG,12355,58b7c570609f7d7792b1a287068ebdf0,False,train
R:\PP\Marine-Intelligence-Platform\marine-species-identification\data\raw\images\species_06\fish_004218046897_09094.png,raw\images\species_06\fish_004218046897_09094.png,fish_004218046897_09094.png,6,Chaetodon trifascialis,Chevron butterflyfish,Chaetodontidae,4218046897,9094,115,120,0.958,3,RGB,PNG,17937,9fa5c34538a605bd1240d8559747c019,False,train
R:\PP\Marine-Intelligence-Platform\marine-species-identification\data\raw\images\species_06\fish_003582725545_09919.png,raw\images\species_06\fish_003582725545_09919.png,fish_003582725545_09919.png,6,Chaetodon trifascialis,Chevron butterflyfish,Chaetodontidae,3582725545,9919,112,106,1.057,3,RGB,PNG,17272,83fc68136e276292eabe1f622e4eb8d6,False,train
R:\PP\Marine-Intelligence-Platform\marine-species-identification\data\raw\images\species_06\fish_000472000106_00490.png,raw\images\species_06\fish_000472000106_00490.png,fish_000472000106_00490.png,6,Chaetodon trifascialis,Chevron butterflyfish,Chaetodontidae,472000106,490,92,77,1.195,3,RGB,PNG,10770,352e71b86400c122b553db126f6039f2,False,train
R:\PP\Marine-Intelligence-Platform\marine-species-identification\data\raw\images\species_06\fish_003915716351_09096.png,raw\images\species_06\fish_003915716351_09096.png,fish_003915716351_09096.png,6,Chaetodon trifascialis,Chevron butterflyfish,Chaetodontidae,3915716351,9096,80,99,0.808,3,RGB,PNG,12663,464d53470953d0dd64a81ca791238012,False,train
R:\PP\Marine-Intelligence-Platform\marine-species-identification\data\raw\images\species_06\fish_000004960001_00657.png,raw\images\species_06\fish_000004960001_00657.png,fish_000004960001_00657.png,6,Chaetodon trifascialis,Chevron butterflyfish,Chaetodontidae,4960001,657,72,67,1.075,3,RGB,PNG,7814,fa46ae59f1e640417a4505a3d0d3d8fb,False,train
R:\PP\Marine-Intelligence-Platform\marine-species-identification\data\raw\images\species_06\fish_000004960001_00658.png,raw\images\species_06\fish_000004960001_00658.png,fish_000004960001_00658.png,6,Chaetodon trifascialis,Chevron butterflyfish,Chaetodontidae,4960001,658,71,66,1.076,3,RGB,PNG,8039,5f620be9f116982fa17bc3f5da60b0f7,False,train
R:\PP\Marine-Intelligence-Platform\marine-species-identification\data\raw\images\species_06\fish_000004960001_00659.png,raw\images\species_06\fish_000004960001_00659.png,fish_000004960001_00659.png,6,Chaetodon trifascialis,Chevron butterflyfish,Chaetodontidae,4960001,659,80,66,1.212,3,RGB,PNG,8711,5dfae65cbbc890817515bba18326b656,False,train
R:\PP\Marine-Intelligence-Platform\marine-species-identification\data\raw\images\species_06\fish_000004960001_00660.png,raw\images\species_06\fish_000004960001_00660.png,fish_000004960001_00660.png,6,Chaetodon trifascialis,Chevron butterflyfish,Chaetodontidae,4960001,660,88,71,1.239,3,RGB,PNG,10130,c4659ba51e2597f3c59c9d83b23d7807,False,train
R:\PP\Marine-Intelligence-Platform\marine-species-identification\data\raw\images\species_06\fish_000004960001_00662.png,raw\images\species_06\fish_000004960001_00662.png,fish_000004960001_00662.png,6,Chaetodon trifascialis,Chevron butterflyfish,Chaetodontidae,4960001,662,88,71,1.239,3,RGB,PNG,10393,6052e273d4a69eca895deb3c3bbbc5d9,False,train
R:\PP\Marine-Intelligence-Platform\marine-species-identification\data\raw\images\species_06\fish_000004210001_00013.png,raw\images\species_06\fish_000004210001_00013.png,fish_000004210001_00013.png,6,Chaetodon trifascialis,Chevron butterflyfish,Chaetodontidae,4210001,13,76,65,1.169,3,RGB,PNG,8611,15645f0c9b1b02ca8d5933704fe0ee71,False,train
R:\PP\Marine-Intelligence-Platform\marine-species-identification\data\raw\images\species_06\fish_000004210001_00015.png,raw\images\species_06\fish_000004210001_00015.png,fish_000004210001_00015.png,6,Chaetodon trifascialis,Chevron butterflyfish,Chaetodontidae,4210001,15,80,66,1.212,3,RGB,PNG,8500,7b827d7b6b6a0cfd619a252f9b9827fc,False,train
R:\PP\Marine-Intelligence-Platform\marine-species-identification\data\raw\images\species_06\fish_000004210001_00017.png,raw\images\species_06\fish_000004210001_00017.png,fish_000004210001_00017.png,6,Chaetodon trifascialis,Chevron butterflyfish,Chaetodontidae,4210001,17,83,69,1.203,3,RGB,PNG,8589,9c31a49632757abf6a91550ea170922b,False,train
R:\PP\Marine-Intelligence-Platform\marine-species-identification\data\raw\images\species_06\fish_000004210001_00019.png,raw\images\species_06\fish_000004210001_00019.png,fish_000004210001_00019.png,6,Chaetodon trifascialis,Chevron butterflyfish,Chaetodontidae,4210001,19,88,74,1.189,3,RGB,PNG,10216,f94e905e1cd1844fa31b8c0cb8f3683e,False,train
R:\PP\Marine-Intelligence-Platform\marine-species-identification\data\raw\images\species_06\fish_000004210001_00023.png,raw\images\species_06\fish_000004210001_00023.png,fish_000004210001_00023.png,6,Chaetodon trifascialis,Chevron butterflyfish,Chaetodontidae,4210001,23,83,75,1.107,3,RGB,PNG,9722,b8e5ebe37e63a0489ec91715a1a36a69,False,train
R:\PP\Marine-Intelligence-Platform\marine-species-identification\data\raw\images\species_06\fish_000004210001_00024.png,raw\images\species_06\fish_000004210001_00024.png,fish_000004210001_00024.png,6,Chaetodon trifascialis,Chevron butterflyfish,Chaetodontidae,4210001,24,83,96,0.865,3,RGB,PNG,9248,3ed94331f22014e3204c3be797ca7bbf,False,train
R:\PP\Marine-Intelligence-Platform\marine-species-identification\data\raw\images\species_06\fish_000004210001_00029.png,raw\images\species_06\fish_000004210001_00029.png,fish_000004210001_00029.png,6,Chaetodon trifascialis,Chevron butterflyfish,Chaetodontidae,4210001,29,87,79,1.101,3,RGB,PNG,11258,990122b87b6b95201d7f566b4cb9d827,False,train
R:\PP\Marine-Intelligence-Platform\marine-species-identification\data\raw\images\species_06\fish_000004210001_00030.png,raw\images\species_06\fish_000004210001_00030.png,fish_000004210001_00030.png,6,Chaetodon trifascialis,Chevron butterflyfish,Chaetodontidae,4210001,30,87,78,1.115,3,RGB,PNG,11132,84931f86386bb867f5ed29df668324e6,False,train
R:\PP\Marine-Intelligence-Platform\marine-species-identification\data\raw\images\species_06\fish_000004210001_00031.png,raw\images\species_06\fish_000004210001_00031.png,fish_000004210001_00031.png,6,Chaetodon trifascialis,Chevron butterflyfish,Chaetodontidae,4210001,31,79,76,1.039,3,RGB,PNG,9939,54b3137e70e94094e32b4be538900cd3,False,train
R:\PP\Marine-Intelligence-Platform\marine-species-identification\data\raw\images\species_06\fish_000004210001_00032.png,raw\images\species_06\fish_000004210001_00032.png,fish_000004210001_00032.png,6,Chaetodon trifascialis,Chevron butterflyfish,Chaetodontidae,4210001,32,77,79,0.975,3,RGB,PNG,10047,b368f663631c1785e771a187f0be218a,False,train
R:\PP\Marine-Intelligence-Platform\marine-species-identification\data\raw\images\species_06\fish_000004210001_00033.png,raw\images\species_06\fish_000004210001_00033.png,fish_000004210001_00033.png,6,Chaetodon trifascialis,Chevron butterflyfish,Chaetodontidae,4210001,33,76,87,0.874,3,RGB,PNG,10518,fa7bcac30841c056a4deee1a9777ec38,False,train
R:\PP\Marine-Intelligence-Platform\marine-species-identification\data\raw\images\species_09\fish_003527035419_23701.png,raw\images\species_09\fish_003527035419_23701.png,fish_003527035419_23701.png,9,Hemigymnus fasciatus,Barred thicklip wrasse,Labridae,3527035419,23701,148,121,1.223,3,RGB,PNG,29067,8e61113ad3487406bb752cd2960cea11,False,train
R:\PP\Marine-Intelligence-Platform\marine-species-identification\data\raw\images\species_09\fish_004328907042_09692.png,raw\images\species_09\fish_004328907042_09692.png,fish_004328907042_09692.png,9,Hemigymnus fasciatus,Barred thicklip wrasse,Labridae,4328907042,9692,240,170,1.412,3,RGB,PNG,61075,a4ebd9a139aea11084bf12c66ac0ea87,False,train
R:\PP\Marine-Intelligence-Platform\marine-species-identification\data\raw\images\species_09\fish_004328907042_11356.png,raw\images\species_09\fish_004328907042_11356.png,fish_004328907042_11356.png,9,Hemigymnus fasciatus,Barred thicklip wrasse,Labridae,4328907042,11356,232,164,1.415,3,RGB,PNG,55684,f4502e7dd3755f0a8cccb16dbae00468,False,train
R:\PP\Marine-Intelligence-Platform\marine-species-identification\data\raw\images\species_09\fish_004328907042_13091.png,raw\images\species_09\fish_004328907042_13091.png,fish_004328907042_13091.png,9,Hemigymnus fasciatus,Barred thicklip wrasse,Labridae,4328907042,13091,168,134,1.254,3,RGB,PNG,31227,7d782795941af029bbc631b2d0439c1b,False,train
R:\PP\Marine-Intelligence-Platform\marine-species-identification\data\raw\images\species_09\fish_004328907042_18801.png,raw\images\species_09\fish_004328907042_18801.png,fish_004328907042_18801.png,9,Hemigymnus fasciatus,Barred thicklip wrasse,Labridae,4328907042,18801,196,150,1.307,3,RGB,PNG,41524,74710d815c4c84ddbb1a299f94947d17,False,train
R:\PP\Marine-Intelligence-Platform\marine-species-identification\data\raw\images\species_09\fish_004328907042_20588.png,raw\images\species_09\fish_004328907042_20588.png,fish_004328907042_20588.png,9,Hemigymnus fasciatus,Barred thicklip wrasse,Labridae,4328907042,20588,224,162,1.383,3,RGB,PNG,52636,8bdc4a48782b470fcf66bfd2c454c425,False,train
R:\PP\Marine-Intelligence-Platform\marine-species-identification\data\raw\images\species_09\fish_003826506157_24327.png,raw\images\species_09\fish_003826506157_24327.png,fish_003826506157_24327.png,9,Hemigymnus fasciatus,Barred thicklip wrasse,Labridae,3826506157,24327,127,106,1.198,3,RGB,PNG,11813,486d1381a6f13cfa9944c473d9be3829,False,train
R:\PP\Marine-Intelligence-Platform\marine-species-identification\data\raw\images\species_09\fish_004264286965_26596.png,raw\images\species_09\fish_004264286965_26596.png,fish_004264286965_26596.png,9,Hemigymnus fasciatus,Barred thicklip wrasse,Labridae,4264286965,26596,163,118,1.381,3,RGB,PNG,29494,401ed412c79a59b3bd5ad8073faaed9b,False,train
R:\PP\Marine-Intelligence-Platform\marine-species-identification\data\raw\images\species_09\fish_004264286965_26599.png,raw\images\species_09\fish_004264286965_26599.png,fish_004264286965_26599.png,9,Hemigymnus fasciatus,Barred thicklip wrasse,Labridae,4264286965,26599,159,123,1.293,3,RGB,PNG,27368,6831ac93d0e263d3a7e8481a3f68c0e9,False,train
R:\PP\Marine-Intelligence-Platform\marine-species-identification\data\raw\images\species_09\fish_447513725409_14729.png,raw\images\species_09\fish_447513725409_14729.png,fish_447513725409_14729.png,9,Hemigymnus fasciatus,Barred thicklip wrasse,Labridae,447513725409,14729,123,99,1.242,3,RGB,PNG,16960,f69fdfc39dbca3faa1fac2877619041b,False,train
R:\PP\Marine-Intelligence-Platform\marine-species-identification\data\raw\images\species_09\fish_447513725409_17817.png,raw\images\species_09\fish_447513725409_17817.png,fish_447513725409_17817.png,9,Hemigymnus fasciatus,Barred thicklip wrasse,Labridae,447513725409,17817,124,116,1.069,3,RGB,PNG,21392,8c3d8aef5783ad401e9c391a6152fb57,False,train
R:\PP\Marine-Intelligence-Platform\marine-species-identification\data\raw\images\species_09\fish_003917816356_11375.png,raw\images\species_09\fish_003917816356_11375.png,fish_003917816356_11375.png,9,Hemigymnus fasciatus,Barred thicklip wrasse,Labridae,3917816356,11375,108,119,0.908,3,RGB,PNG,29327,53b5b39b61b22255e543407dda15f8ec,False,train
R:\PP\Marine-Intelligence-Platform\marine-species-identification\data\raw\images\species_09\fish_003917816356_17859.png,raw\images\species_09\fish_003917816356_17859.png,fish_003917816356_17859.png,9,Hemigymnus fasciatus,Barred thicklip wrasse,Labridae,3917816356,17859,87,81,1.074,3,RGB,PNG,15989,eac574a16844884d92bcfcd20d0057e6,False,train
R:\PP\Marine-Intelligence-Platform\marine-species-identification\data\raw\images\species_09\fish_004543267366_11010.png,raw\images\species_09\fish_004543267366_11010.png,fish_004543267366_11010.png,9,Hemigymnus fasciatus,Barred thicklip wrasse,Labridae,4543267366,11010,140,129,1.085,3,RGB,PNG,22798,db4914fb81c4c59d1aaf50a6eb21919e,False,train
R:\PP\Marine-Intelligence-Platform\marine-species-identification\data\raw\images\species_09\fish_004543267366_14742.png,raw\images\species_09\fish_004543267366_14742.png,fish_004543267366_14742.png,9,Hemigymnus fasciatus,Barred thicklip wrasse,Labridae,4543267366,14742,108,85,1.271,3,RGB,PNG,14029,431358db08a491db64e9124bad4280a9,False,train
R:\PP\Marine-Intelligence-Platform\marine-species-identification\data\raw\images\species_09\fish_004543267366_18121.png,raw\images\species_09\fish_004543267366_18121.png,fish_004543267366_18121.png,9,Hemigymnus fasciatus,Barred thicklip wrasse,Labridae,4543267366,18121,112,91,1.231,3,RGB,PNG,14999,bc6266204c437411d6731887f9e60293,False,train
R:\PP\Marine-Intelligence-Platform\marine-species-identification\data\raw\images\species_09\fish_004543267366_22342.png,raw\images\species_09\fish_004543267366_22342.png,fish_004543267366_22342.png,9,Hemigymnus fasciatus,Barred thicklip wrasse,Labridae,4543267366,22342,119,97,1.227,3,RGB,PNG,16313,af257729f94ce76d844b0d9643984fe7,False,train
R:\PP\Marine-Intelligence-Platform\marine-species-identification\data\raw\images\species_09\fish_003542955448_09142.png,raw\images\species_09\fish_003542955448_09142.png,fish_003542955448_09142.png,9,Hemigymnus fasciatus,Barred thicklip wrasse,Labridae,3542955448,9142,151,135,1.119,3,RGB,PNG,35110,4375affd348bcc6a0890b0c6b4371acb,False,train
R:\PP\Marine-Intelligence-Platform\marine-species-identification\data\raw\images\species_09\fish_003542955448_09143.png,raw\images\species_09\fish_003542955448_09143.png,fish_003542955448_09143.png,9,Hemigymnus fasciatus,Barred thicklip wrasse,Labridae,3542955448,9143,167,155,1.077,3,RGB,PNG,44220,d662fa211eef8b2dfa4156612ae0462f,False,train
R:\PP\Marine-Intelligence-Platform\marine-species-identification\data\raw\images\species_09\fish_003542955448_14764.png,raw\images\species_09\fish_003542955448_14764.png,fish_003542955448_14764.png,9,Hemigymnus fasciatus,Barred thicklip wrasse,Labridae,3542955448,14764,144,135,1.067,3,RGB,PNG,31341,1b37ab8158edcd58c3dcafbf0def47cc,False,train
R:\PP\Marine-Intelligence-Platform\marine-species-identification\data\raw\images\species_09\fish_003709125845_12788.png,raw\images\species_09\fish_003709125845_12788.png,fish_003709125845_12788.png,9,Hemigymnus fasciatus,Barred thicklip wrasse,Labridae,3709125845,12788,110,116,0.948,3,RGB,PNG,16067,eb3425e0198ab3a7c543bf15fdf13264,False,train
R:\PP\Marine-Intelligence-Platform\marine-species-identification\data\raw\images\species_09\fish_003709125845_17821.png,raw\images\species_09\fish_003709125845_17821.png,fish_003709125845_17821.png,9,Hemigymnus fasciatus,Barred thicklip wrasse,Labridae,3709125845,17821,126,128,0.984,3,RGB,PNG,22820,7e24ccb8c2eecaa243d904d0f5d0deff,False,train
R:\PP\Marine-Intelligence-Platform\marine-species-identification\data\raw\images\species_09\fish_003709125845_19807.png,raw\images\species_09\fish_003709125845_19807.png,fish_003709125845_19807.png,9,Hemigymnus fasciatus,Barred thicklip wrasse,Labridae,3709125845,19807,79,96,0.823,3,RGB,PNG,8791,f8cfbe47381262e4eb987624c46ae222,False,train
R:\PP\Marine-Intelligence-Platform\marine-species-identification\data\raw\images\species_09\fish_003709125845_22783.png,raw\images\species_09\fish_003709125845_22783.png,fish_003709125845_22783.png,9,Hemigymnus fasciatus,Barred thicklip wrasse,Labridae,3709125845,22783,77,91,0.846,3,RGB,PNG,7662,22ca31288466c1975a28afa482b0b597,False,train
R:\PP\Marine-Intelligence-Platform\marine-species-identification\data\raw\images\species_09\fish_003709125845_23149.png,raw\images\species_09\fish_003709125845_23149.png,fish_003709125845_23149.png,9,Hemigymnus fasciatus,Barred thicklip wrasse,Labridae,3709125845,23149,115,120,0.958,3,RGB,PNG,18355,1260960ad3dca8c3315f6015ac7ddb3a,False,train
R:\PP\Marine-Intelligence-Platform\marine-species-identification\data\raw\images\species_09\fish_003709125845_25851.png,raw\images\species_09\fish_003709125845_25851.png,fish_003709125845_25851.png,9,Hemigymnus fasciatus,Barred thicklip wrasse,Labridae,3709125845,25851,94,108,0.87,3,RGB,PNG,11747,145dd0d55afddd1722a85a462f2ef8c1,False,train
R:\PP\Marine-Intelligence-Platform\marine-species-identification\data\raw\images\species_09\fish_004413247149_09659.png,raw\images\species_09\fish_004413247149_09659.png,fish_004413247149_09659.png,9,Hemigymnus fasciatus,Barred thicklip wrasse,Labridae,4413247149,9659,84,88,0.955,3,RGB,PNG,9716,991c8fae22ce17c9cc82fba90e4c89a6,False,train
R:\PP\Marine-Intelligence-Platform\marine-species-identification\data\raw\images\species_09\fish_004413247149_22564.png,raw\images\species_09\fish_004413247149_22564.png,fish_004413247149_22564.png,9,Hemigymnus fasciatus,Barred thicklip wrasse,Labridae,4413247149,22564,77,80,0.963,3,RGB,PNG,8595,209914e2b9a9def2d1084e8bc2675cb9,False,train
R:\PP\Marine-Intelligence-Platform\marine-species-identification\data\raw\images\species_09\fish_003620705639_14740.png,raw\images\species_09\fish_003620705639_14740.png,fish_003620705639_14740.png,9,Hemigymnus fasciatus,Barred thicklip wrasse,Labridae,3620705639,14740,95,83,1.145,3,RGB,PNG,10923,476de05936de407ad0747f05997ed0f6,False,train
R:\PP\Marine-Intelligence-Platform\marine-species-identification\data\raw\images\species_09\fish_003620705639_23402.png,raw\images\species_09\fish_003620705639_23402.png,fish_003620705639_23402.png,9,Hemigymnus fasciatus,Barred thicklip wrasse,Labridae,3620705639,23402,100,87,1.149,3,RGB,PNG,12158,a79fb2fb6a18566fb98aaf9becc86b69,False,train
R:\PP\Marine-Intelligence-Platform\marine-species-identification\data\raw\images\species_09\fish_000027490001_02920.png,raw\images\species_09\fish_000027490001_02920.png,fish_000027490001_02920.png,9,Hemigymnus fasciatus,Barred thicklip wrasse,Labridae,27490001,2920,89,99,0.899,3,RGB,PNG,15924,36ef7c0fcff63178b6645d30f4e3835a,False,train
R:\PP\Marine-Intelligence-Platform\marine-species-identification\data\raw\images\species_09\fish_000027490001_02921.png,raw\images\species_09\fish_000027490001_02921.png,fish_000027490001_02921.png,9,Hemigymnus fasciatus,Barred thicklip wrasse,Labridae,27490001,2921,75,80,0.938,3,RGB,PNG,8705,fc08845108209779f50020864d6ad01b,False,train
R:\PP\Marine-Intelligence-Platform\marine-species-identification\data\raw\images\species_09\fish_000027490001_02922.png,raw\images\species_09\fish_000027490001_02922.png,fish_000027490001_02922.png,9,Hemigymnus fasciatus,Barred thicklip wrasse,Labridae,27490001,2922,87,71,1.225,3,RGB,PNG,9555,fc17f18db056bb41bdb223bfa0d7c979,False,train
R:\PP\Marine-Intelligence-Platform\marine-species-identification\data\raw\images\species_09\fish_000027490001_02924.png,raw\images\species_09\fish_000027490001_02924.png,fish_000027490001_02924.png,9,Hemigymnus fasciatus,Barred thicklip wrasse,Labridae,27490001,2924,87,71,1.225,3,RGB,PNG,9621,066be9cb7c6f7b2b115dd5a215f00b23,False,train
R:\PP\Marine-Intelligence-Platform\marine-species-identification\data\raw\images\species_09\fish_000027490001_02925.png,raw\images\species_09\fish_000027490001_02925.png,fish_000027490001_02925.png,9,Hemigymnus fasciatus,Barred thicklip wrasse,Labridae,27490001,2925,88,71,1.239,3,RGB,PNG,9703,4455ee98a248672329de540baa50ef78,False,train
R:\PP\Marine-Intelligence-Platform\marine-species-identification\data\raw\images\species_09\fish_000027490001_02926.png,raw\images\species_09\fish_000027490001_02926.png,fish_000027490001_02926.png,9,Hemigymnus fasciatus,Barred thicklip wrasse,Labridae,27490001,2926,83,69,1.203,3,RGB,PNG,9198,047f9804d4a28470d716ba0a16603ba9,False,train
R:\PP\Marine-Intelligence-Platform\marine-species-identification\data\raw\images\species_09\fish_000027490001_02927.png,raw\images\species_09\fish_000027490001_02927.png,fish_000027490001_02927.png,9,Hemigymnus fasciatus,Barred thicklip wrasse,Labridae,27490001,2927,87,72,1.208,3,RGB,PNG,9595,a91265b697681c65a6983bf6fa57889b,False,train
R:\PP\Marine-Intelligence-Platform\marine-species-identification\data\raw\images\species_09\fish_004094026722_09141.png,raw\images\species_09\fish_004094026722_09141.png,fish_004094026722_09141.png,9,Hemigymnus fasciatus,Barred thicklip wrasse,Labridae,4094026722,9141,70,72,0.972,3,RGB,PNG,8005,07b9a6939cf789622c2eb6e67eddb279,False,train
R:\PP\Marine-Intelligence-Platform\marine-species-identification\data\raw\images\species_09\fish_004094026722_09656.png,raw\images\species_09\fish_004094026722_09656.png,fish_004094026722_09656.png,9,Hemigymnus fasciatus,Barred thicklip wrasse,Labridae,4094026722,9656,87,85,1.024,3,RGB,PNG,10970,f169501236a37cf1c9643b4f1b69a06b,False,train
R:\PP\Marine-Intelligence-Platform\marine-species-identification\data\raw\images\species_09\fish_004094026722_09657.png,raw\images\species_09\fish_004094026722_09657.png,fish_004094026722_09657.png,9,Hemigymnus fasciatus,Barred thicklip wrasse,Labridae,4094026722,9657,91,75,1.213,3,RGB,PNG,10429,6f62540559804aa63f967d227bcf02eb,False,train
R:\PP\Marine-Intelligence-Platform\marine-species-identification\data\raw\images\species_09\fish_004094026722_09881.png,raw\images\species_09\fish_004094026722_09881.png,fish_004094026722_09881.png,9,Hemigymnus fasciatus,Barred thicklip wrasse,Labridae,4094026722,9881,89,95,0.937,3,RGB,PNG,12140,351839df058e046fb220df4433cb071d,False,train
R:\PP\Marine-Intelligence-Platform\marine-species-identification\data\raw\images\species_09\fish_004094026722_11747.png,raw\images\species_09\fish_004094026722_11747.png,fish_004094026722_11747.png,9,Hemigymnus fasciatus,Barred thicklip wrasse,Labridae,4094026722,11747,100,84,1.19,3,RGB,PNG,11245,a751730bfa47fd27f1ec1db6d5f616f0,False,train
R:\PP\Marine-Intelligence-Platform\marine-species-identification\data\raw\images\species_09\fish_004094026722_12282.png,raw\images\species_09\fish_004094026722_12282.png,fish_004094026722_12282.png,9,Hemigymnus fasciatus,Barred thicklip wrasse,Labridae,4094026722,12282,99,91,1.088,3,RGB,PNG,11508,1855f0ca523e8d2300e13d38c22b226d,False,train
R:\PP\Marine-Intelligence-Platform\marine-species-identification\data\raw\images\species_09\fish_004094026722_20587.png,raw\images\species_09\fish_004094026722_20587.png,fish_004094026722_20587.png,9,Hemigymnus fasciatus,Barred thicklip wrasse,Labridae,4094026722,20587,99,96,1.031,3,RGB,PNG,12288,7d13c43b32ef855a7ef9a5fad3654a12,False,train
R:\PP\Marine-Intelligence-Platform\marine-species-identification\data\raw\images\species_09\fish_004094026722_22216.png,raw\images\species_09\fish_004094026722_22216.png,fish_004094026722_22216.png,9,Hemigymnus fasciatus,Barred thicklip wrasse,Labridae,4094026722,22216,93,99,0.939,3,RGB,PNG,12367,d38f8731e3de75906c4c21645022defe,False,train
R:\PP\Marine-Intelligence-Platform\marine-species-identification\data\raw\images\species_09\fish_003527275419_09781.png,raw\images\species_09\fish_003527275419_09781.png,fish_003527275419_09781.png,9,Hemigymnus fasciatus,Barred thicklip wrasse,Labridae,3527275419,9781,99,82,1.207,3,RGB,PNG,14625,6dda5572e3e0b9b414be84919cf03e34,False,train
R:\PP\Marine-Intelligence-Platform\marine-species-identification\data\raw\images\species_09\fish_003527275419_12786.png,raw\images\species_09\fish_003527275419_12786.png,fish_003527275419_12786.png,9,Hemigymnus fasciatus,Barred thicklip wrasse,Labridae,3527275419,12786,92,79,1.165,3,RGB,PNG,12920,7d37950ed93b193f15c0879ff6c490c6,False,train
R:\PP\Marine-Intelligence-Platform\marine-species-identification\data\raw\images\species_09\fish_003381265211_26615.png,raw\images\species_09\fish_003381265211_26615.png,fish_003381265211_26615.png,9,Hemigymnus fasciatus,Barred thicklip wrasse,Labridae,3381265211,26615,104,90,1.156,3,RGB,PNG,13190,d8dbfe3f8e8e1f67bdc1a772243ba5b7,False,train
R:\PP\Marine-Intelligence-Platform\marine-species-identification\data\raw\images\species_09\fish_003381265211_26616.png,raw\images\species_09\fish_003381265211_26616.png,fish_003381265211_26616.png,9,Hemigymnus fasciatus,Barred thicklip wrasse,Labridae,3381265211,26616,91,83,1.096,3,RGB,PNG,10754,d2501b155ba0419e4d85bbfe3946ddad,False,train
R:\PP\Marine-Intelligence-Platform\marine-species-identification\data\raw\images\species_09\fish_003381265211_26617.png,raw\images\species_09\fish_003381265211_26617.png,fish_003381265211_26617.png,9,Hemigymnus fasciatus,Barred thicklip wrasse,Labridae,3381265211,26617,87,86,1.012,3,RGB,PNG,9847,f7345878bc5d9ca55a7d11cc7c4678c2,False,train
R:\PP\Marine-Intelligence-Platform\marine-species-identification\data\raw\images\species_09\fish_003381265211_26618.png,raw\images\species_09\fish_003381265211_26618.png,fish_003381265211_26618.png,9,Hemigymnus fasciatus,Barred thicklip wrasse,Labridae,3381265211,26618,87,92,0.946,3,RGB,PNG,9091,705825ef4600c5f85c34336c2923843f,False,train
R:\PP\Marine-Intelligence-Platform\marine-species-identification\data\raw\images\species_09\fish_003381265211_26619.png,raw\images\species_09\fish_003381265211_26619.png,fish_003381265211_26619.png,9,Hemigymnus fasciatus,Barred thicklip wrasse,Labridae,3381265211,26619,94,103,0.913,3,RGB,PNG,12622,b9cecb80e0372c53d971cee92ff8d8ce,False,train
R:\PP\Marine-Intelligence-Platform\marine-species-identification\data\raw\images\species_09\fish_004204106874_11359.png,raw\images\species_09\fish_004204106874_11359.png,fish_004204106874_11359.png,9,Hemigymnus fasciatus,Barred thicklip wrasse,Labridae,4204106874,11359,175,162,1.08,3,RGB,PNG,34751,7eaf854e6af427566f8aefdd4942b3fe,False,train
R:\PP\Marine-Intelligence-Platform\marine-species-identification\data\raw\images\species_09\fish_004094076722_11348.png,raw\images\species_09\fish_004094076722_11348.png,fish_004094076722_11348.png,9,Hemigymnus fasciatus,Barred thicklip wrasse,Labridae,4094076722,11348,86,107,0.804,3,RGB,PNG,18962,5f9cc4fe4570683937be436bedd0aa87,False,train
R:\PP\Marine-Intelligence-Platform\marine-species-identification\data\raw\images\species_09\fish_003431335291_16843.png,raw\images\species_09\fish_003431335291_16843.png,fish_003431335291_16843.png,9,Hemigymnus fasciatus,Barred thicklip wrasse,Labridae,3431335291,16843,115,114,1.009,3,RGB,PNG,19407,fc37b1569bea2f571f9d3d9312e971ab,False,train
R:\PP\Marine-Intelligence-Platform\marine-species-identification\data\raw\images\species_09\fish_003431335291_16844.png,raw\images\species_09\fish_003431335291_16844.png,fish_003431335291_16844.png,9,Hemigymnus fasciatus,Barred thicklip wrasse,Labridae,3431335291,16844,124,119,1.042,3,RGB,PNG,19921,3f70749fed4bb70a01658a519c6a2752,False,train
R:\PP\Marine-Intelligence-Platform\marine-species-identification\data\raw\images\species_09\fish_003431335291_17236.png,raw\images\species_09\fish_003431335291_17236.png,fish_003431335291_17236.png,9,Hemigymnus fasciatus,Barred thicklip wrasse,Labridae,3431335291,17236,123,119,1.034,3,RGB,PNG,21889,5f33e86c0f12e92bef3e06a7495f6bac,False,train
R:\PP\Marine-Intelligence-Platform\marine-species-identification\data\raw\images\species_09\fish_003541445448_22573.png,raw\images\species_09\fish_003541445448_22573.png,fish_003541445448_22573.png,9,Hemigymnus fasciatus,Barred thicklip wrasse,Labridae,3541445448,22573,108,97,1.113,3,RGB,PNG,20487,8bc3ba1f5ad3989c86792af0b6e0ef98,False,train
R:\PP\Marine-Intelligence-Platform\marine-species-identification\data\raw\images\species_09\fish_003790936075_09661.png,raw\images\species_09\fish_003790936075_09661.png,fish_003790936075_09661.png,9,Hemigymnus fasciatus,Barred thicklip wrasse,Labridae,3790936075,9661,99,85,1.165,3,RGB,PNG,12532,e43810862010a44b49e3e639380d173d,False,train
R:\PP\Marine-Intelligence-Platform\marine-species-identification\data\raw\images\species_09\fish_003790936075_09670.png,raw\images\species_09\fish_003790936075_09670.png,fish_003790936075_09670.png,9,Hemigymnus fasciatus,Barred thicklip wrasse,Labridae,3790936075,9670,83,73,1.137,3,RGB,PNG,8567,a1212d5f2b4d0839426e95ea46b6868b,False,train
R:\PP\Marine-Intelligence-Platform\marine-species-identification\data\raw\images\species_09\fish_003790936075_09686.png,raw\images\species_09\fish_003790936075_09686.png,fish_003790936075_09686.png,9,Hemigymnus fasciatus,Barred thicklip wrasse,Labridae,3790936075,9686,103,83,1.241,3,RGB,PNG,11732,25d743d84bb96fe2fbed6929c02d82b0,False,train
R:\PP\Marine-Intelligence-Platform\marine-species-identification\data\raw\images\species_09\fish_003790936075_14335.png,raw\images\species_09\fish_003790936075_14335.png,fish_003790936075_14335.png,9,Hemigymnus fasciatus,Barred thicklip wrasse,Labridae,3790936075,14335,84,64,1.312,3,RGB,PNG,7907,d6fdbb12266b65053ae21d54f6202db9,False,train
R:\PP\Marine-Intelligence-Platform\marine-species-identification\data\raw\images\species_09\fish_003790936075_14597.png,raw\images\species_09\fish_003790936075_14597.png,fish_003790936075_14597.png,9,Hemigymnus fasciatus,Barred thicklip wrasse,Labridae,3790936075,14597,87,73,1.192,3,RGB,PNG,9926,f3da8b7ddd6434c436cdf4b319df5c29,False,train
R:\PP\Marine-Intelligence-Platform\marine-species-identification\data\raw\images\species_09\fish_003790936075_14719.png,raw\images\species_09\fish_003790936075_14719.png,fish_003790936075_14719.png,9,Hemigymnus fasciatus,Barred thicklip wrasse,Labridae,3790936075,14719,103,81,1.272,3,RGB,PNG,10744,bf0fd09cce0eb833cad3baf8c71072c2,False,train
R:\PP\Marine-Intelligence-Platform\marine-species-identification\data\raw\images\species_09\fish_003790936075_14755.png,raw\images\species_09\fish_003790936075_14755.png,fish_003790936075_14755.png,9,Hemigymnus fasciatus,Barred thicklip wrasse,Labridae,3790936075,14755,99,75,1.32,3,RGB,PNG,10265,5fca5d10ffccf652815c58216a1b445e,False,train
R:\PP\Marine-Intelligence-Platform\marine-species-identification\data\raw\images\species_09\fish_003790936075_14758.png,raw\images\species_09\fish_003790936075_14758.png,fish_003790936075_14758.png,9,Hemigymnus fasciatus,Barred thicklip wrasse,Labridae,3790936075,14758,107,81,1.321,3,RGB,PNG,10851,69c08a905e45ff82d8c446b6bbbe3180,False,train
R:\PP\Marine-Intelligence-Platform\marine-species-identification\data\raw\images\species_09\fish_003790936075_14768.png,raw\images\species_09\fish_003790936075_14768.png,fish_003790936075_14768.png,9,Hemigymnus fasciatus,Barred thicklip wrasse,Labridae,3790936075,14768,96,75,1.28,3,RGB,PNG,9605,1d58fb6e90075a431350e5d98056a7d3,False,train
R:\PP\Marine-Intelligence-Platform\marine-species-identification\data\raw\images\species_09\fish_003790936075_17870.png,raw\images\species_09\fish_003790936075_17870.png,fish_003790936075_17870.png,9,Hemigymnus fasciatus,Barred thicklip wrasse,Labridae,3790936075,17870,88,80,1.1,3,RGB,PNG,9670,7b173e87c5e599916c1b1c184d4e5511,False,train
R:\PP\Marine-Intelligence-Platform\marine-species-identification\data\raw\images\species_09\fish_003790936075_20600.png,raw\images\species_09\fish_003790936075_20600.png,fish_003790936075_20600.png,9,Hemigymnus fasciatus,Barred thicklip wrasse,Labridae,3790936075,20600,99,82,1.207,3,RGB,PNG,9878,aa13beb5a69689fb03f9362226bcf16d,False,train
R:\PP\Marine-Intelligence-Platform\marine-species-identification\data\raw\images\species_09\fish_003790936075_22244.png,raw\images\species_09\fish_003790936075_22244.png,fish_003790936075_22244.png,9,Hemigymnus fasciatus,Barred thicklip wrasse,Labridae,3790936075,22244,104,76,1.368,3,RGB,PNG,11592,fa2f67ac8ba91e8957c7364f84c88125,False,train
R:\PP\Marine-Intelligence-Platform\marine-species-identification\data\raw\images\species_09\fish_003790936075_22296.png,raw\images\species_09\fish_003790936075_22296.png,fish_003790936075_22296.png,9,Hemigymnus fasciatus,Barred thicklip wrasse,Labridae,3790936075,22296,99,81,1.222,3,RGB,PNG,10858,8525f09308dd698c97766fb4eacd653e,False,train
R:\PP\Marine-Intelligence-Platform\marine-species-identification\data\raw\images\species_09\fish_003790936075_24578.png,raw\images\species_09\fish_003790936075_24578.png,fish_003790936075_24578.png,9,Hemigymnus fasciatus,Barred thicklip wrasse,Labridae,3790936075,24578,95,81,1.173,3,RGB,PNG,11512,5cb4ece4c9b26c1d5b220c33c94f89af,False,train
R:\PP\Marine-Intelligence-Platform\marine-species-identification\data\raw\images\species_09\fish_000055399598_06056.png,raw\images\species_09\fish_000055399598_06056.png,fish_000055399598_06056.png,9,Hemigymnus fasciatus,Barred thicklip wrasse,Labridae,55399598,6056,107,84,1.274,3,RGB,PNG,20005,b0c168e4f7f9538e087b1bccc3cfe607,False,train
R:\PP\Marine-Intelligence-Platform\marine-species-identification\data\raw\images\species_09\fish_000055399598_06057.png,raw\images\species_09\fish_000055399598_06057.png,fish_000055399598_06057.png,9,Hemigymnus fasciatus,Barred thicklip wrasse,Labridae,55399598,6057,108,88,1.227,3,RGB,PNG,19205,288ecd2510a290a5dbdcb9be3fd7bf6e,False,train
R:\PP\Marine-Intelligence-Platform\marine-species-identification\data\raw\images\species_09\fish_000055399598_06058.png,raw\images\species_09\fish_000055399598_06058.png,fish_000055399598_06058.png,9,Hemigymnus fasciatus,Barred thicklip wrasse,Labridae,55399598,6058,112,97,1.155,3,RGB,PNG,18948,ebf6f20f3918df117be0857dac3f4345,False,train
R:\PP\Marine-Intelligence-Platform\marine-species-identification\data\raw\images\species_09\fish_000055399598_06060.png,raw\images\species_09\fish_000055399598_06060.png,fish_000055399598_06060.png,9,Hemigymnus fasciatus,Barred thicklip wrasse,Labridae,55399598,6060,119,99,1.202,3,RGB,PNG,18310,b64a2fccc77c767aedcb0522c20308be,False,train
R:\PP\Marine-Intelligence-Platform\marine-species-identification\data\raw\images\species_09\fish_003541715448_09225.png,raw\images\species_09\fish_003541715448_09225.png,fish_003541715448_09225.png,9,Hemigymnus fasciatus,Barred thicklip wrasse,Labridae,3541715448,9225,176,131,1.344,3,RGB,PNG,36198,9ef662a354411b3de8a757da45e0f561,False,train
R:\PP\Marine-Intelligence-Platform\marine-species-identification\data\raw\images\species_09\fish_003541715448_09697.png,raw\images\species_09\fish_003541715448_09697.png,fish_003541715448_09697.png,9,Hemigymnus fasciatus,Barred thicklip wrasse,Labridae,3541715448,9697,187,137,1.365,3,RGB,PNG,39861,0296e7f81bf58894b7e51f902a6a6890,False,train
R:\PP\Marine-Intelligence-Platform\marine-species-identification\data\raw\images\species_09\fish_003541715448_09700.png,raw\images\species_09\fish_003541715448_09700.png,fish_003541715448_09700.png,9,Hemigymnus fasciatus,Barred thicklip wrasse,Labridae,3541715448,9700,180,144,1.25,3,RGB,PNG,44484,f5180f838914f6f15f94006c6a7d70bd,False,train
R:\PP\Marine-Intelligence-Platform\marine-species-identification\data\raw\images\species_09\fish_003541715448_14744.png,raw\images\species_09\fish_003541715448_14744.png,fish_003541715448_14744.png,9,Hemigymnus fasciatus,Barred thicklip wrasse,Labridae,3541715448,14744,172,130,1.323,3,RGB,PNG,37781,312001fb6a2801c622afb007ec840db6,False,train
R:\PP\Marine-Intelligence-Platform\marine-species-identification\data\raw\images\species_09\fish_003541715448_17811.png,raw\images\species_09\fish_003541715448_17811.png,fish_003541715448_17811.png,9,Hemigymnus fasciatus,Barred thicklip wrasse,Labridae,3541715448,17811,176,137,1.285,3,RGB,PNG,39251,b2dc8c3badb2c591f9c188f233401bf2,False,train
R:\PP\Marine-Intelligence-Platform\marine-species-identification\data\raw\images\species_09\fish_003541715448_19804.png,raw\images\species_09\fish_003541715448_19804.png,fish_003541715448_19804.png,9,Hemigymnus fasciatus,Barred thicklip wrasse,Labridae,3541715448,19804,180,136,1.324,3,RGB,PNG,43153,456b76cdb22a54674f906008ff845251,False,train
R:\PP\Marine-Intelligence-Platform\marine-species-identification\data\raw\images\species_09\fish_003917956356_22570.png,raw\images\species_09\fish_003917956356_22570.png,fish_003917956356_22570.png,9,Hemigymnus fasciatus,Barred thicklip wrasse,Labridae,3917956356,22570,119,97,1.227,3,RGB,PNG,20747,d398fe6385e14ea04fe6b89424b45717,False,train
R:\PP\Marine-Intelligence-Platform\marine-species-identification\data\raw\images\species_09\fish_003527495419_17954.png,raw\images\species_09\fish_003527495419_17954.png,fish_003527495419_17954.png,9,Hemigymnus fasciatus,Barred thicklip wrasse,Labridae,3527495419,17954,107,115,0.93,3,RGB,PNG,21543,6a56d742ed8c1d84bdfde81ba34ef1c4,False,train
R:\PP\Marine-Intelligence-Platform\marine-species-identification\data\raw\images\species_09\fish_003527495419_17958.png,raw\images\species_09\fish_003527495419_17958.png,fish_003527495419_17958.png,9,Hemigymnus fasciatus,Barred thicklip wrasse,Labridae,3527495419,17958,127,121,1.05,3,RGB,PNG,24802,c507870f73826d62ece44cfb2eeef95b,False,train
R:\PP\Marine-Intelligence-Platform\marine-species-identification\data\raw\images\species_09\fish_000027420001_02911.png,raw\images\species_09\fish_000027420001_02911.png,fish_000027420001_02911.png,9,Hemigymnus fasciatus,Barred thicklip wrasse,Labridae,27420001,2911,100,85,1.176,3,RGB,PNG,11938,aeb8c7333bf81ff9e4a83c00b0c08843,False,train
R:\PP\Marine-Intelligence-Platform\marine-species-identification\data\raw\images\species_09\fish_000027420001_02912.png,raw\images\species_09\fish_000027420001_02912.png,fish_000027420001_02912.png,9,Hemigymnus fasciatus,Barred thicklip wrasse,Labridae,27420001,2912,91,81,1.123,3,RGB,PNG,9951,f96419004363309945facaf4143230ec,False,train
R:\PP\Marine-Intelligence-Platform\marine-species-identification\data\raw\images\species_09\fish_000027420001_02913.png,raw\images\species_09\fish_000027420001_02913.png,fish_000027420001_02913.png,9,Hemigymnus fasciatus,Barred thicklip wrasse,Labridae,27420001,2913,87,79,1.101,3,RGB,PNG,8955,1a71636dae675852ebbe0e346bdd65a9,False,train
R:\PP\Marine-Intelligence-Platform\marine-species-identification\data\raw\images\species_09\fish_000027420001_02914.png,raw\images\species_09\fish_000027420001_02914.png,fish_000027420001_02914.png,9,Hemigymnus fasciatus,Barred thicklip wrasse,Labridae,27420001,2914,87,81,1.074,3,RGB,PNG,8411,d94a91582fbaabd039fac399dbab87b2,False,train
R:\PP\Marine-Intelligence-Platform\marine-species-identification\data\raw\images\species_09\fish_000027420001_02915.png,raw\images\species_09\fish_000027420001_02915.png,fish_000027420001_02915.png,9,Hemigymnus fasciatus,Barred thicklip wrasse,Labridae,27420001,2915,84,81,1.037,3,RGB,PNG,8530,148f1f6d95acd5c9de35e1e907b8b75e,False,train
R:\PP\Marine-Intelligence-Platform\marine-species-identification\data\raw\images\species_09\fish_004413297149_09219.png,raw\images\species_09\fish_004413297149_09219.png,fish_004413297149_09219.png,9,Hemigymnus fasciatus,Barred thicklip wrasse,Labridae,4413297149,9219,100,74,1.351,3,RGB,PNG,13381,b3315c2ac95190dccaf843ac46de3670,False,train
R:\PP\Marine-Intelligence-Platform\marine-species-identification\data\raw\images\species_09\fish_004413297149_11362.png,raw\images\species_09\fish_004413297149_11362.png,fish_004413297149_11362.png,9,Hemigymnus fasciatus,Barred thicklip wrasse,Labridae,4413297149,11362,104,78,1.333,3,RGB,PNG,11552,6cb4f2de309f4321b9251c5be76bff24,False,train
R:\PP\Marine-Intelligence-Platform\marine-species-identification\data\raw\images\species_09\fish_004413297149_17946.png,raw\images\species_09\fish_004413297149_17946.png,fish_004413297149_17946.png,9,Hemigymnus fasciatus,Barred thicklip wrasse,Labridae,4413297149,17946,107,79,1.354,3,RGB,PNG,13092,cd128b05ea07b04d3c403d2e247d1984,False,train
R:\PP\Marine-Intelligence-Platform\marine-species-identification\data\raw\images\species_09\fish_004413297149_22722.png,raw\images\species_09\fish_004413297149_22722.png,fish_004413297149_22722.png,9,Hemigymnus fasciatus,Barred thicklip wrasse,Labridae,4413297149,22722,95,71,1.338,3,RGB,PNG,12018,7a41bbc169c100790ad09e10022e68e4,False,train
R:\PP\Marine-Intelligence-Platform\marine-species-identification\data\raw\images\species_09\fish_004413297149_23787.png,raw\images\species_09\fish_004413297149_23787.png,fish_004413297149_23787.png,9,Hemigymnus fasciatus,Barred thicklip wrasse,Labridae,4413297149,23787,99,74,1.338,3,RGB,PNG,12986,04369100c03fe7a34330aa617b028bee,False,train
R:\PP\Marine-Intelligence-Platform\marine-species-identification\data\raw\images\species_09\fish_003738765907_14134.png,raw\images\species_09\fish_003738765907_14134.png,fish_003738765907_14134.png,9,Hemigymnus fasciatus,Barred thicklip wrasse,Labridae,3738765907,14134,175,128,1.367,3,RGB,PNG,31925,e0f2c90ca733928abd43173a5aaa2f32,False,train
R:\PP\Marine-Intelligence-Platform\marine-species-identification\data\raw\images\species_09\fish_003738765907_19718.png,raw\images\species_09\fish_003738765907_19718.png,fish_003738765907_19718.png,9,Hemigymnus fasciatus,Barred thicklip wrasse,Labridae,3738765907,19718,104,90,1.156,3,RGB,PNG,12713,5b38627447eb4ac34d0cc6f3909a381d,False,train
R:\PP\Marine-Intelligence-Platform\marine-species-identification\data\raw\images\species_09\fish_003738765907_21304.png,raw\images\species_09\fish_003738765907_21304.png,fish_003738765907_21304.png,9,Hemigymnus fasciatus,Barred thicklip wrasse,Labridae,3738765907,21304,172,122,1.41,3,RGB,PNG,28200,8c17150979323de99058d3ea32cea32d,False,train
R:\PP\Marine-Intelligence-Platform\marine-species-identification\data\raw\images\species_09\fish_003738765907_21594.png,raw\images\species_09\fish_003738765907_21594.png,fish_003738765907_21594.png,9,Hemigymnus fasciatus,Barred thicklip wrasse,Labridae,3738765907,21594,140,113,1.239,3,RGB,PNG,19321,056fe22ada78e6451705289de58716af,False,train
R:\PP\Marine-Intelligence-Platform\marine-species-identification\data\raw\images\species_09\fish_003738765907_21775.png,raw\images\species_09\fish_003738765907_21775.png,fish_003738765907_21775.png,9,Hemigymnus fasciatus,Barred thicklip wrasse,Labridae,3738765907,21775,183,130,1.408,3,RGB,PNG,33057,37faf91a1ed562bae4bae429f9220624,False,train
R:\PP\Marine-Intelligence-Platform\marine-species-identification\data\raw\images\species_09\fish_003738765907_21930.png,raw\images\species_09\fish_003738765907_21930.png,fish_003738765907_21930.png,9,Hemigymnus fasciatus,Barred thicklip wrasse,Labridae,3738765907,21930,120,99,1.212,3,RGB,PNG,16885,ea7ab16a8c5cb1fbc6a157bef9d673f9,False,train
R:\PP\Marine-Intelligence-Platform\marine-species-identification\data\raw\images\species_09\fish_003738765907_24217.png,raw\images\species_09\fish_003738765907_24217.png,fish_003738765907_24217.png,9,Hemigymnus fasciatus,Barred thicklip wrasse,Labridae,3738765907,24217,175,135,1.296,3,RGB,PNG,33519,5355e17ae1a7ea0735620c49ac03af73,False,train
R:\PP\Marine-Intelligence-Platform\marine-species-identification\data\raw\images\species_09\fish_003917936356_09698.png,raw\images\species_09\fish_003917936356_09698.png,fish_003917936356_09698.png,9,Hemigymnus fasciatus,Barred thicklip wrasse,Labridae,3917936356,9698,136,104,1.308,3,RGB,PNG,27136,ce7dc5947c59f8d3a087b1cf1b78f347,False,train
R:\PP\Marine-Intelligence-Platform\marine-species-identification\data\raw\images\species_09\fish_003917936356_11202.png,raw\images\species_09\fish_003917936356_11202.png,fish_003917936356_11202.png,9,Hemigymnus fasciatus,Barred thicklip wrasse,Labridae,3917936356,11202,119,99,1.202,3,RGB,PNG,22870,f3e975e7cc6c473d560213a4ecd8836a,False,train
R:\PP\Marine-Intelligence-Platform\marine-species-identification\data\raw\images\species_09\fish_003917936356_22452.png,raw\images\species_09\fish_003917936356_22452.png,fish_003917936356_22452.png,9,Hemigymnus fasciatus,Barred thicklip wrasse,Labridae,3917936356,22452,103,81,1.272,3,RGB,PNG,16269,df08341f141ae232c2ad4d71cede50a4,False,train
R:\PP\Marine-Intelligence-Platform\marine-species-identification\data\raw\images\species_09\fish_003917936356_23733.png,raw\images\species_09\fish_003917936356_23733.png,fish_003917936356_23733.png,9,Hemigymnus fasciatus,Barred thicklip wrasse,Labridae,3917936356,23733,107,85,1.259,3,RGB,PNG,17308,f9934cd099780acf1fa26078a1382be5,False,train
R:\PP\Marine-Intelligence-Platform\marine-species-identification\data\raw\images\species_09\fish_003527045419_09701.png,raw\images\species_09\fish_003527045419_09701.png,fish_003527045419_09701.png,9,Hemigymnus fasciatus,Barred thicklip wrasse,Labridae,3527045419,9701,235,175,1.343,3,RGB,PNG,62549,edc70b4e1a3cd87e94868528cd178b01,False,train
R:\PP\Marine-Intelligence-Platform\marine-species-identification\data\raw\images\species_09\fish_003527045419_09702.png,raw\images\species_09\fish_003527045419_09702.png,fish_003527045419_09702.png,9,Hemigymnus fasciatus,Barred thicklip wrasse,Labridae,3527045419,9702,155,148,1.047,3,RGB,PNG,37387,f1070a900b7b701a96023f3e12c39633,False,train
R:\PP\Marine-Intelligence-Platform\marine-species-identification\data\raw\images\species_09\fish_003527045419_17981.png,raw\images\species_09\fish_003527045419_17981.png,fish_003527045419_17981.png,9,Hemigymnus fasciatus,Barred thicklip wrasse,Labridae,3527045419,17981,207,158,1.31,3,RGB,PNG,42006,e5670e63666bb6aeebf872a462a5442b,False,train
R:\PP\Marine-Intelligence-Platform\marine-species-identification\data\raw\images\species_09\fish_003527045419_22686.png,raw\images\species_09\fish_003527045419_22686.png,fish_003527045419_22686.png,9,Hemigymnus fasciatus,Barred thicklip wrasse,Labridae,3527045419,22686,219,163,1.344,3,RGB,PNG,49539,6c2c0a725147c551312a92c83deb5000,False,train
R:\PP\Marine-Intelligence-Platform\marine-species-identification\data\raw\images\species_09\fish_003527045419_23409.png,raw\images\species_09\fish_003527045419_23409.png,fish_003527045419_23409.png,9,Hemigymnus fasciatus,Barred thicklip wrasse,Labridae,3527045419,23409,231,170,1.359,3,RGB,PNG,57914,e8b3de12d681124bc1cd245bb82989ad,False,train
R:\PP\Marine-Intelligence-Platform\marine-species-identification\data\raw\images\species_09\fish_003878416276_16840.png,raw\images\species_09\fish_003878416276_16840.png,fish_003878416276_16840.png,9,Hemigymnus fasciatus,Barred thicklip wrasse,Labridae,3878416276,16840,176,153,1.15,3,RGB,PNG,26022,ce988e1129324e57086f5ec5d339dce6,False,train
R:\PP\Marine-Intelligence-Platform\marine-species-identification\data\raw\images\species_09\fish_003541755448_09685.png,raw\images\species_09\fish_003541755448_09685.png,fish_003541755448_09685.png,9,Hemigymnus fasciatus,Barred thicklip wrasse,Labridae,3541755448,9685,143,109,1.312,3,RGB,PNG,20077,0fc5fba6bf694bccfd40d1f2b8a50132,False,train
R:\PP\Marine-Intelligence-Platform\marine-species-identification\data\raw\images\species_09\fish_003541755448_09687.png,raw\images\species_09\fish_003541755448_09687.png,fish_003541755448_09687.png,9,Hemigymnus fasciatus,Barred thicklip wrasse,Labridae,3541755448,9687,147,110,1.336,3,RGB,PNG,18426,7ed44ac51ed260e5e6b8ba211dcf0c68,False,train
R:\PP\Marine-Intelligence-Platform\marine-species-identification\data\raw\images\species_09\fish_003486045363_11364.png,raw\images\species_09\fish_003486045363_11364.png,fish_003486045363_11364.png,9,Hemigymnus fasciatus,Barred thicklip wrasse,Labridae,3486045363,11364,83,69,1.203,3,RGB,PNG,12583,e68ab0422a9ef174563612594656d0ae,False,train
R:\PP\Marine-Intelligence-Platform\marine-species-identification\data\raw\images\species_09\fish_003486045363_11365.png,raw\images\species_09\fish_003486045363_11365.png,fish_003486045363_11365.png,9,Hemigymnus fasciatus,Barred thicklip wrasse,Labridae,3486045363,11365,88,68,1.294,3,RGB,PNG,13596,cc9f4aff09cb18606926e5feb01fd964,False,train
R:\PP\Marine-Intelligence-Platform\marine-species-identification\data\raw\images\species_09\fish_003486045363_11366.png,raw\images\species_09\fish_003486045363_11366.png,fish_003486045363_11366.png,9,Hemigymnus fasciatus,Barred thicklip wrasse,Labridae,3486045363,11366,99,87,1.138,3,RGB,PNG,16647,d136ebe8213cbda7bfeb4098815cf0d7,False,train
R:\PP\Marine-Intelligence-Platform\marine-species-identification\data\raw\images\species_09\fish_003486045363_11378.png,raw\images\species_09\fish_003486045363_11378.png,fish_003486045363_11378.png,9,Hemigymnus fasciatus,Barred thicklip wrasse,Labridae,3486045363,11378,99,78,1.269,3,RGB,PNG,17352,38c1f06e7b74d8429ec6ae34ba4143a7,False,train
R:\PP\Marine-Intelligence-Platform\marine-species-identification\data\raw\images\species_09\fish_003486045363_11679.png,raw\images\species_09\fish_003486045363_11679.png,fish_003486045363_11679.png,9,Hemigymnus fasciatus,Barred thicklip wrasse,Labridae,3486045363,11679,96,77,1.247,3,RGB,PNG,15555,9a1f7e2a8827f78ba9d8e552ded7748a,False,train
R:\PP\Marine-Intelligence-Platform\marine-species-identification\data\raw\images\species_09\fish_003486045363_15455.png,raw\images\species_09\fish_003486045363_15455.png,fish_003486045363_15455.png,9,Hemigymnus fasciatus,Barred thicklip wrasse,Labridae,3486045363,15455,95,84,1.131,3,RGB,PNG,14996,b59a4437feacaf89930ef8ffe9c91d25,False,train
R:\PP\Marine-Intelligence-Platform\marine-species-identification\data\raw\images\species_09\fish_003486045363_16702.png,raw\images\species_09\fish_003486045363_16702.png,fish_003486045363_16702.png,9,Hemigymnus fasciatus,Barred thicklip wrasse,Labridae,3486045363,16702,103,84,1.226,3,RGB,PNG,18954,d93b0ca2b8a58f4e9f21f25b4bcb61cc,False,train
R:\PP\Marine-Intelligence-Platform\marine-species-identification\data\raw\images\species_09\fish_003486045363_17772.png,raw\images\species_09\fish_003486045363_17772.png,fish_003486045363_17772.png,9,Hemigymnus fasciatus,Barred thicklip wrasse,Labridae,3486045363,17772,139,115,1.209,3,RGB,PNG,28924,92ea0080db294a45561bb09741dc33c1,False,train
R:\PP\Marine-Intelligence-Platform\marine-species-identification\data\raw\images\species_09\fish_003486045363_20899.png,raw\images\species_09\fish_003486045363_20899.png,fish_003486045363_20899.png,9,Hemigymnus fasciatus,Barred thicklip wrasse,Labridae,3486045363,20899,199,148,1.345,3,RGB,PNG,53086,9b0e5977de6c03aee785e6bf75b95530,False,train
R:\PP\Marine-Intelligence-Platform\marine-species-identification\data\raw\images\species_09\fish_003486045363_21934.png,raw\images\species_09\fish_003486045363_21934.png,fish_003486045363_21934.png,9,Hemigymnus fasciatus,Barred thicklip wrasse,Labridae,3486045363,21934,99,88,1.125,3,RGB,PNG,19628,d6464f36ce38ab3d2709eaf32c3064ef,False,train
R:\PP\Marine-Intelligence-Platform\marine-species-identification\data\raw\images\species_09\fish_003486045363_24593.png,raw\images\species_09\fish_003486045363_24593.png,fish_003486045363_24593.png,9,Hemigymnus fasciatus,Barred thicklip wrasse,Labridae,3486045363,24593,108,90,1.2,3,RGB,PNG,19149,59c97ae42d9ad2e37d116a4c4b0552e0,False,train
R:\PP\Marine-Intelligence-Platform\marine-species-identification\data\raw\images\species_09\fish_003486045363_24624.png,raw\images\species_09\fish_003486045363_24624.png,fish_003486045363_24624.png,9,Hemigymnus fasciatus,Barred thicklip wrasse,Labridae,3486045363,24624,211,156,1.353,3,RGB,PNG,52116,03dcb8c98532778cf8d949892d711533,False,train
R:\PP\Marine-Intelligence-Platform\marine-species-identification\data\raw\images\species_09\fish_003486045363_24649.png,raw\images\species_09\fish_003486045363_24649.png,fish_003486045363_24649.png,9,Hemigymnus fasciatus,Barred thicklip wrasse,Labridae,3486045363,24649,211,154,1.37,3,RGB,PNG,57164,948e3e5dfbbd748de5ed39ce49c2072d,False,train
R:\PP\Marine-Intelligence-Platform\marine-species-identification\data\raw\images\species_09\fish_379083607509_17369.png,raw\images\species_09\fish_379083607509_17369.png,fish_379083607509_17369.png,9,Hemigymnus fasciatus,Barred thicklip wrasse,Labridae,379083607509,17369,164,124,1.323,3,RGB,PNG,24814,c163f9a1e608c4294a4bdd626be0f292,False,train
R:\PP\Marine-Intelligence-Platform\marine-species-identification\data\raw\images\species_09\fish_004413277149_09679.png,raw\images\species_09\fish_004413277149_09679.png,fish_004413277149_09679.png,9,Hemigymnus fasciatus,Barred thicklip wrasse,Labridae,4413277149,9679,79,72,1.097,3,RGB,PNG,9720,d2b4be15dc73dc3eb0f8285d1d7bc896,False,train
R:\PP\Marine-Intelligence-Platform\marine-species-identification\data\raw\images\species_09\fish_004413277149_09695.png,raw\images\species_09\fish_004413277149_09695.png,fish_004413277149_09695.png,9,Hemigymnus fasciatus,Barred thicklip wrasse,Labridae,4413277149,9695,124,93,1.333,3,RGB,PNG,19896,278b9e1bda971e2e7e086a6c9bc939dc,False,train
R:\PP\Marine-Intelligence-Platform\marine-species-identification\data\raw\images\species_09\fish_004413277149_11200.png,raw\images\species_09\fish_004413277149_11200.png,fish_004413277149_11200.png,9,Hemigymnus fasciatus,Barred thicklip wrasse,Labridae,4413277149,11200,123,96,1.281,3,RGB,PNG,20794,d44c50568e69d1bb7b423980c2d4ba9f,False,train
R:\PP\Marine-Intelligence-Platform\marine-species-identification\data\raw\images\species_09\fish_004413277149_15515.png,raw\images\species_09\fish_004413277149_15515.png,fish_004413277149_15515.png,9,Hemigymnus fasciatus,Barred thicklip wrasse,Labridae,4413277149,15515,120,89,1.348,3,RGB,PNG,18376,003d2cfbf2a6d5d2ee0be934e361c00c,False,train
R:\PP\Marine-Intelligence-Platform\marine-species-identification\data\raw\images\species_09\fish_004413277149_23462.png,raw\images\species_09\fish_004413277149_23462.png,fish_004413277149_23462.png,9,Hemigymnus fasciatus,Barred thicklip wrasse,Labridae,4413277149,23462,83,72,1.153,3,RGB,PNG,10222,27f0851c7e12a1b8ca9ef0b9d881da37,False,train
R:\PP\Marine-Intelligence-Platform\marine-species-identification\data\raw\images\species_09\fish_004503047286_09678.png,raw\images\species_09\fish_004503047286_09678.png,fish_004503047286_09678.png,9,Hemigymnus fasciatus,Barred thicklip wrasse,Labridae,4503047286,9678,108,76,1.421,3,RGB,PNG,10489,8fbdf3ffa217e42bfcf63ef118c4a7c7,False,train
R:\PP\Marine-Intelligence-Platform\marine-species-identification\data\raw\images\species_09\fish_004503047286_09699.png,raw\images\species_09\fish_004503047286_09699.png,fish_004503047286_09699.png,9,Hemigymnus fasciatus,Barred thicklip wrasse,Labridae,4503047286,9699,164,133,1.233,3,RGB,PNG,22765,a0502ab009c6a456f79a5430212f2ac7,False,train
R:\PP\Marine-Intelligence-Platform\marine-species-identification\data\raw\images\species_09\fish_004503047286_09963.png,raw\images\species_09\fish_004503047286_09963.png,fish_004503047286_09963.png,9,Hemigymnus fasciatus,Barred thicklip wrasse,Labridae,4503047286,9963,152,122,1.246,3,RGB,PNG,19984,3412c67e77c48f7e3003688669941c5e,False,train
R:\PP\Marine-Intelligence-Platform\marine-species-identification\data\raw\images\species_09\fish_004503047286_10630.png,raw\images\species_09\fish_004503047286_10630.png,fish_004503047286_10630.png,9,Hemigymnus fasciatus,Barred thicklip wrasse,Labridae,4503047286,10630,120,109,1.101,3,RGB,PNG,14675,3ba6597ee7b81daed009f3a66d25afd2,False,train
R:\PP\Marine-Intelligence-Platform\marine-species-identification\data\raw\images\species_09\fish_004503047286_17867.png,raw\images\species_09\fish_004503047286_17867.png,fish_004503047286_17867.png,9,Hemigymnus fasciatus,Barred thicklip wrasse,Labridae,4503047286,17867,143,120,1.192,3,RGB,PNG,18606,96da6dacc55dd3a47fea8467f168b33b,False,train
R:\PP\Marine-Intelligence-Platform\marine-species-identification\data\raw\images\species_09\fish_004503047286_22408.png,raw\images\species_09\fish_004503047286_22408.png,fish_004503047286_22408.png,9,Hemigymnus fasciatus,Barred thicklip wrasse,Labridae,4503047286,22408,100,127,0.787,3,RGB,PNG,18313,ea5f028c1d6f5eab7b482b42e618f6a4,False,train
R:\PP\Marine-Intelligence-Platform\marine-species-identification\data\raw\images\species_09\fish_004199646865_11009.png,raw\images\species_09\fish_004199646865_11009.png,fish_004199646865_11009.png,9,Hemigymnus fasciatus,Barred thicklip wrasse,Labridae,4199646865,11009,144,120,1.2,3,RGB,PNG,27781,9548456c8ba9bab29b608d2e987a77cf,False,train
R:\PP\Marine-Intelligence-Platform\marine-species-identification\data\raw\images\species_09\fish_003527485419_09691.png,raw\images\species_09\fish_003527485419_09691.png,fish_003527485419_09691.png,9,Hemigymnus fasciatus,Barred thicklip wrasse,Labridae,3527485419,9691,211,188,1.122,3,RGB,PNG,52757,35eed3b84bd6ec71ea6d0b192e798908,False,train
R:\PP\Marine-Intelligence-Platform\marine-species-identification\data\raw\images\species_09\fish_003527485419_17652.png,raw\images\species_09\fish_003527485419_17652.png,fish_003527485419_17652.png,9,Hemigymnus fasciatus,Barred thicklip wrasse,Labridae,3527485419,17652,224,202,1.109,3,RGB,PNG,56287,5a7bd40222663eea1dc040f21b419f9e,False,train
R:\PP\Marine-Intelligence-Platform\marine-species-identification\data\raw\images\species_09\fish_003527485419_22306.png,raw\images\species_09\fish_003527485419_22306.png,fish_003527485419_22306.png,9,Hemigymnus fasciatus,Barred thicklip wrasse,Labridae,3527485419,22306,219,194,1.129,3,RGB,PNG,55818,085d32e9e7ff94be2e8afed7ab349842,False,train
R:\PP\Marine-Intelligence-Platform\marine-species-identification\data\raw\images\species_09\fish_003541345448_09227.png,raw\images\species_09\fish_003541345448_09227.png,fish_003541345448_09227.png,9,Hemigymnus fasciatus,Barred thicklip wrasse,Labridae,3541345448,9227,200,185,1.081,3,RGB,PNG,59709,8f39879cb5e13ff6eb59b9dd64c6ead6,False,train
R:\PP\Marine-Intelligence-Platform\marine-species-identification\data\raw\images\species_09\fish_003541345448_23836.png,raw\images\species_09\fish_003541345448_23836.png,fish_003541345448_23836.png,9,Hemigymnus fasciatus,Barred thicklip wrasse,Labridae,3541345448,23836,207,186,1.113,3,RGB,PNG,59178,f92c06bea101f094d467d8d3d8e593a0,False,train
R:\PP\Marine-Intelligence-Platform\marine-species-identification\data\raw\images\species_09\fish_003541765448_09216.png,raw\images\species_09\fish_003541765448_09216.png,fish_003541765448_09216.png,9,Hemigymnus fasciatus,Barred thicklip wrasse,Labridae,3541765448,9216,87,79,1.101,3,RGB,PNG,9747,0ea357f35c6f87654c1fb7fe6448e54f,False,train
R:\PP\Marine-Intelligence-Platform\marine-species-identification\data\raw\images\species_09\fish_003541765448_09217.png,raw\images\species_09\fish_003541765448_09217.png,fish_003541765448_09217.png,9,Hemigymnus fasciatus,Barred thicklip wrasse,Labridae,3541765448,9217,91,75,1.213,3,RGB,PNG,11225,612e90cfd565f082b6bcc9b3d971dfff,False,train
R:\PP\Marine-Intelligence-Platform\marine-species-identification\data\raw\images\species_09\fish_003541765448_09218.png,raw\images\species_09\fish_003541765448_09218.png,fish_003541765448_09218.png,9,Hemigymnus fasciatus,Barred thicklip wrasse,Labridae,3541765448,9218,104,81,1.284,3,RGB,PNG,13191,77c183cc5854c16045aad924de0443ee,False,train
R:\PP\Marine-Intelligence-Platform\marine-species-identification\data\raw\images\species_09\fish_003541765448_09675.png,raw\images\species_09\fish_003541765448_09675.png,fish_003541765448_09675.png,9,Hemigymnus fasciatus,Barred thicklip wrasse,Labridae,3541765448,9675,84,80,1.05,3,RGB,PNG,9320,1b64561028ad7bacb3f27c7ec69b6579,False,train
R:\PP\Marine-Intelligence-Platform\marine-species-identification\data\raw\images\species_09\fish_003541765448_09682.png,raw\images\species_09\fish_003541765448_09682.png,fish_003541765448_09682.png,9,Hemigymnus fasciatus,Barred thicklip wrasse,Labridae,3541765448,9682,104,92,1.13,3,RGB,PNG,13358,9a779fab1a1afe66b1e4e4f7c72bfaa3,False,train
R:\PP\Marine-Intelligence-Platform\marine-species-identification\data\raw\images\species_09\fish_003541765448_09703.png,raw\images\species_09\fish_003541765448_09703.png,fish_003541765448_09703.png,9,Hemigymnus fasciatus,Barred thicklip wrasse,Labridae,3541765448,9703,99,78,1.269,3,RGB,PNG,12369,b7c717bb9709a1bf8fa49d7fc701d3c4,False,train
R:\PP\Marine-Intelligence-Platform\marine-species-identification\data\raw\images\species_09\fish_003541765448_14695.png,raw\images\species_09\fish_003541765448_14695.png,fish_003541765448_14695.png,9,Hemigymnus fasciatus,Barred thicklip wrasse,Labridae,3541765448,14695,79,70,1.129,3,RGB,PNG,8138,586d4ce6b903859108495a287db0dbf6,False,train
R:\PP\Marine-Intelligence-Platform\marine-species-identification\data\raw\images\species_09\fish_003541765448_24308.png,raw\images\species_09\fish_003541765448_24308.png,fish_003541765448_24308.png,9,Hemigymnus fasciatus,Barred thicklip wrasse,Labridae,3541765448,24308,100,91,1.099,3,RGB,PNG,12624,a9a75495e90206b6038165f6d335223b,False,train
R:\PP\Marine-Intelligence-Platform\marine-species-identification\data\raw\images\species_09\fish_003541765448_24311.png,raw\images\species_09\fish_003541765448_24311.png,fish_003541765448_24311.png,9,Hemigymnus fasciatus,Barred thicklip wrasse,Labridae,3541765448,24311,87,83,1.048,3,RGB,PNG,9822,f8c6b866e6007311140eb5d83c52f1a9,False,train
R:\PP\Marine-Intelligence-Platform\marine-species-identification\data\raw\images\species_09\fish_004093696723_09669.png,raw\images\species_09\fish_004093696723_09669.png,fish_004093696723_09669.png,9,Hemigymnus fasciatus,Barred thicklip wrasse,Labridae,4093696723,9669,119,111,1.072,3,RGB,PNG,18302,7300d00ec40a4c767f12b509e4e42adc,False,train
R:\PP\Marine-Intelligence-Platform\marine-species-identification\data\raw\images\species_09\fish_004093696723_09683.png,raw\images\species_09\fish_004093696723_09683.png,fish_004093696723_09683.png,9,Hemigymnus fasciatus,Barred thicklip wrasse,Labridae,4093696723,9683,139,113,1.23,3,RGB,PNG,20477,e46b2ecd95b9804f1dbe168b32acef2f,False,train
R:\PP\Marine-Intelligence-Platform\marine-species-identification\data\raw\images\species_09\fish_004093696723_10248.png,raw\images\species_09\fish_004093696723_10248.png,fish_004093696723_10248.png,9,Hemigymnus fasciatus,Barred thicklip wrasse,Labridae,4093696723,10248,155,133,1.165,3,RGB,PNG,26853,cd113bac957cb7a91c90dea440ff1b59,False,train
R:\PP\Marine-Intelligence-Platform\marine-species-identification\data\raw\images\species_09\fish_004093696723_12790.png,raw\images\species_09\fish_004093696723_12790.png,fish_004093696723_12790.png,9,Hemigymnus fasciatus,Barred thicklip wrasse,Labridae,4093696723,12790,115,115,1.0,3,RGB,PNG,16939,5095bee56ea1705c9d15d2ed5515020c,False,train
R:\PP\Marine-Intelligence-Platform\marine-species-identification\data\raw\images\species_09\fish_004093696723_14912.png,raw\images\species_09\fish_004093696723_14912.png,fish_004093696723_14912.png,9,Hemigymnus fasciatus,Barred thicklip wrasse,Labridae,4093696723,14912,111,116,0.957,3,RGB,PNG,15534,c4b2088148abc8f42d147031ec3b0938,False,train
R:\PP\Marine-Intelligence-Platform\marine-species-identification\data\raw\images\species_09\fish_004093696723_15345.png,raw\images\species_09\fish_004093696723_15345.png,fish_004093696723_15345.png,9,Hemigymnus fasciatus,Barred thicklip wrasse,Labridae,4093696723,15345,140,109,1.284,3,RGB,PNG,21240,ed61aaefcfd308bfec00facdd311c082,False,train
R:\PP\Marine-Intelligence-Platform\marine-species-identification\data\raw\images\species_09\fish_004540267360_09693.png,raw\images\species_09\fish_004540267360_09693.png,fish_004540267360_09693.png,9,Hemigymnus fasciatus,Barred thicklip wrasse,Labridae,4540267360,9693,176,134,1.313,3,RGB,PNG,35232,3da1af7d5fc65a1665983e5d247f9dd3,False,train
R:\PP\Marine-Intelligence-Platform\marine-species-identification\data\raw\images\species_09\fish_004540267360_23065.png,raw\images\species_09\fish_004540267360_23065.png,fish_004540267360_23065.png,9,Hemigymnus fasciatus,Barred thicklip wrasse,Labridae,4540267360,23065,90,92,0.978,3,RGB,PNG,11892,43f58e9cf0ae85298682a6b849752d8b,False,train
R:\PP\Marine-Intelligence-Platform\marine-species-identification\data\raw\images\species_09\fish_004540267360_23832.png,raw\images\species_09\fish_004540267360_23832.png,fish_004540267360_23832.png,9,Hemigymnus fasciatus,Barred thicklip wrasse,Labridae,4540267360,23832,183,136,1.346,3,RGB,PNG,31208,4f3b28f36b82d31dd87ff48a2af2d283,False,train
R:\PP\Marine-Intelligence-Platform\marine-species-identification\data\raw\images\species_09\fish_004540267360_23834.png,raw\images\species_09\fish_004540267360_23834.png,fish_004540267360_23834.png,9,Hemigymnus fasciatus,Barred thicklip wrasse,Labridae,4540267360,23834,191,141,1.355,3,RGB,PNG,35089,37e83b723a68347569b5e803ef4d982b,False,train
R:\PP\Marine-Intelligence-Platform\marine-species-identification\data\raw\images\species_09\fish_004475087254_11279.png,raw\images\species_09\fish_004475087254_11279.png,fish_004475087254_11279.png,9,Hemigymnus fasciatus,Barred thicklip wrasse,Labridae,4475087254,11279,94,99,0.949,3,RGB,PNG,16786,f49895bc10c8de49c7f492bcacaac36e,False,train
R:\PP\Marine-Intelligence-Platform\marine-species-identification\data\raw\images\species_09\fish_004475087254_15824.png,raw\images\species_09\fish_004475087254_15824.png,fish_004475087254_15824.png,9,Hemigymnus fasciatus,Barred thicklip wrasse,Labridae,4475087254,15824,80,78,1.026,3,RGB,PNG,11727,9eecf9326c6dbebc99d331936382fab9,False,train
R:\PP\Marine-Intelligence-Platform\marine-species-identification\data\raw\images\species_09\fish_004220766902_11357.png,raw\images\species_09\fish_004220766902_11357.png,fish_004220766902_11357.png,9,Hemigymnus fasciatus,Barred thicklip wrasse,Labridae,4220766902,11357,108,89,1.213,3,RGB,PNG,14016,8efde76ab793565971faf287f92ab459,False,train
R:\PP\Marine-Intelligence-Platform\marine-species-identification\data\raw\images\species_16\fish_000011679594_03510.png,raw\images\species_16\fish_000011679594_03510.png,fish_000011679594_03510.png,16,Lutjanus fulvus,Blacktail snapper,Lutjanidae,11679594,3510,69,80,0.863,3,RGB,PNG,8021,c1b883d1e127b7c358cd4066a0b6ffd6,False,train
R:\PP\Marine-Intelligence-Platform\marine-species-identification\data\raw\images\species_16\fish_000011679594_03512.png,raw\images\species_16\fish_000011679594_03512.png,fish_000011679594_03512.png,16,Lutjanus fulvus,Blacktail snapper,Lutjanidae,11679594,3512,75,92,0.815,3,RGB,PNG,9595,ac86f41d830aa23613024618b1f1e189,False,train
R:\PP\Marine-Intelligence-Platform\marine-species-identification\data\raw\images\species_16\fish_000011679594_03515.png,raw\images\species_16\fish_000011679594_03515.png,fish_000011679594_03515.png,16,Lutjanus fulvus,Blacktail snapper,Lutjanidae,11679594,3515,73,80,0.912,3,RGB,PNG,9021,353c21f7d670a52f300fe7b3e1a43ef0,False,train
R:\PP\Marine-Intelligence-Platform\marine-species-identification\data\raw\images\species_16\fish_000011679594_03516.png,raw\images\species_16\fish_000011679594_03516.png,fish_000011679594_03516.png,16,Lutjanus fulvus,Blacktail snapper,Lutjanidae,11679594,3516,83,83,1.0,3,RGB,PNG,11479,e31559617a3dde2627e9df172acb0930,False,train
R:\PP\Marine-Intelligence-Platform\marine-species-identification\data\raw\images\species_16\fish_000011679594_03518.png,raw\images\species_16\fish_000011679594_03518.png,fish_000011679594_03518.png,16,Lutjanus fulvus,Blacktail snapper,Lutjanidae,11679594,3518,78,96,0.812,3,RGB,PNG,13454,e1fb7f6aac80457e7c7927f7a7c55106,False,train
R:\PP\Marine-Intelligence-Platform\marine-species-identification\data\raw\images\species_16\fish_000011679594_03520.png,raw\images\species_16\fish_000011679594_03520.png,fish_000011679594_03520.png,16,Lutjanus fulvus,Blacktail snapper,Lutjanidae,11679594,3520,131,120,1.092,3,RGB,PNG,25817,2a48596ae28a3abe9552f046bd89d50d,False,train
R:\PP\Marine-Intelligence-Platform\marine-species-identification\data\raw\images\species_16\fish_000011679594_03521.png,raw\images\species_16\fish_000011679594_03521.png,fish_000011679594_03521.png,16,Lutjanus fulvus,Blacktail snapper,Lutjanidae,11679594,3521,131,115,1.139,3,RGB,PNG,24250,fc3dee4e5a6503dd4b1815610268d608,False,train
R:\PP\Marine-Intelligence-Platform\marine-species-identification\data\raw\images\species_16\fish_000011679594_03522.png,raw\images\species_16\fish_000011679594_03522.png,fish_000011679594_03522.png,16,Lutjanus fulvus,Blacktail snapper,Lutjanidae,11679594,3522,155,133,1.165,3,RGB,PNG,32034,1df824637bc952140e84c6f57f6ebaab,False,train
R:\PP\Marine-Intelligence-Platform\marine-species-identification\data\raw\images\species_16\fish_000011679594_03523.png,raw\images\species_16\fish_000011679594_03523.png,fish_000011679594_03523.png,16,Lutjanus fulvus,Blacktail snapper,Lutjanidae,11679594,3523,159,138,1.152,3,RGB,PNG,34388,6786673c416406a709a6674f88118e45,False,train
R:\PP\Marine-Intelligence-Platform\marine-species-identification\data\raw\images\species_16\fish_000011679594_03524.png,raw\images\species_16\fish_000011679594_03524.png,fish_000011679594_03524.png,16,Lutjanus fulvus,Blacktail snapper,Lutjanidae,11679594,3524,171,145,1.179,3,RGB,PNG,38186,c378a334e7a9798b9454a751f94ef587,False,train
R:\PP\Marine-Intelligence-Platform\marine-species-identification\data\raw\images\species_16\fish_000011679594_03525.png,raw\images\species_16\fish_000011679594_03525.png,fish_000011679594_03525.png,16,Lutjanus fulvus,Blacktail snapper,Lutjanidae,11679594,3525,175,144,1.215,3,RGB,PNG,41309,2831b99055c4fb7b4fbf6f250b395f94,False,train
R:\PP\Marine-Intelligence-Platform\marine-species-identification\data\raw\images\species_16\fish_000011679594_03526.png,raw\images\species_16\fish_000011679594_03526.png,fish_000011679594_03526.png,16,Lutjanus fulvus,Blacktail snapper,Lutjanidae,11679594,3526,191,150,1.273,3,RGB,PNG,46566,4e8c5220a3ff42d0490b64e28a1ac307,False,train
R:\PP\Marine-Intelligence-Platform\marine-species-identification\data\raw\images\species_16\fish_000011679594_03527.png,raw\images\species_16\fish_000011679594_03527.png,fish_000011679594_03527.png,16,Lutjanus fulvus,Blacktail snapper,Lutjanidae,11679594,3527,204,156,1.308,3,RGB,PNG,49519,a3fb99e676dc6f8adc7432b641b062bd,False,train
R:\PP\Marine-Intelligence-Platform\marine-species-identification\data\raw\images\species_16\fish_000011679594_03528.png,raw\images\species_16\fish_000011679594_03528.png,fish_000011679594_03528.png,16,Lutjanus fulvus,Blacktail snapper,Lutjanidae,11679594,3528,219,167,1.311,3,RGB,PNG,59587,0d95fac7ee32d324644a9b5ec655d7a8,False,train
R:\PP\Marine-Intelligence-Platform\marine-species-identification\data\raw\images\species_16\fish_000011679594_03529.png,raw\images\species_16\fish_000011679594_03529.png,fish_000011679594_03529.png,16,Lutjanus fulvus,Blacktail snapper,Lutjanidae,11679594,3529,215,167,1.287,3,RGB,PNG,62061,568406c90bb61b1231b2df19b99bc429,False,train
R:\PP\Marine-Intelligence-Platform\marine-species-identification\data\raw\images\species_16\fish_000011679594_03530.png,raw\images\species_16\fish_000011679594_03530.png,fish_000011679594_03530.png,16,Lutjanus fulvus,Blacktail snapper,Lutjanidae,11679594,3530,223,174,1.282,3,RGB,PNG,67083,4b35040cc440ae9c059f78b7dbcfdaf5,False,train
R:\PP\Marine-Intelligence-Platform\marine-species-identification\data\raw\images\species_16\fish_000011679594_03531.png,raw\images\species_16\fish_000011679594_03531.png,fish_000011679594_03531.png,16,Lutjanus fulvus,Blacktail snapper,Lutjanidae,11679594,3531,228,178,1.281,3,RGB,PNG,72782,812e88f02be8964ca980a6157905f78e,False,train
R:\PP\Marine-Intelligence-Platform\marine-species-identification\data\raw\images\species_16\fish_000011679594_03532.png,raw\images\species_16\fish_000011679594_03532.png,fish_000011679594_03532.png,16,Lutjanus fulvus,Blacktail snapper,Lutjanidae,11679594,3532,248,185,1.341,3,RGB,PNG,85415,4a96f1ea975c28000e15532666997679,False,train
R:\PP\Marine-Intelligence-Platform\marine-species-identification\data\raw\images\species_16\fish_000011679594_03533.png,raw\images\species_16\fish_000011679594_03533.png,fish_000011679594_03533.png,16,Lutjanus fulvus,Blacktail snapper,Lutjanidae,11679594,3533,256,186,1.376,3,RGB,PNG,92875,fc86c8b79b670907fc45f796d06028ee,False,train
R:\PP\Marine-Intelligence-Platform\marine-species-identification\data\raw\images\species_16\fish_000011679594_03534.png,raw\images\species_16\fish_000011679594_03534.png,fish_000011679594_03534.png,16,Lutjanus fulvus,Blacktail snapper,Lutjanidae,11679594,3534,268,198,1.354,3,RGB,PNG,102810,88eea1c901bc47ba916c698e4c1c3f96,False,train
R:\PP\Marine-Intelligence-Platform\marine-species-identification\data\raw\images\species_16\fish_000011679594_03535.png,raw\images\species_16\fish_000011679594_03535.png,fish_000011679594_03535.png,16,Lutjanus fulvus,Blacktail snapper,Lutjanidae,11679594,3535,212,182,1.165,3,RGB,PNG,75222,c4bbaecf16c849ac5bb4d1b05ff4d7a4,False,train
R:\PP\Marine-Intelligence-Platform\marine-species-identification\data\raw\images\species_16\fish_000011679594_03536.png,raw\images\species_16\fish_000011679594_03536.png,fish_000011679594_03536.png,16,Lutjanus fulvus,Blacktail snapper,Lutjanidae,11679594,3536,208,184,1.13,3,RGB,PNG,73516,e6157d1ee3272bf182f6da8ca8835a54,False,train
R:\PP\Marine-Intelligence-Platform\marine-species-identification\data\raw\images\species_16\fish_000011679594_03537.png,raw\images\species_16\fish_000011679594_03537.png,fish_000011679594_03537.png,16,Lutjanus fulvus,Blacktail snapper,Lutjanidae,11679594,3537,188,179,1.05,3,RGB,PNG,64671,dd422d5b68a6eb0f016fdc932d15cdb5,False,train
R:\PP\Marine-Intelligence-Platform\marine-species-identification\data\raw\images\species_16\fish_000011679594_03538.png,raw\images\species_16\fish_000011679594_03538.png,fish_000011679594_03538.png,16,Lutjanus fulvus,Blacktail snapper,Lutjanidae,11679594,3538,195,189,1.032,3,RGB,PNG,66508,b0827b5a640d5b13981625cca1cd5a8d,False,train
R:\PP\Marine-Intelligence-Platform\marine-species-identification\data\raw\images\species_16\fish_000011679594_03539.png,raw\images\species_16\fish_000011679594_03539.png,fish_000011679594_03539.png,16,Lutjanus fulvus,Blacktail snapper,Lutjanidae,11679594,3539,195,193,1.01,3,RGB,PNG,60107,69895824397d99c2df2fb1136b867d24,False,train
R:\PP\Marine-Intelligence-Platform\marine-species-identification\data\raw\images\species_16\fish_000011679594_03540.png,raw\images\species_16\fish_000011679594_03540.png,fish_000011679594_03540.png,16,Lutjanus fulvus,Blacktail snapper,Lutjanidae,11679594,3540,200,194,1.031,3,RGB,PNG,51051,c6922460984591b905c5210e724f8594,False,train
R:\PP\Marine-Intelligence-Platform\marine-species-identification\data\raw\images\species_16\fish_000014129594_03558.png,raw\images\species_16\fish_000014129594_03558.png,fish_000014129594_03558.png,16,Lutjanus fulvus,Blacktail snapper,Lutjanidae,14129594,3558,187,131,1.427,3,RGB,PNG,31153,ddf176c917729e1f98f1ae6b33a76e62,False,train
R:\PP\Marine-Intelligence-Platform\marine-species-identification\data\raw\images\species_16\fish_000014129594_03559.png,raw\images\species_16\fish_000014129594_03559.png,fish_000014129594_03559.png,16,Lutjanus fulvus,Blacktail snapper,Lutjanidae,14129594,3559,199,141,1.411,3,RGB,PNG,40050,c398634f6fe26943d26cc2fa75fa9dbf,False,train
R:\PP\Marine-Intelligence-Platform\marine-species-identification\data\raw\images\species_16\fish_000014129594_03560.png,raw\images\species_16\fish_000014129594_03560.png,fish_000014129594_03560.png,16,Lutjanus fulvus,Blacktail snapper,Lutjanidae,14129594,3560,223,163,1.368,3,RGB,PNG,58738,16db8c064a74a05621c0e0c31b6ec0ae,False,train
R:\PP\Marine-Intelligence-Platform\marine-species-identification\data\raw\images\species_16\fish_000014129594_03561.png,raw\images\species_16\fish_000014129594_03561.png,fish_000014129594_03561.png,16,Lutjanus fulvus,Blacktail snapper,Lutjanidae,14129594,3561,215,158,1.361,3,RGB,PNG,61504,5b3b7fb7163fb02d4ab967b3513c54ba,False,train
R:\PP\Marine-Intelligence-Platform\marine-species-identification\data\raw\images\species_16\fish_000014129594_03562.png,raw\images\species_16\fish_000014129594_03562.png,fish_000014129594_03562.png,16,Lutjanus fulvus,Blacktail snapper,Lutjanidae,14129594,3562,207,159,1.302,3,RGB,PNG,61755,85badefbaa1338139b65fdd639e07664,False,train
R:\PP\Marine-Intelligence-Platform\marine-species-identification\data\raw\images\species_16\fish_000014129594_03563.png,raw\images\species_16\fish_000014129594_03563.png,fish_000014129594_03563.png,16,Lutjanus fulvus,Blacktail snapper,Lutjanidae,14129594,3563,215,167,1.287,3,RGB,PNG,66719,f0900f5f87babffee8492a622a9dfcf7,False,train
R:\PP\Marine-Intelligence-Platform\marine-species-identification\data\raw\images\species_16\fish_000014129594_03564.png,raw\images\species_16\fish_000014129594_03564.png,fish_000014129594_03564.png,16,Lutjanus fulvus,Blacktail snapper,Lutjanidae,14129594,3564,216,166,1.301,3,RGB,PNG,69190,86d578bc917ccde2d5e3e4e926e7066b,False,train
R:\PP\Marine-Intelligence-Platform\marine-species-identification\data\raw\images\species_16\fish_000014129594_03565.png,raw\images\species_16\fish_000014129594_03565.png,fish_000014129594_03565.png,16,Lutjanus fulvus,Blacktail snapper,Lutjanidae,14129594,3565,200,157,1.274,3,RGB,PNG,62741,3a08cd5039fc0d05aab7d9a3d1676387,False,train
R:\PP\Marine-Intelligence-Platform\marine-species-identification\data\raw\images\species_16\fish_000014129594_03566.png,raw\images\species_16\fish_000014129594_03566.png,fish_000014129594_03566.png,16,Lutjanus fulvus,Blacktail snapper,Lutjanidae,14129594,3566,195,152,1.283,3,RGB,PNG,60034,f944e4954a2a128e33668a50d06a0a35,False,train
R:\PP\Marine-Intelligence-Platform\marine-species-identification\data\raw\images\species_16\fish_000014129594_03567.png,raw\images\species_16\fish_000014129594_03567.png,fish_000014129594_03567.png,16,Lutjanus fulvus,Blacktail snapper,Lutjanidae,14129594,3567,191,157,1.217,3,RGB,PNG,61733,58a4e6e540ec642363959171cf59e445,False,train
R:\PP\Marine-Intelligence-Platform\marine-species-identification\data\raw\images\species_16\fish_000014129594_03568.png,raw\images\species_16\fish_000014129594_03568.png,fish_000014129594_03568.png,16,Lutjanus fulvus,Blacktail snapper,Lutjanidae,14129594,3568,164,154,1.065,3,RGB,PNG,53467,aab0a1c3a91c2171d057d4bed194a19b,False,train
R:\PP\Marine-Intelligence-Platform\marine-species-identification\data\raw\images\species_16\fish_000014129594_03569.png,raw\images\species_16\fish_000014129594_03569.png,fish_000014129594_03569.png,16,Lutjanus fulvus,Blacktail snapper,Lutjanidae,14129594,3569,151,147,1.027,3,RGB,PNG,47178,f931e34edf02d5ebabcee02914a25c71,False,train
R:\PP\Marine-Intelligence-Platform\marine-species-identification\data\raw\images\species_16\fish_000014129594_03570.png,raw\images\species_16\fish_000014129594_03570.png,fish_000014129594_03570.png,16,Lutjanus fulvus,Blacktail snapper,Lutjanidae,14129594,3570,142,144,0.986,3,RGB,PNG,43072,726dccd1013a16bd029d100e4e0cc5dc,False,train
R:\PP\Marine-Intelligence-Platform\marine-species-identification\data\raw\images\species_16\fish_000014129594_03571.png,raw\images\species_16\fish_000014129594_03571.png,fish_000014129594_03571.png,16,Lutjanus fulvus,Blacktail snapper,Lutjanidae,14129594,3571,146,155,0.942,3,RGB,PNG,47107,ae9366115fa387a6b503f2a34e8aeba6,False,train
R:\PP\Marine-Intelligence-Platform\marine-species-identification\data\raw\images\species_16\fish_000014129594_03572.png,raw\images\species_16\fish_000014129594_03572.png,fish_000014129594_03572.png,16,Lutjanus fulvus,Blacktail snapper,Lutjanidae,14129594,3572,144,151,0.954,3,RGB,PNG,44851,fe080bceb6d4bb18361db2021fbf7ac4,False,train
R:\PP\Marine-Intelligence-Platform\marine-species-identification\data\raw\images\species_16\fish_000014129594_03573.png,raw\images\species_16\fish_000014129594_03573.png,fish_000014129594_03573.png,16,Lutjanus fulvus,Blacktail snapper,Lutjanidae,14129594,3573,155,160,0.969,3,RGB,PNG,50819,7cdb656697a7615a56ee2744fd2c54b0,False,train
R:\PP\Marine-Intelligence-Platform\marine-species-identification\data\raw\images\species_16\fish_000014129594_03574.png,raw\images\species_16\fish_000014129594_03574.png,fish_000014129594_03574.png,16,Lutjanus fulvus,Blacktail snapper,Lutjanidae,14129594,3574,152,159,0.956,3,RGB,PNG,43687,9aa6f80cd984f5b77970b2050097f927,False,train
R:\PP\Marine-Intelligence-Platform\marine-species-identification\data\raw\images\species_16\fish_000014129594_03575.png,raw\images\species_16\fish_000014129594_03575.png,fish_000014129594_03575.png,16,Lutjanus fulvus,Blacktail snapper,Lutjanidae,14129594,3575,141,167,0.844,3,RGB,PNG,41168,aae43d5576781792c0c5a120f985a7d0,False,train
R:\PP\Marine-Intelligence-Platform\marine-species-identification\data\raw\images\species_16\fish_000014129594_03576.png,raw\images\species_16\fish_000014129594_03576.png,fish_000014129594_03576.png,16,Lutjanus fulvus,Blacktail snapper,Lutjanidae,14129594,3576,119,132,0.902,3,RGB,PNG,33096,275d0bf59a1aa28257ee00c0dd032855,False,train
R:\PP\Marine-Intelligence-Platform\marine-species-identification\data\raw\images\species_16\fish_000014129594_03577.png,raw\images\species_16\fish_000014129594_03577.png,fish_000014129594_03577.png,16,Lutjanus fulvus,Blacktail snapper,Lutjanidae,14129594,3577,127,123,1.033,3,RGB,PNG,33004,cd77adc2df98009d943a58ccf8c5054c,False,train
R:\PP\Marine-Intelligence-Platform\marine-species-identification\data\raw\images\species_16\fish_000014129594_03578.png,raw\images\species_16\fish_000014129594_03578.png,fish_000014129594_03578.png,16,Lutjanus fulvus,Blacktail snapper,Lutjanidae,14129594,3578,123,117,1.051,3,RGB,PNG,30505,7034c70d036e88cf6a39d5b660e5a31e,False,train
R:\PP\Marine-Intelligence-Platform\marine-species-identification\data\raw\images\species_16\fish_000014129594_03579.png,raw\images\species_16\fish_000014129594_03579.png,fish_000014129594_03579.png,16,Lutjanus fulvus,Blacktail snapper,Lutjanidae,14129594,3579,187,143,1.308,3,RGB,PNG,54206,74ae11bce30e25c504bc703e375edcf7,False,train
R:\PP\Marine-Intelligence-Platform\marine-species-identification\data\raw\images\species_16\fish_000014129594_03580.png,raw\images\species_16\fish_000014129594_03580.png,fish_000014129594_03580.png,16,Lutjanus fulvus,Blacktail snapper,Lutjanidae,14129594,3580,207,156,1.327,3,RGB,PNG,61987,509badfd4e420b4f61c13cde2eb9ac6e,False,train
R:\PP\Marine-Intelligence-Platform\marine-species-identification\data\raw\images\species_16\fish_000014129594_03581.png,raw\images\species_16\fish_000014129594_03581.png,fish_000014129594_03581.png,16,Lutjanus fulvus,Blacktail snapper,Lutjanidae,14129594,3581,264,207,1.275,3,RGB,PNG,84644,c26755bc9fa6eba29d84ada1ee026fbc,False,train
R:\PP\Marine-Intelligence-Platform\marine-species-identification\data\raw\images\species_16\fish_000014129594_03582.png,raw\images\species_16\fish_000014129594_03582.png,fish_000014129594_03582.png,16,Lutjanus fulvus,Blacktail snapper,Lutjanidae,14129594,3582,263,225,1.169,3,RGB,PNG,82560,26fd2cc7a6b11f9a5a5c0a4b774c8431,False,train
R:\PP\Marine-Intelligence-Platform\marine-species-identification\data\raw\images\species_16\fish_000014129594_03583.png,raw\images\species_16\fish_000014129594_03583.png,fish_000014129594_03583.png,16,Lutjanus fulvus,Blacktail snapper,Lutjanidae,14129594,3583,256,214,1.196,3,RGB,PNG,76111,dd632c1a4593122a005c2c0c5ed81d52,False,train
R:\PP\Marine-Intelligence-Platform\marine-species-identification\data\raw\images\species_16\fish_000016469594_03617.png,raw\images\species_16\fish_000016469594_03617.png,fish_000016469594_03617.png,16,Lutjanus fulvus,Blacktail snapper,Lutjanidae,16469594,3617,260,227,1.145,3,RGB,PNG,80766,b4c386f8a13d2bf740de073c28bf5bd5,False,train
R:\PP\Marine-Intelligence-Platform\marine-species-identification\data\raw\images\species_16\fish_000016469594_03618.png,raw\images\species_16\fish_000016469594_03618.png,fish_000016469594_03618.png,16,Lutjanus fulvus,Blacktail snapper,Lutjanidae,16469594,3618,256,230,1.113,3,RGB,PNG,79606,161d364d3e7a37cde03fb638257f67ef,False,train
R:\PP\Marine-Intelligence-Platform\marine-species-identification\data\raw\images\species_16\fish_000013099594_03541.png,raw\images\species_16\fish_000013099594_03541.png,fish_000013099594_03541.png,16,Lutjanus fulvus,Blacktail snapper,Lutjanidae,13099594,3541,227,177,1.282,3,RGB,PNG,62186,a87876d6a9ab5685de3f4f971fa62b3f,False,train
R:\PP\Marine-Intelligence-Platform\marine-species-identification\data\raw\images\species_16\fish_000013099594_03542.png,raw\images\species_16\fish_000013099594_03542.png,fish_000013099594_03542.png,16,Lutjanus fulvus,Blacktail snapper,Lutjanidae,13099594,3542,223,169,1.32,3,RGB,PNG,64523,2cb33eedb69088779263f9a13242375e,False,train
R:\PP\Marine-Intelligence-Platform\marine-species-identification\data\raw\images\species_16\fish_000013099594_03543.png,raw\images\species_16\fish_000013099594_03543.png,fish_000013099594_03543.png,16,Lutjanus fulvus,Blacktail snapper,Lutjanidae,13099594,3543,292,211,1.384,3,RGB,PNG,96330,fffff51e0e46dbecbd3ca81c77d45ace,False,train
R:\PP\Marine-Intelligence-Platform\marine-species-identification\data\raw\images\species_16\fish_000013099594_03544.png,raw\images\species_16\fish_000013099594_03544.png,fish_000013099594_03544.png,16,Lutjanus fulvus,Blacktail snapper,Lutjanidae,13099594,3544,304,218,1.394,3,RGB,PNG,109311,2ef234ba7e464edf1c0f56aab6c9871c,False,train
R:\PP\Marine-Intelligence-Platform\marine-species-identification\data\raw\images\species_16\fish_000013099594_03545.png,raw\images\species_16\fish_000013099594_03545.png,fish_000013099594_03545.png,16,Lutjanus fulvus,Blacktail snapper,Lutjanidae,13099594,3545,356,253,1.407,3,RGB,PNG,131579,9f8117ad60026de16338c6a56dfb65b9,False,train
R:\PP\Marine-Intelligence-Platform\marine-species-identification\data\raw\images\species_16\fish_000013609594_03546.png,raw\images\species_16\fish_000013609594_03546.png,fish_000013609594_03546.png,16,Lutjanus fulvus,Blacktail snapper,Lutjanidae,13609594,3546,151,109,1.385,3,RGB,PNG,28148,63be63d45901f52197f59a26662df16d,False,train
R:\PP\Marine-Intelligence-Platform\marine-species-identification\data\raw\images\species_16\fish_000013609594_03547.png,raw\images\species_16\fish_000013609594_03547.png,fish_000013609594_03547.png,16,Lutjanus fulvus,Blacktail snapper,Lutjanidae,13609594,3547,140,105,1.333,3,RGB,PNG,29960,80fc632a7b396d649acdf2c85a0ffcde,False,train
R:\PP\Marine-Intelligence-Platform\marine-species-identification\data\raw\images\species_16\fish_000013609594_03548.png,raw\images\species_16\fish_000013609594_03548.png,fish_000013609594_03548.png,16,Lutjanus fulvus,Blacktail snapper,Lutjanidae,13609594,3548,127,96,1.323,3,RGB,PNG,26206,c445bc3753783a5181f2456048311605,False,train
R:\PP\Marine-Intelligence-Platform\marine-species-identification\data\raw\images\species_16\fish_000013609594_03549.png,raw\images\species_16\fish_000013609594_03549.png,fish_000013609594_03549.png,16,Lutjanus fulvus,Blacktail snapper,Lutjanidae,13609594,3549,143,106,1.349,3,RGB,PNG,32481,ecb7740e0e04dbb0277748bcc71f64b5,False,train
R:\PP\Marine-Intelligence-Platform\marine-species-identification\data\raw\images\species_16\fish_000013609594_03550.png,raw\images\species_16\fish_000013609594_03550.png,fish_000013609594_03550.png,16,Lutjanus fulvus,Blacktail snapper,Lutjanidae,13609594,3550,159,117,1.359,3,RGB,PNG,39208,92120ab716fe11ffc7b14ec70d09d249,False,train
R:\PP\Marine-Intelligence-Platform\marine-species-identification\data\raw\images\species_16\fish_000013609594_03551.png,raw\images\species_16\fish_000013609594_03551.png,fish_000013609594_03551.png,16,Lutjanus fulvus,Blacktail snapper,Lutjanidae,13609594,3551,163,124,1.315,3,RGB,PNG,41407,0dfbbf69485de1e0507a16b3bbf89c73,False,train
R:\PP\Marine-Intelligence-Platform\marine-species-identification\data\raw\images\species_16\fish_000013609594_03552.png,raw\images\species_16\fish_000013609594_03552.png,fish_000013609594_03552.png,16,Lutjanus fulvus,Blacktail snapper,Lutjanidae,13609594,3552,156,117,1.333,3,RGB,PNG,36667,0e6aa01ed0478f078beec38608b1b0f5,False,train
R:\PP\Marine-Intelligence-Platform\marine-species-identification\data\raw\images\species_16\fish_000013609594_03553.png,raw\images\species_16\fish_000013609594_03553.png,fish_000013609594_03553.png,16,Lutjanus fulvus,Blacktail snapper,Lutjanidae,13609594,3553,175,127,1.378,3,RGB,PNG,43566,a7834952dff7bff1c264b3e19d12ded7,False,train
R:\PP\Marine-Intelligence-Platform\marine-species-identification\data\raw\images\species_16\fish_000013609594_03554.png,raw\images\species_16\fish_000013609594_03554.png,fish_000013609594_03554.png,16,Lutjanus fulvus,Blacktail snapper,Lutjanidae,13609594,3554,171,124,1.379,3,RGB,PNG,41282,aa3b6ae003c65286e43936f12028a3ca,False,train
R:\PP\Marine-Intelligence-Platform\marine-species-identification\data\raw\images\species_16\fish_000013609594_03555.png,raw\images\species_16\fish_000013609594_03555.png,fish_000013609594_03555.png,16,Lutjanus fulvus,Blacktail snapper,Lutjanidae,13609594,3555,168,118,1.424,3,RGB,PNG,38281,619dcf9c0d1651e53981efe24cb081ee,False,train
R:\PP\Marine-Intelligence-Platform\marine-species-identification\data\raw\images\species_16\fish_000013609594_03556.png,raw\images\species_16\fish_000013609594_03556.png,fish_000013609594_03556.png,16,Lutjanus fulvus,Blacktail snapper,Lutjanidae,13609594,3556,140,113,1.239,3,RGB,PNG,30248,a03d575248177be1e4b9fbc2e2371a19,False,train
R:\PP\Marine-Intelligence-Platform\marine-species-identification\data\raw\images\species_16\fish_000013609594_03557.png,raw\images\species_16\fish_000013609594_03557.png,fish_000013609594_03557.png,16,Lutjanus fulvus,Blacktail snapper,Lutjanidae,13609594,3557,144,115,1.252,3,RGB,PNG,31773,149a35b258bae6023c42f167616168b3,False,train
R:\PP\Marine-Intelligence-Platform\marine-species-identification\data\raw\images\species_16\fish_000015909594_03607.png,raw\images\species_16\fish_000015909594_03607.png,fish_000015909594_03607.png,16,Lutjanus fulvus,Blacktail snapper,Lutjanidae,15909594,3607,192,169,1.136,3,RGB,PNG,46769,b217fe43bbc7fac88caabb7accab7fba,False,train
R:\PP\Marine-Intelligence-Platform\marine-species-identification\data\raw\images\species_16\fish_000015909594_03608.png,raw\images\species_16\fish_000015909594_03608.png,fish_000015909594_03608.png,16,Lutjanus fulvus,Blacktail snapper,Lutjanidae,15909594,3608,199,174,1.144,3,RGB,PNG,49454,d88e11f96811ca56d2103f37a9fce93b,False,train
R:\PP\Marine-Intelligence-Platform\marine-species-identification\data\raw\images\species_16\fish_000015909594_03609.png,raw\images\species_16\fish_000015909594_03609.png,fish_000015909594_03609.png,16,Lutjanus fulvus,Blacktail snapper,Lutjanidae,15909594,3609,191,173,1.104,3,RGB,PNG,50791,640449042555aa154e5624bfcba795dc,False,train
R:\PP\Marine-Intelligence-Platform\marine-species-identification\data\raw\images\species_16\fish_000015909594_03610.png,raw\images\species_16\fish_000015909594_03610.png,fish_000015909594_03610.png,16,Lutjanus fulvus,Blacktail snapper,Lutjanidae,15909594,3610,176,173,1.017,3,RGB,PNG,50566,eb3dc31bee978d01c3cbdcd1112ae26a,False,train
R:\PP\Marine-Intelligence-Platform\marine-species-identification\data\raw\images\species_16\fish_000015909594_03611.png,raw\images\species_16\fish_000015909594_03611.png,fish_000015909594_03611.png,16,Lutjanus fulvus,Blacktail snapper,Lutjanidae,15909594,3611,177,179,0.989,3,RGB,PNG,55539,dcf1afb1cf9c9a1ee8c4d25273e05a2d,False,train
R:\PP\Marine-Intelligence-Platform\marine-species-identification\data\raw\images\species_16\fish_000015909594_03612.png,raw\images\species_16\fish_000015909594_03612.png,fish_000015909594_03612.png,16,Lutjanus fulvus,Blacktail snapper,Lutjanidae,15909594,3612,180,172,1.047,3,RGB,PNG,55264,8fde3cb2aebdbc2406b3ac0ff9ae497b,False,train
R:\PP\Marine-Intelligence-Platform\marine-species-identification\data\raw\images\species_16\fish_000015909594_03613.png,raw\images\species_16\fish_000015909594_03613.png,fish_000015909594_03613.png,16,Lutjanus fulvus,Blacktail snapper,Lutjanidae,15909594,3613,172,163,1.055,3,RGB,PNG,51218,f6767148a8b885d632a996ca13d1808b,False,train
R:\PP\Marine-Intelligence-Platform\marine-species-identification\data\raw\images\species_16\fish_000015909594_03614.png,raw\images\species_16\fish_000015909594_03614.png,fish_000015909594_03614.png,16,Lutjanus fulvus,Blacktail snapper,Lutjanidae,15909594,3614,160,153,1.046,3,RGB,PNG,40430,c1d7df636330a1cb6355a27335f41978,False,train
R:\PP\Marine-Intelligence-Platform\marine-species-identification\data\raw\images\species_16\fish_000015909594_03615.png,raw\images\species_16\fish_000015909594_03615.png,fish_000015909594_03615.png,16,Lutjanus fulvus,Blacktail snapper,Lutjanidae,15909594,3615,143,138,1.036,3,RGB,PNG,33281,241450da95b470202fd6bd3f9d781b24,False,train
R:\PP\Marine-Intelligence-Platform\marine-species-identification\data\raw\images\species_16\fish_000014979594_03584.png,raw\images\species_16\fish_000014979594_03584.png,fish_000014979594_03584.png,16,Lutjanus fulvus,Blacktail snapper,Lutjanidae,14979594,3584,148,121,1.223,3,RGB,PNG,31454,ddace40da5f2970cffd1c65e258d1938,False,train
R:\PP\Marine-Intelligence-Platform\marine-species-identification\data\raw\images\species_16\fish_000014979594_03585.png,raw\images\species_16\fish_000014979594_03585.png,fish_000014979594_03585.png,16,Lutjanus fulvus,Blacktail snapper,Lutjanidae,14979594,3585,152,121,1.256,3,RGB,PNG,32316,d05babfcfbe966585832d4495f74550e,False,train
R:\PP\Marine-Intelligence-Platform\marine-species-identification\data\raw\images\species_16\fish_000014979594_03586.png,raw\images\species_16\fish_000014979594_03586.png,fish_000014979594_03586.png,16,Lutjanus fulvus,Blacktail snapper,Lutjanidae,14979594,3586,148,115,1.287,3,RGB,PNG,30520,12a1c1858e59ee30f120f8524c0c4c41,False,train
R:\PP\Marine-Intelligence-Platform\marine-species-identification\data\raw\images\species_16\fish_000014979594_03587.png,raw\images\species_16\fish_000014979594_03587.png,fish_000014979594_03587.png,16,Lutjanus fulvus,Blacktail snapper,Lutjanidae,14979594,3587,156,115,1.357,3,RGB,PNG,32270,ec1156680c5c3117043a5eb72d41a4f4,False,train
R:\PP\Marine-Intelligence-Platform\marine-species-identification\data\raw\images\species_16\fish_000014979594_03588.png,raw\images\species_16\fish_000014979594_03588.png,fish_000014979594_03588.png,16,Lutjanus fulvus,Blacktail snapper,Lutjanidae,14979594,3588,144,113,1.274,3,RGB,PNG,28907,ed310d98e27a344d726db2bc39a69b11,False,train
R:\PP\Marine-Intelligence-Platform\marine-species-identification\data\raw\images\species_16\fish_000014979594_03589.png,raw\images\species_16\fish_000014979594_03589.png,fish_000014979594_03589.png,16,Lutjanus fulvus,Blacktail snapper,Lutjanidae,14979594,3589,116,101,1.149,3,RGB,PNG,20875,76849a72f4b5d6f08628efe4b31435f9,False,train
R:\PP\Marine-Intelligence-Platform\marine-species-identification\data\raw\images\species_16\fish_000014979594_03590.png,raw\images\species_16\fish_000014979594_03590.png,fish_000014979594_03590.png,16,Lutjanus fulvus,Blacktail snapper,Lutjanidae,14979594,3590,116,101,1.149,3,RGB,PNG,18706,6893eaffc6bec4ae7e4de7dd79a213ff,False,train
R:\PP\Marine-Intelligence-Platform\marine-species-identification\data\raw\images\species_16\fish_000014979594_03591.png,raw\images\species_16\fish_000014979594_03591.png,fish_000014979594_03591.png,16,Lutjanus fulvus,Blacktail snapper,Lutjanidae,14979594,3591,107,94,1.138,3,RGB,PNG,16188,df86423c21e2b316526cae1a0aef630d,False,train
R:\PP\Marine-Intelligence-Platform\marine-species-identification\data\raw\images\species_16\fish_000014979594_03592.png,raw\images\species_16\fish_000014979594_03592.png,fish_000014979594_03592.png,16,Lutjanus fulvus,Blacktail snapper,Lutjanidae,14979594,3592,160,119,1.345,3,RGB,PNG,31059,8f8fc8301b0dec7dae66bf4d7dcad4f1,False,train
R:\PP\Marine-Intelligence-Platform\marine-species-identification\data\raw\images\species_16\fish_000014979594_03593.png,raw\images\species_16\fish_000014979594_03593.png,fish_000014979594_03593.png,16,Lutjanus fulvus,Blacktail snapper,Lutjanidae,14979594,3593,164,123,1.333,3,RGB,PNG,33056,165f53e397b8a032342a5d51724f0e22,False,train
R:\PP\Marine-Intelligence-Platform\marine-species-identification\data\raw\images\species_16\fish_000014979594_03594.png,raw\images\species_16\fish_000014979594_03594.png,fish_000014979594_03594.png,16,Lutjanus fulvus,Blacktail snapper,Lutjanidae,14979594,3594,188,131,1.435,3,RGB,PNG,40061,d719885f6c26115c3839760aa7e70288,False,train
R:\PP\Marine-Intelligence-Platform\marine-species-identification\data\raw\images\species_16\fish_000014979594_03595.png,raw\images\species_16\fish_000014979594_03595.png,fish_000014979594_03595.png,16,Lutjanus fulvus,Blacktail snapper,Lutjanidae,14979594,3595,179,130,1.377,3,RGB,PNG,39063,bae9bb56fa453848953a58b831eeb018,False,train
R:\PP\Marine-Intelligence-Platform\marine-species-identification\data\raw\images\species_16\fish_000014979594_03596.png,raw\images\species_16\fish_000014979594_03596.png,fish_000014979594_03596.png,16,Lutjanus fulvus,Blacktail snapper,Lutjanidae,14979594,3596,176,130,1.354,3,RGB,PNG,38022,b9f34576bf16ef294c98ecb98c62d318,False,train
R:\PP\Marine-Intelligence-Platform\marine-species-identification\data\raw\images\species_16\fish_000014979594_03597.png,raw\images\species_16\fish_000014979594_03597.png,fish_000014979594_03597.png,16,Lutjanus fulvus,Blacktail snapper,Lutjanidae,14979594,3597,188,135,1.393,3,RGB,PNG,43293,01a43f948881f5c3ec03f8e11370a0c9,False,train
R:\PP\Marine-Intelligence-Platform\marine-species-identification\data\raw\images\species_16\fish_000014979594_03598.png,raw\images\species_16\fish_000014979594_03598.png,fish_000014979594_03598.png,16,Lutjanus fulvus,Blacktail snapper,Lutjanidae,14979594,3598,155,121,1.281,3,RGB,PNG,32722,588f36fbedd6bf967a2da24213d6b79c,False,train
R:\PP\Marine-Intelligence-Platform\marine-species-identification\data\raw\images\species_16\fish_000014979594_03599.png,raw\images\species_16\fish_000014979594_03599.png,fish_000014979594_03599.png,16,Lutjanus fulvus,Blacktail snapper,Lutjanidae,14979594,3599,155,118,1.314,3,RGB,PNG,30689,77ce56a19f1a9275224e802dfdc2f81a,False,train
R:\PP\Marine-Intelligence-Platform\marine-species-identification\data\raw\images\species_16\fish_000014979594_03600.png,raw\images\species_16\fish_000014979594_03600.png,fish_000014979594_03600.png,16,Lutjanus fulvus,Blacktail snapper,Lutjanidae,14979594,3600,164,124,1.323,3,RGB,PNG,34032,c380efdc5d9030e312203736943fb9c1,False,train
R:\PP\Marine-Intelligence-Platform\marine-species-identification\data\raw\images\species_16\fish_000014979594_03601.png,raw\images\species_16\fish_000014979594_03601.png,fish_000014979594_03601.png,16,Lutjanus fulvus,Blacktail snapper,Lutjanidae,14979594,3601,180,135,1.333,3,RGB,PNG,39780,6532cab93ab5d58952353b747af43c4a,False,train
R:\PP\Marine-Intelligence-Platform\marine-species-identification\data\raw\images\species_16\fish_000014979594_03602.png,raw\images\species_16\fish_000014979594_03602.png,fish_000014979594_03602.png,16,Lutjanus fulvus,Blacktail snapper,Lutjanidae,14979594,3602,184,140,1.314,3,RGB,PNG,41186,c74448322f3f078b365942a33510d8ee,False,train
R:\PP\Marine-Intelligence-Platform\marine-species-identification\data\raw\images\species_16\fish_000014979594_03603.png,raw\images\species_16\fish_000014979594_03603.png,fish_000014979594_03603.png,16,Lutjanus fulvus,Blacktail snapper,Lutjanidae,14979594,3603,180,139,1.295,3,RGB,PNG,37746,909ea075a9385dba468ed90a7861a7fb,False,train
R:\PP\Marine-Intelligence-Platform\marine-species-identification\data\raw\images\species_16\fish_000014979594_03604.png,raw\images\species_16\fish_000014979594_03604.png,fish_000014979594_03604.png,16,Lutjanus fulvus,Blacktail snapper,Lutjanidae,14979594,3604,164,133,1.233,3,RGB,PNG,33555,b9273f6374492992adde34fcc1810f33,False,train
R:\PP\Marine-Intelligence-Platform\marine-species-identification\data\raw\images\species_16\fish_000016299594_03616.png,raw\images\species_16\fish_000016299594_03616.png,fish_000016299594_03616.png,16,Lutjanus fulvus,Blacktail snapper,Lutjanidae,16299594,3616,251,222,1.131,3,RGB,PNG,75256,fb7d441dad575524c549d07b182188bc,False,train
R:\PP\Marine-Intelligence-Platform\marine-species-identification\data\raw\images\species_16\fish_000010519594_03470.png,raw\images\species_16\fish_000010519594_03470.png,fish_000010519594_03470.png,16,Lutjanus fulvus,Blacktail snapper,Lutjanidae,10519594,3470,119,94,1.266,3,RGB,PNG,17210,f87953c5a3f4a51ddab9032037befd90,False,train
R:\PP\Marine-Intelligence-Platform\marine-species-identification\data\raw\images\species_16\fish_000010519594_03471.png,raw\images\species_16\fish_000010519594_03471.png,fish_000010519594_03471.png,16,Lutjanus fulvus,Blacktail snapper,Lutjanidae,10519594,3471,131,97,1.351,3,RGB,PNG,22496,a38a33f0433ef18e59750004edb46629,False,train
R:\PP\Marine-Intelligence-Platform\marine-species-identification\data\raw\images\species_16\fish_000010519594_03472.png,raw\images\species_16\fish_000010519594_03472.png,fish_000010519594_03472.png,16,Lutjanus fulvus,Blacktail snapper,Lutjanidae,10519594,3472,147,110,1.336,3,RGB,PNG,28805,9b211b9b76080a4bf6f13ca1fa025305,False,train
R:\PP\Marine-Intelligence-Platform\marine-species-identification\data\raw\images\species_16\fish_000010519594_03473.png,raw\images\species_16\fish_000010519594_03473.png,fish_000010519594_03473.png,16,Lutjanus fulvus,Blacktail snapper,Lutjanidae,10519594,3473,148,107,1.383,3,RGB,PNG,28784,d0ad3b983ca481990b69a3040cf40d63,False,train
R:\PP\Marine-Intelligence-Platform\marine-species-identification\data\raw\images\species_16\fish_000010519594_03474.png,raw\images\species_16\fish_000010519594_03474.png,fish_000010519594_03474.png,16,Lutjanus fulvus,Blacktail snapper,Lutjanidae,10519594,3474,151,109,1.385,3,RGB,PNG,34808,003fc94c85a59183f3ef566e5a327e31,False,train
R:\PP\Marine-Intelligence-Platform\marine-species-identification\data\raw\images\species_16\fish_000010519594_03475.png,raw\images\species_16\fish_000010519594_03475.png,fish_000010519594_03475.png,16,Lutjanus fulvus,Blacktail snapper,Lutjanidae,10519594,3475,144,107,1.346,3,RGB,PNG,33594,3a2b470c16ac414b731b47cf3f62f155,False,train
R:\PP\Marine-Intelligence-Platform\marine-species-identification\data\raw\images\species_16\fish_000010519594_03476.png,raw\images\species_16\fish_000010519594_03476.png,fish_000010519594_03476.png,16,Lutjanus fulvus,Blacktail snapper,Lutjanidae,10519594,3476,151,112,1.348,3,RGB,PNG,36427,2e9fda78003014b6a6dfef73d2ce021c,False,train
R:\PP\Marine-Intelligence-Platform\marine-species-identification\data\raw\images\species_16\fish_000010519594_03477.png,raw\images\species_16\fish_000010519594_03477.png,fish_000010519594_03477.png,16,Lutjanus fulvus,Blacktail snapper,Lutjanidae,10519594,3477,148,105,1.41,3,RGB,PNG,33448,cae0fe1f62114916481eac7515ec545e,False,train
R:\PP\Marine-Intelligence-Platform\marine-species-identification\data\raw\images\species_16\fish_000010519594_03479.png,raw\images\species_16\fish_000010519594_03479.png,fish_000010519594_03479.png,16,Lutjanus fulvus,Blacktail snapper,Lutjanidae,10519594,3479,144,101,1.426,3,RGB,PNG,32366,8f48cc5d1e289325a7273199d8c212fb,False,train
R:\PP\Marine-Intelligence-Platform\marine-species-identification\data\raw\images\species_16\fish_000010519594_03480.png,raw\images\species_16\fish_000010519594_03480.png,fish_000010519594_03480.png,16,Lutjanus fulvus,Blacktail snapper,Lutjanidae,10519594,3480,147,106,1.387,3,RGB,PNG,33951,100edc2335bf2f2223a06b5f8f4e2a85,False,train
R:\PP\Marine-Intelligence-Platform\marine-species-identification\data\raw\images\species_16\fish_000010519594_03483.png,raw\images\species_16\fish_000010519594_03483.png,fish_000010519594_03483.png,16,Lutjanus fulvus,Blacktail snapper,Lutjanidae,10519594,3483,144,108,1.333,3,RGB,PNG,32582,ffd5978fd2de8e58e039a1c8f7474991,False,train
R:\PP\Marine-Intelligence-Platform\marine-species-identification\data\raw\images\species_16\fish_000010519594_03485.png,raw\images\species_16\fish_000010519594_03485.png,fish_000010519594_03485.png,16,Lutjanus fulvus,Blacktail snapper,Lutjanidae,10519594,3485,119,106,1.123,3,RGB,PNG,28811,5a4d42d7cfc0ce842186eadda1a105d1,False,train
R:\PP\Marine-Intelligence-Platform\marine-species-identification\data\raw\images\species_16\fish_000010519594_03487.png,raw\images\species_16\fish_000010519594_03487.png,fish_000010519594_03487.png,16,Lutjanus fulvus,Blacktail snapper,Lutjanidae,10519594,3487,112,127,0.882,3,RGB,PNG,31460,f5bf567db9d0567c7840e65e69bfc472,False,train
R:\PP\Marine-Intelligence-Platform\marine-species-identification\data\raw\images\species_16\fish_000010519594_03488.png,raw\images\species_16\fish_000010519594_03488.png,fish_000010519594_03488.png,16,Lutjanus fulvus,Blacktail snapper,Lutjanidae,10519594,3488,112,132,0.848,3,RGB,PNG,32113,873f53cfdb08c424d69210f625869e4c,False,train
R:\PP\Marine-Intelligence-Platform\marine-species-identification\data\raw\images\species_16\fish_000010519594_03489.png,raw\images\species_16\fish_000010519594_03489.png,fish_000010519594_03489.png,16,Lutjanus fulvus,Blacktail snapper,Lutjanidae,10519594,3489,108,148,0.73,3,RGB,PNG,33500,cfcc3765324d549b2ad84342baf207d5,False,train
R:\PP\Marine-Intelligence-Platform\marine-species-identification\data\raw\images\species_16\fish_000010519594_03490.png,raw\images\species_16\fish_000010519594_03490.png,fish_000010519594_03490.png,16,Lutjanus fulvus,Blacktail snapper,Lutjanidae,10519594,3490,121,163,0.742,3,RGB,PNG,38690,5f51b81dfcd4c5b78cdf05839d597932,False,train
R:\PP\Marine-Intelligence-Platform\marine-species-identification\data\raw\images\species_16\fish_000010519594_03491.png,raw\images\species_16\fish_000010519594_03491.png,fish_000010519594_03491.png,16,Lutjanus fulvus,Blacktail snapper,Lutjanidae,10519594,3491,131,148,0.885,3,RGB,PNG,38021,55262e69707b7b67a687b449af0c3c17,False,train
R:\PP\Marine-Intelligence-Platform\marine-species-identification\data\raw\images\species_16\fish_000010519594_03493.png,raw\images\species_16\fish_000010519594_03493.png,fish_000010519594_03493.png,16,Lutjanus fulvus,Blacktail snapper,Lutjanidae,10519594,3493,144,147,0.98,3,RGB,PNG,41925,d2e36de44c77677e950a9e65509853dd,False,train
R:\PP\Marine-Intelligence-Platform\marine-species-identification\data\raw\images\species_16\fish_000010519594_03496.png,raw\images\species_16\fish_000010519594_03496.png,fish_000010519594_03496.png,16,Lutjanus fulvus,Blacktail snapper,Lutjanidae,10519594,3496,153,163,0.939,3,RGB,PNG,49418,de5b2dfbe8cba1bc0e6954b0aebc7c99,False,train
R:\PP\Marine-Intelligence-Platform\marine-species-identification\data\raw\images\species_16\fish_000010519594_03497.png,raw\images\species_16\fish_000010519594_03497.png,fish_000010519594_03497.png,16,Lutjanus fulvus,Blacktail snapper,Lutjanidae,10519594,3497,176,166,1.06,3,RGB,PNG,57544,f1e10eadd85283a18afce26c429db3e2,False,train
R:\PP\Marine-Intelligence-Platform\marine-species-identification\data\raw\images\species_16\fish_000010519594_03499.png,raw\images\species_16\fish_000010519594_03499.png,fish_000010519594_03499.png,16,Lutjanus fulvus,Blacktail snapper,Lutjanidae,10519594,3499,171,152,1.125,3,RGB,PNG,52352,9f94082681a31cb5637459720952de4a,False,train
R:\PP\Marine-Intelligence-Platform\marine-species-identification\data\raw\images\species_16\fish_000010519594_03501.png,raw\images\species_16\fish_000010519594_03501.png,fish_000010519594_03501.png,16,Lutjanus fulvus,Blacktail snapper,Lutjanidae,10519594,3501,176,151,1.166,3,RGB,PNG,53281,ef1acdd4a14c58a1411aeda7130d5511,False,train
R:\PP\Marine-Intelligence-Platform\marine-species-identification\data\raw\images\species_16\fish_000010519594_03503.png,raw\images\species_16\fish_000010519594_03503.png,fish_000010519594_03503.png,16,Lutjanus fulvus,Blacktail snapper,Lutjanidae,10519594,3503,203,171,1.187,3,RGB,PNG,71182,9d65527c6a5a619e04102a8013edae79,False,train
R:\PP\Marine-Intelligence-Platform\marine-species-identification\data\raw\images\species_16\fish_000010519594_03504.png,raw\images\species_16\fish_000010519594_03504.png,fish_000010519594_03504.png,16,Lutjanus fulvus,Blacktail snapper,Lutjanidae,10519594,3504,180,161,1.118,3,RGB,PNG,61831,81d71b9bbff3d132534ae82b49753761,False,train
R:\PP\Marine-Intelligence-Platform\marine-species-identification\data\raw\images\species_16\fish_000010519594_03505.png,raw\images\species_16\fish_000010519594_03505.png,fish_000010519594_03505.png,16,Lutjanus fulvus,Blacktail snapper,Lutjanidae,10519594,3505,183,166,1.102,3,RGB,PNG,64618,ee76160e0ff0c10a2acf260a74709e0f,False,train
R:\PP\Marine-Intelligence-Platform\marine-species-identification\data\raw\images\species_16\fish_000010519594_03506.png,raw\images\species_16\fish_000010519594_03506.png,fish_000010519594_03506.png,16,Lutjanus fulvus,Blacktail snapper,Lutjanidae,10519594,3506,151,145,1.041,3,RGB,PNG,46728,e399b8adb506acb11db2d77683d85883,False,train
R:\PP\Marine-Intelligence-Platform\marine-species-identification\data\raw\images\species_16\fish_000010519594_03507.png,raw\images\species_16\fish_000010519594_03507.png,fish_000010519594_03507.png,16,Lutjanus fulvus,Blacktail snapper,Lutjanidae,10519594,3507,139,136,1.022,3,RGB,PNG,40662,9e9ca2f63d7651f20a987c81e8e070d4,False,train
R:\PP\Marine-Intelligence-Platform\marine-species-identification\data\raw\images\species_16\fish_000010519594_03508.png,raw\images\species_16\fish_000010519594_03508.png,fish_000010519594_03508.png,16,Lutjanus fulvus,Blacktail snapper,Lutjanidae,10519594,3508,130,132,0.985,3,RGB,PNG,36691,d96418b248e46a6744d0e909cb6804ce,False,train
R:\PP\Marine-Intelligence-Platform\marine-species-identification\data\raw\images\species_16\fish_000010519594_03509.png,raw\images\species_16\fish_000010519594_03509.png,fish_000010519594_03509.png,16,Lutjanus fulvus,Blacktail snapper,Lutjanidae,10519594,3509,94,112,0.839,3,RGB,PNG,22610,ea01b651272aa9fd645d5289cfc11470,False,train
R:\PP\Marine-Intelligence-Platform\marine-species-identification\data\raw\images\species_16\fish_000010519594_03511.png,raw\images\species_16\fish_000010519594_03511.png,fish_000010519594_03511.png,16,Lutjanus fulvus,Blacktail snapper,Lutjanidae,10519594,3511,89,112,0.795,3,RGB,PNG,21351,e2a72d0e9d10bde7725ba90661fb6090,False,train
R:\PP\Marine-Intelligence-Platform\marine-species-identification\data\raw\images\species_16\fish_000010519594_03513.png,raw\images\species_16\fish_000010519594_03513.png,fish_000010519594_03513.png,16,Lutjanus fulvus,Blacktail snapper,Lutjanidae,10519594,3513,96,119,0.807,3,RGB,PNG,24236,f0d9319bf52cc34cfabeaa1b32ed3e93,False,train
R:\PP\Marine-Intelligence-Platform\marine-species-identification\data\raw\images\species_16\fish_000010519594_03514.png,raw\images\species_16\fish_000010519594_03514.png,fish_000010519594_03514.png,16,Lutjanus fulvus,Blacktail snapper,Lutjanidae,10519594,3514,85,116,0.733,3,RGB,PNG,20930,e6be0e986049efe99d203e2216d448d8,False,train
R:\PP\Marine-Intelligence-Platform\marine-species-identification\data\raw\images\species_16\fish_000010519594_03517.png,raw\images\species_16\fish_000010519594_03517.png,fish_000010519594_03517.png,16,Lutjanus fulvus,Blacktail snapper,Lutjanidae,10519594,3517,98,104,0.942,3,RGB,PNG,21497,3e22d6b8fc03550e6ec3fe32d871a4b7,False,train
R:\PP\Marine-Intelligence-Platform\marine-species-identification\data\raw\images\species_16\fish_000010519594_03519.png,raw\images\species_16\fish_000010519594_03519.png,fish_000010519594_03519.png,16,Lutjanus fulvus,Blacktail snapper,Lutjanidae,10519594,3519,155,138,1.123,3,RGB,PNG,33502,b4d1b7a890651b87bd79e0a6ee3140be,False,train
R:\PP\Marine-Intelligence-Platform\marine-species-identification\data\raw\images\species_16\fish_000010089594_03481.png,raw\images\species_16\fish_000010089594_03481.png,fish_000010089594_03481.png,16,Lutjanus fulvus,Blacktail snapper,Lutjanidae,10089594,3481,100,84,1.19,3,RGB,PNG,16769,3aae781e52199104cb09c23bab0518fd,False,train
R:\PP\Marine-Intelligence-Platform\marine-species-identification\data\raw\images\species_16\fish_000010089594_03484.png,raw\images\species_16\fish_000010089594_03484.png,fish_000010089594_03484.png,16,Lutjanus fulvus,Blacktail snapper,Lutjanidae,10089594,3484,115,92,1.25,3,RGB,PNG,19115,a3753787b63bcc82b0793ebbbed2ed2d,False,train
R:\PP\Marine-Intelligence-Platform\marine-species-identification\data\raw\images\species_16\fish_000010089594_03486.png,raw\images\species_16\fish_000010089594_03486.png,fish_000010089594_03486.png,16,Lutjanus fulvus,Blacktail snapper,Lutjanidae,10089594,3486,143,99,1.444,3,RGB,PNG,22239,0e769a74583b9317399b4aca0262d6e5,False,train
R:\PP\Marine-Intelligence-Platform\marine-species-identification\data\raw\images\species_16\fish_000004939594_03461.png,raw\images\species_16\fish_000004939594_03461.png,fish_000004939594_03461.png,16,Lutjanus fulvus,Blacktail snapper,Lutjanidae,4939594,3461,90,116,0.776,3,RGB,PNG,15273,49cb0deea29efc7f200b46b6171aeeae,False,train
R:\PP\Marine-Intelligence-Platform\marine-species-identification\data\raw\images\species_16\fish_000004939594_03462.png,raw\images\species_16\fish_000004939594_03462.png,fish_000004939594_03462.png,16,Lutjanus fulvus,Blacktail snapper,Lutjanidae,4939594,3462,169,195,0.867,3,RGB,PNG,56759,ccab8b85d96e6497b07a63565407df3d,False,train
R:\PP\Marine-Intelligence-Platform\marine-species-identification\data\raw\images\species_16\fish_000004939594_03463.png,raw\images\species_16\fish_000004939594_03463.png,fish_000004939594_03463.png,16,Lutjanus fulvus,Blacktail snapper,Lutjanidae,4939594,3463,147,175,0.84,3,RGB,PNG,53139,d2d719b2e93e5eb55b8e3460c5cfba58,False,train
R:\PP\Marine-Intelligence-Platform\marine-species-identification\data\raw\images\species_16\fish_000004939594_03464.png,raw\images\species_16\fish_000004939594_03464.png,fish_000004939594_03464.png,16,Lutjanus fulvus,Blacktail snapper,Lutjanidae,4939594,3464,151,176,0.858,3,RGB,PNG,53848,d1403cd92142c091a2d556bd8b08d979,False,train
R:\PP\Marine-Intelligence-Platform\marine-species-identification\data\raw\images\species_16\fish_000004939594_03465.png,raw\images\species_16\fish_000004939594_03465.png,fish_000004939594_03465.png,16,Lutjanus fulvus,Blacktail snapper,Lutjanidae,4939594,3465,169,199,0.849,3,RGB,PNG,64039,638171d031b0d0d37b20dc026dfb7f08,False,train
R:\PP\Marine-Intelligence-Platform\marine-species-identification\data\raw\images\species_16\fish_000004939594_03466.png,raw\images\species_16\fish_000004939594_03466.png,fish_000004939594_03466.png,16,Lutjanus fulvus,Blacktail snapper,Lutjanidae,4939594,3466,170,200,0.85,3,RGB,PNG,63335,35b806b20de06a69e9aa10058c78842b,False,train
R:\PP\Marine-Intelligence-Platform\marine-species-identification\data\raw\images\species_16\fish_000004939594_03467.png,raw\images\species_16\fish_000004939594_03467.png,fish_000004939594_03467.png,16,Lutjanus fulvus,Blacktail snapper,Lutjanidae,4939594,3467,201,207,0.971,3,RGB,PNG,72334,9c15d5b30cf2379b582a74a8e4366057,False,train
R:\PP\Marine-Intelligence-Platform\marine-species-identification\data\raw\images\species_16\fish_000004939594_03468.png,raw\images\species_16\fish_000004939594_03468.png,fish_000004939594_03468.png,16,Lutjanus fulvus,Blacktail snapper,Lutjanidae,4939594,3468,219,214,1.023,3,RGB,PNG,78469,838b4484e1628e474d8a686793c02571,False,train
R:\PP\Marine-Intelligence-Platform\marine-species-identification\data\raw\images\species_16\fish_000004939594_03469.png,raw\images\species_16\fish_000004939594_03469.png,fish_000004939594_03469.png,16,Lutjanus fulvus,Blacktail snapper,Lutjanidae,4939594,3469,243,224,1.085,3,RGB,PNG,87663,e4b46f4ddda29ea585eebb7cb06502fe,False,train
R:\PP\Marine-Intelligence-Platform\marine-species-identification\data\raw\images\species_07\fish_003445105304_15435.png,raw\images\species_07\fish_003445105304_15435.png,fish_003445105304_15435.png,7,Myripristis kuntee,Shoulderspot soldierfish,Holocentridae,3445105304,15435,107,98,1.092,3,RGB,PNG,9651,0cefe1fe1dcf14c29c579832734534a0,False,train
R:\PP\Marine-Intelligence-Platform\marine-species-identification\data\raw\images\species_07\fish_003445105304_16841.png,raw\images\species_07\fish_003445105304_16841.png,fish_003445105304_16841.png,7,Myripristis kuntee,Shoulderspot soldierfish,Holocentridae,3445105304,16841,103,101,1.02,3,RGB,PNG,9724,c77071ae5217d586d626b9ded0afdb78,False,train
R:\PP\Marine-Intelligence-Platform\marine-species-identification\data\raw\images\species_07\fish_003445125304_15422.png,raw\images\species_07\fish_003445125304_15422.png,fish_003445125304_15422.png,7,Myripristis kuntee,Shoulderspot soldierfish,Holocentridae,3445125304,15422,115,97,1.186,3,RGB,PNG,17378,ebc0787140346caa99ea968aaadca33e,False,train
R:\PP\Marine-Intelligence-Platform\marine-species-identification\data\raw\images\species_07\fish_000005419596_03791.png,raw\images\species_07\fish_000005419596_03791.png,fish_000005419596_03791.png,7,Myripristis kuntee,Shoulderspot soldierfish,Holocentridae,5419596,3791,38,39,0.974,3,RGB,PNG,2147,4b5eb2fd118195345626877e2c5383ec,False,train
R:\PP\Marine-Intelligence-Platform\marine-species-identification\data\raw\images\species_07\fish_000005419596_03793.png,raw\images\species_07\fish_000005419596_03793.png,fish_000005419596_03793.png,7,Myripristis kuntee,Shoulderspot soldierfish,Holocentridae,5419596,3793,43,41,1.049,3,RGB,PNG,2504,3699564609cf071112d3f1ad5b691359,False,train
R:\PP\Marine-Intelligence-Platform\marine-species-identification\data\raw\images\species_07\fish_000005419596_03794.png,raw\images\species_07\fish_000005419596_03794.png,fish_000005419596_03794.png,7,Myripristis kuntee,Shoulderspot soldierfish,Holocentridae,5419596,3794,47,42,1.119,3,RGB,PNG,2700,a56891fdd2f2bea274104bf404e10b4e,False,train
R:\PP\Marine-Intelligence-Platform\marine-species-identification\data\raw\images\species_07\fish_000005419596_03795.png,raw\images\species_07\fish_000005419596_03795.png,fish_000005419596_03795.png,7,Myripristis kuntee,Shoulderspot soldierfish,Holocentridae,5419596,3795,41,44,0.932,3,RGB,PNG,2512,845058cb7b808380b7f563310ebd78c6,False,train
R:\PP\Marine-Intelligence-Platform\marine-species-identification\data\raw\images\species_07\fish_000005099596_03785.png,raw\images\species_07\fish_000005099596_03785.png,fish_000005099596_03785.png,7,Myripristis kuntee,Shoulderspot soldierfish,Holocentridae,5099596,3785,37,39,0.949,3,RGB,PNG,1936,757b0adafc4f90e43f78d93dde931e1d,False,train
R:\PP\Marine-Intelligence-Platform\marine-species-identification\data\raw\images\species_07\fish_004536267356_12315.png,raw\images\species_07\fish_004536267356_12315.png,fish_004536267356_12315.png,7,Myripristis kuntee,Shoulderspot soldierfish,Holocentridae,4536267356,12315,95,73,1.301,3,RGB,PNG,12345,9f51c8193d43abe74567b8126995ca5b,False,train
R:\PP\Marine-Intelligence-Platform\marine-species-identification\data\raw\images\species_07\fish_004536267356_12318.png,raw\images\species_07\fish_004536267356_12318.png,fish_004536267356_12318.png,7,Myripristis kuntee,Shoulderspot soldierfish,Holocentridae,4536267356,12318,100,76,1.316,3,RGB,PNG,13580,1b015afd45336ea7c239f2c6d4d44ddb,False,train
R:\PP\Marine-Intelligence-Platform\marine-species-identification\data\raw\images\species_07\fish_000005489596_03797.png,raw\images\species_07\fish_000005489596_03797.png,fish_000005489596_03797.png,7,Myripristis kuntee,Shoulderspot soldierfish,Holocentridae,5489596,3797,41,47,0.872,3,RGB,PNG,2561,1439fc0a2cf1edd76cf31306ee573ddd,False,train
R:\PP\Marine-Intelligence-Platform\marine-species-identification\data\raw\images\species_07\fish_000005489596_03799.png,raw\images\species_07\fish_000005489596_03799.png,fish_000005489596_03799.png,7,Myripristis kuntee,Shoulderspot soldierfish,Holocentridae,5489596,3799,44,43,1.023,3,RGB,PNG,2632,6eae8951ba6c892c4353fa01c6a05d11,False,train
R:\PP\Marine-Intelligence-Platform\marine-species-identification\data\raw\images\species_07\fish_000005489596_03801.png,raw\images\species_07\fish_000005489596_03801.png,fish_000005489596_03801.png,7,Myripristis kuntee,Shoulderspot soldierfish,Holocentridae,5489596,3801,44,47,0.936,3,RGB,PNG,2858,b650819749d8112710f454cec74fa452,False,train
R:\PP\Marine-Intelligence-Platform\marine-species-identification\data\raw\images\species_07\fish_000013310001_01199.png,raw\images\species_07\fish_000013310001_01199.png,fish_000013310001_01199.png,7,Myripristis kuntee,Shoulderspot soldierfish,Holocentridae,13310001,1199,116,86,1.349,3,RGB,PNG,19099,afb5ebd2cdedda603cccfe2f9ae9afb6,False,train
R:\PP\Marine-Intelligence-Platform\marine-species-identification\data\raw\images\species_07\fish_000013310001_01200.png,raw\images\species_07\fish_000013310001_01200.png,fish_000013310001_01200.png,7,Myripristis kuntee,Shoulderspot soldierfish,Holocentridae,13310001,1200,144,106,1.358,3,RGB,PNG,27424,0f001764409b66f36f002742fb27db36,False,train
R:\PP\Marine-Intelligence-Platform\marine-species-identification\data\raw\images\species_07\fish_000013310001_01201.png,raw\images\species_07\fish_000013310001_01201.png,fish_000013310001_01201.png,7,Myripristis kuntee,Shoulderspot soldierfish,Holocentridae,13310001,1201,124,94,1.319,3,RGB,PNG,21488,c4ac5ffe05d048a5cba4677bf0d0d1a0,False,train
R:\PP\Marine-Intelligence-Platform\marine-species-identification\data\raw\images\species_07\fish_000013310001_01202.png,raw\images\species_07\fish_000013310001_01202.png,fish_000013310001_01202.png,7,Myripristis kuntee,Shoulderspot soldierfish,Holocentridae,13310001,1202,128,95,1.347,3,RGB,PNG,21403,ab777a19bd5579567911d357bfa54a05,False,train
R:\PP\Marine-Intelligence-Platform\marine-species-identification\data\raw\images\species_07\fish_000013310001_01203.png,raw\images\species_07\fish_000013310001_01203.png,fish_000013310001_01203.png,7,Myripristis kuntee,Shoulderspot soldierfish,Holocentridae,13310001,1203,100,82,1.22,3,RGB,PNG,13048,774dc8a3e51cd6af9bf4824c1eec3d32,False,train
R:\PP\Marine-Intelligence-Platform\marine-species-identification\data\raw\images\species_07\fish_000013310001_01204.png,raw\images\species_07\fish_000013310001_01204.png,fish_000013310001_01204.png,7,Myripristis kuntee,Shoulderspot soldierfish,Holocentridae,13310001,1204,88,79,1.114,3,RGB,PNG,8534,750c9d294eafbfce1e58c123401fb20f,False,train
R:\PP\Marine-Intelligence-Platform\marine-species-identification\data\raw\images\species_07\fish_000013310001_01206.png,raw\images\species_07\fish_000013310001_01206.png,fish_000013310001_01206.png,7,Myripristis kuntee,Shoulderspot soldierfish,Holocentridae,13310001,1206,107,89,1.202,3,RGB,PNG,11460,a004ac95b0a69cab7fe931eec46100a1,False,train
R:\PP\Marine-Intelligence-Platform\marine-species-identification\data\raw\images\species_07\fish_000013310001_01207.png,raw\images\species_07\fish_000013310001_01207.png,fish_000013310001_01207.png,7,Myripristis kuntee,Shoulderspot soldierfish,Holocentridae,13310001,1207,120,105,1.143,3,RGB,PNG,14916,3eea191fe67aba792287d4abe162e46e,False,train
R:\PP\Marine-Intelligence-Platform\marine-species-identification\data\raw\images\species_07\fish_000013310001_01208.png,raw\images\species_07\fish_000013310001_01208.png,fish_000013310001_01208.png,7,Myripristis kuntee,Shoulderspot soldierfish,Holocentridae,13310001,1208,144,118,1.22,3,RGB,PNG,19714,b0b71a5e9e26c4c6fc5586592b2c5af9,False,train
R:\PP\Marine-Intelligence-Platform\marine-species-identification\data\raw\images\species_07\fish_000013310001_01209.png,raw\images\species_07\fish_000013310001_01209.png,fish_000013310001_01209.png,7,Myripristis kuntee,Shoulderspot soldierfish,Holocentridae,13310001,1209,106,127,0.835,3,RGB,PNG,16206,bebceec484b0527544e769f1eb4c5e14,False,train
R:\PP\Marine-Intelligence-Platform\marine-species-identification\data\raw\images\species_07\fish_000013310001_01211.png,raw\images\species_07\fish_000013310001_01211.png,fish_000013310001_01211.png,7,Myripristis kuntee,Shoulderspot soldierfish,Holocentridae,13310001,1211,98,119,0.824,3,RGB,PNG,13493,c8844047397f18821936771ce18324a7,False,train
R:\PP\Marine-Intelligence-Platform\marine-species-identification\data\raw\images\species_07\fish_000013310001_01212.png,raw\images\species_07\fish_000013310001_01212.png,fish_000013310001_01212.png,7,Myripristis kuntee,Shoulderspot soldierfish,Holocentridae,13310001,1212,78,87,0.897,3,RGB,PNG,8138,29d5c202764b0f14c8ac5371ef395291,False,train
R:\PP\Marine-Intelligence-Platform\marine-species-identification\data\raw\images\species_07\fish_000013310001_01213.png,raw\images\species_07\fish_000013310001_01213.png,fish_000013310001_01213.png,7,Myripristis kuntee,Shoulderspot soldierfish,Holocentridae,13310001,1213,88,88,1.0,3,RGB,PNG,9576,bcd00ef1eb198c43734f8546a7b35da6,False,train
R:\PP\Marine-Intelligence-Platform\marine-species-identification\data\raw\images\species_07\fish_000013310001_01214.png,raw\images\species_07\fish_000013310001_01214.png,fish_000013310001_01214.png,7,Myripristis kuntee,Shoulderspot soldierfish,Holocentridae,13310001,1214,115,87,1.322,3,RGB,PNG,12448,f3a2e03edf407b382633426fc8ba273d,False,train
R:\PP\Marine-Intelligence-Platform\marine-species-identification\data\raw\images\species_07\fish_000013310001_01215.png,raw\images\species_07\fish_000013310001_01215.png,fish_000013310001_01215.png,7,Myripristis kuntee,Shoulderspot soldierfish,Holocentridae,13310001,1215,127,97,1.309,3,RGB,PNG,14883,84cd767518f472778c96e8360c4e87e5,False,train
R:\PP\Marine-Intelligence-Platform\marine-species-identification\data\raw\images\species_07\fish_000013310001_01216.png,raw\images\species_07\fish_000013310001_01216.png,fish_000013310001_01216.png,7,Myripristis kuntee,Shoulderspot soldierfish,Holocentridae,13310001,1216,124,96,1.292,3,RGB,PNG,14446,6e0336ce98ff0a52692d00d14449aea3,False,train
R:\PP\Marine-Intelligence-Platform\marine-species-identification\data\raw\images\species_07\fish_000013310001_01217.png,raw\images\species_07\fish_000013310001_01217.png,fish_000013310001_01217.png,7,Myripristis kuntee,Shoulderspot soldierfish,Holocentridae,13310001,1217,112,93,1.204,3,RGB,PNG,12190,f0b2a8c287b2bbb2279a2f329c277855,False,train
R:\PP\Marine-Intelligence-Platform\marine-species-identification\data\raw\images\species_07\fish_000013310001_01218.png,raw\images\species_07\fish_000013310001_01218.png,fish_000013310001_01218.png,7,Myripristis kuntee,Shoulderspot soldierfish,Holocentridae,13310001,1218,112,96,1.167,3,RGB,PNG,11649,c80edd87b8053aaa07dbe3c53d726c76,False,train
R:\PP\Marine-Intelligence-Platform\marine-species-identification\data\raw\images\species_07\fish_000013310001_01219.png,raw\images\species_07\fish_000013310001_01219.png,fish_000013310001_01219.png,7,Myripristis kuntee,Shoulderspot soldierfish,Holocentridae,13310001,1219,132,99,1.333,3,RGB,PNG,14624,e69cede87b3bc5cdc5338f16e57b726a,False,train
R:\PP\Marine-Intelligence-Platform\marine-species-identification\data\raw\images\species_07\fish_000013310001_01220.png,raw\images\species_07\fish_000013310001_01220.png,fish_000013310001_01220.png,7,Myripristis kuntee,Shoulderspot soldierfish,Holocentridae,13310001,1220,135,99,1.364,3,RGB,PNG,15960,f2a11404f5d75e2f2326d0c9866132a9,False,train
R:\PP\Marine-Intelligence-Platform\marine-species-identification\data\raw\images\species_07\fish_000013310001_01221.png,raw\images\species_07\fish_000013310001_01221.png,fish_000013310001_01221.png,7,Myripristis kuntee,Shoulderspot soldierfish,Holocentridae,13310001,1221,144,102,1.412,3,RGB,PNG,17313,a6dd0bc35173c32b5e53885fea6ff180,False,train
R:\PP\Marine-Intelligence-Platform\marine-species-identification\data\raw\images\species_07\fish_000013310001_01223.png,raw\images\species_07\fish_000013310001_01223.png,fish_000013310001_01223.png,7,Myripristis kuntee,Shoulderspot soldierfish,Holocentridae,13310001,1223,112,92,1.217,3,RGB,PNG,12405,5506a11799964ba189ab0e62b9a4f238,False,train
R:\PP\Marine-Intelligence-Platform\marine-species-identification\data\raw\images\species_07\fish_000013310001_01224.png,raw\images\species_07\fish_000013310001_01224.png,fish_000013310001_01224.png,7,Myripristis kuntee,Shoulderspot soldierfish,Holocentridae,13310001,1224,119,94,1.266,3,RGB,PNG,15176,f4977d2e255ab26051ed43286039fb24,False,train
R:\PP\Marine-Intelligence-Platform\marine-species-identification\data\raw\images\species_07\fish_000013310001_01225.png,raw\images\species_07\fish_000013310001_01225.png,fish_000013310001_01225.png,7,Myripristis kuntee,Shoulderspot soldierfish,Holocentridae,13310001,1225,127,101,1.257,3,RGB,PNG,16885,ac6a1ea2a12ebaf84dc19bcd7e7786ac,False,train
R:\PP\Marine-Intelligence-Platform\marine-species-identification\data\raw\images\species_07\fish_000013640001_01355.png,raw\images\species_07\fish_000013640001_01355.png,fish_000013640001_01355.png,7,Myripristis kuntee,Shoulderspot soldierfish,Holocentridae,13640001,1355,84,68,1.235,3,RGB,PNG,7431,654937ed1e96ed156d8d8947d477e637,False,train
R:\PP\Marine-Intelligence-Platform\marine-species-identification\data\raw\images\species_07\fish_000013640001_01356.png,raw\images\species_07\fish_000013640001_01356.png,fish_000013640001_01356.png,7,Myripristis kuntee,Shoulderspot soldierfish,Holocentridae,13640001,1356,88,70,1.257,3,RGB,PNG,7890,2579c524385e0522d3c1ad5527a30090,False,train
R:\PP\Marine-Intelligence-Platform\marine-species-identification\data\raw\images\species_07\fish_000013640001_01357.png,raw\images\species_07\fish_000013640001_01357.png,fish_000013640001_01357.png,7,Myripristis kuntee,Shoulderspot soldierfish,Holocentridae,13640001,1357,92,73,1.26,3,RGB,PNG,8430,b6acf818099ae81a86a9186bcf4d273c,False,train
R:\PP\Marine-Intelligence-Platform\marine-species-identification\data\raw\images\species_07\fish_000013640001_01358.png,raw\images\species_07\fish_000013640001_01358.png,fish_000013640001_01358.png,7,Myripristis kuntee,Shoulderspot soldierfish,Holocentridae,13640001,1358,96,75,1.28,3,RGB,PNG,8860,10560a7a231ce36abd9867076b567cf3,False,train
R:\PP\Marine-Intelligence-Platform\marine-species-identification\data\raw\images\species_07\fish_000013640001_01359.png,raw\images\species_07\fish_000013640001_01359.png,fish_000013640001_01359.png,7,Myripristis kuntee,Shoulderspot soldierfish,Holocentridae,13640001,1359,92,74,1.243,3,RGB,PNG,8434,443407adec55e280d76de322d5aab220,False,train
R:\PP\Marine-Intelligence-Platform\marine-species-identification\data\raw\images\species_07\fish_000013640001_01361.png,raw\images\species_07\fish_000013640001_01361.png,fish_000013640001_01361.png,7,Myripristis kuntee,Shoulderspot soldierfish,Holocentridae,13640001,1361,96,76,1.263,3,RGB,PNG,8803,3f165ec8a3628da1b18dba450cc7642f,False,train
R:\PP\Marine-Intelligence-Platform\marine-species-identification\data\raw\images\species_07\fish_000013640001_01362.png,raw\images\species_07\fish_000013640001_01362.png,fish_000013640001_01362.png,7,Myripristis kuntee,Shoulderspot soldierfish,Holocentridae,13640001,1362,88,72,1.222,3,RGB,PNG,7736,c1db946ca45ddc84e14a11d1cd3b8f4b,False,train
R:\PP\Marine-Intelligence-Platform\marine-species-identification\data\raw\images\species_07\fish_000013640001_01363.png,raw\images\species_07\fish_000013640001_01363.png,fish_000013640001_01363.png,7,Myripristis kuntee,Shoulderspot soldierfish,Holocentridae,13640001,1363,103,79,1.304,3,RGB,PNG,9079,fd400ab151b8a5b6c8cfd7debd3513aa,False,train
R:\PP\Marine-Intelligence-Platform\marine-species-identification\data\raw\images\species_07\fish_000013640001_01364.png,raw\images\species_07\fish_000013640001_01364.png,fish_000013640001_01364.png,7,Myripristis kuntee,Shoulderspot soldierfish,Holocentridae,13640001,1364,99,76,1.303,3,RGB,PNG,8576,03e794917640b747a1431abb93f1300d,False,train
R:\PP\Marine-Intelligence-Platform\marine-species-identification\data\raw\images\species_07\fish_000013640001_01365.png,raw\images\species_07\fish_000013640001_01365.png,fish_000013640001_01365.png,7,Myripristis kuntee,Shoulderspot soldierfish,Holocentridae,13640001,1365,95,72,1.319,3,RGB,PNG,7892,a96c2a2b87507eee55a82a3740085592,False,train
R:\PP\Marine-Intelligence-Platform\marine-species-identification\data\raw\images\species_07\fish_000026140001_02543.png,raw\images\species_07\fish_000026140001_02543.png,fish_000026140001_02543.png,7,Myripristis kuntee,Shoulderspot soldierfish,Holocentridae,26140001,2543,112,84,1.333,3,RGB,PNG,17833,c08e02d310dd389cb83222f8af437c3a,False,train
R:\PP\Marine-Intelligence-Platform\marine-species-identification\data\raw\images\species_07\fish_000026140001_02544.png,raw\images\species_07\fish_000026140001_02544.png,fish_000026140001_02544.png,7,Myripristis kuntee,Shoulderspot soldierfish,Holocentridae,26140001,2544,112,84,1.333,3,RGB,PNG,17375,890bd2eb9bf512abd246fc7dc2c9ad6d,False,train
R:\PP\Marine-Intelligence-Platform\marine-species-identification\data\raw\images\species_07\fish_000026140001_02545.png,raw\images\species_07\fish_000026140001_02545.png,fish_000026140001_02545.png,7,Myripristis kuntee,Shoulderspot soldierfish,Holocentridae,26140001,2545,107,83,1.289,3,RGB,PNG,16225,697ffae80d41c403ab1d25038d57fac3,False,train
R:\PP\Marine-Intelligence-Platform\marine-species-identification\data\raw\images\species_07\fish_000026140001_02546.png,raw\images\species_07\fish_000026140001_02546.png,fish_000026140001_02546.png,7,Myripristis kuntee,Shoulderspot soldierfish,Holocentridae,26140001,2546,103,78,1.321,3,RGB,PNG,13566,4b512c875ca0d2e444771376d2a537fc,False,train
R:\PP\Marine-Intelligence-Platform\marine-species-identification\data\raw\images\species_07\fish_000026140001_02547.png,raw\images\species_07\fish_000026140001_02547.png,fish_000026140001_02547.png,7,Myripristis kuntee,Shoulderspot soldierfish,Holocentridae,26140001,2547,103,76,1.355,3,RGB,PNG,12999,b1c648c666c3feaa3b408ed84a68a3e5,False,train
R:\PP\Marine-Intelligence-Platform\marine-species-identification\data\raw\images\species_07\fish_004521607325_15415.png,raw\images\species_07\fish_004521607325_15415.png,fish_004521607325_15415.png,7,Myripristis kuntee,Shoulderspot soldierfish,Holocentridae,4521607325,15415,96,80,1.2,3,RGB,PNG,10062,fd35bea256da418b373640d29601e5d9,False,train
R:\PP\Marine-Intelligence-Platform\marine-species-identification\data\raw\images\species_07\fish_004536227356_12323.png,raw\images\species_07\fish_004536227356_12323.png,fish_004536227356_12323.png,7,Myripristis kuntee,Shoulderspot soldierfish,Holocentridae,4536227356,12323,96,81,1.185,3,RGB,PNG,11924,4a4d9e04ff7ea5b7b5e804e70cf18c62,False,train
R:\PP\Marine-Intelligence-Platform\marine-species-identification\data\raw\images\species_07\fish_000026240001_02556.png,raw\images\species_07\fish_000026240001_02556.png,fish_000026240001_02556.png,7,Myripristis kuntee,Shoulderspot soldierfish,Holocentridae,26240001,2556,88,73,1.205,3,RGB,PNG,9778,de88f54b8bbeaa30ba4d374fcf32a1b6,False,train
R:\PP\Marine-Intelligence-Platform\marine-species-identification\data\raw\images\species_07\fish_000026240001_02557.png,raw\images\species_07\fish_000026240001_02557.png,fish_000026240001_02557.png,7,Myripristis kuntee,Shoulderspot soldierfish,Holocentridae,26240001,2557,108,85,1.271,3,RGB,PNG,13957,d43df5fc108e614a544afceadb7b8840,False,train
R:\PP\Marine-Intelligence-Platform\marine-species-identification\data\raw\images\species_07\fish_000026240001_02558.png,raw\images\species_07\fish_000026240001_02558.png,fish_000026240001_02558.png,7,Myripristis kuntee,Shoulderspot soldierfish,Holocentridae,26240001,2558,107,85,1.259,3,RGB,PNG,13819,59991675607fdc486bd5fa25bb7a95d3,False,train
R:\PP\Marine-Intelligence-Platform\marine-species-identification\data\raw\images\species_07\fish_000026240001_02559.png,raw\images\species_07\fish_000026240001_02559.png,fish_000026240001_02559.png,7,Myripristis kuntee,Shoulderspot soldierfish,Holocentridae,26240001,2559,116,87,1.333,3,RGB,PNG,14942,e4748e1a9647bb9836324b698801ca0a,False,train
R:\PP\Marine-Intelligence-Platform\marine-species-identification\data\raw\images\species_07\fish_000026240001_02560.png,raw\images\species_07\fish_000026240001_02560.png,fish_000026240001_02560.png,7,Myripristis kuntee,Shoulderspot soldierfish,Holocentridae,26240001,2560,119,88,1.352,3,RGB,PNG,15198,bebf9f58f75706a72b37add0392cb9db,False,train
R:\PP\Marine-Intelligence-Platform\marine-species-identification\data\raw\images\species_07\fish_000026240001_02561.png,raw\images\species_07\fish_000026240001_02561.png,fish_000026240001_02561.png,7,Myripristis kuntee,Shoulderspot soldierfish,Holocentridae,26240001,2561,115,86,1.337,3,RGB,PNG,14783,34f8c8750750ad2aea0267840f9687a8,False,train
R:\PP\Marine-Intelligence-Platform\marine-species-identification\data\raw\images\species_07\fish_000026240001_02562.png,raw\images\species_07\fish_000026240001_02562.png,fish_000026240001_02562.png,7,Myripristis kuntee,Shoulderspot soldierfish,Holocentridae,26240001,2562,108,84,1.286,3,RGB,PNG,13694,8c216a92c93d887be8df6344d22eb5a6,False,train
R:\PP\Marine-Intelligence-Platform\marine-species-identification\data\raw\images\species_07\fish_000026240001_02563.png,raw\images\species_07\fish_000026240001_02563.png,fish_000026240001_02563.png,7,Myripristis kuntee,Shoulderspot soldierfish,Holocentridae,26240001,2563,107,83,1.289,3,RGB,PNG,13337,919183890f945241841b6f3d53d2570d,False,train
R:\PP\Marine-Intelligence-Platform\marine-species-identification\data\raw\images\species_07\fish_003537465434_15257.png,raw\images\species_07\fish_003537465434_15257.png,fish_003537465434_15257.png,7,Myripristis kuntee,Shoulderspot soldierfish,Holocentridae,3537465434,15257,91,72,1.264,3,RGB,PNG,8697,ae17783c35386fed813b9151d9a18535,False,train
R:\PP\Marine-Intelligence-Platform\marine-species-identification\data\raw\images\species_07\fish_000015059596_03977.png,raw\images\species_07\fish_000015059596_03977.png,fish_000015059596_03977.png,7,Myripristis kuntee,Shoulderspot soldierfish,Holocentridae,15059596,3977,51,44,1.159,3,RGB,PNG,2987,72246d3b4eed12984de0347694627fc7,False,train
R:\PP\Marine-Intelligence-Platform\marine-species-identification\data\raw\images\species_07\fish_000015059596_03978.png,raw\images\species_07\fish_000015059596_03978.png,fish_000015059596_03978.png,7,Myripristis kuntee,Shoulderspot soldierfish,Holocentridae,15059596,3978,56,49,1.143,3,RGB,PNG,3683,af65aa86d52d82757fa23804da26ba53,False,train
R:\PP\Marine-Intelligence-Platform\marine-species-identification\data\raw\images\species_07\fish_000015059596_03979.png,raw\images\species_07\fish_000015059596_03979.png,fish_000015059596_03979.png,7,Myripristis kuntee,Shoulderspot soldierfish,Holocentridae,15059596,3979,67,55,1.218,3,RGB,PNG,5094,b4aa9ac4a2db7d08601a8dabd9a25edb,False,train
R:\PP\Marine-Intelligence-Platform\marine-species-identification\data\raw\images\species_07\fish_000015059596_03980.png,raw\images\species_07\fish_000015059596_03980.png,fish_000015059596_03980.png,7,Myripristis kuntee,Shoulderspot soldierfish,Holocentridae,15059596,3980,63,54,1.167,3,RGB,PNG,4800,54e7e7aa2afe84b42be23de2fbbb725a,False,train
R:\PP\Marine-Intelligence-Platform\marine-species-identification\data\raw\images\species_07\fish_000013410001_01276.png,raw\images\species_07\fish_000013410001_01276.png,fish_000013410001_01276.png,7,Myripristis kuntee,Shoulderspot soldierfish,Holocentridae,13410001,1276,84,70,1.2,3,RGB,PNG,8816,3fe829708081d3b721fb83bc51654596,False,train
R:\PP\Marine-Intelligence-Platform\marine-species-identification\data\raw\images\species_07\fish_000013410001_01277.png,raw\images\species_07\fish_000013410001_01277.png,fish_000013410001_01277.png,7,Myripristis kuntee,Shoulderspot soldierfish,Holocentridae,13410001,1277,99,77,1.286,3,RGB,PNG,11722,31437b9411190ef30ad7c00ae35633a4,False,train
R:\PP\Marine-Intelligence-Platform\marine-species-identification\data\raw\images\species_07\fish_000013410001_01278.png,raw\images\species_07\fish_000013410001_01278.png,fish_000013410001_01278.png,7,Myripristis kuntee,Shoulderspot soldierfish,Holocentridae,13410001,1278,99,78,1.269,3,RGB,PNG,11941,e4af50cb60b87ecb14ce9c7abf847933,False,train
R:\PP\Marine-Intelligence-Platform\marine-species-identification\data\raw\images\species_07\fish_000013410001_01279.png,raw\images\species_07\fish_000013410001_01279.png,fish_000013410001_01279.png,7,Myripristis kuntee,Shoulderspot soldierfish,Holocentridae,13410001,1279,99,76,1.303,3,RGB,PNG,11888,9a8f08d676c1138a28add060c789b8e9,False,train
R:\PP\Marine-Intelligence-Platform\marine-species-identification\data\raw\images\species_07\fish_000013410001_01280.png,raw\images\species_07\fish_000013410001_01280.png,fish_000013410001_01280.png,7,Myripristis kuntee,Shoulderspot soldierfish,Holocentridae,13410001,1280,92,69,1.333,3,RGB,PNG,10394,50c1f168a72fce71b9cd71b9e562a7be,False,train
R:\PP\Marine-Intelligence-Platform\marine-species-identification\data\raw\images\species_07\fish_000013410001_01281.png,raw\images\species_07\fish_000013410001_01281.png,fish_000013410001_01281.png,7,Myripristis kuntee,Shoulderspot soldierfish,Holocentridae,13410001,1281,91,69,1.319,3,RGB,PNG,10348,c617672e59c6d656f4f0922e534d3409,False,train
R:\PP\Marine-Intelligence-Platform\marine-species-identification\data\raw\images\species_07\fish_000002489596_03701.png,raw\images\species_07\fish_000002489596_03701.png,fish_000002489596_03701.png,7,Myripristis kuntee,Shoulderspot soldierfish,Holocentridae,2489596,3701,51,46,1.109,3,RGB,PNG,3127,df2e2752eb7858f1f2d493e86cfb9e31,False,train
R:\PP\Marine-Intelligence-Platform\marine-species-identification\data\raw\images\species_07\fish_000002489596_03703.png,raw\images\species_07\fish_000002489596_03703.png,fish_000002489596_03703.png,7,Myripristis kuntee,Shoulderspot soldierfish,Holocentridae,2489596,3703,55,51,1.078,3,RGB,PNG,3579,99c9139dd23fe0448b5dfe83b5bb9971,False,train
R:\PP\Marine-Intelligence-Platform\marine-species-identification\data\raw\images\species_07\fish_000002489596_03705.png,raw\images\species_07\fish_000002489596_03705.png,fish_000002489596_03705.png,7,Myripristis kuntee,Shoulderspot soldierfish,Holocentridae,2489596,3705,56,50,1.12,3,RGB,PNG,3628,38d8d3a96c08bab3f504c3d8f23f7a47,False,train
R:\PP\Marine-Intelligence-Platform\marine-species-identification\data\raw\images\species_07\fish_000002489596_03707.png,raw\images\species_07\fish_000002489596_03707.png,fish_000002489596_03707.png,7,Myripristis kuntee,Shoulderspot soldierfish,Holocentridae,2489596,3707,51,48,1.062,3,RGB,PNG,3253,eb02458bec648b87b5c0f5f5a740adc1,False,train
R:\PP\Marine-Intelligence-Platform\marine-species-identification\data\raw\images\species_07\fish_000002489596_03709.png,raw\images\species_07\fish_000002489596_03709.png,fish_000002489596_03709.png,7,Myripristis kuntee,Shoulderspot soldierfish,Holocentridae,2489596,3709,55,51,1.078,3,RGB,PNG,3675,69fd1796364b3dd9cb9a60838275d07f,False,train
R:\PP\Marine-Intelligence-Platform\marine-species-identification\data\raw\images\species_07\fish_000002489596_03711.png,raw\images\species_07\fish_000002489596_03711.png,fish_000002489596_03711.png,7,Myripristis kuntee,Shoulderspot soldierfish,Holocentridae,2489596,3711,55,49,1.122,3,RGB,PNG,3500,1e83dd827e570481a686dc77fe8e662c,False,train
R:\PP\Marine-Intelligence-Platform\marine-species-identification\data\raw\images\species_07\fish_000002489596_03713.png,raw\images\species_07\fish_000002489596_03713.png,fish_000002489596_03713.png,7,Myripristis kuntee,Shoulderspot soldierfish,Holocentridae,2489596,3713,59,50,1.18,3,RGB,PNG,4043,f93a3323999b7886561517385115cc5f,False,train
R:\PP\Marine-Intelligence-Platform\marine-species-identification\data\raw\images\species_07\fish_000002489596_03715.png,raw\images\species_07\fish_000002489596_03715.png,fish_000002489596_03715.png,7,Myripristis kuntee,Shoulderspot soldierfish,Holocentridae,2489596,3715,55,48,1.146,3,RGB,PNG,3541,f2cfb8badefb3ecdb8b391de8e75d788,False,train
R:\PP\Marine-Intelligence-Platform\marine-species-identification\data\raw\images\species_07\fish_000002489596_03716.png,raw\images\species_07\fish_000002489596_03716.png,fish_000002489596_03716.png,7,Myripristis kuntee,Shoulderspot soldierfish,Holocentridae,2489596,3716,40,39,1.026,3,RGB,PNG,2318,c8d2c0939ca9eb6a1392e7910e534822,False,train
R:\PP\Marine-Intelligence-Platform\marine-species-identification\data\raw\images\species_07\fish_000002489596_03717.png,raw\images\species_07\fish_000002489596_03717.png,fish_000002489596_03717.png,7,Myripristis kuntee,Shoulderspot soldierfish,Holocentridae,2489596,3717,44,40,1.1,3,RGB,PNG,2550,032e5b1e0550961096a067d579ad86e1,False,train
R:\PP\Marine-Intelligence-Platform\marine-species-identification\data\raw\images\species_07\fish_000002489596_03719.png,raw\images\species_07\fish_000002489596_03719.png,fish_000002489596_03719.png,7,Myripristis kuntee,Shoulderspot soldierfish,Holocentridae,2489596,3719,44,42,1.048,3,RGB,PNG,2658,aa2bd079aae57e09c322abe30c86a267,False,train
R:\PP\Marine-Intelligence-Platform\marine-species-identification\data\raw\images\species_07\fish_453570735607_13173.png,raw\images\species_07\fish_453570735607_13173.png,fish_453570735607_13173.png,7,Myripristis kuntee,Shoulderspot soldierfish,Holocentridae,453570735607,13173,128,98,1.306,3,RGB,PNG,14149,89f45b31293c6ea66518ac599d43425e,False,train
R:\PP\Marine-Intelligence-Platform\marine-species-identification\data\raw\images\species_07\fish_453570735607_20926.png,raw\images\species_07\fish_453570735607_20926.png,fish_453570735607_20926.png,7,Myripristis kuntee,Shoulderspot soldierfish,Holocentridae,453570735607,20926,88,80,1.1,3,RGB,PNG,8754,43c554969a94819819b0e675f04463f5,False,train
R:\PP\Marine-Intelligence-Platform\marine-species-identification\data\raw\images\species_07\fish_003445515304_15276.png,raw\images\species_07\fish_003445515304_15276.png,fish_003445515304_15276.png,7,Myripristis kuntee,Shoulderspot soldierfish,Holocentridae,3445515304,15276,80,69,1.159,3,RGB,PNG,6709,a71c05c6eb4b825accfd0da7092ba79c,False,train
R:\PP\Marine-Intelligence-Platform\marine-species-identification\data\raw\images\species_07\fish_003445515304_15277.png,raw\images\species_07\fish_003445515304_15277.png,fish_003445515304_15277.png,7,Myripristis kuntee,Shoulderspot soldierfish,Holocentridae,3445515304,15277,72,64,1.125,3,RGB,PNG,5802,f91a1043decbc7fa447ca8de05f9b402,False,train
R:\PP\Marine-Intelligence-Platform\marine-species-identification\data\raw\images\species_07\fish_003445515304_15278.png,raw\images\species_07\fish_003445515304_15278.png,fish_003445515304_15278.png,7,Myripristis kuntee,Shoulderspot soldierfish,Holocentridae,3445515304,15278,79,68,1.162,3,RGB,PNG,6758,a65479ec2931b9906919558454c10406,False,train
R:\PP\Marine-Intelligence-Platform\marine-species-identification\data\raw\images\species_07\fish_003445515304_15279.png,raw\images\species_07\fish_003445515304_15279.png,fish_003445515304_15279.png,7,Myripristis kuntee,Shoulderspot soldierfish,Holocentridae,3445515304,15279,140,100,1.4,3,RGB,PNG,18291,bd33bd983fc98c6f1246309995225987,False,train
R:\PP\Marine-Intelligence-Platform\marine-species-identification\data\raw\images\species_07\fish_003445515304_15280.png,raw\images\species_07\fish_003445515304_15280.png,fish_003445515304_15280.png,7,Myripristis kuntee,Shoulderspot soldierfish,Holocentridae,3445515304,15280,123,96,1.281,3,RGB,PNG,13650,ca2deedb8e141325ea8a9f7499fcfff6,False,train
R:\PP\Marine-Intelligence-Platform\marine-species-identification\data\raw\images\species_07\fish_003445515304_16123.png,raw\images\species_07\fish_003445515304_16123.png,fish_003445515304_16123.png,7,Myripristis kuntee,Shoulderspot soldierfish,Holocentridae,3445515304,16123,88,73,1.205,3,RGB,PNG,7777,6388fd5a4c8c074036876187327cd3dd,False,train
R:\PP\Marine-Intelligence-Platform\marine-species-identification\data\raw\images\species_07\fish_003445515304_17818.png,raw\images\species_07\fish_003445515304_17818.png,fish_003445515304_17818.png,7,Myripristis kuntee,Shoulderspot soldierfish,Holocentridae,3445515304,17818,139,101,1.376,3,RGB,PNG,17056,4959f92918b42d0222e32478028a0ab5,False,train
R:\PP\Marine-Intelligence-Platform\marine-species-identification\data\raw\images\species_07\fish_004597827454_15266.png,raw\images\species_07\fish_004597827454_15266.png,fish_004597827454_15266.png,7,Myripristis kuntee,Shoulderspot soldierfish,Holocentridae,4597827454,15266,100,74,1.351,3,RGB,PNG,7346,02f38185385e260fe973012f35c7cb2e,False,train
R:\PP\Marine-Intelligence-Platform\marine-species-identification\data\raw\images\species_07\fish_000005219596_03787.png,raw\images\species_07\fish_000005219596_03787.png,fish_000005219596_03787.png,7,Myripristis kuntee,Shoulderspot soldierfish,Holocentridae,5219596,3787,35,39,0.897,3,RGB,PNG,1931,4677b1abb6c97c7df7951dccc52b56d2,False,train
R:\PP\Marine-Intelligence-Platform\marine-species-identification\data\raw\images\species_07\fish_004342197064_12317.png,raw\images\species_07\fish_004342197064_12317.png,fish_004342197064_12317.png,7,Myripristis kuntee,Shoulderspot soldierfish,Holocentridae,4342197064,12317,99,75,1.32,3,RGB,PNG,11852,7bec11d4c1bf913eae49973fdf5c5f9e,False,train
R:\PP\Marine-Intelligence-Platform\marine-species-identification\data\raw\images\species_07\fish_000019550001_01768.png,raw\images\species_07\fish_000019550001_01768.png,fish_000019550001_01768.png,7,Myripristis kuntee,Shoulderspot soldierfish,Holocentridae,19550001,1768,131,99,1.323,3,RGB,PNG,19072,7da72643da63b01a1be88241671174bc,False,train
R:\PP\Marine-Intelligence-Platform\marine-species-identification\data\raw\images\species_07\fish_000001979596_03688.png,raw\images\species_07\fish_000001979596_03688.png,fish_000001979596_03688.png,7,Myripristis kuntee,Shoulderspot soldierfish,Holocentridae,1979596,3688,55,50,1.1,3,RGB,PNG,3670,dda114c66aced6888e2d4238374fdfa4,False,train
R:\PP\Marine-Intelligence-Platform\marine-species-identification\data\raw\images\species_07\fish_000001979596_03689.png,raw\images\species_07\fish_000001979596_03689.png,fish_000001979596_03689.png,7,Myripristis kuntee,Shoulderspot soldierfish,Holocentridae,1979596,3689,48,43,1.116,3,RGB,PNG,3036,5e9b59056e5a440bb8ea1d8e538e9905,False,train
R:\PP\Marine-Intelligence-Platform\marine-species-identification\data\raw\images\species_07\fish_000001979596_03690.png,raw\images\species_07\fish_000001979596_03690.png,fish_000001979596_03690.png,7,Myripristis kuntee,Shoulderspot soldierfish,Holocentridae,1979596,3690,51,45,1.133,3,RGB,PNG,3225,808ec66c17e54546c35d7436d34ebee8,False,train
R:\PP\Marine-Intelligence-Platform\marine-species-identification\data\raw\images\species_07\fish_000001979596_03691.png,raw\images\species_07\fish_000001979596_03691.png,fish_000001979596_03691.png,7,Myripristis kuntee,Shoulderspot soldierfish,Holocentridae,1979596,3691,47,42,1.119,3,RGB,PNG,2855,c23905b7ad07bae37e1835342e08ac4c,False,train
R:\PP\Marine-Intelligence-Platform\marine-species-identification\data\raw\images\species_07\fish_000001979596_03692.png,raw\images\species_07\fish_000001979596_03692.png,fish_000001979596_03692.png,7,Myripristis kuntee,Shoulderspot soldierfish,Holocentridae,1979596,3692,37,40,0.925,3,RGB,PNG,2200,91136f7f6a0fca6d4f8a94d4de5848a0,False,train
R:\PP\Marine-Intelligence-Platform\marine-species-identification\data\raw\images\species_07\fish_001343000107_01258.png,raw\images\species_07\fish_001343000107_01258.png,fish_001343000107_01258.png,7,Myripristis kuntee,Shoulderspot soldierfish,Holocentridae,1343000107,1258,96,81,1.185,3,RGB,PNG,13350,8ec9576fac91c661a93b2a31568b48bf,False,train
R:\PP\Marine-Intelligence-Platform\marine-species-identification\data\raw\images\species_07\fish_001343000107_01259.png,raw\images\species_07\fish_001343000107_01259.png,fish_001343000107_01259.png,7,Myripristis kuntee,Shoulderspot soldierfish,Holocentridae,1343000107,1259,96,80,1.2,3,RGB,PNG,13089,d3814403b4e0840965f9259a4cfc8e2f,False,train
R:\PP\Marine-Intelligence-Platform\marine-species-identification\data\raw\images\species_07\fish_001343000107_01260.png,raw\images\species_07\fish_001343000107_01260.png,fish_001343000107_01260.png,7,Myripristis kuntee,Shoulderspot soldierfish,Holocentridae,1343000107,1260,71,72,0.986,3,RGB,PNG,6383,22d1bbcc17d8d9c9751ab0a027c42387,False,train
R:\PP\Marine-Intelligence-Platform\marine-species-identification\data\raw\images\species_07\fish_001343000107_01261.png,raw\images\species_07\fish_001343000107_01261.png,fish_001343000107_01261.png,7,Myripristis kuntee,Shoulderspot soldierfish,Holocentridae,1343000107,1261,88,84,1.048,3,RGB,PNG,9895,b7577d7db88f9b21385fe2df3677f1bc,False,train
R:\PP\Marine-Intelligence-Platform\marine-species-identification\data\raw\images\species_07\fish_001343000107_01262.png,raw\images\species_07\fish_001343000107_01262.png,fish_001343000107_01262.png,7,Myripristis kuntee,Shoulderspot soldierfish,Holocentridae,1343000107,1262,100,87,1.149,3,RGB,PNG,11749,ece7fd93c32186c308416b3f5c6d8523,False,train
R:\PP\Marine-Intelligence-Platform\marine-species-identification\data\raw\images\species_07\fish_001343000107_01263.png,raw\images\species_07\fish_001343000107_01263.png,fish_001343000107_01263.png,7,Myripristis kuntee,Shoulderspot soldierfish,Holocentridae,1343000107,1263,127,103,1.233,3,RGB,PNG,18079,41dfd6fd0b3094988786fec3ffe11aa4,False,train
R:\PP\Marine-Intelligence-Platform\marine-species-identification\data\raw\images\species_07\fish_001343000107_01265.png,raw\images\species_07\fish_001343000107_01265.png,fish_001343000107_01265.png,7,Myripristis kuntee,Shoulderspot soldierfish,Holocentridae,1343000107,1265,103,91,1.132,3,RGB,PNG,13065,d48b940721ed857c496374bf896cb4b4,False,train
R:\PP\Marine-Intelligence-Platform\marine-species-identification\data\raw\images\species_07\fish_001343000107_01266.png,raw\images\species_07\fish_001343000107_01266.png,fish_001343000107_01266.png,7,Myripristis kuntee,Shoulderspot soldierfish,Holocentridae,1343000107,1266,96,85,1.129,3,RGB,PNG,11245,06698a5878e5809fd57065812e756dab,False,train
R:\PP\Marine-Intelligence-Platform\marine-species-identification\data\raw\images\species_07\fish_001343000107_01267.png,raw\images\species_07\fish_001343000107_01267.png,fish_001343000107_01267.png,7,Myripristis kuntee,Shoulderspot soldierfish,Holocentridae,1343000107,1267,115,93,1.237,3,RGB,PNG,14651,678d6b6ed3b73922eef38ebaca0f037c,False,train
R:\PP\Marine-Intelligence-Platform\marine-species-identification\data\raw\images\species_07\fish_001343000107_01268.png,raw\images\species_07\fish_001343000107_01268.png,fish_001343000107_01268.png,7,Myripristis kuntee,Shoulderspot soldierfish,Holocentridae,1343000107,1268,120,97,1.237,3,RGB,PNG,16784,1baca249d420a3ee0ab6686ad8e315c5,False,train
R:\PP\Marine-Intelligence-Platform\marine-species-identification\data\raw\images\species_07\fish_001343000107_01269.png,raw\images\species_07\fish_001343000107_01269.png,fish_001343000107_01269.png,7,Myripristis kuntee,Shoulderspot soldierfish,Holocentridae,1343000107,1269,127,104,1.221,3,RGB,PNG,15755,afb056e8b6c73f72e04444a5f104d925,False,train
R:\PP\Marine-Intelligence-Platform\marine-species-identification\data\raw\images\species_07\fish_001343000107_01270.png,raw\images\species_07\fish_001343000107_01270.png,fish_001343000107_01270.png,7,Myripristis kuntee,Shoulderspot soldierfish,Holocentridae,1343000107,1270,128,115,1.113,3,RGB,PNG,18802,af63239b32da6ac8debe47e204f7bc65,False,train
R:\PP\Marine-Intelligence-Platform\marine-species-identification\data\raw\images\species_07\fish_001343000107_01271.png,raw\images\species_07\fish_001343000107_01271.png,fish_001343000107_01271.png,7,Myripristis kuntee,Shoulderspot soldierfish,Holocentridae,1343000107,1271,107,105,1.019,3,RGB,PNG,15887,798544e113c6cdb9f49f2a01b23324a8,False,train
R:\PP\Marine-Intelligence-Platform\marine-species-identification\data\raw\images\species_07\fish_001343000107_01272.png,raw\images\species_07\fish_001343000107_01272.png,fish_001343000107_01272.png,7,Myripristis kuntee,Shoulderspot soldierfish,Holocentridae,1343000107,1272,104,104,1.0,3,RGB,PNG,15471,dfaa8f25866edd32414b23f55a4e4b4d,False,train
R:\PP\Marine-Intelligence-Platform\marine-species-identification\data\raw\images\species_07\fish_001343000107_01273.png,raw\images\species_07\fish_001343000107_01273.png,fish_001343000107_01273.png,7,Myripristis kuntee,Shoulderspot soldierfish,Holocentridae,1343000107,1273,93,111,0.838,3,RGB,PNG,15499,928436d2b9cbcc2ebdaa4db931912253,False,train
R:\PP\Marine-Intelligence-Platform\marine-species-identification\data\raw\images\species_07\fish_001343000107_01275.png,raw\images\species_07\fish_001343000107_01275.png,fish_001343000107_01275.png,7,Myripristis kuntee,Shoulderspot soldierfish,Holocentridae,1343000107,1275,79,100,0.79,3,RGB,PNG,12019,7c8b59d4825714cd13f86e6f79da1a92,False,train
R:\PP\Marine-Intelligence-Platform\marine-species-identification\data\raw\images\species_07\fish_004270366972_12316.png,raw\images\species_07\fish_004270366972_12316.png,fish_004270366972_12316.png,7,Myripristis kuntee,Shoulderspot soldierfish,Holocentridae,4270366972,12316,112,87,1.287,3,RGB,PNG,10790,ad5b6576ce6ab8cdb9868a4b8a6304fc,False,train
R:\PP\Marine-Intelligence-Platform\marine-species-identification\data\raw\images\species_07\fish_004270366972_15251.png,raw\images\species_07\fish_004270366972_15251.png,fish_004270366972_15251.png,7,Myripristis kuntee,Shoulderspot soldierfish,Holocentridae,4270366972,15251,80,66,1.212,3,RGB,PNG,6277,562b757b478af89e27a348832f514f75,False,train
R:\PP\Marine-Intelligence-Platform\marine-species-identification\data\raw\images\species_07\fish_004270366972_15265.png,raw\images\species_07\fish_004270366972_15265.png,fish_004270366972_15265.png,7,Myripristis kuntee,Shoulderspot soldierfish,Holocentridae,4270366972,15265,96,75,1.28,3,RGB,PNG,8140,caec929b24fba1a75b8f10cc304c848e,False,train
R:\PP\Marine-Intelligence-Platform\marine-species-identification\data\raw\images\species_07\fish_004270366972_15271.png,raw\images\species_07\fish_004270366972_15271.png,fish_004270366972_15271.png,7,Myripristis kuntee,Shoulderspot soldierfish,Holocentridae,4270366972,15271,131,102,1.284,3,RGB,PNG,14336,95362064d7f1d3f109ce9118e8f971ab,False,train
R:\PP\Marine-Intelligence-Platform\marine-species-identification\data\raw\images\species_07\fish_004270366972_15272.png,raw\images\species_07\fish_004270366972_15272.png,fish_004270366972_15272.png,7,Myripristis kuntee,Shoulderspot soldierfish,Holocentridae,4270366972,15272,148,110,1.345,3,RGB,PNG,18070,d4d70367c044c0f1516f13bed7a3bf1f,False,train
R:\PP\Marine-Intelligence-Platform\marine-species-identification\data\raw\images\species_07\fish_004270366972_15275.png,raw\images\species_07\fish_004270366972_15275.png,fish_004270366972_15275.png,7,Myripristis kuntee,Shoulderspot soldierfish,Holocentridae,4270366972,15275,84,68,1.235,3,RGB,PNG,6663,c3f118b32de92086d8dcf35fded832a4,False,train
R:\PP\Marine-Intelligence-Platform\marine-species-identification\data\raw\images\species_07\fish_004270366972_20925.png,raw\images\species_07\fish_004270366972_20925.png,fish_004270366972_20925.png,7,Myripristis kuntee,Shoulderspot soldierfish,Holocentridae,4270366972,20925,120,88,1.364,3,RGB,PNG,11474,43d31ea243a420ba6f8336a0d2cec3a3,False,train
R:\PP\Marine-Intelligence-Platform\marine-species-identification\data\raw\images\species_07\fish_004270436972_15256.png,raw\images\species_07\fish_004270436972_15256.png,fish_004270436972_15256.png,7,Myripristis kuntee,Shoulderspot soldierfish,Holocentridae,4270436972,15256,108,79,1.367,3,RGB,PNG,10449,8841d0c8d2fe591fd3c22d531645553f,False,train
R:\PP\Marine-Intelligence-Platform\marine-species-identification\data\raw\images\species_07\fish_004270436972_16025.png,raw\images\species_07\fish_004270436972_16025.png,fish_004270436972_16025.png,7,Myripristis kuntee,Shoulderspot soldierfish,Holocentridae,4270436972,16025,108,79,1.367,3,RGB,PNG,10896,53326492970299c03842f777fec1b1a1,False,train
R:\PP\Marine-Intelligence-Platform\marine-species-identification\data\raw\images\species_07\fish_004270436972_26261.png,raw\images\species_07\fish_004270436972_26261.png,fish_004270436972_26261.png,7,Myripristis kuntee,Shoulderspot soldierfish,Holocentridae,4270436972,26261,107,80,1.337,3,RGB,PNG,10998,6e383f6a14999ed11098a785044326f2,False,train
R:\PP\Marine-Intelligence-Platform\marine-species-identification\data\raw\images\species_07\fish_004535717356_17268.png,raw\images\species_07\fish_004535717356_17268.png,fish_004535717356_17268.png,7,Myripristis kuntee,Shoulderspot soldierfish,Holocentridae,4535717356,17268,104,83,1.253,3,RGB,PNG,10437,bb41e74d181e6efd569a32e9a62d15b5,False,train
R:\PP\Marine-Intelligence-Platform\marine-species-identification\data\raw\images\species_07\fish_004535717356_18822.png,raw\images\species_07\fish_004535717356_18822.png,fish_004535717356_18822.png,7,Myripristis kuntee,Shoulderspot soldierfish,Holocentridae,4535717356,18822,108,88,1.227,3,RGB,PNG,11138,cabeff1ba89de22ed9a2f1e69f4d1464,False,train
R:\PP\Marine-Intelligence-Platform\marine-species-identification\data\raw\images\species_07\fish_004536297356_15247.png,raw\images\species_07\fish_004536297356_15247.png,fish_004536297356_15247.png,7,Myripristis kuntee,Shoulderspot soldierfish,Holocentridae,4536297356,15247,72,64,1.125,3,RGB,PNG,4881,d3771b49b1931fb0ae03685275a87bde,False,train
R:\PP\Marine-Intelligence-Platform\marine-species-identification\data\raw\images\species_07\fish_004536297356_15248.png,raw\images\species_07\fish_004536297356_15248.png,fish_004536297356_15248.png,7,Myripristis kuntee,Shoulderspot soldierfish,Holocentridae,4536297356,15248,76,67,1.134,3,RGB,PNG,6613,d9a0c2482ef23bfd4b6aaf3fe6edb494,False,train
R:\PP\Marine-Intelligence-Platform\marine-species-identification\data\raw\images\species_07\fish_004115976748_15341.png,raw\images\species_07\fish_004115976748_15341.png,fish_004115976748_15341.png,7,Myripristis kuntee,Shoulderspot soldierfish,Holocentridae,4115976748,15341,104,79,1.316,3,RGB,PNG,11744,e4145bdb4b7645bb86ffb8f93cf6a6cc,False,train
R:\PP\Marine-Intelligence-Platform\marine-species-identification\data\raw\images\species_07\fish_003445335304_15254.png,raw\images\species_07\fish_003445335304_15254.png,fish_003445335304_15254.png,7,Myripristis kuntee,Shoulderspot soldierfish,Holocentridae,3445335304,15254,103,80,1.288,3,RGB,PNG,10290,fc674a83dc326e04b03e1715ebcf036c,False,train
R:\PP\Marine-Intelligence-Platform\marine-species-identification\data\raw\images\species_07\fish_003445335304_15255.png,raw\images\species_07\fish_003445335304_15255.png,fish_003445335304_15255.png,7,Myripristis kuntee,Shoulderspot soldierfish,Holocentridae,3445335304,15255,103,80,1.288,3,RGB,PNG,10166,0546fc3f235970b617ae4194b46ca5e7,False,train
R:\PP\Marine-Intelligence-Platform\marine-species-identification\data\raw\images\species_07\fish_004270236972_18636.png,raw\images\species_07\fish_004270236972_18636.png,fish_004270236972_18636.png,7,Myripristis kuntee,Shoulderspot soldierfish,Holocentridae,4270236972,18636,84,65,1.292,3,RGB,PNG,6068,2a5c17252307cdf6039748c946e4a90b,False,train
R:\PP\Marine-Intelligence-Platform\marine-species-identification\data\raw\images\species_07\fish_000008059596_03854.png,raw\images\species_07\fish_000008059596_03854.png,fish_000008059596_03854.png,7,Myripristis kuntee,Shoulderspot soldierfish,Holocentridae,8059596,3854,39,39,1.0,3,RGB,PNG,2446,82272b1a25eae66e7b6018a9ac9ff7e6,False,train
R:\PP\Marine-Intelligence-Platform\marine-species-identification\data\raw\images\species_07\fish_000008059596_03855.png,raw\images\species_07\fish_000008059596_03855.png,fish_000008059596_03855.png,7,Myripristis kuntee,Shoulderspot soldierfish,Holocentridae,8059596,3855,59,49,1.204,3,RGB,PNG,3781,d60eb7895318273ff82253b5bf186a45,False,train
R:\PP\Marine-Intelligence-Platform\marine-species-identification\data\raw\images\species_07\fish_000008059596_03856.png,raw\images\species_07\fish_000008059596_03856.png,fish_000008059596_03856.png,7,Myripristis kuntee,Shoulderspot soldierfish,Holocentridae,8059596,3856,64,54,1.185,3,RGB,PNG,4329,e81b46fd3264dec88bae1150024e3349,False,train
R:\PP\Marine-Intelligence-Platform\marine-species-identification\data\raw\images\species_07\fish_000008059596_03857.png,raw\images\species_07\fish_000008059596_03857.png,fish_000008059596_03857.png,7,Myripristis kuntee,Shoulderspot soldierfish,Holocentridae,8059596,3857,63,53,1.189,3,RGB,PNG,4382,24db5aa5963c322e2156633d3fc9e178,False,train
R:\PP\Marine-Intelligence-Platform\marine-species-identification\data\raw\images\species_07\fish_000008059596_03858.png,raw\images\species_07\fish_000008059596_03858.png,fish_000008059596_03858.png,7,Myripristis kuntee,Shoulderspot soldierfish,Holocentridae,8059596,3858,68,54,1.259,3,RGB,PNG,4861,f1e9ef960157e395ab9e47c7fa179244,False,train
R:\PP\Marine-Intelligence-Platform\marine-species-identification\data\raw\images\species_07\fish_000008059596_03859.png,raw\images\species_07\fish_000008059596_03859.png,fish_000008059596_03859.png,7,Myripristis kuntee,Shoulderspot soldierfish,Holocentridae,8059596,3859,48,41,1.171,3,RGB,PNG,2756,f1ae2addbf59386359783f6f327c34fd,False,train
R:\PP\Marine-Intelligence-Platform\marine-species-identification\data\raw\images\species_07\fish_000008059596_03860.png,raw\images\species_07\fish_000008059596_03860.png,fish_000008059596_03860.png,7,Myripristis kuntee,Shoulderspot soldierfish,Holocentridae,8059596,3860,43,41,1.049,3,RGB,PNG,2469,63283ed00a84bccd2ae8130f7cdfef57,False,train
R:\PP\Marine-Intelligence-Platform\marine-species-identification\data\raw\images\species_07\fish_000008059596_03861.png,raw\images\species_07\fish_000008059596_03861.png,fish_000008059596_03861.png,7,Myripristis kuntee,Shoulderspot soldierfish,Holocentridae,8059596,3861,43,43,1.0,3,RGB,PNG,2440,b3955b021457c4e80700d151144eda5c,False,train
R:\PP\Marine-Intelligence-Platform\marine-species-identification\data\raw\images\species_07\fish_000008059596_03864.png,raw\images\species_07\fish_000008059596_03864.png,fish_000008059596_03864.png,7,Myripristis kuntee,Shoulderspot soldierfish,Holocentridae,8059596,3864,48,42,1.143,3,RGB,PNG,2894,13d633b1a84969ed2cbd236fff50b0db,False,train
R:\PP\Marine-Intelligence-Platform\marine-species-identification\data\raw\images\species_07\fish_000008059596_03865.png,raw\images\species_07\fish_000008059596_03865.png,fish_000008059596_03865.png,7,Myripristis kuntee,Shoulderspot soldierfish,Holocentridae,8059596,3865,55,47,1.17,3,RGB,PNG,3544,70eb744a1ced29f12976894c5a5af028,False,train
R:\PP\Marine-Intelligence-Platform\marine-species-identification\data\raw\images\species_07\fish_000008059596_03866.png,raw\images\species_07\fish_000008059596_03866.png,fish_000008059596_03866.png,7,Myripristis kuntee,Shoulderspot soldierfish,Holocentridae,8059596,3866,48,41,1.171,3,RGB,PNG,2855,3c4c2d2255323c90e0dc8a675f666dc9,False,train
R:\PP\Marine-Intelligence-Platform\marine-species-identification\data\raw\images\species_07\fish_000008059596_03867.png,raw\images\species_07\fish_000008059596_03867.png,fish_000008059596_03867.png,7,Myripristis kuntee,Shoulderspot soldierfish,Holocentridae,8059596,3867,52,43,1.209,3,RGB,PNG,3167,e17bdd9de17050a9cae5e1a91d7be818,False,train
R:\PP\Marine-Intelligence-Platform\marine-species-identification\data\raw\images\species_07\fish_000008059596_03868.png,raw\images\species_07\fish_000008059596_03868.png,fish_000008059596_03868.png,7,Myripristis kuntee,Shoulderspot soldierfish,Holocentridae,8059596,3868,51,44,1.159,3,RGB,PNG,3277,d8c4fa3b87713c4a0e25f9a57ddcbe16,False,train
R:\PP\Marine-Intelligence-Platform\marine-species-identification\data\raw\images\species_07\fish_000008059596_03870.png,raw\images\species_07\fish_000008059596_03870.png,fish_000008059596_03870.png,7,Myripristis kuntee,Shoulderspot soldierfish,Holocentridae,8059596,3870,52,46,1.13,3,RGB,PNG,3566,5e4f3af409c9d0e3c176c555b5732517,False,train
R:\PP\Marine-Intelligence-Platform\marine-species-identification\data\raw\images\species_07\fish_000008059596_03872.png,raw\images\species_07\fish_000008059596_03872.png,fish_000008059596_03872.png,7,Myripristis kuntee,Shoulderspot soldierfish,Holocentridae,8059596,3872,51,45,1.133,3,RGB,PNG,3543,7c09f534968d18749d99c6ea84aa8920,False,train
R:\PP\Marine-Intelligence-Platform\marine-species-identification\data\raw\images\species_07\fish_000008059596_03874.png,raw\images\species_07\fish_000008059596_03874.png,fish_000008059596_03874.png,7,Myripristis kuntee,Shoulderspot soldierfish,Holocentridae,8059596,3874,37,39,0.949,3,RGB,PNG,2277,5c4498635107e492ca84a7c91b84bce8,False,train
R:\PP\Marine-Intelligence-Platform\marine-species-identification\data\raw\images\species_07\fish_000008059596_03875.png,raw\images\species_07\fish_000008059596_03875.png,fish_000008059596_03875.png,7,Myripristis kuntee,Shoulderspot soldierfish,Holocentridae,8059596,3875,33,36,0.917,3,RGB,PNG,1886,d813b1e59a305c12284bc7f8ed9d71c8,False,train
R:\PP\Marine-Intelligence-Platform\marine-species-identification\data\raw\images\species_07\fish_000008059596_03876.png,raw\images\species_07\fish_000008059596_03876.png,fish_000008059596_03876.png,7,Myripristis kuntee,Shoulderspot soldierfish,Holocentridae,8059596,3876,36,35,1.029,3,RGB,PNG,1998,0c169588f07a5fbeeced923b698504e7,False,train
R:\PP\Marine-Intelligence-Platform\marine-species-identification\data\raw\images\species_07\fish_000008059596_03879.png,raw\images\species_07\fish_000008059596_03879.png,fish_000008059596_03879.png,7,Myripristis kuntee,Shoulderspot soldierfish,Holocentridae,8059596,3879,39,36,1.083,3,RGB,PNG,2074,21b19fa9a5ae9fddf9625b1ce289fab7,False,train
R:\PP\Marine-Intelligence-Platform\marine-species-identification\data\raw\images\species_07\fish_000008059596_03884.png,raw\images\species_07\fish_000008059596_03884.png,fish_000008059596_03884.png,7,Myripristis kuntee,Shoulderspot soldierfish,Holocentridae,8059596,3884,35,34,1.029,3,RGB,PNG,1775,60bdc2ff41c0d114897a90b222a48586,False,train
R:\PP\Marine-Intelligence-Platform\marine-species-identification\data\raw\images\species_07\fish_000008059596_03885.png,raw\images\species_07\fish_000008059596_03885.png,fish_000008059596_03885.png,7,Myripristis kuntee,Shoulderspot soldierfish,Holocentridae,8059596,3885,35,34,1.029,3,RGB,PNG,1751,066117b5c7500bac8e057ea163c82acd,False,train
R:\PP\Marine-Intelligence-Platform\marine-species-identification\data\raw\images\species_07\fish_000008059596_03890.png,raw\images\species_07\fish_000008059596_03890.png,fish_000008059596_03890.png,7,Myripristis kuntee,Shoulderspot soldierfish,Holocentridae,8059596,3890,42,43,0.977,3,RGB,PNG,2477,c8e2af64e29829ecd3e030131614b742,False,train
R:\PP\Marine-Intelligence-Platform\marine-species-identification\data\raw\images\species_07\fish_000008059596_03891.png,raw\images\species_07\fish_000008059596_03891.png,fish_000008059596_03891.png,7,Myripristis kuntee,Shoulderspot soldierfish,Holocentridae,8059596,3891,37,39,0.949,3,RGB,PNG,2085,5424d0ae156b707ee4c3e82932a44879,False,train
R:\PP\Marine-Intelligence-Platform\marine-species-identification\data\raw\images\species_07\fish_000008059596_03896.png,raw\images\species_07\fish_000008059596_03896.png,fish_000008059596_03896.png,7,Myripristis kuntee,Shoulderspot soldierfish,Holocentridae,8059596,3896,47,43,1.093,3,RGB,PNG,2630,4bfdc86aa7b84d7c58111ed57d4c0585,False,train
R:\PP\Marine-Intelligence-Platform\marine-species-identification\data\raw\images\species_07\fish_000008059596_03898.png,raw\images\species_07\fish_000008059596_03898.png,fish_000008059596_03898.png,7,Myripristis kuntee,Shoulderspot soldierfish,Holocentridae,8059596,3898,45,48,0.938,3,RGB,PNG,2848,d58d195a9ce0d290f7f0e77eed545cdd,False,train
R:\PP\Marine-Intelligence-Platform\marine-species-identification\data\raw\images\species_07\fish_000008059596_03899.png,raw\images\species_07\fish_000008059596_03899.png,fish_000008059596_03899.png,7,Myripristis kuntee,Shoulderspot soldierfish,Holocentridae,8059596,3899,47,44,1.068,3,RGB,PNG,2747,6e9e5c12d33ff853107acd3973c32ee6,False,train
R:\PP\Marine-Intelligence-Platform\marine-species-identification\data\raw\images\species_07\fish_000008059596_03900.png,raw\images\species_07\fish_000008059596_03900.png,fish_000008059596_03900.png,7,Myripristis kuntee,Shoulderspot soldierfish,Holocentridae,8059596,3900,43,41,1.049,3,RGB,PNG,2332,ac2e929857ecfe7938c8d0b5e0afc604,False,train
R:\PP\Marine-Intelligence-Platform\marine-species-identification\data\raw\images\species_07\fish_000008059596_03901.png,raw\images\species_07\fish_000008059596_03901.png,fish_000008059596_03901.png,7,Myripristis kuntee,Shoulderspot soldierfish,Holocentridae,8059596,3901,43,40,1.075,3,RGB,PNG,2269,997415ce24c228994bac8e1784990140,False,train
R:\PP\Marine-Intelligence-Platform\marine-species-identification\data\raw\images\species_07\fish_000008059596_03903.png,raw\images\species_07\fish_000008059596_03903.png,fish_000008059596_03903.png,7,Myripristis kuntee,Shoulderspot soldierfish,Holocentridae,8059596,3903,40,39,1.026,3,RGB,PNG,2134,47b2d6d8e2f75a5d8b6a94632425a99b,False,train
R:\PP\Marine-Intelligence-Platform\marine-species-identification\data\raw\images\species_07\fish_000008059596_03905.png,raw\images\species_07\fish_000008059596_03905.png,fish_000008059596_03905.png,7,Myripristis kuntee,Shoulderspot soldierfish,Holocentridae,8059596,3905,47,43,1.093,3,RGB,PNG,2630,ee71c53c20d04a69eeb5c8bc6a31e4d3,False,train
R:\PP\Marine-Intelligence-Platform\marine-species-identification\data\raw\images\species_07\fish_000008059596_03906.png,raw\images\species_07\fish_000008059596_03906.png,fish_000008059596_03906.png,7,Myripristis kuntee,Shoulderspot soldierfish,Holocentridae,8059596,3906,56,46,1.217,3,RGB,PNG,3392,2096c00328d555c1e16bb6a4114f061f,False,train
R:\PP\Marine-Intelligence-Platform\marine-species-identification\data\raw\images\species_07\fish_000008059596_03907.png,raw\images\species_07\fish_000008059596_03907.png,fish_000008059596_03907.png,7,Myripristis kuntee,Shoulderspot soldierfish,Holocentridae,8059596,3907,51,44,1.159,3,RGB,PNG,2846,b9d9f7c8a5273d1b99f352b6a38e8f4a,False,train
R:\PP\Marine-Intelligence-Platform\marine-species-identification\data\raw\images\species_07\fish_000008059596_03909.png,raw\images\species_07\fish_000008059596_03909.png,fish_000008059596_03909.png,7,Myripristis kuntee,Shoulderspot soldierfish,Holocentridae,8059596,3909,60,52,1.154,3,RGB,PNG,3832,eb6673d2bfd6e4364e8461ec70799366,False,train
R:\PP\Marine-Intelligence-Platform\marine-species-identification\data\raw\images\species_07\fish_000008059596_03910.png,raw\images\species_07\fish_000008059596_03910.png,fish_000008059596_03910.png,7,Myripristis kuntee,Shoulderspot soldierfish,Holocentridae,8059596,3910,67,56,1.196,3,RGB,PNG,4667,0478b75ba0dc7b63f7f1f2b13f301921,False,train
R:\PP\Marine-Intelligence-Platform\marine-species-identification\data\raw\images\species_07\fish_000008059596_03912.png,raw\images\species_07\fish_000008059596_03912.png,fish_000008059596_03912.png,7,Myripristis kuntee,Shoulderspot soldierfish,Holocentridae,8059596,3912,67,56,1.196,3,RGB,PNG,4727,54845f0f36c2ff353b4966d52da76a37,False,train
R:\PP\Marine-Intelligence-Platform\marine-species-identification\data\raw\images\species_07\fish_000008059596_03914.png,raw\images\species_07\fish_000008059596_03914.png,fish_000008059596_03914.png,7,Myripristis kuntee,Shoulderspot soldierfish,Holocentridae,8059596,3914,67,57,1.175,3,RGB,PNG,4792,1c157df5004f29c9e16d9b8a2dc3194e,False,train
R:\PP\Marine-Intelligence-Platform\marine-species-identification\data\raw\images\species_07\fish_000008059596_03916.png,raw\images\species_07\fish_000008059596_03916.png,fish_000008059596_03916.png,7,Myripristis kuntee,Shoulderspot soldierfish,Holocentridae,8059596,3916,48,47,1.021,3,RGB,PNG,3216,c1454da659777523f668b2ce3a80147d,False,train
R:\PP\Marine-Intelligence-Platform\marine-species-identification\data\raw\images\species_07\fish_000008059596_03917.png,raw\images\species_07\fish_000008059596_03917.png,fish_000008059596_03917.png,7,Myripristis kuntee,Shoulderspot soldierfish,Holocentridae,8059596,3917,43,42,1.024,3,RGB,PNG,2600,db474049fda0b810a4ff4de2b7553901,False,train
R:\PP\Marine-Intelligence-Platform\marine-species-identification\data\raw\images\species_07\fish_000008059596_03935.png,raw\images\species_07\fish_000008059596_03935.png,fish_000008059596_03935.png,7,Myripristis kuntee,Shoulderspot soldierfish,Holocentridae,8059596,3935,48,44,1.091,3,RGB,PNG,2753,4a4a78999a980c08a902b471967c6f55,False,train
R:\PP\Marine-Intelligence-Platform\marine-species-identification\data\raw\images\species_07\fish_000008059596_03936.png,raw\images\species_07\fish_000008059596_03936.png,fish_000008059596_03936.png,7,Myripristis kuntee,Shoulderspot soldierfish,Holocentridae,8059596,3936,44,42,1.048,3,RGB,PNG,2627,83af28532eceee530ad0058d9ca5ee64,False,train
R:\PP\Marine-Intelligence-Platform\marine-species-identification\data\raw\images\species_07\fish_000008059596_03937.png,raw\images\species_07\fish_000008059596_03937.png,fish_000008059596_03937.png,7,Myripristis kuntee,Shoulderspot soldierfish,Holocentridae,8059596,3937,47,42,1.119,3,RGB,PNG,2643,f14dcc0b489bb8e54a3f574f92a80e7b,False,train
R:\PP\Marine-Intelligence-Platform\marine-species-identification\data\raw\images\species_07\fish_000008059596_03939.png,raw\images\species_07\fish_000008059596_03939.png,fish_000008059596_03939.png,7,Myripristis kuntee,Shoulderspot soldierfish,Holocentridae,8059596,3939,39,39,1.0,3,RGB,PNG,2165,b400a1042a103d612766f4e41f3816ea,False,train
R:\PP\Marine-Intelligence-Platform\marine-species-identification\data\raw\images\species_07\fish_000008059596_03948.png,raw\images\species_07\fish_000008059596_03948.png,fish_000008059596_03948.png,7,Myripristis kuntee,Shoulderspot soldierfish,Holocentridae,8059596,3948,83,65,1.277,3,RGB,PNG,8088,0ed3b7d8277784a6a90d40891b1a2593,False,train
R:\PP\Marine-Intelligence-Platform\marine-species-identification\data\raw\images\species_07\fish_000008059596_03952.png,raw\images\species_07\fish_000008059596_03952.png,fish_000008059596_03952.png,7,Myripristis kuntee,Shoulderspot soldierfish,Holocentridae,8059596,3952,83,64,1.297,3,RGB,PNG,7996,ba0cff0a300714d197e5b8732e24b767,False,train
R:\PP\Marine-Intelligence-Platform\marine-species-identification\data\raw\images\species_07\fish_000008059596_03955.png,raw\images\species_07\fish_000008059596_03955.png,fish_000008059596_03955.png,7,Myripristis kuntee,Shoulderspot soldierfish,Holocentridae,8059596,3955,80,65,1.231,3,RGB,PNG,7763,4e79da473f8a16c4282685c1df084498,False,train
R:\PP\Marine-Intelligence-Platform\marine-species-identification\data\raw\images\species_07\fish_000008059596_03958.png,raw\images\species_07\fish_000008059596_03958.png,fish_000008059596_03958.png,7,Myripristis kuntee,Shoulderspot soldierfish,Holocentridae,8059596,3958,88,67,1.313,3,RGB,PNG,8759,47bc5c65e4bda3b3bf495ab15517713f,False,train
R:\PP\Marine-Intelligence-Platform\marine-species-identification\data\raw\images\species_07\fish_000008059596_03959.png,raw\images\species_07\fish_000008059596_03959.png,fish_000008059596_03959.png,7,Myripristis kuntee,Shoulderspot soldierfish,Holocentridae,8059596,3959,91,69,1.319,3,RGB,PNG,9263,798897a73f2bbd17ed0f37a13e5d86c4,False,train
R:\PP\Marine-Intelligence-Platform\marine-species-identification\data\raw\images\species_07\fish_000008059596_03961.png,raw\images\species_07\fish_000008059596_03961.png,fish_000008059596_03961.png,7,Myripristis kuntee,Shoulderspot soldierfish,Holocentridae,8059596,3961,88,68,1.294,3,RGB,PNG,8566,1ff310ec236c78a0a7649bf62b5ce7dd,False,train
R:\PP\Marine-Intelligence-Platform\marine-species-identification\data\raw\images\species_07\fish_000008059596_03963.png,raw\images\species_07\fish_000008059596_03963.png,fish_000008059596_03963.png,7,Myripristis kuntee,Shoulderspot soldierfish,Holocentridae,8059596,3963,87,68,1.279,3,RGB,PNG,8579,9ff68e321e876ddd6732b3511c73e700,False,train
R:\PP\Marine-Intelligence-Platform\marine-species-identification\data\raw\images\species_07\fish_000008059596_03966.png,raw\images\species_07\fish_000008059596_03966.png,fish_000008059596_03966.png,7,Myripristis kuntee,Shoulderspot soldierfish,Holocentridae,8059596,3966,80,59,1.356,3,RGB,PNG,6526,0bb04a5b3726e5b7ee688d936abf7e05,False,train
R:\PP\Marine-Intelligence-Platform\marine-species-identification\data\raw\images\species_07\fish_000008059596_03969.png,raw\images\species_07\fish_000008059596_03969.png,fish_000008059596_03969.png,7,Myripristis kuntee,Shoulderspot soldierfish,Holocentridae,8059596,3969,87,67,1.299,3,RGB,PNG,7955,f8a8d20082dcd3f0cbcfba2f4d2983b8,False,train
R:\PP\Marine-Intelligence-Platform\marine-species-identification\data\raw\images\species_07\fish_000008059596_03970.png,raw\images\species_07\fish_000008059596_03970.png,fish_000008059596_03970.png,7,Myripristis kuntee,Shoulderspot soldierfish,Holocentridae,8059596,3970,84,64,1.312,3,RGB,PNG,7089,ad40e960689744790be12e3e9c6ca77c,False,train
R:\PP\Marine-Intelligence-Platform\marine-species-identification\data\raw\images\species_07\fish_000008059596_03973.png,raw\images\species_07\fish_000008059596_03973.png,fish_000008059596_03973.png,7,Myripristis kuntee,Shoulderspot soldierfish,Holocentridae,8059596,3973,83,64,1.297,3,RGB,PNG,6834,50dcfc09c8354706c6ab8dc8f1542401,False,train
R:\PP\Marine-Intelligence-Platform\marine-species-identification\data\raw\images\species_07\fish_000008059596_03975.png,raw\images\species_07\fish_000008059596_03975.png,fish_000008059596_03975.png,7,Myripristis kuntee,Shoulderspot soldierfish,Holocentridae,8059596,3975,79,60,1.317,3,RGB,PNG,5998,f79a72de2e9d24e9e32c58c59d2113fd,False,train
R:\PP\Marine-Intelligence-Platform\marine-species-identification\data\raw\images\species_07\fish_000008059596_03976.png,raw\images\species_07\fish_000008059596_03976.png,fish_000008059596_03976.png,7,Myripristis kuntee,Shoulderspot soldierfish,Holocentridae,8059596,3976,59,48,1.229,3,RGB,PNG,3708,db7ccf8371bfffb17b4b117ec200625b,False,train
R:\PP\Marine-Intelligence-Platform\marine-species-identification\data\raw\images\species_07\fish_003445325304_15338.png,raw\images\species_07\fish_003445325304_15338.png,fish_003445325304_15338.png,7,Myripristis kuntee,Shoulderspot soldierfish,Holocentridae,3445325304,15338,88,87,1.011,3,RGB,PNG,11192,46b8cb4cc452cd8a5438444f524e7e52,False,train
R:\PP\Marine-Intelligence-Platform\marine-species-identification\data\raw\images\species_07\fish_003445325304_15339.png,raw\images\species_07\fish_003445325304_15339.png,fish_003445325304_15339.png,7,Myripristis kuntee,Shoulderspot soldierfish,Holocentridae,3445325304,15339,100,98,1.02,3,RGB,PNG,14257,7655359b24f352ff12a0fc197c7490af,False,train
R:\PP\Marine-Intelligence-Platform\marine-species-identification\data\raw\images\species_07\fish_004270246972_15259.png,raw\images\species_07\fish_004270246972_15259.png,fish_004270246972_15259.png,7,Myripristis kuntee,Shoulderspot soldierfish,Holocentridae,4270246972,15259,95,70,1.357,3,RGB,PNG,7992,26ca52f4621fe23287c6dcc1db6858ca,False,train
R:\PP\Marine-Intelligence-Platform\marine-species-identification\data\raw\images\species_07\fish_004270246972_15262.png,raw\images\species_07\fish_004270246972_15262.png,fish_004270246972_15262.png,7,Myripristis kuntee,Shoulderspot soldierfish,Holocentridae,4270246972,15262,99,74,1.338,3,RGB,PNG,8635,6c786818737ad723dfb67cd083dd043c,False,train
R:\PP\Marine-Intelligence-Platform\marine-species-identification\data\raw\images\species_07\fish_004270246972_15267.png,raw\images\species_07\fish_004270246972_15267.png,fish_004270246972_15267.png,7,Myripristis kuntee,Shoulderspot soldierfish,Holocentridae,4270246972,15267,99,74,1.338,3,RGB,PNG,8410,294f72f7e45aa135793deee61a6dd20b,False,train
R:\PP\Marine-Intelligence-Platform\marine-species-identification\data\raw\images\species_07\fish_004270246972_15273.png,raw\images\species_07\fish_004270246972_15273.png,fish_004270246972_15273.png,7,Myripristis kuntee,Shoulderspot soldierfish,Holocentridae,4270246972,15273,107,77,1.39,3,RGB,PNG,8885,cabad658b2605ef51dae0f8e993f1094,False,train
R:\PP\Marine-Intelligence-Platform\marine-species-identification\data\raw\images\species_07\fish_004270246972_15274.png,raw\images\species_07\fish_004270246972_15274.png,fish_004270246972_15274.png,7,Myripristis kuntee,Shoulderspot soldierfish,Holocentridae,4270246972,15274,100,74,1.351,3,RGB,PNG,8255,d8646680120e86ab8e1426820a47bb7c,False,train
R:\PP\Marine-Intelligence-Platform\marine-species-identification\data\raw\images\species_07\fish_004270246972_19792.png,raw\images\species_07\fish_004270246972_19792.png,fish_004270246972_19792.png,7,Myripristis kuntee,Shoulderspot soldierfish,Holocentridae,4270246972,19792,95,73,1.301,3,RGB,PNG,7860,d3a7b837992b72c21bf4f1cc9ad78e01,False,train
R:\PP\Marine-Intelligence-Platform\marine-species-identification\data\raw\images\species_07\fish_003726235873_12793.png,raw\images\species_07\fish_003726235873_12793.png,fish_003726235873_12793.png,7,Myripristis kuntee,Shoulderspot soldierfish,Holocentridae,3726235873,12793,104,84,1.238,3,RGB,PNG,10168,0eaf81c27efeb3115d145ded2c84bce7,False,train
R:\PP\Marine-Intelligence-Platform\marine-species-identification\data\raw\images\species_07\fish_003726235873_15245.png,raw\images\species_07\fish_003726235873_15245.png,fish_003726235873_15245.png,7,Myripristis kuntee,Shoulderspot soldierfish,Holocentridae,3726235873,15245,88,77,1.143,3,RGB,PNG,7572,b84ff77281661d15d103c4060c839ab2,False,train
R:\PP\Marine-Intelligence-Platform\marine-species-identification\data\raw\images\species_07\fish_003726235873_15249.png,raw\images\species_07\fish_003726235873_15249.png,fish_003726235873_15249.png,7,Myripristis kuntee,Shoulderspot soldierfish,Holocentridae,3726235873,15249,107,83,1.289,3,RGB,PNG,9620,c31b572db1bf972980735e1672d67ccc,False,train
R:\PP\Marine-Intelligence-Platform\marine-species-identification\data\raw\images\species_07\fish_003445485304_15440.png,raw\images\species_07\fish_003445485304_15440.png,fish_003445485304_15440.png,7,Myripristis kuntee,Shoulderspot soldierfish,Holocentridae,3445485304,15440,95,70,1.357,3,RGB,PNG,8677,eca65dd4016755e6c894368c8fdb4eee,False,train
R:\PP\Marine-Intelligence-Platform\marine-species-identification\data\raw\images\species_07\fish_004269456972_15252.png,raw\images\species_07\fish_004269456972_15252.png,fish_004269456972_15252.png,7,Myripristis kuntee,Shoulderspot soldierfish,Holocentridae,4269456972,15252,135,101,1.337,3,RGB,PNG,15135,42baa92049ba2d7b0e5f4b9bc8fb09fc,False,train
R:\PP\Marine-Intelligence-Platform\marine-species-identification\data\raw\images\species_07\fish_004269456972_15253.png,raw\images\species_07\fish_004269456972_15253.png,fish_004269456972_15253.png,7,Myripristis kuntee,Shoulderspot soldierfish,Holocentridae,4269456972,15253,103,84,1.226,3,RGB,PNG,10021,250d2de27d69ac0daf5cdf76d8411a1e,False,train
R:\PP\Marine-Intelligence-Platform\marine-species-identification\data\raw\images\species_07\fish_004269456972_15261.png,raw\images\species_07\fish_004269456972_15261.png,fish_004269456972_15261.png,7,Myripristis kuntee,Shoulderspot soldierfish,Holocentridae,4269456972,15261,136,101,1.347,3,RGB,PNG,15497,d94690a59e4cbc0ea6012da87f450781,False,train
R:\PP\Marine-Intelligence-Platform\marine-species-identification\data\raw\images\species_07\fish_004269456972_15264.png,raw\images\species_07\fish_004269456972_15264.png,fish_004269456972_15264.png,7,Myripristis kuntee,Shoulderspot soldierfish,Holocentridae,4269456972,15264,143,107,1.336,3,RGB,PNG,17455,7d8099896a31ac19b642189ab22a8299,False,train
R:\PP\Marine-Intelligence-Platform\marine-species-identification\data\raw\images\species_07\fish_004269456972_15268.png,raw\images\species_07\fish_004269456972_15268.png,fish_004269456972_15268.png,7,Myripristis kuntee,Shoulderspot soldierfish,Holocentridae,4269456972,15268,124,95,1.305,3,RGB,PNG,13190,852584b95f3a3cf8343011bd73b45c05,False,train
R:\PP\Marine-Intelligence-Platform\marine-species-identification\data\raw\images\species_07\fish_003444955304_12320.png,raw\images\species_07\fish_003444955304_12320.png,fish_003444955304_12320.png,7,Myripristis kuntee,Shoulderspot soldierfish,Holocentridae,3444955304,12320,100,74,1.351,3,RGB,PNG,9147,ca712e2829ee13095c28d635361b54bf,False,train
R:\PP\Marine-Intelligence-Platform\marine-species-identification\data\raw\images\species_07\fish_000013460001_01309.png,raw\images\species_07\fish_000013460001_01309.png,fish_000013460001_01309.png,7,Myripristis kuntee,Shoulderspot soldierfish,Holocentridae,13460001,1309,92,72,1.278,3,RGB,PNG,12688,1595d6462f045115532540adf583e9b6,False,train
R:\PP\Marine-Intelligence-Platform\marine-species-identification\data\raw\images\species_07\fish_000013460001_01310.png,raw\images\species_07\fish_000013460001_01310.png,fish_000013460001_01310.png,7,Myripristis kuntee,Shoulderspot soldierfish,Holocentridae,13460001,1310,100,77,1.299,3,RGB,PNG,14511,fbbfadda312823f7155360b81ebbe8a1,False,train
R:\PP\Marine-Intelligence-Platform\marine-species-identification\data\raw\images\species_07\fish_000013460001_01311.png,raw\images\species_07\fish_000013460001_01311.png,fish_000013460001_01311.png,7,Myripristis kuntee,Shoulderspot soldierfish,Holocentridae,13460001,1311,95,74,1.284,3,RGB,PNG,13059,f6325fed14bbdfcfd8c2c6936f8b71e2,False,train
R:\PP\Marine-Intelligence-Platform\marine-species-identification\data\raw\images\species_07\fish_000013460001_01312.png,raw\images\species_07\fish_000013460001_01312.png,fish_000013460001_01312.png,7,Myripristis kuntee,Shoulderspot soldierfish,Holocentridae,13460001,1312,95,73,1.301,3,RGB,PNG,12832,470b4f5a255b243f16a56b6ca542a35f,False,train
R:\PP\Marine-Intelligence-Platform\marine-species-identification\data\raw\images\species_07\fish_000013460001_01313.png,raw\images\species_07\fish_000013460001_01313.png,fish_000013460001_01313.png,7,Myripristis kuntee,Shoulderspot soldierfish,Holocentridae,13460001,1313,91,76,1.197,3,RGB,PNG,12442,19d9bbb03280006f0d12bd84fba9b6ef,False,train
R:\PP\Marine-Intelligence-Platform\marine-species-identification\data\raw\images\species_07\fish_000013460001_01314.png,raw\images\species_07\fish_000013460001_01314.png,fish_000013460001_01314.png,7,Myripristis kuntee,Shoulderspot soldierfish,Holocentridae,13460001,1314,91,75,1.213,3,RGB,PNG,12020,369a6966adc8a68a364a7919cc9cc07f,False,train
R:\PP\Marine-Intelligence-Platform\marine-species-identification\data\raw\images\species_07\fish_004342037064_12319.png,raw\images\species_07\fish_004342037064_12319.png,fish_004342037064_12319.png,7,Myripristis kuntee,Shoulderspot soldierfish,Holocentridae,4342037064,12319,104,79,1.316,3,RGB,PNG,11560,13c9da90d36c8441c102aff882406cc9,False,train
R:\PP\Marine-Intelligence-Platform\marine-species-identification\data\raw\images\species_07\fish_000065789596_04745.png,raw\images\species_07\fish_000065789596_04745.png,fish_000065789596_04745.png,7,Myripristis kuntee,Shoulderspot soldierfish,Holocentridae,65789596,4745,52,47,1.106,3,RGB,PNG,3113,1a3d13404d9c6440f636e51bb3e5dbe6,False,train
R:\PP\Marine-Intelligence-Platform\marine-species-identification\data\raw\images\species_07\fish_000065789596_04747.png,raw\images\species_07\fish_000065789596_04747.png,fish_000065789596_04747.png,7,Myripristis kuntee,Shoulderspot soldierfish,Holocentridae,65789596,4747,48,46,1.043,3,RGB,PNG,3053,3e63b043ad24db2d858b775734448bf0,False,train
R:\PP\Marine-Intelligence-Platform\marine-species-identification\data\raw\images\species_07\fish_000065789596_04749.png,raw\images\species_07\fish_000065789596_04749.png,fish_000065789596_04749.png,7,Myripristis kuntee,Shoulderspot soldierfish,Holocentridae,65789596,4749,45,47,0.957,3,RGB,PNG,2800,8001b17a64d8b42d3dca152a1cadb723,False,train
R:\PP\Marine-Intelligence-Platform\marine-species-identification\data\raw\images\species_07\fish_000065789596_04751.png,raw\images\species_07\fish_000065789596_04751.png,fish_000065789596_04751.png,7,Myripristis kuntee,Shoulderspot soldierfish,Holocentridae,65789596,4751,43,48,0.896,3,RGB,PNG,2733,20d68e91bd3f730eba2ab063527789fc,False,train
R:\PP\Marine-Intelligence-Platform\marine-species-identification\data\raw\images\species_07\fish_000065789596_04756.png,raw\images\species_07\fish_000065789596_04756.png,fish_000065789596_04756.png,7,Myripristis kuntee,Shoulderspot soldierfish,Holocentridae,65789596,4756,63,55,1.145,3,RGB,PNG,5090,48de5e30e560d3de8afa8c362c71f5aa,False,train
R:\PP\Marine-Intelligence-Platform\marine-species-identification\data\raw\images\species_07\fish_000065789596_04757.png,raw\images\species_07\fish_000065789596_04757.png,fish_000065789596_04757.png,7,Myripristis kuntee,Shoulderspot soldierfish,Holocentridae,65789596,4757,67,60,1.117,3,RGB,PNG,5865,3237d90a154cc7f7a58ca615540635ab,False,train
R:\PP\Marine-Intelligence-Platform\marine-species-identification\data\raw\images\species_07\fish_000065789596_04759.png,raw\images\species_07\fish_000065789596_04759.png,fish_000065789596_04759.png,7,Myripristis kuntee,Shoulderspot soldierfish,Holocentridae,65789596,4759,64,55,1.164,3,RGB,PNG,5203,03d0a8d5ab70cb60b9bf733d85271708,False,train
R:\PP\Marine-Intelligence-Platform\marine-species-identification\data\raw\images\species_07\fish_000065789596_04761.png,raw\images\species_07\fish_000065789596_04761.png,fish_000065789596_04761.png,7,Myripristis kuntee,Shoulderspot soldierfish,Holocentridae,65789596,4761,52,49,1.061,3,RGB,PNG,3620,d7662f4a805e9d16ebdb3937d486493f,False,train
R:\PP\Marine-Intelligence-Platform\marine-species-identification\data\raw\images\species_07\fish_000065789596_04763.png,raw\images\species_07\fish_000065789596_04763.png,fish_000065789596_04763.png,7,Myripristis kuntee,Shoulderspot soldierfish,Holocentridae,65789596,4763,55,50,1.1,3,RGB,PNG,3971,b2087c78a062ce3f0efd215cc887f4a8,False,train
R:\PP\Marine-Intelligence-Platform\marine-species-identification\data\raw\images\species_07\fish_000065789596_04764.png,raw\images\species_07\fish_000065789596_04764.png,fish_000065789596_04764.png,7,Myripristis kuntee,Shoulderspot soldierfish,Holocentridae,65789596,4764,52,47,1.106,3,RGB,PNG,3536,b290bfab7517ee51eb3fdfba416a18b1,False,train
R:\PP\Marine-Intelligence-Platform\marine-species-identification\data\raw\images\species_07\fish_000065789596_04765.png,raw\images\species_07\fish_000065789596_04765.png,fish_000065789596_04765.png,7,Myripristis kuntee,Shoulderspot soldierfish,Holocentridae,65789596,4765,42,43,0.977,3,RGB,PNG,2683,fe2e95d11fa5241a6a302fc62d9cfe11,False,train
R:\PP\Marine-Intelligence-Platform\marine-species-identification\data\raw\images\species_07\fish_000065789596_04766.png,raw\images\species_07\fish_000065789596_04766.png,fish_000065789596_04766.png,7,Myripristis kuntee,Shoulderspot soldierfish,Holocentridae,65789596,4766,37,39,0.949,3,RGB,PNG,2142,b89c499c97e519f281da71be44b101f6,False,train
R:\PP\Marine-Intelligence-Platform\marine-species-identification\data\raw\images\species_07\fish_000065789596_04767.png,raw\images\species_07\fish_000065789596_04767.png,fish_000065789596_04767.png,7,Myripristis kuntee,Shoulderspot soldierfish,Holocentridae,65789596,4767,59,50,1.18,3,RGB,PNG,4109,ec0fcebdbb0cbc2099d6bba5faa3641c,False,train
R:\PP\Marine-Intelligence-Platform\marine-species-identification\data\raw\images\species_07\fish_000065789596_04768.png,raw\images\species_07\fish_000065789596_04768.png,fish_000065789596_04768.png,7,Myripristis kuntee,Shoulderspot soldierfish,Holocentridae,65789596,4768,63,53,1.189,3,RGB,PNG,4685,0564ccf9d0c2773bfd959956d67ea928,False,train
R:\PP\Marine-Intelligence-Platform\marine-species-identification\data\raw\images\species_07\fish_000065789596_04769.png,raw\images\species_07\fish_000065789596_04769.png,fish_000065789596_04769.png,7,Myripristis kuntee,Shoulderspot soldierfish,Holocentridae,65789596,4769,64,53,1.208,3,RGB,PNG,4724,58abd58d706847c28428edfc814ef059,False,train
R:\PP\Marine-Intelligence-Platform\marine-species-identification\data\raw\images\species_07\fish_000065789596_04770.png,raw\images\species_07\fish_000065789596_04770.png,fish_000065789596_04770.png,7,Myripristis kuntee,Shoulderspot soldierfish,Holocentridae,65789596,4770,63,54,1.167,3,RGB,PNG,4810,9e22ffcf3a5d65abe439a9d117a2e4ce,False,train
R:\PP\Marine-Intelligence-Platform\marine-species-identification\data\raw\images\species_07\fish_000065789596_04771.png,raw\images\species_07\fish_000065789596_04771.png,fish_000065789596_04771.png,7,Myripristis kuntee,Shoulderspot soldierfish,Holocentridae,65789596,4771,64,54,1.185,3,RGB,PNG,4845,502764a555405c4c1c29175a0c182621,False,train
R:\PP\Marine-Intelligence-Platform\marine-species-identification\data\raw\images\species_07\fish_000065789596_04772.png,raw\images\species_07\fish_000065789596_04772.png,fish_000065789596_04772.png,7,Myripristis kuntee,Shoulderspot soldierfish,Holocentridae,65789596,4772,64,55,1.164,3,RGB,PNG,4980,16cd0cf68e93b615b97484ebc04ca59b,False,train
R:\PP\Marine-Intelligence-Platform\marine-species-identification\data\raw\images\species_07\fish_000065789596_04774.png,raw\images\species_07\fish_000065789596_04774.png,fish_000065789596_04774.png,7,Myripristis kuntee,Shoulderspot soldierfish,Holocentridae,65789596,4774,64,53,1.208,3,RGB,PNG,4980,8f281fa514182c4564582f21bafdfea7,False,train
R:\PP\Marine-Intelligence-Platform\marine-species-identification\data\raw\images\species_07\fish_000065789596_04777.png,raw\images\species_07\fish_000065789596_04777.png,fish_000065789596_04777.png,7,Myripristis kuntee,Shoulderspot soldierfish,Holocentridae,65789596,4777,60,51,1.176,3,RGB,PNG,4483,71efbdc049b4638a2dab496bb98a3971,False,train
R:\PP\Marine-Intelligence-Platform\marine-species-identification\data\raw\images\species_07\fish_000065789596_04780.png,raw\images\species_07\fish_000065789596_04780.png,fish_000065789596_04780.png,7,Myripristis kuntee,Shoulderspot soldierfish,Holocentridae,65789596,4780,59,52,1.135,3,RGB,PNG,4465,5338f56e10abeb0573cec8f5f1e6fd1c,False,train
R:\PP\Marine-Intelligence-Platform\marine-species-identification\data\raw\images\species_07\fish_000065789596_04786.png,raw\images\species_07\fish_000065789596_04786.png,fish_000065789596_04786.png,7,Myripristis kuntee,Shoulderspot soldierfish,Holocentridae,65789596,4786,76,58,1.31,3,RGB,PNG,6789,30a4e44cf875d30620b973091f04552e,False,train
R:\PP\Marine-Intelligence-Platform\marine-species-identification\data\raw\images\species_07\fish_000065789596_04787.png,raw\images\species_07\fish_000065789596_04787.png,fish_000065789596_04787.png,7,Myripristis kuntee,Shoulderspot soldierfish,Holocentridae,65789596,4787,84,64,1.312,3,RGB,PNG,8604,feb890ff8fe03cca1aa8b68626892830,False,train
R:\PP\Marine-Intelligence-Platform\marine-species-identification\data\raw\images\species_07\fish_000065789596_04788.png,raw\images\species_07\fish_000065789596_04788.png,fish_000065789596_04788.png,7,Myripristis kuntee,Shoulderspot soldierfish,Holocentridae,65789596,4788,83,63,1.317,3,RGB,PNG,8327,1c643f46e713a2062a385413c79e3d9a,False,train
R:\PP\Marine-Intelligence-Platform\marine-species-identification\data\raw\images\species_07\fish_000065789596_04790.png,raw\images\species_07\fish_000065789596_04790.png,fish_000065789596_04790.png,7,Myripristis kuntee,Shoulderspot soldierfish,Holocentridae,65789596,4790,79,63,1.254,3,RGB,PNG,7986,61b0a71f72436c038117d887db4a0352,False,train
R:\PP\Marine-Intelligence-Platform\marine-species-identification\data\raw\images\species_07\fish_000065789596_04792.png,raw\images\species_07\fish_000065789596_04792.png,fish_000065789596_04792.png,7,Myripristis kuntee,Shoulderspot soldierfish,Holocentridae,65789596,4792,95,71,1.338,3,RGB,PNG,11072,010cf95575d1ad4ed295772c4f832a2e,False,train
R:\PP\Marine-Intelligence-Platform\marine-species-identification\data\raw\images\species_07\fish_000065789596_04793.png,raw\images\species_07\fish_000065789596_04793.png,fish_000065789596_04793.png,7,Myripristis kuntee,Shoulderspot soldierfish,Holocentridae,65789596,4793,91,69,1.319,3,RGB,PNG,10174,7c171d0afd68ae3a7426a9f88ac33d71,False,train
R:\PP\Marine-Intelligence-Platform\marine-species-identification\data\raw\images\species_07\fish_000065789596_04794.png,raw\images\species_07\fish_000065789596_04794.png,fish_000065789596_04794.png,7,Myripristis kuntee,Shoulderspot soldierfish,Holocentridae,65789596,4794,87,69,1.261,3,RGB,PNG,9656,3d474877e08d2a6cf1f1c09538e16e32,False,train
R:\PP\Marine-Intelligence-Platform\marine-species-identification\data\raw\images\species_07\fish_000065789596_04795.png,raw\images\species_07\fish_000065789596_04795.png,fish_000065789596_04795.png,7,Myripristis kuntee,Shoulderspot soldierfish,Holocentridae,65789596,4795,80,62,1.29,3,RGB,PNG,7961,ca8264d9333f1beefe33817ad152c9f4,False,train
R:\PP\Marine-Intelligence-Platform\marine-species-identification\data\raw\images\species_07\fish_000065789596_04796.png,raw\images\species_07\fish_000065789596_04796.png,fish_000065789596_04796.png,7,Myripristis kuntee,Shoulderspot soldierfish,Holocentridae,65789596,4796,76,61,1.246,3,RGB,PNG,7192,756a71f1c93acf661f70af39a15ec483,False,train
R:\PP\Marine-Intelligence-Platform\marine-species-identification\data\raw\images\species_07\fish_000065789596_04798.png,raw\images\species_07\fish_000065789596_04798.png,fish_000065789596_04798.png,7,Myripristis kuntee,Shoulderspot soldierfish,Holocentridae,65789596,4798,76,61,1.246,3,RGB,PNG,7184,70cdfd01e0be6f5daef5954ee5046f3b,False,train
R:\PP\Marine-Intelligence-Platform\marine-species-identification\data\raw\images\species_07\fish_000065789596_04800.png,raw\images\species_07\fish_000065789596_04800.png,fish_000065789596_04800.png,7,Myripristis kuntee,Shoulderspot soldierfish,Holocentridae,65789596,4800,68,57,1.193,3,RGB,PNG,6040,4932daa7d629e746765923b666ac1a68,False,train
R:\PP\Marine-Intelligence-Platform\marine-species-identification\data\raw\images\species_07\fish_000065789596_04801.png,raw\images\species_07\fish_000065789596_04801.png,fish_000065789596_04801.png,7,Myripristis kuntee,Shoulderspot soldierfish,Holocentridae,65789596,4801,64,55,1.164,3,RGB,PNG,5488,7d92c8f5352a0b27186b4c2c94ea5253,False,train
R:\PP\Marine-Intelligence-Platform\marine-species-identification\data\raw\images\species_07\fish_000065789596_04802.png,raw\images\species_07\fish_000065789596_04802.png,fish_000065789596_04802.png,7,Myripristis kuntee,Shoulderspot soldierfish,Holocentridae,65789596,4802,56,50,1.12,3,RGB,PNG,4208,0ab3616ca3616e4f2f9056caf4b8e426,False,train
R:\PP\Marine-Intelligence-Platform\marine-species-identification\data\raw\images\species_07\fish_000065789596_04806.png,raw\images\species_07\fish_000065789596_04806.png,fish_000065789596_04806.png,7,Myripristis kuntee,Shoulderspot soldierfish,Holocentridae,65789596,4806,55,49,1.122,3,RGB,PNG,3901,8752e08fe0d3b01014eb86d43b994579,False,train
R:\PP\Marine-Intelligence-Platform\marine-species-identification\data\raw\images\species_07\fish_000065789596_04807.png,raw\images\species_07\fish_000065789596_04807.png,fish_000065789596_04807.png,7,Myripristis kuntee,Shoulderspot soldierfish,Holocentridae,65789596,4807,55,49,1.122,3,RGB,PNG,3914,01fea575012a4ed3d02e3a986aeaee44,False,train
R:\PP\Marine-Intelligence-Platform\marine-species-identification\data\raw\images\species_07\fish_000065789596_04808.png,raw\images\species_07\fish_000065789596_04808.png,fish_000065789596_04808.png,7,Myripristis kuntee,Shoulderspot soldierfish,Holocentridae,65789596,4808,43,43,1.0,3,RGB,PNG,2825,d42458d133219eb2f2b81e92eeb09658,False,train
R:\PP\Marine-Intelligence-Platform\marine-species-identification\data\raw\images\species_07\fish_000065789596_04809.png,raw\images\species_07\fish_000065789596_04809.png,fish_000065789596_04809.png,7,Myripristis kuntee,Shoulderspot soldierfish,Holocentridae,65789596,4809,37,40,0.925,3,RGB,PNG,2193,c759752b49ccf147875f4678d676e7dc,False,train
R:\PP\Marine-Intelligence-Platform\marine-species-identification\data\raw\images\species_07\fish_000065789596_04814.png,raw\images\species_07\fish_000065789596_04814.png,fish_000065789596_04814.png,7,Myripristis kuntee,Shoulderspot soldierfish,Holocentridae,65789596,4814,56,51,1.098,3,RGB,PNG,3779,20b250f96ffcd657e17c6dc2d4a0d8d6,False,train
R:\PP\Marine-Intelligence-Platform\marine-species-identification\data\raw\images\species_07\fish_000065789596_04815.png,raw\images\species_07\fish_000065789596_04815.png,fish_000065789596_04815.png,7,Myripristis kuntee,Shoulderspot soldierfish,Holocentridae,65789596,4815,60,52,1.154,3,RGB,PNG,4164,08c4c78667a891e598bbf0d769054513,False,train
R:\PP\Marine-Intelligence-Platform\marine-species-identification\data\raw\images\species_07\fish_000065789596_04816.png,raw\images\species_07\fish_000065789596_04816.png,fish_000065789596_04816.png,7,Myripristis kuntee,Shoulderspot soldierfish,Holocentridae,65789596,4816,63,52,1.212,3,RGB,PNG,4513,86bcdd55d5fb277a2993a6f8a6f5914c,False,train
R:\PP\Marine-Intelligence-Platform\marine-species-identification\data\raw\images\species_07\fish_000065789596_04817.png,raw\images\species_07\fish_000065789596_04817.png,fish_000065789596_04817.png,7,Myripristis kuntee,Shoulderspot soldierfish,Holocentridae,65789596,4817,92,70,1.314,3,RGB,PNG,8413,055d647eb2823db663133c9301ec2149,False,train
R:\PP\Marine-Intelligence-Platform\marine-species-identification\data\raw\images\species_07\fish_000065789596_04818.png,raw\images\species_07\fish_000065789596_04818.png,fish_000065789596_04818.png,7,Myripristis kuntee,Shoulderspot soldierfish,Holocentridae,65789596,4818,100,73,1.37,3,RGB,PNG,9406,f23ae526de8e37eb2b409bc98865390c,False,train
R:\PP\Marine-Intelligence-Platform\marine-species-identification\data\raw\images\species_07\fish_000065789596_04819.png,raw\images\species_07\fish_000065789596_04819.png,fish_000065789596_04819.png,7,Myripristis kuntee,Shoulderspot soldierfish,Holocentridae,65789596,4819,103,75,1.373,3,RGB,PNG,9965,20bae9df599be67dd7f2fc7ef2835fc0,False,train
R:\PP\Marine-Intelligence-Platform\marine-species-identification\data\raw\images\species_07\fish_000065789596_04820.png,raw\images\species_07\fish_000065789596_04820.png,fish_000065789596_04820.png,7,Myripristis kuntee,Shoulderspot soldierfish,Holocentridae,65789596,4820,103,78,1.321,3,RGB,PNG,10229,e4e15f465cfc36cbd6ea53f811f300c8,False,train
R:\PP\Marine-Intelligence-Platform\marine-species-identification\data\raw\images\species_07\fish_000065789596_04821.png,raw\images\species_07\fish_000065789596_04821.png,fish_000065789596_04821.png,7,Myripristis kuntee,Shoulderspot soldierfish,Holocentridae,65789596,4821,104,79,1.316,3,RGB,PNG,10324,34ca783ad648b4b80f61b9f091bdfbd3,False,train
R:\PP\Marine-Intelligence-Platform\marine-species-identification\data\raw\images\species_07\fish_000065789596_04822.png,raw\images\species_07\fish_000065789596_04822.png,fish_000065789596_04822.png,7,Myripristis kuntee,Shoulderspot soldierfish,Holocentridae,65789596,4822,104,82,1.268,3,RGB,PNG,10533,43802944a814759350a1bb894e9ff2f4,False,train
R:\PP\Marine-Intelligence-Platform\marine-species-identification\data\raw\images\species_07\fish_000065789596_04823.png,raw\images\species_07\fish_000065789596_04823.png,fish_000065789596_04823.png,7,Myripristis kuntee,Shoulderspot soldierfish,Holocentridae,65789596,4823,104,82,1.268,3,RGB,PNG,10711,a67b02b49b22731c0d5c3d1af607774e,False,train
R:\PP\Marine-Intelligence-Platform\marine-species-identification\data\raw\images\species_07\fish_000065789596_04824.png,raw\images\species_07\fish_000065789596_04824.png,fish_000065789596_04824.png,7,Myripristis kuntee,Shoulderspot soldierfish,Holocentridae,65789596,4824,111,84,1.321,3,RGB,PNG,11547,27f479db679e34cbe31c51985b82c0f7,False,train
R:\PP\Marine-Intelligence-Platform\marine-species-identification\data\raw\images\species_07\fish_000065789596_04827.png,raw\images\species_07\fish_000065789596_04827.png,fish_000065789596_04827.png,7,Myripristis kuntee,Shoulderspot soldierfish,Holocentridae,65789596,4827,112,86,1.302,3,RGB,PNG,11841,39e24e4513236b00da0d8330487dc972,False,train
R:\PP\Marine-Intelligence-Platform\marine-species-identification\data\raw\images\species_07\fish_000065789596_04829.png,raw\images\species_07\fish_000065789596_04829.png,fish_000065789596_04829.png,7,Myripristis kuntee,Shoulderspot soldierfish,Holocentridae,65789596,4829,111,85,1.306,3,RGB,PNG,11629,9ab3edde9649f4ad6957ecfc6066dc44,False,train
R:\PP\Marine-Intelligence-Platform\marine-species-identification\data\raw\images\species_07\fish_000065789596_04830.png,raw\images\species_07\fish_000065789596_04830.png,fish_000065789596_04830.png,7,Myripristis kuntee,Shoulderspot soldierfish,Holocentridae,65789596,4830,108,81,1.333,3,RGB,PNG,10706,d579286a763f41cdf2ec98f57b7da48b,False,train
R:\PP\Marine-Intelligence-Platform\marine-species-identification\data\raw\images\species_07\fish_000065789596_04831.png,raw\images\species_07\fish_000065789596_04831.png,fish_000065789596_04831.png,7,Myripristis kuntee,Shoulderspot soldierfish,Holocentridae,65789596,4831,108,83,1.301,3,RGB,PNG,11029,7c08e2473a9afa6841ecdd5be8ca10f5,False,train
R:\PP\Marine-Intelligence-Platform\marine-species-identification\data\raw\images\species_07\fish_000065789596_04832.png,raw\images\species_07\fish_000065789596_04832.png,fish_000065789596_04832.png,7,Myripristis kuntee,Shoulderspot soldierfish,Holocentridae,65789596,4832,96,75,1.28,3,RGB,PNG,8892,dad7dbe86ff0b675ec2d49156e45353a,False,train
R:\PP\Marine-Intelligence-Platform\marine-species-identification\data\raw\images\species_07\fish_000065789596_04833.png,raw\images\species_07\fish_000065789596_04833.png,fish_000065789596_04833.png,7,Myripristis kuntee,Shoulderspot soldierfish,Holocentridae,65789596,4833,87,70,1.243,3,RGB,PNG,7556,a7d6ca631f7a09b4fad452c8c6516ae5,False,train
R:\PP\Marine-Intelligence-Platform\marine-species-identification\data\raw\images\species_07\fish_000065789596_04834.png,raw\images\species_07\fish_000065789596_04834.png,fish_000065789596_04834.png,7,Myripristis kuntee,Shoulderspot soldierfish,Holocentridae,65789596,4834,80,65,1.231,3,RGB,PNG,6573,8633ff1e3a7b35735e0cf3773b7755e4,False,train
R:\PP\Marine-Intelligence-Platform\marine-species-identification\data\raw\images\species_07\fish_000065789596_04835.png,raw\images\species_07\fish_000065789596_04835.png,fish_000065789596_04835.png,7,Myripristis kuntee,Shoulderspot soldierfish,Holocentridae,65789596,4835,55,51,1.078,3,RGB,PNG,3817,16a6839ba8c4b98cddb780edce91a933,False,train
R:\PP\Marine-Intelligence-Platform\marine-species-identification\data\raw\images\species_07\fish_000065789596_04836.png,raw\images\species_07\fish_000065789596_04836.png,fish_000065789596_04836.png,7,Myripristis kuntee,Shoulderspot soldierfish,Holocentridae,65789596,4836,40,43,0.93,3,RGB,PNG,2436,b9a6f329c3e045d34940981a5b7b5a55,False,train
R:\PP\Marine-Intelligence-Platform\marine-species-identification\data\raw\images\species_07\fish_000065789596_04837.png,raw\images\species_07\fish_000065789596_04837.png,fish_000065789596_04837.png,7,Myripristis kuntee,Shoulderspot soldierfish,Holocentridae,65789596,4837,43,42,1.024,3,RGB,PNG,2423,9b04f2493b8351f4ee41790e317af0d4,False,train
R:\PP\Marine-Intelligence-Platform\marine-species-identification\data\raw\images\species_07\fish_000065789596_04838.png,raw\images\species_07\fish_000065789596_04838.png,fish_000065789596_04838.png,7,Myripristis kuntee,Shoulderspot soldierfish,Holocentridae,65789596,4838,43,41,1.049,3,RGB,PNG,2437,42ef783f5bd586a746f3bdad562133cd,False,train
R:\PP\Marine-Intelligence-Platform\marine-species-identification\data\raw\images\species_07\fish_000065789596_04839.png,raw\images\species_07\fish_000065789596_04839.png,fish_000065789596_04839.png,7,Myripristis kuntee,Shoulderspot soldierfish,Holocentridae,65789596,4839,44,42,1.048,3,RGB,PNG,2581,4b760a88f1fc71f716e855c6765163da,False,train
R:\PP\Marine-Intelligence-Platform\marine-species-identification\data\raw\images\species_07\fish_000065789596_04842.png,raw\images\species_07\fish_000065789596_04842.png,fish_000065789596_04842.png,7,Myripristis kuntee,Shoulderspot soldierfish,Holocentridae,65789596,4842,51,44,1.159,3,RGB,PNG,3157,daa0b643091f671ba80fc3cdb1c69708,False,train
R:\PP\Marine-Intelligence-Platform\marine-species-identification\data\raw\images\species_07\fish_000065789596_04844.png,raw\images\species_07\fish_000065789596_04844.png,fish_000065789596_04844.png,7,Myripristis kuntee,Shoulderspot soldierfish,Holocentridae,65789596,4844,56,45,1.244,3,RGB,PNG,3590,f32c766bf7c8737e515f08f19cc66a21,False,train
R:\PP\Marine-Intelligence-Platform\marine-species-identification\data\raw\images\species_07\fish_000065789596_04845.png,raw\images\species_07\fish_000065789596_04845.png,fish_000065789596_04845.png,7,Myripristis kuntee,Shoulderspot soldierfish,Holocentridae,65789596,4845,63,50,1.26,3,RGB,PNG,4505,5e017aa08a4d80b623a3a2f7a87edf08,False,train
R:\PP\Marine-Intelligence-Platform\marine-species-identification\data\raw\images\species_07\fish_000065789596_04846.png,raw\images\species_07\fish_000065789596_04846.png,fish_000065789596_04846.png,7,Myripristis kuntee,Shoulderspot soldierfish,Holocentridae,65789596,4846,55,50,1.1,3,RGB,PNG,3994,a71cf70c502bbc63da7b63fadab2119d,False,train
R:\PP\Marine-Intelligence-Platform\marine-species-identification\data\raw\images\species_07\fish_000065789596_04847.png,raw\images\species_07\fish_000065789596_04847.png,fish_000065789596_04847.png,7,Myripristis kuntee,Shoulderspot soldierfish,Holocentridae,65789596,4847,56,47,1.191,3,RGB,PNG,3851,46eadbf66c33c61f75a75f5afb1bf086,False,train
R:\PP\Marine-Intelligence-Platform\marine-species-identification\data\raw\images\species_07\fish_000065789596_04848.png,raw\images\species_07\fish_000065789596_04848.png,fish_000065789596_04848.png,7,Myripristis kuntee,Shoulderspot soldierfish,Holocentridae,65789596,4848,39,39,1.0,3,RGB,PNG,2424,b1da356cdfe01a32f20258ce520b130e,False,train
R:\PP\Marine-Intelligence-Platform\marine-species-identification\data\raw\images\species_07\fish_000065789596_04849.png,raw\images\species_07\fish_000065789596_04849.png,fish_000065789596_04849.png,7,Myripristis kuntee,Shoulderspot soldierfish,Holocentridae,65789596,4849,31,32,0.969,3,RGB,PNG,1526,20c318ccaa36e5aa124e06f490dfe63a,False,train
R:\PP\Marine-Intelligence-Platform\marine-species-identification\data\raw\images\species_07\fish_000065789596_04851.png,raw\images\species_07\fish_000065789596_04851.png,fish_000065789596_04851.png,7,Myripristis kuntee,Shoulderspot soldierfish,Holocentridae,65789596,4851,43,41,1.049,3,RGB,PNG,2682,ccbc0e6785a73b973287a023bce8c752,False,train
R:\PP\Marine-Intelligence-Platform\marine-species-identification\data\raw\images\species_07\fish_000065789596_04853.png,raw\images\species_07\fish_000065789596_04853.png,fish_000065789596_04853.png,7,Myripristis kuntee,Shoulderspot soldierfish,Holocentridae,65789596,4853,51,46,1.109,3,RGB,PNG,3478,af818354e6e5d6810a1e0b676d8844a3,False,train
R:\PP\Marine-Intelligence-Platform\marine-species-identification\data\raw\images\species_07\fish_000065789596_04855.png,raw\images\species_07\fish_000065789596_04855.png,fish_000065789596_04855.png,7,Myripristis kuntee,Shoulderspot soldierfish,Holocentridae,65789596,4855,60,50,1.2,3,RGB,PNG,4295,20330d110ce7131603813e76a6b2afe9,False,train
R:\PP\Marine-Intelligence-Platform\marine-species-identification\data\raw\images\species_07\fish_000065789596_04857.png,raw\images\species_07\fish_000065789596_04857.png,fish_000065789596_04857.png,7,Myripristis kuntee,Shoulderspot soldierfish,Holocentridae,65789596,4857,68,55,1.236,3,RGB,PNG,5520,4026f56d6bc0649092c8f3d0c07d4825,False,train
R:\PP\Marine-Intelligence-Platform\marine-species-identification\data\raw\images\species_07\fish_000065789596_04859.png,raw\images\species_07\fish_000065789596_04859.png,fish_000065789596_04859.png,7,Myripristis kuntee,Shoulderspot soldierfish,Holocentridae,65789596,4859,72,57,1.263,3,RGB,PNG,5978,92230e66746c6626cd3f2f3d35e3509e,False,train
R:\PP\Marine-Intelligence-Platform\marine-species-identification\data\raw\images\species_07\fish_000065789596_04861.png,raw\images\species_07\fish_000065789596_04861.png,fish_000065789596_04861.png,7,Myripristis kuntee,Shoulderspot soldierfish,Holocentridae,65789596,4861,68,56,1.214,3,RGB,PNG,5641,0013825ad67bd47650e82a694e771a7c,False,train
R:\PP\Marine-Intelligence-Platform\marine-species-identification\data\raw\images\species_07\fish_000065789596_04863.png,raw\images\species_07\fish_000065789596_04863.png,fish_000065789596_04863.png,7,Myripristis kuntee,Shoulderspot soldierfish,Holocentridae,65789596,4863,71,60,1.183,3,RGB,PNG,6292,9d4b6402f39cb98291b698b5eb37f238,False,train
R:\PP\Marine-Intelligence-Platform\marine-species-identification\data\raw\images\species_07\fish_000065789596_04864.png,raw\images\species_07\fish_000065789596_04864.png,fish_000065789596_04864.png,7,Myripristis kuntee,Shoulderspot soldierfish,Holocentridae,65789596,4864,71,58,1.224,3,RGB,PNG,6016,bed4dabfdd615640b5c6d069123f036d,False,train
R:\PP\Marine-Intelligence-Platform\marine-species-identification\data\raw\images\species_07\fish_000065789596_04870.png,raw\images\species_07\fish_000065789596_04870.png,fish_000065789596_04870.png,7,Myripristis kuntee,Shoulderspot soldierfish,Holocentridae,65789596,4870,60,50,1.2,3,RGB,PNG,4547,e2087b6a4aa4abf56431fd0194fde888,False,train
R:\PP\Marine-Intelligence-Platform\marine-species-identification\data\raw\images\species_07\fish_000065789596_04872.png,raw\images\species_07\fish_000065789596_04872.png,fish_000065789596_04872.png,7,Myripristis kuntee,Shoulderspot soldierfish,Holocentridae,65789596,4872,51,47,1.085,3,RGB,PNG,3900,043239120c28fa37332c40e33d068da3,False,train
R:\PP\Marine-Intelligence-Platform\marine-species-identification\data\raw\images\species_07\fish_000065789596_04875.png,raw\images\species_07\fish_000065789596_04875.png,fish_000065789596_04875.png,7,Myripristis kuntee,Shoulderspot soldierfish,Holocentridae,65789596,4875,40,40,1.0,3,RGB,PNG,2425,3d61802b16138fd7a919c31452c08ad9,False,train
R:\PP\Marine-Intelligence-Platform\marine-species-identification\data\raw\images\species_07\fish_000065789596_04879.png,raw\images\species_07\fish_000065789596_04879.png,fish_000065789596_04879.png,7,Myripristis kuntee,Shoulderspot soldierfish,Holocentridae,65789596,4879,44,42,1.048,3,RGB,PNG,2841,48cc53c322dd63a41b37b42f0e165c65,False,train
R:\PP\Marine-Intelligence-Platform\marine-species-identification\data\raw\images\species_07\fish_000065789596_04881.png,raw\images\species_07\fish_000065789596_04881.png,fish_000065789596_04881.png,7,Myripristis kuntee,Shoulderspot soldierfish,Holocentridae,65789596,4881,37,40,0.925,3,RGB,PNG,2358,6887d2d13ec857010c586da0dbcf137a,False,train
R:\PP\Marine-Intelligence-Platform\marine-species-identification\data\raw\images\species_07\fish_000004349596_03768.png,raw\images\species_07\fish_000004349596_03768.png,fish_000004349596_03768.png,7,Myripristis kuntee,Shoulderspot soldierfish,Holocentridae,4349596,3768,39,37,1.054,3,RGB,PNG,2150,6cbf947b54b597c60e870fe3b6428af3,False,train
R:\PP\Marine-Intelligence-Platform\marine-species-identification\data\raw\images\species_07\fish_000004349596_03770.png,raw\images\species_07\fish_000004349596_03770.png,fish_000004349596_03770.png,7,Myripristis kuntee,Shoulderspot soldierfish,Holocentridae,4349596,3770,36,35,1.029,3,RGB,PNG,1888,1c4afa78b8cd4e3e404c2c48f53e254b,False,train
R:\PP\Marine-Intelligence-Platform\marine-species-identification\data\raw\images\species_07\fish_000002439596_03696.png,raw\images\species_07\fish_000002439596_03696.png,fish_000002439596_03696.png,7,Myripristis kuntee,Shoulderspot soldierfish,Holocentridae,2439596,3696,35,35,1.0,3,RGB,PNG,1848,f9ae078ed39870f4d8261ef2694b6793,False,train
R:\PP\Marine-Intelligence-Platform\marine-species-identification\data\raw\images\species_07\fish_000002439596_03698.png,raw\images\species_07\fish_000002439596_03698.png,fish_000002439596_03698.png,7,Myripristis kuntee,Shoulderspot soldierfish,Holocentridae,2439596,3698,38,39,0.974,3,RGB,PNG,2112,206b42c725a5b5741135d2bca77269fc,False,train
R:\PP\Marine-Intelligence-Platform\marine-species-identification\data\raw\images\species_07\fish_000002989596_03725.png,raw\images\species_07\fish_000002989596_03725.png,fish_000002989596_03725.png,7,Myripristis kuntee,Shoulderspot soldierfish,Holocentridae,2989596,3725,75,62,1.21,3,RGB,PNG,5473,ddb1673b0ba15136cba924fd6a66bd10,False,train
R:\PP\Marine-Intelligence-Platform\marine-species-identification\data\raw\images\species_07\fish_000002989596_03726.png,raw\images\species_07\fish_000002989596_03726.png,fish_000002989596_03726.png,7,Myripristis kuntee,Shoulderspot soldierfish,Holocentridae,2989596,3726,63,54,1.167,3,RGB,PNG,4145,e0f99db5e090820d8e5974ab4651ed57,False,train
R:\PP\Marine-Intelligence-Platform\marine-species-identification\data\raw\images\species_07\fish_000002989596_03727.png,raw\images\species_07\fish_000002989596_03727.png,fish_000002989596_03727.png,7,Myripristis kuntee,Shoulderspot soldierfish,Holocentridae,2989596,3727,48,44,1.091,3,RGB,PNG,2975,3af42f3aa20d213f64f27d473a6b070d,False,train
R:\PP\Marine-Intelligence-Platform\marine-species-identification\data\raw\images\species_07\fish_000002989596_03728.png,raw\images\species_07\fish_000002989596_03728.png,fish_000002989596_03728.png,7,Myripristis kuntee,Shoulderspot soldierfish,Holocentridae,2989596,3728,39,39,1.0,3,RGB,PNG,2251,c828650e39587520b19ce49dbaca1729,False,train
R:\PP\Marine-Intelligence-Platform\marine-species-identification\data\raw\images\species_07\fish_000002989596_03729.png,raw\images\species_07\fish_000002989596_03729.png,fish_000002989596_03729.png,7,Myripristis kuntee,Shoulderspot soldierfish,Holocentridae,2989596,3729,38,39,0.974,3,RGB,PNG,2141,2a103830ac9deede704656002e77db63,False,train
R:\PP\Marine-Intelligence-Platform\marine-species-identification\data\raw\images\species_07\fish_004270536972_15260.png,raw\images\species_07\fish_004270536972_15260.png,fish_004270536972_15260.png,7,Myripristis kuntee,Shoulderspot soldierfish,Holocentridae,4270536972,15260,95,70,1.357,3,RGB,PNG,7366,54dc7f094ce1414656d7314735db17d0,False,train
R:\PP\Marine-Intelligence-Platform\marine-species-identification\data\raw\images\species_07\fish_004270536972_15269.png,raw\images\species_07\fish_004270536972_15269.png,fish_004270536972_15269.png,7,Myripristis kuntee,Shoulderspot soldierfish,Holocentridae,4270536972,15269,103,76,1.355,3,RGB,PNG,8347,26890ee518627cb7c3bea5633d22b857,False,train
R:\PP\Marine-Intelligence-Platform\marine-species-identification\data\raw\images\species_07\fish_003735255892_12322.png,raw\images\species_07\fish_003735255892_12322.png,fish_003735255892_12322.png,7,Myripristis kuntee,Shoulderspot soldierfish,Holocentridae,3735255892,12322,112,82,1.366,3,RGB,PNG,17735,f75dfea66dffb29557f9a9e363a832e9,False,train
R:\PP\Marine-Intelligence-Platform\marine-species-identification\data\raw\images\species_10\fish_003953406451_11889.png,raw\images\species_10\fish_003953406451_11889.png,fish_003953406451_11889.png,10,Neoniphon sammara,Sammara squirrelfish,Holocentridae,3953406451,11889,104,83,1.253,3,RGB,PNG,11978,4783bd23d2817855ccb1abc3fd31fa1d,False,train
R:\PP\Marine-Intelligence-Platform\marine-species-identification\data\raw\images\species_10\fish_003953406451_27122.png,raw\images\species_10\fish_003953406451_27122.png,fish_003953406451_27122.png,10,Neoniphon sammara,Sammara squirrelfish,Holocentridae,3953406451,27122,107,83,1.289,3,RGB,PNG,11797,666222416252e020582e6fdd038144b7,False,train
R:\PP\Marine-Intelligence-Platform\marine-species-identification\data\raw\images\species_10\fish_003953356451_11821.png,raw\images\species_10\fish_003953356451_11821.png,fish_003953356451_11821.png,10,Neoniphon sammara,Sammara squirrelfish,Holocentridae,3953356451,11821,104,98,1.061,3,RGB,PNG,16515,e77083e6c9d69bd4e69adf7df96ee783,False,train
R:\PP\Marine-Intelligence-Platform\marine-species-identification\data\raw\images\species_10\fish_003953356451_11826.png,raw\images\species_10\fish_003953356451_11826.png,fish_003953356451_11826.png,10,Neoniphon sammara,Sammara squirrelfish,Holocentridae,3953356451,11826,83,84,0.988,3,RGB,PNG,12441,ce45933000a20f98f33955a24137b937,False,train
R:\PP\Marine-Intelligence-Platform\marine-species-identification\data\raw\images\species_10\fish_003953356451_11867.png,raw\images\species_10\fish_003953356451_11867.png,fish_003953356451_11867.png,10,Neoniphon sammara,Sammara squirrelfish,Holocentridae,3953356451,11867,84,83,1.012,3,RGB,PNG,12412,8b8f7c91d7a67d9a414fbfe465e57b5b,False,train
R:\PP\Marine-Intelligence-Platform\marine-species-identification\data\raw\images\species_10\fish_003953356451_11870.png,raw\images\species_10\fish_003953356451_11870.png,fish_003953356451_11870.png,10,Neoniphon sammara,Sammara squirrelfish,Holocentridae,3953356451,11870,104,98,1.061,3,RGB,PNG,15937,b2fdb476c305874b3b3e8bbb0de53c73,False,train
R:\PP\Marine-Intelligence-Platform\marine-species-identification\data\raw\images\species_10\fish_003953356451_11871.png,raw\images\species_10\fish_003953356451_11871.png,fish_003953356451_11871.png,10,Neoniphon sammara,Sammara squirrelfish,Holocentridae,3953356451,11871,84,83,1.012,3,RGB,PNG,12519,72ed06b9460b1dd59ba1bb8cb93f474c,False,train
R:\PP\Marine-Intelligence-Platform\marine-species-identification\data\raw\images\species_10\fish_003953356451_11943.png,raw\images\species_10\fish_003953356451_11943.png,fish_003953356451_11943.png,10,Neoniphon sammara,Sammara squirrelfish,Holocentridae,3953356451,11943,100,96,1.042,3,RGB,PNG,14441,5553b84b30332ed9f44afd236673374e,False,train
R:\PP\Marine-Intelligence-Platform\marine-species-identification\data\raw\images\species_10\fish_003953356451_11944.png,raw\images\species_10\fish_003953356451_11944.png,fish_003953356451_11944.png,10,Neoniphon sammara,Sammara squirrelfish,Holocentridae,3953356451,11944,99,95,1.042,3,RGB,PNG,16499,ddf40cfe26e42021152229860f2c53c2,False,train
R:\PP\Marine-Intelligence-Platform\marine-species-identification\data\raw\images\species_10\fish_003953356451_11945.png,raw\images\species_10\fish_003953356451_11945.png,fish_003953356451_11945.png,10,Neoniphon sammara,Sammara squirrelfish,Holocentridae,3953356451,11945,107,99,1.081,3,RGB,PNG,15017,9ced229f7f5e3081dbf9ccb90b981ae2,False,train
R:\PP\Marine-Intelligence-Platform\marine-species-identification\data\raw\images\species_10\fish_003953356451_21402.png,raw\images\species_10\fish_003953356451_21402.png,fish_003953356451_21402.png,10,Neoniphon sammara,Sammara squirrelfish,Holocentridae,3953356451,21402,99,95,1.042,3,RGB,PNG,16826,f5129ea0e2d707406843f86ebaffb88d,False,train
R:\PP\Marine-Intelligence-Platform\marine-species-identification\data\raw\images\species_10\fish_003953246451_11856.png,raw\images\species_10\fish_003953246451_11856.png,fish_003953246451_11856.png,10,Neoniphon sammara,Sammara squirrelfish,Holocentridae,3953246451,11856,100,81,1.235,3,RGB,PNG,15966,d2dc5f16a04a263bbd9998af44b159a4,False,train
R:\PP\Marine-Intelligence-Platform\marine-species-identification\data\raw\images\species_10\fish_003953246451_11908.png,raw\images\species_10\fish_003953246451_11908.png,fish_003953246451_11908.png,10,Neoniphon sammara,Sammara squirrelfish,Holocentridae,3953246451,11908,103,104,0.99,3,RGB,PNG,21768,4946faf6ea04770aea908d5c3a8bdd3b,False,train
R:\PP\Marine-Intelligence-Platform\marine-species-identification\data\raw\images\species_10\fish_003953246451_11949.png,raw\images\species_10\fish_003953246451_11949.png,fish_003953246451_11949.png,10,Neoniphon sammara,Sammara squirrelfish,Holocentridae,3953246451,11949,99,99,1.0,3,RGB,PNG,19655,4d67a2677926f17b19901c618a5dc8bb,False,train
R:\PP\Marine-Intelligence-Platform\marine-species-identification\data\raw\images\species_10\fish_003953246451_21509.png,raw\images\species_10\fish_003953246451_21509.png,fish_003953246451_21509.png,10,Neoniphon sammara,Sammara squirrelfish,Holocentridae,3953246451,21509,104,88,1.182,3,RGB,PNG,18270,4f5bc7c34d742a72c791e4f775491668,False,train
R:\PP\Marine-Intelligence-Platform\marine-species-identification\data\raw\images\species_10\fish_004137456776_11811.png,raw\images\species_10\fish_004137456776_11811.png,fish_004137456776_11811.png,10,Neoniphon sammara,Sammara squirrelfish,Holocentridae,4137456776,11811,127,90,1.411,3,RGB,PNG,19793,5506b95766418b26a8987d8a47c6dc5f,False,train
R:\PP\Marine-Intelligence-Platform\marine-species-identification\data\raw\images\species_10\fish_004137456776_11830.png,raw\images\species_10\fish_004137456776_11830.png,fish_004137456776_11830.png,10,Neoniphon sammara,Sammara squirrelfish,Holocentridae,4137456776,11830,152,110,1.382,3,RGB,PNG,29057,e5950bf8f5a843e90add03595ff3aad9,False,train
R:\PP\Marine-Intelligence-Platform\marine-species-identification\data\raw\images\species_10\fish_004137456776_15250.png,raw\images\species_10\fish_004137456776_15250.png,fish_004137456776_15250.png,10,Neoniphon sammara,Sammara squirrelfish,Holocentridae,4137456776,15250,127,90,1.411,3,RGB,PNG,19724,52166855aeb911283be3da1e35c7dd51,False,train
R:\PP\Marine-Intelligence-Platform\marine-species-identification\data\raw\images\species_10\fish_003478685350_11933.png,raw\images\species_10\fish_003478685350_11933.png,fish_003478685350_11933.png,10,Neoniphon sammara,Sammara squirrelfish,Holocentridae,3478685350,11933,92,81,1.136,3,RGB,PNG,12178,b24391854dbcd2da35c93da5897928f9,False,train
R:\PP\Marine-Intelligence-Platform\marine-species-identification\data\raw\images\species_10\fish_003478685350_11934.png,raw\images\species_10\fish_003478685350_11934.png,fish_003478685350_11934.png,10,Neoniphon sammara,Sammara squirrelfish,Holocentridae,3478685350,11934,95,82,1.159,3,RGB,PNG,12531,755d3d4434b9c514b52b0170c0d52df1,False,train
R:\PP\Marine-Intelligence-Platform\marine-species-identification\data\raw\images\species_10\fish_003478685350_11935.png,raw\images\species_10\fish_003478685350_11935.png,fish_003478685350_11935.png,10,Neoniphon sammara,Sammara squirrelfish,Holocentridae,3478685350,11935,95,86,1.105,3,RGB,PNG,12437,fe6736e33d53b57af9fd4b47211d7ef7,False,train
R:\PP\Marine-Intelligence-Platform\marine-species-identification\data\raw\images\species_10\fish_003478685350_11936.png,raw\images\species_10\fish_003478685350_11936.png,fish_003478685350_11936.png,10,Neoniphon sammara,Sammara squirrelfish,Holocentridae,3478685350,11936,95,86,1.105,3,RGB,PNG,12305,b2d162aecf98367f9178580bef9902c0,False,train
R:\PP\Marine-Intelligence-Platform\marine-species-identification\data\raw\images\species_10\fish_003478685350_11937.png,raw\images\species_10\fish_003478685350_11937.png,fish_003478685350_11937.png,10,Neoniphon sammara,Sammara squirrelfish,Holocentridae,3478685350,11937,88,78,1.128,3,RGB,PNG,10806,943614409ce004925624b525a0fdaa8c,False,train
R:\PP\Marine-Intelligence-Platform\marine-species-identification\data\raw\images\species_10\fish_003478685350_11938.png,raw\images\species_10\fish_003478685350_11938.png,fish_003478685350_11938.png,10,Neoniphon sammara,Sammara squirrelfish,Holocentridae,3478685350,11938,95,83,1.145,3,RGB,PNG,12659,f211c439293cc37acdfd5fb06b9410cd,False,train
R:\PP\Marine-Intelligence-Platform\marine-species-identification\data\raw\images\species_10\fish_003478685350_11953.png,raw\images\species_10\fish_003478685350_11953.png,fish_003478685350_11953.png,10,Neoniphon sammara,Sammara squirrelfish,Holocentridae,3478685350,11953,95,82,1.159,3,RGB,PNG,12565,c93143b70cfe1665f07b34429abbbff2,False,train
R:\PP\Marine-Intelligence-Platform\marine-species-identification\data\raw\images\species_10\fish_004402157135_11965.png,raw\images\species_10\fish_004402157135_11965.png,fish_004402157135_11965.png,10,Neoniphon sammara,Sammara squirrelfish,Holocentridae,4402157135,11965,96,84,1.143,3,RGB,PNG,15036,c98f21df8f09bd577c3936239c8536a8,False,train
R:\PP\Marine-Intelligence-Platform\marine-species-identification\data\raw\images\species_10\fish_004402157135_11991.png,raw\images\species_10\fish_004402157135_11991.png,fish_004402157135_11991.png,10,Neoniphon sammara,Sammara squirrelfish,Holocentridae,4402157135,11991,103,81,1.272,3,RGB,PNG,15093,8d4da16c776da510d889672d155da22e,False,train
R:\PP\Marine-Intelligence-Platform\marine-species-identification\data\raw\images\species_10\fish_004402157135_12912.png,raw\images\species_10\fish_004402157135_12912.png,fish_004402157135_12912.png,10,Neoniphon sammara,Sammara squirrelfish,Holocentridae,4402157135,12912,88,77,1.143,3,RGB,PNG,12579,bf67eed9245912192cfc86f98e68cfcf,False,train
R:\PP\Marine-Intelligence-Platform\marine-species-identification\data\raw\images\species_10\fish_004402157135_12913.png,raw\images\species_10\fish_004402157135_12913.png,fish_004402157135_12913.png,10,Neoniphon sammara,Sammara squirrelfish,Holocentridae,4402157135,12913,104,81,1.284,3,RGB,PNG,15192,acae2e5d3b044904fc820bc724786094,False,train
R:\PP\Marine-Intelligence-Platform\marine-species-identification\data\raw\images\species_10\fish_004402157135_25718.png,raw\images\species_10\fish_004402157135_25718.png,fish_004402157135_25718.png,10,Neoniphon sammara,Sammara squirrelfish,Holocentridae,4402157135,25718,99,86,1.151,3,RGB,PNG,16107,03f226c1cf795bbb221bc0e74b0e226a,False,train
R:\PP\Marine-Intelligence-Platform\marine-species-identification\data\raw\images\species_10\fish_004402157135_25726.png,raw\images\species_10\fish_004402157135_25726.png,fish_004402157135_25726.png,10,Neoniphon sammara,Sammara squirrelfish,Holocentridae,4402157135,25726,100,78,1.282,3,RGB,PNG,14021,245468a4bb180807d0258211654e627a,False,train
R:\PP\Marine-Intelligence-Platform\marine-species-identification\data\raw\images\species_10\fish_003478885350_11903.png,raw\images\species_10\fish_003478885350_11903.png,fish_003478885350_11903.png,10,Neoniphon sammara,Sammara squirrelfish,Holocentridae,3478885350,11903,95,85,1.118,3,RGB,PNG,14909,f0ec73b40e83c89adf32c54be84eda46,False,train
R:\PP\Marine-Intelligence-Platform\marine-species-identification\data\raw\images\species_10\fish_003478885350_11906.png,raw\images\species_10\fish_003478885350_11906.png,fish_003478885350_11906.png,10,Neoniphon sammara,Sammara squirrelfish,Holocentridae,3478885350,11906,112,88,1.273,3,RGB,PNG,17415,54f8744203d5e0989823dcfbc7be0b13,False,train
R:\PP\Marine-Intelligence-Platform\marine-species-identification\data\raw\images\species_10\fish_003478885350_11907.png,raw\images\species_10\fish_003478885350_11907.png,fish_003478885350_11907.png,10,Neoniphon sammara,Sammara squirrelfish,Holocentridae,3478885350,11907,111,83,1.337,3,RGB,PNG,16884,70df2dd19c0c54fe71d3a1e663550378,False,train
R:\PP\Marine-Intelligence-Platform\marine-species-identification\data\raw\images\species_10\fish_003478885350_11986.png,raw\images\species_10\fish_003478885350_11986.png,fish_003478885350_11986.png,10,Neoniphon sammara,Sammara squirrelfish,Holocentridae,3478885350,11986,95,83,1.145,3,RGB,PNG,14619,748848c117f32eba03562dc7aae423c7,False,train
R:\PP\Marine-Intelligence-Platform\marine-species-identification\data\raw\images\species_10\fish_003478885350_11997.png,raw\images\species_10\fish_003478885350_11997.png,fish_003478885350_11997.png,10,Neoniphon sammara,Sammara squirrelfish,Holocentridae,3478885350,11997,104,85,1.224,3,RGB,PNG,16043,75b73fd31a602942407b26f57aa94749,False,train
R:\PP\Marine-Intelligence-Platform\marine-species-identification\data\raw\images\species_10\fish_003478885350_11998.png,raw\images\species_10\fish_003478885350_11998.png,fish_003478885350_11998.png,10,Neoniphon sammara,Sammara squirrelfish,Holocentridae,3478885350,11998,115,90,1.278,3,RGB,PNG,18292,b33c1863b25ea6e02fbf88318520749c,False,train
R:\PP\Marine-Intelligence-Platform\marine-species-identification\data\raw\images\species_10\fish_003478885350_12006.png,raw\images\species_10\fish_003478885350_12006.png,fish_003478885350_12006.png,10,Neoniphon sammara,Sammara squirrelfish,Holocentridae,3478885350,12006,111,80,1.387,3,RGB,PNG,16087,e3f8af46fd2fa7d44eeed226455e5c96,False,train
R:\PP\Marine-Intelligence-Platform\marine-species-identification\data\raw\images\species_10\fish_003478885350_12012.png,raw\images\species_10\fish_003478885350_12012.png,fish_003478885350_12012.png,10,Neoniphon sammara,Sammara squirrelfish,Holocentridae,3478885350,12012,111,82,1.354,3,RGB,PNG,16099,0a3aacc40e84e7fbb9374e2119f2f695,False,train
R:\PP\Marine-Intelligence-Platform\marine-species-identification\data\raw\images\species_10\fish_003478885350_12013.png,raw\images\species_10\fish_003478885350_12013.png,fish_003478885350_12013.png,10,Neoniphon sammara,Sammara squirrelfish,Holocentridae,3478885350,12013,115,84,1.369,3,RGB,PNG,17473,83d1941063480a3aa9001f9036e75bef,False,train
R:\PP\Marine-Intelligence-Platform\marine-species-identification\data\raw\images\species_10\fish_003478885350_12014.png,raw\images\species_10\fish_003478885350_12014.png,fish_003478885350_12014.png,10,Neoniphon sammara,Sammara squirrelfish,Holocentridae,3478885350,12014,107,81,1.321,3,RGB,PNG,16050,f774758204f44ba9d42be0648fd6c356,False,train
R:\PP\Marine-Intelligence-Platform\marine-species-identification\data\raw\images\species_10\fish_003478885350_12910.png,raw\images\species_10\fish_003478885350_12910.png,fish_003478885350_12910.png,10,Neoniphon sammara,Sammara squirrelfish,Holocentridae,3478885350,12910,107,81,1.321,3,RGB,PNG,15577,bacb6afcb8226af65e4baee0c1b7e4cd,False,train
R:\PP\Marine-Intelligence-Platform\marine-species-identification\data\raw\images\species_10\fish_003478885350_17739.png,raw\images\species_10\fish_003478885350_17739.png,fish_003478885350_17739.png,10,Neoniphon sammara,Sammara squirrelfish,Holocentridae,3478885350,17739,112,82,1.366,3,RGB,PNG,16277,e06c6076f46bcc0c7e048a3e59407c41,False,train
R:\PP\Marine-Intelligence-Platform\marine-species-identification\data\raw\images\species_10\fish_003478885350_27116.png,raw\images\species_10\fish_003478885350_27116.png,fish_003478885350_27116.png,10,Neoniphon sammara,Sammara squirrelfish,Holocentridae,3478885350,27116,119,92,1.293,3,RGB,PNG,19324,63de777a40064484add9aae17158104f,False,train
R:\PP\Marine-Intelligence-Platform\marine-species-identification\data\raw\images\species_10\fish_003953336451_11857.png,raw\images\species_10\fish_003953336451_11857.png,fish_003953336451_11857.png,10,Neoniphon sammara,Sammara squirrelfish,Holocentridae,3953336451,11857,112,78,1.436,3,RGB,PNG,12622,2d51b3d108178e5346b8f5127fd45e82,False,train
R:\PP\Marine-Intelligence-Platform\marine-species-identification\data\raw\images\species_10\fish_003953336451_11954.png,raw\images\species_10\fish_003953336451_11954.png,fish_003953336451_11954.png,10,Neoniphon sammara,Sammara squirrelfish,Holocentridae,3953336451,11954,107,78,1.372,3,RGB,PNG,11490,4fc7ee9c22f60987a03407ff2c7a97cd,False,train
R:\PP\Marine-Intelligence-Platform\marine-species-identification\data\raw\images\species_10\fish_003953306451_11899.png,raw\images\species_10\fish_003953306451_11899.png,fish_003953306451_11899.png,10,Neoniphon sammara,Sammara squirrelfish,Holocentridae,3953306451,11899,116,91,1.275,3,RGB,PNG,15810,0fe77e1a81af5f5190e4b86745ec548d,False,train
R:\PP\Marine-Intelligence-Platform\marine-species-identification\data\raw\images\species_10\fish_003953306451_13480.png,raw\images\species_10\fish_003953306451_13480.png,fish_003953306451_13480.png,10,Neoniphon sammara,Sammara squirrelfish,Holocentridae,3953306451,13480,115,90,1.278,3,RGB,PNG,15653,12f2511befb40356a9ec47bb84615054,False,train
R:\PP\Marine-Intelligence-Platform\marine-species-identification\data\raw\images\species_10\fish_003953306451_14064.png,raw\images\species_10\fish_003953306451_14064.png,fish_003953306451_14064.png,10,Neoniphon sammara,Sammara squirrelfish,Holocentridae,3953306451,14064,116,92,1.261,3,RGB,PNG,15126,6eb3ce2680e27cef0522f570b7e3a721,False,train
R:\PP\Marine-Intelligence-Platform\marine-species-identification\data\raw\images\species_10\fish_003953306451_17693.png,raw\images\species_10\fish_003953306451_17693.png,fish_003953306451_17693.png,10,Neoniphon sammara,Sammara squirrelfish,Holocentridae,3953306451,17693,116,92,1.261,3,RGB,PNG,15394,f64044fcb832a6f6d56e6931b8f78ec3,False,train
R:\PP\Marine-Intelligence-Platform\marine-species-identification\data\raw\images\species_10\fish_003953306451_21510.png,raw\images\species_10\fish_003953306451_21510.png,fish_003953306451_21510.png,10,Neoniphon sammara,Sammara squirrelfish,Holocentridae,3953306451,21510,119,95,1.253,3,RGB,PNG,15811,27463fd826179a0295f47b553525c7cb,False,train
R:\PP\Marine-Intelligence-Platform\marine-species-identification\data\raw\images\species_10\fish_003778306032_13566.png,raw\images\species_10\fish_003778306032_13566.png,fish_003778306032_13566.png,10,Neoniphon sammara,Sammara squirrelfish,Holocentridae,3778306032,13566,87,86,1.012,3,RGB,PNG,13460,9af6f4a7c7f3cef2a532544121fbc8e7,False,train
R:\PP\Marine-Intelligence-Platform\marine-species-identification\data\raw\images\species_10\fish_003778306032_23202.png,raw\images\species_10\fish_003778306032_23202.png,fish_003778306032_23202.png,10,Neoniphon sammara,Sammara squirrelfish,Holocentridae,3778306032,23202,83,84,0.988,3,RGB,PNG,12307,6ce3ebfca548ccc532e986036078995c,False,train
R:\PP\Marine-Intelligence-Platform\marine-species-identification\data\raw\images\species_10\fish_003778306032_26184.png,raw\images\species_10\fish_003778306032_26184.png,fish_003778306032_26184.png,10,Neoniphon sammara,Sammara squirrelfish,Holocentridae,3778306032,26184,92,87,1.057,3,RGB,PNG,14416,96dd662be6acbacfcf2c2cfe604eb494,False,train
R:\PP\Marine-Intelligence-Platform\marine-species-identification\data\raw\images\species_10\fish_004203496872_11851.png,raw\images\species_10\fish_004203496872_11851.png,fish_004203496872_11851.png,10,Neoniphon sammara,Sammara squirrelfish,Holocentridae,4203496872,11851,112,94,1.191,3,RGB,PNG,18182,1fab832000ad94290d5115f9ca94e731,False,train
R:\PP\Marine-Intelligence-Platform\marine-species-identification\data\raw\images\species_10\fish_004203496872_11854.png,raw\images\species_10\fish_004203496872_11854.png,fish_004203496872_11854.png,10,Neoniphon sammara,Sammara squirrelfish,Holocentridae,4203496872,11854,112,103,1.087,3,RGB,PNG,20601,c85997cbd792322f16b1c1d53fced32a,False,train
R:\PP\Marine-Intelligence-Platform\marine-species-identification\data\raw\images\species_10\fish_004203496872_11883.png,raw\images\species_10\fish_004203496872_11883.png,fish_004203496872_11883.png,10,Neoniphon sammara,Sammara squirrelfish,Holocentridae,4203496872,11883,111,94,1.181,3,RGB,PNG,18235,4d330adc3f1133e36fb7a4bd0cf20dcd,False,train
R:\PP\Marine-Intelligence-Platform\marine-species-identification\data\raw\images\species_10\fish_004203496872_11916.png,raw\images\species_10\fish_004203496872_11916.png,fish_004203496872_11916.png,10,Neoniphon sammara,Sammara squirrelfish,Holocentridae,4203496872,11916,112,90,1.244,3,RGB,PNG,17072,13d651831b33a6fb89eba3570bdb85b3,False,train
R:\PP\Marine-Intelligence-Platform\marine-species-identification\data\raw\images\species_10\fish_004203496872_17741.png,raw\images\species_10\fish_004203496872_17741.png,fish_004203496872_17741.png,10,Neoniphon sammara,Sammara squirrelfish,Holocentridae,4203496872,17741,112,99,1.131,3,RGB,PNG,19763,669ee641df0b941c61dd1bc626079379,False,train
R:\PP\Marine-Intelligence-Platform\marine-species-identification\data\raw\images\species_10\fish_004203496872_21511.png,raw\images\species_10\fish_004203496872_21511.png,fish_004203496872_21511.png,10,Neoniphon sammara,Sammara squirrelfish,Holocentridae,4203496872,21511,111,105,1.057,3,RGB,PNG,20847,e3a83f8a8bb743e2bde6cbf808054bf4,False,train
R:\PP\Marine-Intelligence-Platform\marine-species-identification\data\raw\images\species_10\fish_003478665350_12015.png,raw\images\species_10\fish_003478665350_12015.png,fish_003478665350_12015.png,10,Neoniphon sammara,Sammara squirrelfish,Holocentridae,3478665350,12015,115,83,1.386,3,RGB,PNG,16110,985c45242f5c3571600ea6edebedd4b4,False,train
R:\PP\Marine-Intelligence-Platform\marine-species-identification\data\raw\images\species_10\fish_003478665350_12909.png,raw\images\species_10\fish_003478665350_12909.png,fish_003478665350_12909.png,10,Neoniphon sammara,Sammara squirrelfish,Holocentridae,3478665350,12909,107,83,1.289,3,RGB,PNG,15721,6d7ffed06108b8d920ed092f058477e7,False,train
R:\PP\Marine-Intelligence-Platform\marine-species-identification\data\raw\images\species_10\fish_003478665350_27120.png,raw\images\species_10\fish_003478665350_27120.png,fish_003478665350_27120.png,10,Neoniphon sammara,Sammara squirrelfish,Holocentridae,3478665350,27120,111,81,1.37,3,RGB,PNG,15239,e1000adaccc84892cf0319210cad14bf,False,train
R:\PP\Marine-Intelligence-Platform\marine-species-identification\data\raw\images\species_10\fish_004402177135_11868.png,raw\images\species_10\fish_004402177135_11868.png,fish_004402177135_11868.png,10,Neoniphon sammara,Sammara squirrelfish,Holocentridae,4402177135,11868,97,100,0.97,3,RGB,PNG,18032,2d94dcd2a6cf6d218794ef5179976968,False,train
R:\PP\Marine-Intelligence-Platform\marine-species-identification\data\raw\images\species_10\fish_004402177135_11869.png,raw\images\species_10\fish_004402177135_11869.png,fish_004402177135_11869.png,10,Neoniphon sammara,Sammara squirrelfish,Holocentridae,4402177135,11869,96,95,1.011,3,RGB,PNG,16530,a36ec74373bf0b3dac6fee1d7bd5175b,False,train
R:\PP\Marine-Intelligence-Platform\marine-species-identification\data\raw\images\species_10\fish_004402177135_11919.png,raw\images\species_10\fish_004402177135_11919.png,fish_004402177135_11919.png,10,Neoniphon sammara,Sammara squirrelfish,Holocentridae,4402177135,11919,101,103,0.981,3,RGB,PNG,19111,6a7b8b4051ef215b7d2d4b9279d4f9d8,False,train
R:\PP\Marine-Intelligence-Platform\marine-species-identification\data\raw\images\species_10\fish_004402177135_13033.png,raw\images\species_10\fish_004402177135_13033.png,fish_004402177135_13033.png,10,Neoniphon sammara,Sammara squirrelfish,Holocentridae,4402177135,13033,103,104,0.99,3,RGB,PNG,18249,62b18bab3ea3627a8fdba788ed558bae,False,train
R:\PP\Marine-Intelligence-Platform\marine-species-identification\data\raw\images\species_10\fish_004402177135_13035.png,raw\images\species_10\fish_004402177135_13035.png,fish_004402177135_13035.png,10,Neoniphon sammara,Sammara squirrelfish,Holocentridae,4402177135,13035,102,107,0.953,3,RGB,PNG,19521,4137c1db4a14a8c31d386bc46fa61565,False,train
R:\PP\Marine-Intelligence-Platform\marine-species-identification\data\raw\images\species_10\fish_004402177135_13478.png,raw\images\species_10\fish_004402177135_13478.png,fish_004402177135_13478.png,10,Neoniphon sammara,Sammara squirrelfish,Holocentridae,4402177135,13478,102,104,0.981,3,RGB,PNG,18263,e1734750f2a0977c564a7f387616fe67,False,train
R:\PP\Marine-Intelligence-Platform\marine-species-identification\data\raw\images\species_10\fish_004402177135_13527.png,raw\images\species_10\fish_004402177135_13527.png,fish_004402177135_13527.png,10,Neoniphon sammara,Sammara squirrelfish,Holocentridae,4402177135,13527,114,120,0.95,3,RGB,PNG,19728,13fa23a9bfdd22d9c52500c4c0ebd542,False,train
R:\PP\Marine-Intelligence-Platform\marine-species-identification\data\raw\images\species_10\fish_004402177135_20962.png,raw\images\species_10\fish_004402177135_20962.png,fish_004402177135_20962.png,10,Neoniphon sammara,Sammara squirrelfish,Holocentridae,4402177135,20962,117,120,0.975,3,RGB,PNG,21364,d3c390ac23de90b79f8c25301b244fd5,False,train
R:\PP\Marine-Intelligence-Platform\marine-species-identification\data\raw\images\species_10\fish_003478805350_11902.png,raw\images\species_10\fish_003478805350_11902.png,fish_003478805350_11902.png,10,Neoniphon sammara,Sammara squirrelfish,Holocentridae,3478805350,11902,103,79,1.304,3,RGB,PNG,15194,c0afba0816e07c6d47030764a13358d5,False,train
R:\PP\Marine-Intelligence-Platform\marine-species-identification\data\raw\images\species_10\fish_003478805350_12000.png,raw\images\species_10\fish_003478805350_12000.png,fish_003478805350_12000.png,10,Neoniphon sammara,Sammara squirrelfish,Holocentridae,3478805350,12000,107,81,1.321,3,RGB,PNG,16238,bc586eaa499a1946ed19c3b6de8aa0a5,False,train
R:\PP\Marine-Intelligence-Platform\marine-species-identification\data\raw\images\species_10\fish_003478805350_12002.png,raw\images\species_10\fish_003478805350_12002.png,fish_003478805350_12002.png,10,Neoniphon sammara,Sammara squirrelfish,Holocentridae,3478805350,12002,104,77,1.351,3,RGB,PNG,14911,dfa85ecaf74a013edb51f3065e5147b2,False,train
R:\PP\Marine-Intelligence-Platform\marine-species-identification\data\raw\images\species_10\fish_003478805350_12007.png,raw\images\species_10\fish_003478805350_12007.png,fish_003478805350_12007.png,10,Neoniphon sammara,Sammara squirrelfish,Holocentridae,3478805350,12007,104,76,1.368,3,RGB,PNG,14627,e4476cf8c9f9f461b90162cf960550af,False,train
R:\PP\Marine-Intelligence-Platform\marine-species-identification\data\raw\images\species_10\fish_003478805350_12008.png,raw\images\species_10\fish_003478805350_12008.png,fish_003478805350_12008.png,10,Neoniphon sammara,Sammara squirrelfish,Holocentridae,3478805350,12008,107,79,1.354,3,RGB,PNG,15823,ba25814c3d4e62e42825af4837f8b96a,False,train
R:\PP\Marine-Intelligence-Platform\marine-species-identification\data\raw\images\species_10\fish_003478805350_12009.png,raw\images\species_10\fish_003478805350_12009.png,fish_003478805350_12009.png,10,Neoniphon sammara,Sammara squirrelfish,Holocentridae,3478805350,12009,107,79,1.354,3,RGB,PNG,15786,bd3ef5239259012a407da8243c911a8d,False,train
R:\PP\Marine-Intelligence-Platform\marine-species-identification\data\raw\images\species_10\fish_004402247135_11951.png,raw\images\species_10\fish_004402247135_11951.png,fish_004402247135_11951.png,10,Neoniphon sammara,Sammara squirrelfish,Holocentridae,4402247135,11951,99,77,1.286,3,RGB,PNG,13201,a1b9af24c159ec23f7fe253a14acf289,False,train
R:\PP\Marine-Intelligence-Platform\marine-species-identification\data\raw\images\species_10\fish_004402247135_11957.png,raw\images\species_10\fish_004402247135_11957.png,fish_004402247135_11957.png,10,Neoniphon sammara,Sammara squirrelfish,Holocentridae,4402247135,11957,124,98,1.265,3,RGB,PNG,15368,d0bcb74fed23d64f9c1a7c49178129e8,False,train
R:\PP\Marine-Intelligence-Platform\marine-species-identification\data\raw\images\species_10\fish_004402247135_11960.png,raw\images\species_10\fish_004402247135_11960.png,fish_004402247135_11960.png,10,Neoniphon sammara,Sammara squirrelfish,Holocentridae,4402247135,11960,111,88,1.261,3,RGB,PNG,17193,0d77becf3f6ac15cd31a1cfd309cbb6e,False,train
R:\PP\Marine-Intelligence-Platform\marine-species-identification\data\raw\images\species_10\fish_004402247135_11963.png,raw\images\species_10\fish_004402247135_11963.png,fish_004402247135_11963.png,10,Neoniphon sammara,Sammara squirrelfish,Holocentridae,4402247135,11963,112,85,1.318,3,RGB,PNG,15886,ae6776a740bd43372fafddc0cd1f4a97,False,train
R:\PP\Marine-Intelligence-Platform\marine-species-identification\data\raw\images\species_10\fish_004402247135_11989.png,raw\images\species_10\fish_004402247135_11989.png,fish_004402247135_11989.png,10,Neoniphon sammara,Sammara squirrelfish,Holocentridae,4402247135,11989,111,84,1.321,3,RGB,PNG,15648,94787ec46be79d3c1b87227ba4f6827a,False,train
R:\PP\Marine-Intelligence-Platform\marine-species-identification\data\raw\images\species_10\fish_004402247135_23221.png,raw\images\species_10\fish_004402247135_23221.png,fish_004402247135_23221.png,10,Neoniphon sammara,Sammara squirrelfish,Holocentridae,4402247135,23221,107,82,1.305,3,RGB,PNG,15157,826d421cda08c7944a73087f1e6749c4,False,train
R:\PP\Marine-Intelligence-Platform\marine-species-identification\data\raw\images\species_10\fish_003953316451_11820.png,raw\images\species_10\fish_003953316451_11820.png,fish_003953316451_11820.png,10,Neoniphon sammara,Sammara squirrelfish,Holocentridae,3953316451,11820,87,79,1.101,3,RGB,PNG,13758,a1d496a2cff4c00e4a03cea854deaf14,False,train
R:\PP\Marine-Intelligence-Platform\marine-species-identification\data\raw\images\species_10\fish_003953316451_11922.png,raw\images\species_10\fish_003953316451_11922.png,fish_003953316451_11922.png,10,Neoniphon sammara,Sammara squirrelfish,Holocentridae,3953316451,11922,103,87,1.184,3,RGB,PNG,17867,564b14486c8937a4bf8e3df156b43975,False,train
R:\PP\Marine-Intelligence-Platform\marine-species-identification\data\raw\images\species_10\fish_003953316451_13037.png,raw\images\species_10\fish_003953316451_13037.png,fish_003953316451_13037.png,10,Neoniphon sammara,Sammara squirrelfish,Holocentridae,3953316451,13037,84,75,1.12,3,RGB,PNG,12685,5bfeecbf51d3b7b88a55da2fe67ce157,False,train
R:\PP\Marine-Intelligence-Platform\marine-species-identification\data\raw\images\species_10\fish_003778336032_11896.png,raw\images\species_10\fish_003778336032_11896.png,fish_003778336032_11896.png,10,Neoniphon sammara,Sammara squirrelfish,Holocentridae,3778336032,11896,107,87,1.23,3,RGB,PNG,16879,6e1aa1ec3e78c2b4556cd7b381a994e0,False,train
R:\PP\Marine-Intelligence-Platform\marine-species-identification\data\raw\images\species_10\fish_003778336032_13661.png,raw\images\species_10\fish_003778336032_13661.png,fish_003778336032_13661.png,10,Neoniphon sammara,Sammara squirrelfish,Holocentridae,3778336032,13661,96,87,1.103,3,RGB,PNG,14890,76e215e17dc7d1e8cafe3efaa4e1cc7f,False,train
R:\PP\Marine-Intelligence-Platform\marine-species-identification\data\raw\images\species_10\fish_003778336032_15503.png,raw\images\species_10\fish_003778336032_15503.png,fish_003778336032_15503.png,10,Neoniphon sammara,Sammara squirrelfish,Holocentridae,3778336032,15503,104,83,1.253,3,RGB,PNG,15631,7f1ab6953616df9d06b03fb83f5ceba6,False,train
R:\PP\Marine-Intelligence-Platform\marine-species-identification\data\raw\images\species_10\fish_003778336032_24213.png,raw\images\species_10\fish_003778336032_24213.png,fish_003778336032_24213.png,10,Neoniphon sammara,Sammara squirrelfish,Holocentridae,3778336032,24213,104,85,1.224,3,RGB,PNG,16054,0aa168aae1b53942ad45d68800695c7f,False,train
R:\PP\Marine-Intelligence-Platform\marine-species-identification\data\raw\images\species_10\fish_004402137135_11904.png,raw\images\species_10\fish_004402137135_11904.png,fish_004402137135_11904.png,10,Neoniphon sammara,Sammara squirrelfish,Holocentridae,4402137135,11904,115,87,1.322,3,RGB,PNG,16802,e9fc48118b5c9b13ffa6a5e8adc4bad5,False,train
R:\PP\Marine-Intelligence-Platform\marine-species-identification\data\raw\images\species_10\fish_004402137135_11923.png,raw\images\species_10\fish_004402137135_11923.png,fish_004402137135_11923.png,10,Neoniphon sammara,Sammara squirrelfish,Holocentridae,4402137135,11923,96,86,1.116,3,RGB,PNG,14385,028ff8c3323f3b8d88ad602d6a1446d2,False,train
R:\PP\Marine-Intelligence-Platform\marine-species-identification\data\raw\images\species_10\fish_004402137135_11959.png,raw\images\species_10\fish_004402137135_11959.png,fish_004402137135_11959.png,10,Neoniphon sammara,Sammara squirrelfish,Holocentridae,4402137135,11959,107,92,1.163,3,RGB,PNG,16558,3e4a24b37e46d7474e49522b01af5373,False,train
R:\PP\Marine-Intelligence-Platform\marine-species-identification\data\raw\images\species_10\fish_004402137135_11992.png,raw\images\species_10\fish_004402137135_11992.png,fish_004402137135_11992.png,10,Neoniphon sammara,Sammara squirrelfish,Holocentridae,4402137135,11992,99,88,1.125,3,RGB,PNG,15008,22fb1dd65b6625a84540238dba83ccf8,False,train
R:\PP\Marine-Intelligence-Platform\marine-species-identification\data\raw\images\species_10\fish_004402137135_11994.png,raw\images\species_10\fish_004402137135_11994.png,fish_004402137135_11994.png,10,Neoniphon sammara,Sammara squirrelfish,Holocentridae,4402137135,11994,96,86,1.116,3,RGB,PNG,14609,61430dde8003e3076dcc72e687ab38a6,False,train
R:\PP\Marine-Intelligence-Platform\marine-species-identification\data\raw\images\species_10\fish_004402137135_11996.png,raw\images\species_10\fish_004402137135_11996.png,fish_004402137135_11996.png,10,Neoniphon sammara,Sammara squirrelfish,Holocentridae,4402137135,11996,111,82,1.354,3,RGB,PNG,15414,65b16929c4d52c2d4957728a901f1be5,False,train
R:\PP\Marine-Intelligence-Platform\marine-species-identification\data\raw\images\species_10\fish_004402137135_13429.png,raw\images\species_10\fish_004402137135_13429.png,fish_004402137135_13429.png,10,Neoniphon sammara,Sammara squirrelfish,Holocentridae,4402137135,13429,107,92,1.163,3,RGB,PNG,15645,509d62da254add85231b373042bb9eae,False,train
R:\PP\Marine-Intelligence-Platform\marine-species-identification\data\raw\images\species_10\fish_004402137135_13569.png,raw\images\species_10\fish_004402137135_13569.png,fish_004402137135_13569.png,10,Neoniphon sammara,Sammara squirrelfish,Holocentridae,4402137135,13569,99,91,1.088,3,RGB,PNG,15918,ba2aabef52c63a30eb02a30eb15a6f64,False,train
R:\PP\Marine-Intelligence-Platform\marine-species-identification\data\raw\images\species_10\fish_004402137135_13663.png,raw\images\species_10\fish_004402137135_13663.png,fish_004402137135_13663.png,10,Neoniphon sammara,Sammara squirrelfish,Holocentridae,4402137135,13663,100,90,1.111,3,RGB,PNG,15988,39ace86b27b03d2927733f1435944500,False,train
R:\PP\Marine-Intelligence-Platform\marine-species-identification\data\raw\images\species_10\fish_004402137135_15412.png,raw\images\species_10\fish_004402137135_15412.png,fish_004402137135_15412.png,10,Neoniphon sammara,Sammara squirrelfish,Holocentridae,4402137135,15412,116,93,1.247,3,RGB,PNG,15251,786b54fbde31c76b63884304e9058ca5,False,train
R:\PP\Marine-Intelligence-Platform\marine-species-identification\data\raw\images\species_10\fish_004402137135_21393.png,raw\images\species_10\fish_004402137135_21393.png,fish_004402137135_21393.png,10,Neoniphon sammara,Sammara squirrelfish,Holocentridae,4402137135,21393,96,84,1.143,3,RGB,PNG,14009,23e30e1f20071a72c7aba2f41671b718,False,train
R:\PP\Marine-Intelligence-Platform\marine-species-identification\data\raw\images\species_10\fish_004402137135_23218.png,raw\images\species_10\fish_004402137135_23218.png,fish_004402137135_23218.png,10,Neoniphon sammara,Sammara squirrelfish,Holocentridae,4402137135,23218,115,85,1.353,3,RGB,PNG,16811,b3d448b44ca3a54f9bf98547323b87da,False,train
R:\PP\Marine-Intelligence-Platform\marine-species-identification\data\raw\images\species_10\fish_004402137135_23219.png,raw\images\species_10\fish_004402137135_23219.png,fish_004402137135_23219.png,10,Neoniphon sammara,Sammara squirrelfish,Holocentridae,4402137135,23219,115,85,1.353,3,RGB,PNG,16606,a88586336f7181db77698f33e85508ad,False,train
R:\PP\Marine-Intelligence-Platform\marine-species-identification\data\raw\images\species_10\fish_004402137135_23220.png,raw\images\species_10\fish_004402137135_23220.png,fish_004402137135_23220.png,10,Neoniphon sammara,Sammara squirrelfish,Holocentridae,4402137135,23220,111,85,1.306,3,RGB,PNG,15822,af9f06e60887acd5a924297fe9d6c900,False,train
R:\PP\Marine-Intelligence-Platform\marine-species-identification\data\raw\images\species_10\fish_003478895350_11920.png,raw\images\species_10\fish_003478895350_11920.png,fish_003478895350_11920.png,10,Neoniphon sammara,Sammara squirrelfish,Holocentridae,3478895350,11920,84,82,1.024,3,RGB,PNG,10618,149e5bcf87b93bb0add9087460e439ef,False,train
R:\PP\Marine-Intelligence-Platform\marine-species-identification\data\raw\images\species_10\fish_003478895350_11928.png,raw\images\species_10\fish_003478895350_11928.png,fish_003478895350_11928.png,10,Neoniphon sammara,Sammara squirrelfish,Holocentridae,3478895350,11928,87,83,1.048,3,RGB,PNG,11290,731f97ffd6d994c9d6ba45e2112dafa5,False,train
R:\PP\Marine-Intelligence-Platform\marine-species-identification\data\raw\images\species_10\fish_003478895350_11931.png,raw\images\species_10\fish_003478895350_11931.png,fish_003478895350_11931.png,10,Neoniphon sammara,Sammara squirrelfish,Holocentridae,3478895350,11931,91,87,1.046,3,RGB,PNG,12679,53ec04fd8353fa9d86882812882cfe8e,False,train
R:\PP\Marine-Intelligence-Platform\marine-species-identification\data\raw\images\species_10\fish_003478895350_14039.png,raw\images\species_10\fish_003478895350_14039.png,fish_003478895350_14039.png,10,Neoniphon sammara,Sammara squirrelfish,Holocentridae,3478895350,14039,84,83,1.012,3,RGB,PNG,10877,710c2b3c84285c03edb97a2d93d2325e,False,train
R:\PP\Marine-Intelligence-Platform\marine-species-identification\data\raw\images\species_10\fish_003478915350_11827.png,raw\images\species_10\fish_003478915350_11827.png,fish_003478915350_11827.png,10,Neoniphon sammara,Sammara squirrelfish,Holocentridae,3478915350,11827,95,96,0.99,3,RGB,PNG,13736,1111799de0e621915e21aa130df3747b,False,train
R:\PP\Marine-Intelligence-Platform\marine-species-identification\data\raw\images\species_10\fish_003478915350_11910.png,raw\images\species_10\fish_003478915350_11910.png,fish_003478915350_11910.png,10,Neoniphon sammara,Sammara squirrelfish,Holocentridae,3478915350,11910,95,92,1.033,3,RGB,PNG,14355,32dcecc768e9ac85cf61eaba7bffb2d4,False,train
R:\PP\Marine-Intelligence-Platform\marine-species-identification\data\raw\images\species_10\fish_003478915350_11912.png,raw\images\species_10\fish_003478915350_11912.png,fish_003478915350_11912.png,10,Neoniphon sammara,Sammara squirrelfish,Holocentridae,3478915350,11912,95,93,1.022,3,RGB,PNG,14129,8e522825bc8b8ed8d5d5a3f653391aeb,False,train
R:\PP\Marine-Intelligence-Platform\marine-species-identification\data\raw\images\species_10\fish_003478915350_11921.png,raw\images\species_10\fish_003478915350_11921.png,fish_003478915350_11921.png,10,Neoniphon sammara,Sammara squirrelfish,Holocentridae,3478915350,11921,94,96,0.979,3,RGB,PNG,13099,b13a8f7ca63ae9d96ca3ad89f856570c,False,train
R:\PP\Marine-Intelligence-Platform\marine-species-identification\data\raw\images\species_10\fish_003478915350_11924.png,raw\images\species_10\fish_003478915350_11924.png,fish_003478915350_11924.png,10,Neoniphon sammara,Sammara squirrelfish,Holocentridae,3478915350,11924,95,96,0.99,3,RGB,PNG,14039,3a8fb8649883e3526c989b92bb9f9807,False,train
R:\PP\Marine-Intelligence-Platform\marine-species-identification\data\raw\images\species_10\fish_003478915350_11929.png,raw\images\species_10\fish_003478915350_11929.png,fish_003478915350_11929.png,10,Neoniphon sammara,Sammara squirrelfish,Holocentridae,3478915350,11929,92,87,1.057,3,RGB,PNG,14043,51f6477474daaf9fd1cce4a6675d55e9,False,train
R:\PP\Marine-Intelligence-Platform\marine-species-identification\data\raw\images\species_10\fish_003478915350_11946.png,raw\images\species_10\fish_003478915350_11946.png,fish_003478915350_11946.png,10,Neoniphon sammara,Sammara squirrelfish,Holocentridae,3478915350,11946,94,96,0.979,3,RGB,PNG,12967,7815ff09160c69bf3ae79a9f2915da0e,False,train
R:\PP\Marine-Intelligence-Platform\marine-species-identification\data\raw\images\species_10\fish_003478915350_12743.png,raw\images\species_10\fish_003478915350_12743.png,fish_003478915350_12743.png,10,Neoniphon sammara,Sammara squirrelfish,Holocentridae,3478915350,12743,88,86,1.023,3,RGB,PNG,13127,9d513b4051321d01a976e5bca860c160,False,train
R:\PP\Marine-Intelligence-Platform\marine-species-identification\data\raw\images\species_10\fish_003478915350_13766.png,raw\images\species_10\fish_003478915350_13766.png,fish_003478915350_13766.png,10,Neoniphon sammara,Sammara squirrelfish,Holocentridae,3478915350,13766,92,89,1.034,3,RGB,PNG,14053,1b5af5c15f77d39424cae324900cb2eb,False,train
R:\PP\Marine-Intelligence-Platform\marine-species-identification\data\raw\images\species_10\fish_003478955350_11796.png,raw\images\species_10\fish_003478955350_11796.png,fish_003478955350_11796.png,10,Neoniphon sammara,Sammara squirrelfish,Holocentridae,3478955350,11796,116,93,1.247,3,RGB,PNG,24766,f9281780f3287fb26300a69263241081,False,train
R:\PP\Marine-Intelligence-Platform\marine-species-identification\data\raw\images\species_10\fish_003478955350_11797.png,raw\images\species_10\fish_003478955350_11797.png,fish_003478955350_11797.png,10,Neoniphon sammara,Sammara squirrelfish,Holocentridae,3478955350,11797,112,92,1.217,3,RGB,PNG,23638,3f5702c58c3e88218ab243ba5e904072,False,train
R:\PP\Marine-Intelligence-Platform\marine-species-identification\data\raw\images\species_10\fish_003478955350_11798.png,raw\images\species_10\fish_003478955350_11798.png,fish_003478955350_11798.png,10,Neoniphon sammara,Sammara squirrelfish,Holocentridae,3478955350,11798,107,91,1.176,3,RGB,PNG,22197,987f749726668c69fa4defc87a564b38,False,train
R:\PP\Marine-Intelligence-Platform\marine-species-identification\data\raw\images\species_10\fish_003478955350_11799.png,raw\images\species_10\fish_003478955350_11799.png,fish_003478955350_11799.png,10,Neoniphon sammara,Sammara squirrelfish,Holocentridae,3478955350,11799,120,96,1.25,3,RGB,PNG,25736,73248f5dbd0c317c8cfdbf74f6b21e47,False,train
R:\PP\Marine-Intelligence-Platform\marine-species-identification\data\raw\images\species_10\fish_003478955350_11800.png,raw\images\species_10\fish_003478955350_11800.png,fish_003478955350_11800.png,10,Neoniphon sammara,Sammara squirrelfish,Holocentridae,3478955350,11800,116,93,1.247,3,RGB,PNG,24418,aa643247fdb90dc511014f3af4e76924,False,train
R:\PP\Marine-Intelligence-Platform\marine-species-identification\data\raw\images\species_10\fish_003478955350_11801.png,raw\images\species_10\fish_003478955350_11801.png,fish_003478955350_11801.png,10,Neoniphon sammara,Sammara squirrelfish,Holocentridae,3478955350,11801,104,86,1.209,3,RGB,PNG,20555,cfd3db1009bb12f88af259eb698d903d,False,train
R:\PP\Marine-Intelligence-Platform\marine-species-identification\data\raw\images\species_10\fish_003478955350_11802.png,raw\images\species_10\fish_003478955350_11802.png,fish_003478955350_11802.png,10,Neoniphon sammara,Sammara squirrelfish,Holocentridae,3478955350,11802,107,87,1.23,3,RGB,PNG,21405,b0fb7d5c467fa1785478107c6e17d2e9,False,train
R:\PP\Marine-Intelligence-Platform\marine-species-identification\data\raw\images\species_10\fish_003478955350_11803.png,raw\images\species_10\fish_003478955350_11803.png,fish_003478955350_11803.png,10,Neoniphon sammara,Sammara squirrelfish,Holocentridae,3478955350,11803,108,88,1.227,3,RGB,PNG,21870,1401a77d95c3ad6d2233249fde300629,False,train
R:\PP\Marine-Intelligence-Platform\marine-species-identification\data\raw\images\species_10\fish_003478955350_11804.png,raw\images\species_10\fish_003478955350_11804.png,fish_003478955350_11804.png,10,Neoniphon sammara,Sammara squirrelfish,Holocentridae,3478955350,11804,111,90,1.233,3,RGB,PNG,22922,2126cee3428fe1fba251e75aa1ce250d,False,train
R:\PP\Marine-Intelligence-Platform\marine-species-identification\data\raw\images\species_10\fish_003478955350_11808.png,raw\images\species_10\fish_003478955350_11808.png,fish_003478955350_11808.png,10,Neoniphon sammara,Sammara squirrelfish,Holocentridae,3478955350,11808,112,91,1.231,3,RGB,PNG,21906,c8bdc0f4275a817ba4893ac210767dee,False,train
R:\PP\Marine-Intelligence-Platform\marine-species-identification\data\raw\images\species_10\fish_003478955350_11809.png,raw\images\species_10\fish_003478955350_11809.png,fish_003478955350_11809.png,10,Neoniphon sammara,Sammara squirrelfish,Holocentridae,3478955350,11809,107,87,1.23,3,RGB,PNG,21370,ad9783356ed7a5225015133e7cecd9ef,False,train
R:\PP\Marine-Intelligence-Platform\marine-species-identification\data\raw\images\species_10\fish_003478955350_11824.png,raw\images\species_10\fish_003478955350_11824.png,fish_003478955350_11824.png,10,Neoniphon sammara,Sammara squirrelfish,Holocentridae,3478955350,11824,99,85,1.165,3,RGB,PNG,19123,4c28c2bf9b4f06cfc154775a38780c85,False,train
R:\PP\Marine-Intelligence-Platform\marine-species-identification\data\raw\images\species_10\fish_003478955350_11843.png,raw\images\species_10\fish_003478955350_11843.png,fish_003478955350_11843.png,10,Neoniphon sammara,Sammara squirrelfish,Holocentridae,3478955350,11843,119,94,1.266,3,RGB,PNG,24313,3b023c83572b77beeb4aea5ea90d9215,False,train
R:\PP\Marine-Intelligence-Platform\marine-species-identification\data\raw\images\species_10\fish_003478955350_12038.png,raw\images\species_10\fish_003478955350_12038.png,fish_003478955350_12038.png,10,Neoniphon sammara,Sammara squirrelfish,Holocentridae,3478955350,12038,123,97,1.268,3,RGB,PNG,26289,1558d8e3a925e17d8b403ac0a36daa40,False,train
R:\PP\Marine-Intelligence-Platform\marine-species-identification\data\raw\images\species_10\fish_003478955350_12039.png,raw\images\species_10\fish_003478955350_12039.png,fish_003478955350_12039.png,10,Neoniphon sammara,Sammara squirrelfish,Holocentridae,3478955350,12039,112,90,1.244,3,RGB,PNG,21874,843a6564de43fb4d83ad01b25650f04f,False,train
R:\PP\Marine-Intelligence-Platform\marine-species-identification\data\raw\images\species_10\fish_003478955350_15751.png,raw\images\species_10\fish_003478955350_15751.png,fish_003478955350_15751.png,10,Neoniphon sammara,Sammara squirrelfish,Holocentridae,3478955350,15751,111,91,1.22,3,RGB,PNG,21549,dc69e185da9e309d77842cde98e8d454,False,train
R:\PP\Marine-Intelligence-Platform\marine-species-identification\data\raw\images\species_10\fish_003478955350_19265.png,raw\images\species_10\fish_003478955350_19265.png,fish_003478955350_19265.png,10,Neoniphon sammara,Sammara squirrelfish,Holocentridae,3478955350,19265,108,88,1.227,3,RGB,PNG,21673,e59b82c54c03acd23ae0ed68bf7ac1a9,False,train
R:\PP\Marine-Intelligence-Platform\marine-species-identification\data\raw\images\species_10\fish_003478955350_19266.png,raw\images\species_10\fish_003478955350_19266.png,fish_003478955350_19266.png,10,Neoniphon sammara,Sammara squirrelfish,Holocentridae,3478955350,19266,108,89,1.213,3,RGB,PNG,21946,6fc894982f1bbd4fc13ab6357b1c3e69,False,train
R:\PP\Marine-Intelligence-Platform\marine-species-identification\data\raw\images\species_10\fish_003478955350_19916.png,raw\images\species_10\fish_003478955350_19916.png,fish_003478955350_19916.png,10,Neoniphon sammara,Sammara squirrelfish,Holocentridae,3478955350,19916,108,88,1.227,3,RGB,PNG,21699,23ba1ace05e4d8b966598c748a29737f,False,train
R:\PP\Marine-Intelligence-Platform\marine-species-identification\data\raw\images\species_10\fish_003478955350_19919.png,raw\images\species_10\fish_003478955350_19919.png,fish_003478955350_19919.png,10,Neoniphon sammara,Sammara squirrelfish,Holocentridae,3478955350,19919,111,90,1.233,3,RGB,PNG,22950,7dcd61c444c38b8f6e75476859e5e89f,False,train
R:\PP\Marine-Intelligence-Platform\marine-species-identification\data\raw\images\species_10\fish_004402397135_11895.png,raw\images\species_10\fish_004402397135_11895.png,fish_004402397135_11895.png,10,Neoniphon sammara,Sammara squirrelfish,Holocentridae,4402397135,11895,95,93,1.022,3,RGB,PNG,15042,d259696d4386561ea5e8594aedf5d023,False,train
R:\PP\Marine-Intelligence-Platform\marine-species-identification\data\raw\images\species_10\fish_004402397135_11911.png,raw\images\species_10\fish_004402397135_11911.png,fish_004402397135_11911.png,10,Neoniphon sammara,Sammara squirrelfish,Holocentridae,4402397135,11911,87,84,1.036,3,RGB,PNG,12914,4d1d7860352643dcd2c192039575fac5,False,train
R:\PP\Marine-Intelligence-Platform\marine-species-identification\data\raw\images\species_10\fish_004402397135_11948.png,raw\images\species_10\fish_004402397135_11948.png,fish_004402397135_11948.png,10,Neoniphon sammara,Sammara squirrelfish,Holocentridae,4402397135,11948,83,83,1.0,3,RGB,PNG,11772,e9bb26c21a8a74d3d57af78e1ef2bf00,False,train
R:\PP\Marine-Intelligence-Platform\marine-species-identification\data\raw\images\species_10\fish_004402397135_11973.png,raw\images\species_10\fish_004402397135_11973.png,fish_004402397135_11973.png,10,Neoniphon sammara,Sammara squirrelfish,Holocentridae,4402397135,11973,96,81,1.185,3,RGB,PNG,13631,0dffaf31f1b40578b1a3d6b28c4ee700,False,train
R:\PP\Marine-Intelligence-Platform\marine-species-identification\data\raw\images\species_10\fish_004402397135_11975.png,raw\images\species_10\fish_004402397135_11975.png,fish_004402397135_11975.png,10,Neoniphon sammara,Sammara squirrelfish,Holocentridae,4402397135,11975,99,82,1.207,3,RGB,PNG,14147,7aad8c5a3ff9cc7ae18eaf6561dba772,False,train
R:\PP\Marine-Intelligence-Platform\marine-species-identification\data\raw\images\species_10\fish_004402397135_11979.png,raw\images\species_10\fish_004402397135_11979.png,fish_004402397135_11979.png,10,Neoniphon sammara,Sammara squirrelfish,Holocentridae,4402397135,11979,91,91,1.0,3,RGB,PNG,14073,83e76d2b331311b3aeb224511c853b7b,False,train
R:\PP\Marine-Intelligence-Platform\marine-species-identification\data\raw\images\species_10\fish_004402397135_11995.png,raw\images\species_10\fish_004402397135_11995.png,fish_004402397135_11995.png,10,Neoniphon sammara,Sammara squirrelfish,Holocentridae,4402397135,11995,107,83,1.289,3,RGB,PNG,12963,8a6541cafcf2db2cac8b28db33b54f95,False,train
R:\PP\Marine-Intelligence-Platform\marine-species-identification\data\raw\images\species_10\fish_004402397135_13440.png,raw\images\species_10\fish_004402397135_13440.png,fish_004402397135_13440.png,10,Neoniphon sammara,Sammara squirrelfish,Holocentridae,4402397135,13440,90,91,0.989,3,RGB,PNG,13969,fc2acd83c41db45ac6d6da60333ddef6,False,train
R:\PP\Marine-Intelligence-Platform\marine-species-identification\data\raw\images\species_10\fish_004402397135_13441.png,raw\images\species_10\fish_004402397135_13441.png,fish_004402397135_13441.png,10,Neoniphon sammara,Sammara squirrelfish,Holocentridae,4402397135,13441,87,88,0.989,3,RGB,PNG,13067,3c15649113df520f4bfbbe6496ca3868,False,train
R:\PP\Marine-Intelligence-Platform\marine-species-identification\data\raw\images\species_10\fish_004402397135_21338.png,raw\images\species_10\fish_004402397135_21338.png,fish_004402397135_21338.png,10,Neoniphon sammara,Sammara squirrelfish,Holocentridae,4402397135,21338,91,85,1.071,3,RGB,PNG,11995,354d38a9884567b37b3ecf6fe3f7ffc0,False,train
R:\PP\Marine-Intelligence-Platform\marine-species-identification\data\raw\images\species_10\fish_004402397135_21390.png,raw\images\species_10\fish_004402397135_21390.png,fish_004402397135_21390.png,10,Neoniphon sammara,Sammara squirrelfish,Holocentridae,4402397135,21390,91,86,1.058,3,RGB,PNG,12236,73de5a7402a3d4392532ea94a3c12e3a,False,train
R:\PP\Marine-Intelligence-Platform\marine-species-identification\data\raw\images\species_10\fish_004402397135_21647.png,raw\images\species_10\fish_004402397135_21647.png,fish_004402397135_21647.png,10,Neoniphon sammara,Sammara squirrelfish,Holocentridae,4402397135,21647,87,91,0.956,3,RGB,PNG,12980,6fea3dcd5f5dd639ccf8004e98b7b972,False,train
R:\PP\Marine-Intelligence-Platform\marine-species-identification\data\raw\images\species_10\fish_003478695350_11914.png,raw\images\species_10\fish_003478695350_11914.png,fish_003478695350_11914.png,10,Neoniphon sammara,Sammara squirrelfish,Holocentridae,3478695350,11914,103,92,1.12,3,RGB,PNG,16591,b8e17fd79a184b9c76bc48b6ad10b8fb,False,train
R:\PP\Marine-Intelligence-Platform\marine-species-identification\data\raw\images\species_10\fish_003478695350_11915.png,raw\images\species_10\fish_003478695350_11915.png,fish_003478695350_11915.png,10,Neoniphon sammara,Sammara squirrelfish,Holocentridae,3478695350,11915,103,93,1.108,3,RGB,PNG,16963,b847c0cb9aa3d6a3d8c2a25b0a0120cf,False,train
R:\PP\Marine-Intelligence-Platform\marine-species-identification\data\raw\images\species_10\fish_003478695350_11961.png,raw\images\species_10\fish_003478695350_11961.png,fish_003478695350_11961.png,10,Neoniphon sammara,Sammara squirrelfish,Holocentridae,3478695350,11961,100,92,1.087,3,RGB,PNG,16386,244903a16ad7f179f59e15905a24e7f2,False,train
R:\PP\Marine-Intelligence-Platform\marine-species-identification\data\raw\images\species_10\fish_003478695350_11969.png,raw\images\species_10\fish_003478695350_11969.png,fish_003478695350_11969.png,10,Neoniphon sammara,Sammara squirrelfish,Holocentridae,3478695350,11969,103,79,1.304,3,RGB,PNG,13901,c247c8189c40b1713bb9a43a3ec54e78,False,train
R:\PP\Marine-Intelligence-Platform\marine-species-identification\data\raw\images\species_10\fish_003478695350_11981.png,raw\images\species_10\fish_003478695350_11981.png,fish_003478695350_11981.png,10,Neoniphon sammara,Sammara squirrelfish,Holocentridae,3478695350,11981,103,92,1.12,3,RGB,PNG,16721,7b7eaa4639a6e66c19102fac86627d5b,False,train
R:\PP\Marine-Intelligence-Platform\marine-species-identification\data\raw\images\species_10\fish_003478695350_11988.png,raw\images\species_10\fish_003478695350_11988.png,fish_003478695350_11988.png,10,Neoniphon sammara,Sammara squirrelfish,Holocentridae,3478695350,11988,111,84,1.321,3,RGB,PNG,15756,6d271fa02132b3a44c5f992402a97dde,False,train
R:\PP\Marine-Intelligence-Platform\marine-species-identification\data\raw\images\species_10\fish_003478695350_13057.png,raw\images\species_10\fish_003478695350_13057.png,fish_003478695350_13057.png,10,Neoniphon sammara,Sammara squirrelfish,Holocentridae,3478695350,13057,107,85,1.259,3,RGB,PNG,15876,35709ddb0d502fe38bd78d9b74baee30,False,train
R:\PP\Marine-Intelligence-Platform\marine-species-identification\data\raw\images\species_10\fish_004203526872_11840.png,raw\images\species_10\fish_004203526872_11840.png,fish_004203526872_11840.png,10,Neoniphon sammara,Sammara squirrelfish,Holocentridae,4203526872,11840,103,86,1.198,3,RGB,PNG,14769,41e18c6c1538e1eb8d6032165dc9a1ad,False,train
R:\PP\Marine-Intelligence-Platform\marine-species-identification\data\raw\images\species_10\fish_004203526872_11841.png,raw\images\species_10\fish_004203526872_11841.png,fish_004203526872_11841.png,10,Neoniphon sammara,Sammara squirrelfish,Holocentridae,4203526872,11841,103,87,1.184,3,RGB,PNG,15351,ea9d40233fa376f1f5ddc054a6b7c4ac,False,train
R:\PP\Marine-Intelligence-Platform\marine-species-identification\data\raw\images\species_10\fish_004203526872_11842.png,raw\images\species_10\fish_004203526872_11842.png,fish_004203526872_11842.png,10,Neoniphon sammara,Sammara squirrelfish,Holocentridae,4203526872,11842,100,84,1.19,3,RGB,PNG,14383,55cc11e8c00358792860c7cf18428811,False,train
R:\PP\Marine-Intelligence-Platform\marine-species-identification\data\raw\images\species_10\fish_004203526872_11845.png,raw\images\species_10\fish_004203526872_11845.png,fish_004203526872_11845.png,10,Neoniphon sammara,Sammara squirrelfish,Holocentridae,4203526872,11845,107,85,1.259,3,RGB,PNG,15613,335ba5096282291be3d12e95e0f5b916,False,train
R:\PP\Marine-Intelligence-Platform\marine-species-identification\data\raw\images\species_10\fish_004203526872_11849.png,raw\images\species_10\fish_004203526872_11849.png,fish_004203526872_11849.png,10,Neoniphon sammara,Sammara squirrelfish,Holocentridae,4203526872,11849,100,82,1.22,3,RGB,PNG,14213,b25ac8e2e6c0318da0b4e70daa5cb2d8,False,train
R:\PP\Marine-Intelligence-Platform\marine-species-identification\data\raw\images\species_10\fish_004203526872_11879.png,raw\images\species_10\fish_004203526872_11879.png,fish_004203526872_11879.png,10,Neoniphon sammara,Sammara squirrelfish,Holocentridae,4203526872,11879,95,84,1.131,3,RGB,PNG,13287,4f230f43b4f5ff15c1c4fe920766d393,False,train
R:\PP\Marine-Intelligence-Platform\marine-species-identification\data\raw\images\species_10\fish_004203526872_11881.png,raw\images\species_10\fish_004203526872_11881.png,fish_004203526872_11881.png,10,Neoniphon sammara,Sammara squirrelfish,Holocentridae,4203526872,11881,87,81,1.074,3,RGB,PNG,11882,ee3588b83aa051ae09b537ac4fb44863,False,train
R:\PP\Marine-Intelligence-Platform\marine-species-identification\data\raw\images\species_10\fish_004203526872_11939.png,raw\images\species_10\fish_004203526872_11939.png,fish_004203526872_11939.png,10,Neoniphon sammara,Sammara squirrelfish,Holocentridae,4203526872,11939,84,80,1.05,3,RGB,PNG,11474,2276469064b1d4f368c74bcff7da916c,False,train
R:\PP\Marine-Intelligence-Platform\marine-species-identification\data\raw\images\species_10\fish_004203526872_11941.png,raw\images\species_10\fish_004203526872_11941.png,fish_004203526872_11941.png,10,Neoniphon sammara,Sammara squirrelfish,Holocentridae,4203526872,11941,100,85,1.176,3,RGB,PNG,14314,373497ce8cea89993937cd1420319a42,False,train
R:\PP\Marine-Intelligence-Platform\marine-species-identification\data\raw\images\species_10\fish_004402417135_11829.png,raw\images\species_10\fish_004402417135_11829.png,fish_004402417135_11829.png,10,Neoniphon sammara,Sammara squirrelfish,Holocentridae,4402417135,11829,95,82,1.159,3,RGB,PNG,13036,d9d1926ed7e0cc886294bf5b84d94e3a,False,train
R:\PP\Marine-Intelligence-Platform\marine-species-identification\data\raw\images\species_10\fish_004402417135_11932.png,raw\images\species_10\fish_004402417135_11932.png,fish_004402417135_11932.png,10,Neoniphon sammara,Sammara squirrelfish,Holocentridae,4402417135,11932,92,81,1.136,3,RGB,PNG,12041,c241ceeefe0dcb0660da3d088379e3d3,False,train
R:\PP\Marine-Intelligence-Platform\marine-species-identification\data\raw\images\species_10\fish_003953206451_13031.png,raw\images\species_10\fish_003953206451_13031.png,fish_003953206451_13031.png,10,Neoniphon sammara,Sammara squirrelfish,Holocentridae,3953206451,13031,95,75,1.267,3,RGB,PNG,14167,cf6cdcbf79a967848e9cb57fff4b8410,False,train
R:\PP\Marine-Intelligence-Platform\marine-species-identification\data\raw\images\species_10\fish_003478765350_11891.png,raw\images\species_10\fish_003478765350_11891.png,fish_003478765350_11891.png,10,Neoniphon sammara,Sammara squirrelfish,Holocentridae,3478765350,11891,86,91,0.945,3,RGB,PNG,13375,24cb5b338ef9bea690f42e3353789104,False,train
R:\PP\Marine-Intelligence-Platform\marine-species-identification\data\raw\images\species_10\fish_003478765350_11940.png,raw\images\species_10\fish_003478765350_11940.png,fish_003478765350_11940.png,10,Neoniphon sammara,Sammara squirrelfish,Holocentridae,3478765350,11940,90,99,0.909,3,RGB,PNG,14720,5edd271e63320d004bca08b3bc60546a,False,train
R:\PP\Marine-Intelligence-Platform\marine-species-identification\data\raw\images\species_10\fish_003478765350_21398.png,raw\images\species_10\fish_003478765350_21398.png,fish_003478765350_21398.png,10,Neoniphon sammara,Sammara squirrelfish,Holocentridae,3478765350,21398,85,100,0.85,3,RGB,PNG,13589,4fa44e5cb8fa5de6cb4e40fd8cb3312f,False,train
R:\PP\Marine-Intelligence-Platform\marine-species-identification\data\raw\images\species_10\fish_003478845350_11833.png,raw\images\species_10\fish_003478845350_11833.png,fish_003478845350_11833.png,10,Neoniphon sammara,Sammara squirrelfish,Holocentridae,3478845350,11833,107,80,1.337,3,RGB,PNG,15018,94b2bcf5a897dce52549ad7cff522f10,False,train
R:\PP\Marine-Intelligence-Platform\marine-species-identification\data\raw\images\species_10\fish_003478845350_11980.png,raw\images\species_10\fish_003478845350_11980.png,fish_003478845350_11980.png,10,Neoniphon sammara,Sammara squirrelfish,Holocentridae,3478845350,11980,104,75,1.387,3,RGB,PNG,13620,922907da66d0fd86a76106367bb67982,False,train
R:\PP\Marine-Intelligence-Platform\marine-species-identification\data\raw\images\species_10\fish_003478845350_11985.png,raw\images\species_10\fish_003478845350_11985.png,fish_003478845350_11985.png,10,Neoniphon sammara,Sammara squirrelfish,Holocentridae,3478845350,11985,107,74,1.446,3,RGB,PNG,13967,37befaec98a1312e4718c32eb4d3623c,False,train
R:\PP\Marine-Intelligence-Platform\marine-species-identification\data\raw\images\species_10\fish_003478845350_12003.png,raw\images\species_10\fish_003478845350_12003.png,fish_003478845350_12003.png,10,Neoniphon sammara,Sammara squirrelfish,Holocentridae,3478845350,12003,107,75,1.427,3,RGB,PNG,14152,7acae40403ff4d35d899b59f654c6b07,False,train
R:\PP\Marine-Intelligence-Platform\marine-species-identification\data\raw\images\species_10\fish_003953366451_11955.png,raw\images\species_10\fish_003953366451_11955.png,fish_003953366451_11955.png,10,Neoniphon sammara,Sammara squirrelfish,Holocentridae,3953366451,11955,99,80,1.238,3,RGB,PNG,14659,11655c5b0d5b230b5fe3239c2036c1f0,False,train
R:\PP\Marine-Intelligence-Platform\marine-species-identification\data\raw\images\species_10\fish_003953366451_11968.png,raw\images\species_10\fish_003953366451_11968.png,fish_003953366451_11968.png,10,Neoniphon sammara,Sammara squirrelfish,Holocentridae,3953366451,11968,103,85,1.212,3,RGB,PNG,15999,1f20884f814abcc57135022ff12d1b4f,False,train
R:\PP\Marine-Intelligence-Platform\marine-species-identification\data\raw\images\species_10\fish_003953366451_12004.png,raw\images\species_10\fish_003953366451_12004.png,fish_003953366451_12004.png,10,Neoniphon sammara,Sammara squirrelfish,Holocentridae,3953366451,12004,99,84,1.179,3,RGB,PNG,15278,ccd52132aec957aa14ddee418237d027,False,train
R:\PP\Marine-Intelligence-Platform\marine-species-identification\data\raw\images\species_10\fish_003953366451_12010.png,raw\images\species_10\fish_003953366451_12010.png,fish_003953366451_12010.png,10,Neoniphon sammara,Sammara squirrelfish,Holocentridae,3953366451,12010,99,84,1.179,3,RGB,PNG,15149,e285f29d2dffbb69e9024d1a64306fe0,False,train
R:\PP\Marine-Intelligence-Platform\marine-species-identification\data\raw\images\species_10\fish_003953366451_12911.png,raw\images\species_10\fish_003953366451_12911.png,fish_003953366451_12911.png,10,Neoniphon sammara,Sammara squirrelfish,Holocentridae,3953366451,12911,99,83,1.193,3,RGB,PNG,15150,dd030aa674ce3a6cf74061263dcc7bd5,False,train
R:\PP\Marine-Intelligence-Platform\marine-species-identification\data\raw\images\species_10\fish_003953366451_13640.png,raw\images\species_10\fish_003953366451_13640.png,fish_003953366451_13640.png,10,Neoniphon sammara,Sammara squirrelfish,Holocentridae,3953366451,13640,99,86,1.151,3,RGB,PNG,15363,5bcbb336af55ff1e05567e9a48c85e69,False,train
R:\PP\Marine-Intelligence-Platform\marine-species-identification\data\raw\images\species_10\fish_003478815350_11970.png,raw\images\species_10\fish_003478815350_11970.png,fish_003478815350_11970.png,10,Neoniphon sammara,Sammara squirrelfish,Holocentridae,3478815350,11970,112,88,1.273,3,RGB,PNG,14878,b1b5cc1e4e8a0b1045eeea754712d476,False,train
R:\PP\Marine-Intelligence-Platform\marine-species-identification\data\raw\images\species_10\fish_003478815350_11990.png,raw\images\species_10\fish_003478815350_11990.png,fish_003478815350_11990.png,10,Neoniphon sammara,Sammara squirrelfish,Holocentridae,3478815350,11990,119,99,1.202,3,RGB,PNG,16157,8abec714c55f1706e84c2ad66e141720,False,train
R:\PP\Marine-Intelligence-Platform\marine-species-identification\data\raw\images\species_10\fish_003478815350_12908.png,raw\images\species_10\fish_003478815350_12908.png,fish_003478815350_12908.png,10,Neoniphon sammara,Sammara squirrelfish,Holocentridae,3478815350,12908,116,96,1.208,3,RGB,PNG,15546,d52049f52f47c98eb8c4b2cf87ff612b,False,train
R:\PP\Marine-Intelligence-Platform\marine-species-identification\data\raw\images\species_10\fish_004402307135_11884.png,raw\images\species_10\fish_004402307135_11884.png,fish_004402307135_11884.png,10,Neoniphon sammara,Sammara squirrelfish,Holocentridae,4402307135,11884,108,84,1.286,3,RGB,PNG,15903,e98a358b8c663a82261da6e60c1a653c,False,train
R:\PP\Marine-Intelligence-Platform\marine-species-identification\data\raw\images\species_10\fish_004402307135_11962.png,raw\images\species_10\fish_004402307135_11962.png,fish_004402307135_11962.png,10,Neoniphon sammara,Sammara squirrelfish,Holocentridae,4402307135,11962,116,99,1.172,3,RGB,PNG,17075,b32f8ec506e6f3c4be84fc4f67b9c598,False,train
R:\PP\Marine-Intelligence-Platform\marine-species-identification\data\raw\images\species_10\fish_004402307135_11971.png,raw\images\species_10\fish_004402307135_11971.png,fish_004402307135_11971.png,10,Neoniphon sammara,Sammara squirrelfish,Holocentridae,4402307135,11971,111,83,1.337,3,RGB,PNG,16514,2081f21ea3121be7c63d5ad9660f8020,False,train
R:\PP\Marine-Intelligence-Platform\marine-species-identification\data\raw\images\species_10\fish_004402307135_11983.png,raw\images\species_10\fish_004402307135_11983.png,fish_004402307135_11983.png,10,Neoniphon sammara,Sammara squirrelfish,Holocentridae,4402307135,11983,111,92,1.207,3,RGB,PNG,14938,ffae733599656814d701f0b1a100ca69,False,train
R:\PP\Marine-Intelligence-Platform\marine-species-identification\data\raw\images\species_10\fish_004402307135_11984.png,raw\images\species_10\fish_004402307135_11984.png,fish_004402307135_11984.png,10,Neoniphon sammara,Sammara squirrelfish,Holocentridae,4402307135,11984,111,92,1.207,3,RGB,PNG,14841,f918d932d0b455891773615dc6dbc601,False,train
R:\PP\Marine-Intelligence-Platform\marine-species-identification\data\raw\images\species_10\fish_004402307135_11999.png,raw\images\species_10\fish_004402307135_11999.png,fish_004402307135_11999.png,10,Neoniphon sammara,Sammara squirrelfish,Holocentridae,4402307135,11999,104,85,1.224,3,RGB,PNG,15390,3766e8210f947f9d7429da865bc993ca,False,train
R:\PP\Marine-Intelligence-Platform\marine-species-identification\data\raw\images\species_10\fish_004402307135_12011.png,raw\images\species_10\fish_004402307135_12011.png,fish_004402307135_12011.png,10,Neoniphon sammara,Sammara squirrelfish,Holocentridae,4402307135,12011,108,80,1.35,3,RGB,PNG,15982,181c856e3b3909958f2c1dbd5233abfb,False,train
R:\PP\Marine-Intelligence-Platform\marine-species-identification\data\raw\images\species_10\fish_004402307135_12914.png,raw\images\species_10\fish_004402307135_12914.png,fish_004402307135_12914.png,10,Neoniphon sammara,Sammara squirrelfish,Holocentridae,4402307135,12914,107,90,1.189,3,RGB,PNG,16426,7aec6e89cde7af5574137188fb96b558,False,train
R:\PP\Marine-Intelligence-Platform\marine-species-identification\data\raw\images\species_10\fish_004402307135_13420.png,raw\images\species_10\fish_004402307135_13420.png,fish_004402307135_13420.png,10,Neoniphon sammara,Sammara squirrelfish,Holocentridae,4402307135,13420,112,90,1.244,3,RGB,PNG,15528,8e271c99fb7f52d0bb2c4a85ee690c39,False,train
R:\PP\Marine-Intelligence-Platform\marine-species-identification\data\raw\images\species_10\fish_004402207135_11847.png,raw\images\species_10\fish_004402207135_11847.png,fish_004402207135_11847.png,10,Neoniphon sammara,Sammara squirrelfish,Holocentridae,4402207135,11847,108,82,1.317,3,RGB,PNG,15973,456a05e3e192570ea04c34cc2a871b22,False,train
R:\PP\Marine-Intelligence-Platform\marine-species-identification\data\raw\images\species_10\fish_004402207135_11897.png,raw\images\species_10\fish_004402207135_11897.png,fish_004402207135_11897.png,10,Neoniphon sammara,Sammara squirrelfish,Holocentridae,4402207135,11897,83,81,1.025,3,RGB,PNG,12587,395dce0936a2b1bd48dcb9bbb8aa023f,False,train
R:\PP\Marine-Intelligence-Platform\marine-species-identification\data\raw\images\species_10\fish_004402207135_11900.png,raw\images\species_10\fish_004402207135_11900.png,fish_004402207135_11900.png,10,Neoniphon sammara,Sammara squirrelfish,Holocentridae,4402207135,11900,92,84,1.095,3,RGB,PNG,14097,36cf9b289a43700f4395872a877157d0,False,train
R:\PP\Marine-Intelligence-Platform\marine-species-identification\data\raw\images\species_10\fish_004402207135_13475.png,raw\images\species_10\fish_004402207135_13475.png,fish_004402207135_13475.png,10,Neoniphon sammara,Sammara squirrelfish,Holocentridae,4402207135,13475,88,83,1.06,3,RGB,PNG,13369,c14a5ccd8c4e17e24acbd21e5c79fc0f,False,train
R:\PP\Marine-Intelligence-Platform\marine-species-identification\data\raw\images\species_10\fish_004203506872_11882.png,raw\images\species_10\fish_004203506872_11882.png,fish_004203506872_11882.png,10,Neoniphon sammara,Sammara squirrelfish,Holocentridae,4203506872,11882,104,83,1.253,3,RGB,PNG,14599,b928356f8d5a3e9a88c637bb60d36954,False,train
R:\PP\Marine-Intelligence-Platform\marine-species-identification\data\raw\images\species_10\fish_004203506872_11893.png,raw\images\species_10\fish_004203506872_11893.png,fish_004203506872_11893.png,10,Neoniphon sammara,Sammara squirrelfish,Holocentridae,4203506872,11893,95,86,1.105,3,RGB,PNG,13881,cc5f15b308c20b55f43273cf89ef565e,False,train
R:\PP\Marine-Intelligence-Platform\marine-species-identification\data\raw\images\species_10\fish_004203506872_21508.png,raw\images\species_10\fish_004203506872_21508.png,fish_004203506872_21508.png,10,Neoniphon sammara,Sammara squirrelfish,Holocentridae,4203506872,21508,100,77,1.299,3,RGB,PNG,13035,13a4ee542123a0f9b7bc08829f7700d3,False,train
R:\PP\Marine-Intelligence-Platform\marine-species-identification\data\raw\images\species_10\fish_004402277135_11828.png,raw\images\species_10\fish_004402277135_11828.png,fish_004402277135_11828.png,10,Neoniphon sammara,Sammara squirrelfish,Holocentridae,4402277135,11828,115,84,1.369,3,RGB,PNG,14940,eced6c060b16200419e1fc793729d731,False,train
R:\PP\Marine-Intelligence-Platform\marine-species-identification\data\raw\images\species_10\fish_004402277135_11858.png,raw\images\species_10\fish_004402277135_11858.png,fish_004402277135_11858.png,10,Neoniphon sammara,Sammara squirrelfish,Holocentridae,4402277135,11858,115,86,1.337,3,RGB,PNG,16082,770dd9d9cb5d37ba439e9d81fa90787c,False,train
R:\PP\Marine-Intelligence-Platform\marine-species-identification\data\raw\images\species_10\fish_004402277135_11952.png,raw\images\species_10\fish_004402277135_11952.png,fish_004402277135_11952.png,10,Neoniphon sammara,Sammara squirrelfish,Holocentridae,4402277135,11952,112,85,1.318,3,RGB,PNG,15667,bc4fc90f16b048c1f4a046352aea5494,False,train
R:\PP\Marine-Intelligence-Platform\marine-species-identification\data\raw\images\species_10\fish_004402277135_11956.png,raw\images\species_10\fish_004402277135_11956.png,fish_004402277135_11956.png,10,Neoniphon sammara,Sammara squirrelfish,Holocentridae,4402277135,11956,104,83,1.253,3,RGB,PNG,13818,d32b8db8b4ea2c905800cb0e03b24bc4,False,train
R:\PP\Marine-Intelligence-Platform\marine-species-identification\data\raw\images\species_10\fish_004402277135_13767.png,raw\images\species_10\fish_004402277135_13767.png,fish_004402277135_13767.png,10,Neoniphon sammara,Sammara squirrelfish,Holocentridae,4402277135,13767,111,87,1.276,3,RGB,PNG,15412,5d63653f074ff4df54d3c1e32ece87a0,False,train
R:\PP\Marine-Intelligence-Platform\marine-species-identification\data\raw\images\species_10\fish_004402277135_23201.png,raw\images\species_10\fish_004402277135_23201.png,fish_004402277135_23201.png,10,Neoniphon sammara,Sammara squirrelfish,Holocentridae,4402277135,23201,107,87,1.23,3,RGB,PNG,14655,612efdf45f1b19d04448a85884e9cd61,False,train
R:\PP\Marine-Intelligence-Platform\marine-species-identification\data\raw\images\species_10\fish_004203426872_11836.png,raw\images\species_10\fish_004203426872_11836.png,fish_004203426872_11836.png,10,Neoniphon sammara,Sammara squirrelfish,Holocentridae,4203426872,11836,103,78,1.321,3,RGB,PNG,12549,42c0c7ed7f57c9b85dccf0f29a1bcd7b,False,train
R:\PP\Marine-Intelligence-Platform\marine-species-identification\data\raw\images\species_10\fish_004203426872_11917.png,raw\images\species_10\fish_004203426872_11917.png,fish_004203426872_11917.png,10,Neoniphon sammara,Sammara squirrelfish,Holocentridae,4203426872,11917,103,79,1.304,3,RGB,PNG,12663,a143d942ce394d4d9010acd2d969c2bc,False,train
R:\PP\Marine-Intelligence-Platform\marine-species-identification\data\raw\images\species_10\fish_004203426872_11978.png,raw\images\species_10\fish_004203426872_11978.png,fish_004203426872_11978.png,10,Neoniphon sammara,Sammara squirrelfish,Holocentridae,4203426872,11978,104,80,1.3,3,RGB,PNG,12584,3db0da5aebff84802a0676b694d049c3,False,train
R:\PP\Marine-Intelligence-Platform\marine-species-identification\data\raw\images\species_02\fish_000021719596_04024.png,raw\images\species_02\fish_000021719596_04024.png,fish_000021719596_04024.png,2,Plectroglyphidodon dickii,Blackbar damselfish,Pomacentridae,21719596,4024,99,87,1.138,3,RGB,PNG,14440,6d9b448283a450b80c8b164c32c636fc,False,train
R:\PP\Marine-Intelligence-Platform\marine-species-identification\data\raw\images\species_02\fish_000021719596_04025.png,raw\images\species_02\fish_000021719596_04025.png,fish_000021719596_04025.png,2,Plectroglyphidodon dickii,Blackbar damselfish,Pomacentridae,21719596,4025,107,91,1.176,3,RGB,PNG,16452,0c34715e24f07f9b1d2ce413848ee992,False,train
R:\PP\Marine-Intelligence-Platform\marine-species-identification\data\raw\images\species_02\fish_000021719596_04026.png,raw\images\species_02\fish_000021719596_04026.png,fish_000021719596_04026.png,2,Plectroglyphidodon dickii,Blackbar damselfish,Pomacentridae,21719596,4026,92,84,1.095,3,RGB,PNG,12865,3ffaaf37ee65adb6d20dcbe4bff86e39,False,train
R:\PP\Marine-Intelligence-Platform\marine-species-identification\data\raw\images\species_02\fish_000021719596_04027.png,raw\images\species_02\fish_000021719596_04027.png,fish_000021719596_04027.png,2,Plectroglyphidodon dickii,Blackbar damselfish,Pomacentridae,21719596,4027,81,88,0.92,3,RGB,PNG,12110,8ef6f069073ef028bb08e2710e30693e,False,train
R:\PP\Marine-Intelligence-Platform\marine-species-identification\data\raw\images\species_02\fish_000021719596_04028.png,raw\images\species_02\fish_000021719596_04028.png,fish_000021719596_04028.png,2,Plectroglyphidodon dickii,Blackbar damselfish,Pomacentridae,21719596,4028,84,107,0.785,3,RGB,PNG,15799,a92f5c6e9e91e059681d00293d2c7913,False,train
R:\PP\Marine-Intelligence-Platform\marine-species-identification\data\raw\images\species_02\fish_000021719596_04029.png,raw\images\species_02\fish_000021719596_04029.png,fish_000021719596_04029.png,2,Plectroglyphidodon dickii,Blackbar damselfish,Pomacentridae,21719596,4029,65,80,0.812,3,RGB,PNG,9767,b8c7ae8ccbf2f6fd10fffa7d25d10875,False,train
R:\PP\Marine-Intelligence-Platform\marine-species-identification\data\raw\images\species_02\fish_000019429596_04002.png,raw\images\species_02\fish_000019429596_04002.png,fish_000019429596_04002.png,2,Plectroglyphidodon dickii,Blackbar damselfish,Pomacentridae,19429596,4002,111,93,1.194,3,RGB,PNG,15031,b8f7f8edaad4e164b67aa27c60d55e58,False,train
R:\PP\Marine-Intelligence-Platform\marine-species-identification\data\raw\images\species_02\fish_003388395223_24375.png,raw\images\species_02\fish_003388395223_24375.png,fish_003388395223_24375.png,2,Plectroglyphidodon dickii,Blackbar damselfish,Pomacentridae,3388395223,24375,100,88,1.136,3,RGB,PNG,14164,879902f045774d6f0ef34aa1d8e52b34,False,train
R:\PP\Marine-Intelligence-Platform\marine-species-identification\data\raw\images\species_02\fish_003380915211_26960.png,raw\images\species_02\fish_003380915211_26960.png,fish_003380915211_26960.png,2,Plectroglyphidodon dickii,Blackbar damselfish,Pomacentridae,3380915211,26960,73,75,0.973,3,RGB,PNG,8764,fddb8794bac098918b95882cfb363858,False,train
R:\PP\Marine-Intelligence-Platform\marine-species-identification\data\raw\images\species_02\fish_003380915211_26961.png,raw\images\species_02\fish_003380915211_26961.png,fish_003380915211_26961.png,2,Plectroglyphidodon dickii,Blackbar damselfish,Pomacentridae,3380915211,26961,69,75,0.92,3,RGB,PNG,7475,f3bab7b50388a829f072cf9d09876aed,False,train
R:\PP\Marine-Intelligence-Platform\marine-species-identification\data\raw\images\species_02\fish_003380915211_26962.png,raw\images\species_02\fish_003380915211_26962.png,fish_003380915211_26962.png,2,Plectroglyphidodon dickii,Blackbar damselfish,Pomacentridae,3380915211,26962,83,75,1.107,3,RGB,PNG,9778,1c19bca92233e475aa6b3c67715cc3ab,False,train
R:\PP\Marine-Intelligence-Platform\marine-species-identification\data\raw\images\species_02\fish_003380915211_26963.png,raw\images\species_02\fish_003380915211_26963.png,fish_003380915211_26963.png,2,Plectroglyphidodon dickii,Blackbar damselfish,Pomacentridae,3380915211,26963,79,71,1.113,3,RGB,PNG,9209,17a8f3d3f4d9ea4fd55868a969d5157a,False,train
R:\PP\Marine-Intelligence-Platform\marine-species-identification\data\raw\images\species_02\fish_003380915211_26964.png,raw\images\species_02\fish_003380915211_26964.png,fish_003380915211_26964.png,2,Plectroglyphidodon dickii,Blackbar damselfish,Pomacentridae,3380915211,26964,76,70,1.086,3,RGB,PNG,8801,f4c68ca09d2587e3a58cc572eaf0bc56,False,train
R:\PP\Marine-Intelligence-Platform\marine-species-identification\data\raw\images\species_02\fish_003405335240_23037.png,raw\images\species_02\fish_003405335240_23037.png,fish_003405335240_23037.png,2,Plectroglyphidodon dickii,Blackbar damselfish,Pomacentridae,3405335240,23037,107,94,1.138,3,RGB,PNG,17672,f965136481fb636f1dc02d7d4093d13f,False,train
R:\PP\Marine-Intelligence-Platform\marine-species-identification\data\raw\images\species_02\fish_003405335240_23444.png,raw\images\species_02\fish_003405335240_23444.png,fish_003405335240_23444.png,2,Plectroglyphidodon dickii,Blackbar damselfish,Pomacentridae,3405335240,23444,80,66,1.212,3,RGB,PNG,9521,31f5536a5f3cbe9d32bf3611fc161923,False,train
R:\PP\Marine-Intelligence-Platform\marine-species-identification\data\raw\images\species_02\fish_000026410001_02592.png,raw\images\species_02\fish_000026410001_02592.png,fish_000026410001_02592.png,2,Plectroglyphidodon dickii,Blackbar damselfish,Pomacentridae,26410001,2592,163,199,0.819,3,RGB,PNG,54420,1fb63dc80ecaa666e5b3a36f278a5d22,False,train
R:\PP\Marine-Intelligence-Platform\marine-species-identification\data\raw\images\species_02\fish_000026410001_02593.png,raw\images\species_02\fish_000026410001_02593.png,fish_000026410001_02593.png,2,Plectroglyphidodon dickii,Blackbar damselfish,Pomacentridae,26410001,2593,139,152,0.914,3,RGB,PNG,36697,90e7808b2655cbf418803094cc3be2a6,False,train
R:\PP\Marine-Intelligence-Platform\marine-species-identification\data\raw\images\species_02\fish_000026410001_02594.png,raw\images\species_02\fish_000026410001_02594.png,fish_000026410001_02594.png,2,Plectroglyphidodon dickii,Blackbar damselfish,Pomacentridae,26410001,2594,121,143,0.846,3,RGB,PNG,27900,b7e65e4ae0d346a0bb9b11b919f1b8d4,False,train
R:\PP\Marine-Intelligence-Platform\marine-species-identification\data\raw\images\species_02\fish_000026410001_02595.png,raw\images\species_02\fish_000026410001_02595.png,fish_000026410001_02595.png,2,Plectroglyphidodon dickii,Blackbar damselfish,Pomacentridae,26410001,2595,119,128,0.93,3,RGB,PNG,25677,b37e089f42ded12beb20aa18319a5af3,False,train
R:\PP\Marine-Intelligence-Platform\marine-species-identification\data\raw\images\species_02\fish_000026410001_02596.png,raw\images\species_02\fish_000026410001_02596.png,fish_000026410001_02596.png,2,Plectroglyphidodon dickii,Blackbar damselfish,Pomacentridae,26410001,2596,132,139,0.95,3,RGB,PNG,30770,4c305f784f2892c6ef89ac7ba3b46766,False,train
R:\PP\Marine-Intelligence-Platform\marine-species-identification\data\raw\images\species_02\fish_000026410001_02597.png,raw\images\species_02\fish_000026410001_02597.png,fish_000026410001_02597.png,2,Plectroglyphidodon dickii,Blackbar damselfish,Pomacentridae,26410001,2597,121,131,0.924,3,RGB,PNG,26575,1eafd7f97bed038b400e544ff32dc47f,False,train
R:\PP\Marine-Intelligence-Platform\marine-species-identification\data\raw\images\species_02\fish_000026830001_02750.png,raw\images\species_02\fish_000026830001_02750.png,fish_000026830001_02750.png,2,Plectroglyphidodon dickii,Blackbar damselfish,Pomacentridae,26830001,2750,191,190,1.005,3,RGB,PNG,43251,e9042e3b9d3b3603d833f6e263bfbe3f,False,train
R:\PP\Marine-Intelligence-Platform\marine-species-identification\data\raw\images\species_02\fish_000026830001_02751.png,raw\images\species_02\fish_000026830001_02751.png,fish_000026830001_02751.png,2,Plectroglyphidodon dickii,Blackbar damselfish,Pomacentridae,26830001,2751,156,164,0.951,3,RGB,PNG,35450,9b36008c78feae1adb3a937ef8ab54cc,False,train
R:\PP\Marine-Intelligence-Platform\marine-species-identification\data\raw\images\species_02\fish_000026830001_02752.png,raw\images\species_02\fish_000026830001_02752.png,fish_000026830001_02752.png,2,Plectroglyphidodon dickii,Blackbar damselfish,Pomacentridae,26830001,2752,123,144,0.854,3,RGB,PNG,24358,b60e604c5d4911cd2c89ba9591c50f8a,False,train
R:\PP\Marine-Intelligence-Platform\marine-species-identification\data\raw\images\species_02\fish_000026830001_02754.png,raw\images\species_02\fish_000026830001_02754.png,fish_000026830001_02754.png,2,Plectroglyphidodon dickii,Blackbar damselfish,Pomacentridae,26830001,2754,100,128,0.781,3,RGB,PNG,17546,53cdde9e69b1d0c94d59acb50f3041c2,False,train
R:\PP\Marine-Intelligence-Platform\marine-species-identification\data\raw\images\species_02\fish_000033839596_04180.png,raw\images\species_02\fish_000033839596_04180.png,fish_000033839596_04180.png,2,Plectroglyphidodon dickii,Blackbar damselfish,Pomacentridae,33839596,4180,116,102,1.137,3,RGB,PNG,15544,40bd9632fd8ff6a471817cc6a60f9110,False,train
R:\PP\Marine-Intelligence-Platform\marine-species-identification\data\raw\images\species_02\fish_000033839596_04181.png,raw\images\species_02\fish_000033839596_04181.png,fish_000033839596_04181.png,2,Plectroglyphidodon dickii,Blackbar damselfish,Pomacentridae,33839596,4181,83,92,0.902,3,RGB,PNG,12961,4ce9b1a62f1a5cc990f8cc531e241f66,False,train
R:\PP\Marine-Intelligence-Platform\marine-species-identification\data\raw\images\species_02\fish_000012689596_03941.png,raw\images\species_02\fish_000012689596_03941.png,fish_000012689596_03941.png,2,Plectroglyphidodon dickii,Blackbar damselfish,Pomacentridae,12689596,3941,68,60,1.133,3,RGB,PNG,6092,65e2861c508a4440a3c7fea0db80218d,False,train
R:\PP\Marine-Intelligence-Platform\marine-species-identification\data\raw\images\species_02\fish_000012689596_03942.png,raw\images\species_02\fish_000012689596_03942.png,fish_000012689596_03942.png,2,Plectroglyphidodon dickii,Blackbar damselfish,Pomacentridae,12689596,3942,71,70,1.014,3,RGB,PNG,7442,cdc5f3a04aa531c3de1c53ea37133776,False,train
R:\PP\Marine-Intelligence-Platform\marine-species-identification\data\raw\images\species_02\fish_000012689596_03943.png,raw\images\species_02\fish_000012689596_03943.png,fish_000012689596_03943.png,2,Plectroglyphidodon dickii,Blackbar damselfish,Pomacentridae,12689596,3943,83,74,1.122,3,RGB,PNG,8964,755c2e05d3b7d2836dd6eae6a2bed6f5,False,train
R:\PP\Marine-Intelligence-Platform\marine-species-identification\data\raw\images\species_02\fish_000012689596_03944.png,raw\images\species_02\fish_000012689596_03944.png,fish_000012689596_03944.png,2,Plectroglyphidodon dickii,Blackbar damselfish,Pomacentridae,12689596,3944,84,70,1.2,3,RGB,PNG,8446,99be913a7eccaf4ab1173de4dbddcd50,False,train
R:\PP\Marine-Intelligence-Platform\marine-species-identification\data\raw\images\species_02\fish_000012689596_03945.png,raw\images\species_02\fish_000012689596_03945.png,fish_000012689596_03945.png,2,Plectroglyphidodon dickii,Blackbar damselfish,Pomacentridae,12689596,3945,80,66,1.212,3,RGB,PNG,7637,2ec86d45fad3cd9c2fe5a90ef4736241,False,train
R:\PP\Marine-Intelligence-Platform\marine-species-identification\data\raw\images\species_02\fish_000012689596_03947.png,raw\images\species_02\fish_000012689596_03947.png,fish_000012689596_03947.png,2,Plectroglyphidodon dickii,Blackbar damselfish,Pomacentridae,12689596,3947,67,65,1.031,3,RGB,PNG,6906,f67c9b514b3f631c19ef245361b36c8f,False,train
R:\PP\Marine-Intelligence-Platform\marine-species-identification\data\raw\images\species_02\fish_000012689596_03951.png,raw\images\species_02\fish_000012689596_03951.png,fish_000012689596_03951.png,2,Plectroglyphidodon dickii,Blackbar damselfish,Pomacentridae,12689596,3951,58,63,0.921,3,RGB,PNG,6303,5032cffbef8200fdcc1e6b251f817075,False,train
R:\PP\Marine-Intelligence-Platform\marine-species-identification\data\raw\images\species_02\fish_000012689596_03954.png,raw\images\species_02\fish_000012689596_03954.png,fish_000012689596_03954.png,2,Plectroglyphidodon dickii,Blackbar damselfish,Pomacentridae,12689596,3954,54,59,0.915,3,RGB,PNG,5487,64a49b853ad76d4f24b51e6ed0a531ee,False,train
R:\PP\Marine-Intelligence-Platform\marine-species-identification\data\raw\images\species_02\fish_000012689596_03962.png,raw\images\species_02\fish_000012689596_03962.png,fish_000012689596_03962.png,2,Plectroglyphidodon dickii,Blackbar damselfish,Pomacentridae,12689596,3962,63,55,1.145,3,RGB,PNG,6033,3f32230af2604be284f69ddd5d6a0015,False,train
R:\PP\Marine-Intelligence-Platform\marine-species-identification\data\raw\images\species_02\fish_000012689596_03965.png,raw\images\species_02\fish_000012689596_03965.png,fish_000012689596_03965.png,2,Plectroglyphidodon dickii,Blackbar damselfish,Pomacentridae,12689596,3965,56,50,1.12,3,RGB,PNG,4936,a55862e9927e24b58fec88fd61adca8a,False,train
R:\PP\Marine-Intelligence-Platform\marine-species-identification\data\raw\images\species_02\fish_000012689596_03968.png,raw\images\species_02\fish_000012689596_03968.png,fish_000012689596_03968.png,2,Plectroglyphidodon dickii,Blackbar damselfish,Pomacentridae,12689596,3968,59,53,1.113,3,RGB,PNG,5512,5dfaebeb072efac0502acf535b339eb1,False,train
R:\PP\Marine-Intelligence-Platform\marine-species-identification\data\raw\images\species_02\fish_000012689596_03971.png,raw\images\species_02\fish_000012689596_03971.png,fish_000012689596_03971.png,2,Plectroglyphidodon dickii,Blackbar damselfish,Pomacentridae,12689596,3971,55,51,1.078,3,RGB,PNG,5052,7289b6db7b5eeb85af095b4bff4d32c1,False,train
R:\PP\Marine-Intelligence-Platform\marine-species-identification\data\raw\images\species_02\fish_000012689596_03974.png,raw\images\species_02\fish_000012689596_03974.png,fish_000012689596_03974.png,2,Plectroglyphidodon dickii,Blackbar damselfish,Pomacentridae,12689596,3974,55,52,1.058,3,RGB,PNG,5134,92659476ecad1e16524f188a53ba2000,False,train
R:\PP\Marine-Intelligence-Platform\marine-species-identification\data\raw\images\species_02\fish_000027430001_02531.png,raw\images\species_02\fish_000027430001_02531.png,fish_000027430001_02531.png,2,Plectroglyphidodon dickii,Blackbar damselfish,Pomacentridae,27430001,2531,96,116,0.828,3,RGB,PNG,21042,59ff91f551125568e866ff410fe1c4f0,False,train
R:\PP\Marine-Intelligence-Platform\marine-species-identification\data\raw\images\species_02\fish_000062189596_04685.png,raw\images\species_02\fish_000062189596_04685.png,fish_000062189596_04685.png,2,Plectroglyphidodon dickii,Blackbar damselfish,Pomacentridae,62189596,4685,68,56,1.214,3,RGB,PNG,6466,307d81313b5088162e1328e6d1791d3d,False,train
R:\PP\Marine-Intelligence-Platform\marine-species-identification\data\raw\images\species_02\fish_000062189596_04686.png,raw\images\species_02\fish_000062189596_04686.png,fish_000062189596_04686.png,2,Plectroglyphidodon dickii,Blackbar damselfish,Pomacentridae,62189596,4686,76,61,1.246,3,RGB,PNG,8214,fe763a3c1575250a7d25c7f2102d98a3,False,train
R:\PP\Marine-Intelligence-Platform\marine-species-identification\data\raw\images\species_02\fish_000062189596_04687.png,raw\images\species_02\fish_000062189596_04687.png,fish_000062189596_04687.png,2,Plectroglyphidodon dickii,Blackbar damselfish,Pomacentridae,62189596,4687,79,62,1.274,3,RGB,PNG,8625,5858234c5770c890bfe4877349a41579,False,train
R:\PP\Marine-Intelligence-Platform\marine-species-identification\data\raw\images\species_02\fish_000062189596_04688.png,raw\images\species_02\fish_000062189596_04688.png,fish_000062189596_04688.png,2,Plectroglyphidodon dickii,Blackbar damselfish,Pomacentridae,62189596,4688,76,60,1.267,3,RGB,PNG,8345,e73538471f762dccd4030332b5f78fd2,False,train
R:\PP\Marine-Intelligence-Platform\marine-species-identification\data\raw\images\species_02\fish_003399505232_23650.png,raw\images\species_02\fish_003399505232_23650.png,fish_003399505232_23650.png,2,Plectroglyphidodon dickii,Blackbar damselfish,Pomacentridae,3399505232,23650,87,71,1.225,3,RGB,PNG,12333,076c5ef1e15529723f5a0448175492aa,False,train
R:\PP\Marine-Intelligence-Platform\marine-species-identification\data\raw\images\species_02\fish_003399505232_23651.png,raw\images\species_02\fish_003399505232_23651.png,fish_003399505232_23651.png,2,Plectroglyphidodon dickii,Blackbar damselfish,Pomacentridae,3399505232,23651,108,101,1.069,3,RGB,PNG,20055,4f92113006ec96007ff86f55c68487c2,False,train
R:\PP\Marine-Intelligence-Platform\marine-species-identification\data\raw\images\species_02\fish_000028739596_04102.png,raw\images\species_02\fish_000028739596_04102.png,fish_000028739596_04102.png,2,Plectroglyphidodon dickii,Blackbar damselfish,Pomacentridae,28739596,4102,64,59,1.085,3,RGB,PNG,7077,108573f9b1b4e0b4ac2667e3008cc95c,False,train
R:\PP\Marine-Intelligence-Platform\marine-species-identification\data\raw\images\species_02\fish_000028739596_04103.png,raw\images\species_02\fish_000028739596_04103.png,fish_000028739596_04103.png,2,Plectroglyphidodon dickii,Blackbar damselfish,Pomacentridae,28739596,4103,45,48,0.938,3,RGB,PNG,4261,9c5cac6edffded4b067a8c960f49326b,False,train
R:\PP\Marine-Intelligence-Platform\marine-species-identification\data\raw\images\species_02\fish_003399095232_24168.png,raw\images\species_02\fish_003399095232_24168.png,fish_003399095232_24168.png,2,Plectroglyphidodon dickii,Blackbar damselfish,Pomacentridae,3399095232,24168,72,66,1.091,3,RGB,PNG,8325,c85ba18f484f39e18d7b92d833d04f27,False,train
R:\PP\Marine-Intelligence-Platform\marine-species-identification\data\raw\images\species_02\fish_003399095232_24169.png,raw\images\species_02\fish_003399095232_24169.png,fish_003399095232_24169.png,2,Plectroglyphidodon dickii,Blackbar damselfish,Pomacentridae,3399095232,24169,80,68,1.176,3,RGB,PNG,10413,b2fc9d95e26f7009dfa59abb58f6a9f4,False,train
R:\PP\Marine-Intelligence-Platform\marine-species-identification\data\raw\images\species_02\fish_003399095232_24173.png,raw\images\species_02\fish_003399095232_24173.png,fish_003399095232_24173.png,2,Plectroglyphidodon dickii,Blackbar damselfish,Pomacentridae,3399095232,24173,79,68,1.162,3,RGB,PNG,9478,a4b8091be6a0dbf28c806a1d7294865f,False,train
R:\PP\Marine-Intelligence-Platform\marine-species-identification\data\raw\images\species_02\fish_000013330001_01234.png,raw\images\species_02\fish_000013330001_01234.png,fish_000013330001_01234.png,2,Plectroglyphidodon dickii,Blackbar damselfish,Pomacentridae,13330001,1234,83,82,1.012,3,RGB,PNG,7795,89d2313a4e0183d714ff4ee5da993fa4,False,train
R:\PP\Marine-Intelligence-Platform\marine-species-identification\data\raw\images\species_02\fish_000013330001_01236.png,raw\images\species_02\fish_000013330001_01236.png,fish_000013330001_01236.png,2,Plectroglyphidodon dickii,Blackbar damselfish,Pomacentridae,13330001,1236,83,83,1.0,3,RGB,PNG,8358,96e0993c56d6fab0cad4493e7a953028,False,train
R:\PP\Marine-Intelligence-Platform\marine-species-identification\data\raw\images\species_02\fish_000013330001_01239.png,raw\images\species_02\fish_000013330001_01239.png,fish_000013330001_01239.png,2,Plectroglyphidodon dickii,Blackbar damselfish,Pomacentridae,13330001,1239,108,93,1.161,3,RGB,PNG,10184,695eac34112bb0990f53814829894dbf,False,train
R:\PP\Marine-Intelligence-Platform\marine-species-identification\data\raw\images\species_02\fish_000027330001_02523.png,raw\images\species_02\fish_000027330001_02523.png,fish_000027330001_02523.png,2,Plectroglyphidodon dickii,Blackbar damselfish,Pomacentridae,27330001,2523,88,74,1.189,3,RGB,PNG,11882,b031d929c43d1c973cfb59b5716ace47,False,train
R:\PP\Marine-Intelligence-Platform\marine-species-identification\data\raw\images\species_02\fish_003398385232_24179.png,raw\images\species_02\fish_003398385232_24179.png,fish_003398385232_24179.png,2,Plectroglyphidodon dickii,Blackbar damselfish,Pomacentridae,3398385232,24179,84,67,1.254,3,RGB,PNG,10356,bb7c404520c10e09559ec5afc1f27204,False,train
R:\PP\Marine-Intelligence-Platform\marine-species-identification\data\raw\images\species_02\fish_003398385232_24180.png,raw\images\species_02\fish_003398385232_24180.png,fish_003398385232_24180.png,2,Plectroglyphidodon dickii,Blackbar damselfish,Pomacentridae,3398385232,24180,92,84,1.095,3,RGB,PNG,14106,be1c6a8b5c08119e751d767af8ad7e0b,False,train
R:\PP\Marine-Intelligence-Platform\marine-species-identification\data\raw\images\species_02\fish_003398385232_24181.png,raw\images\species_02\fish_003398385232_24181.png,fish_003398385232_24181.png,2,Plectroglyphidodon dickii,Blackbar damselfish,Pomacentridae,3398385232,24181,91,82,1.11,3,RGB,PNG,14032,6be2874f5b0fe222d35ee9d95f84c838,False,train
R:\PP\Marine-Intelligence-Platform\marine-species-identification\data\raw\images\species_02\fish_003398385232_24182.png,raw\images\species_02\fish_003398385232_24182.png,fish_003398385232_24182.png,2,Plectroglyphidodon dickii,Blackbar damselfish,Pomacentridae,3398385232,24182,99,87,1.138,3,RGB,PNG,16252,7de1436f4965a941a064de32078cb0f8,False,train
R:\PP\Marine-Intelligence-Platform\marine-species-identification\data\raw\images\species_02\fish_003398385232_24183.png,raw\images\species_02\fish_003398385232_24183.png,fish_003398385232_24183.png,2,Plectroglyphidodon dickii,Blackbar damselfish,Pomacentridae,3398385232,24183,91,85,1.071,3,RGB,PNG,14301,1aa82f7b657452fc34d0df8d75c50200,False,train
R:\PP\Marine-Intelligence-Platform\marine-species-identification\data\raw\images\species_02\fish_000005349596_03789.png,raw\images\species_02\fish_000005349596_03789.png,fish_000005349596_03789.png,2,Plectroglyphidodon dickii,Blackbar damselfish,Pomacentridae,5349596,3789,104,116,0.897,3,RGB,PNG,18013,5c53caf2604a3ec10e321e8ae4ae175b,False,train
R:\PP\Marine-Intelligence-Platform\marine-species-identification\data\raw\images\species_02\fish_002605000102_02406.png,raw\images\species_02\fish_002605000102_02406.png,fish_002605000102_02406.png,2,Plectroglyphidodon dickii,Blackbar damselfish,Pomacentridae,2605000102,2406,79,88,0.898,3,RGB,PNG,12665,1389727e9908f3ce0cfb5b6b088ede8b,False,train
R:\PP\Marine-Intelligence-Platform\marine-species-identification\data\raw\images\species_02\fish_003406055240_23064.png,raw\images\species_02\fish_003406055240_23064.png,fish_003406055240_23064.png,2,Plectroglyphidodon dickii,Blackbar damselfish,Pomacentridae,3406055240,23064,72,69,1.043,3,RGB,PNG,8860,fde746b9bb16a852c0cc20c1b1afcb29,False,train
R:\PP\Marine-Intelligence-Platform\marine-species-identification\data\raw\images\species_02\fish_003381185211_26651.png,raw\images\species_02\fish_003381185211_26651.png,fish_003381185211_26651.png,2,Plectroglyphidodon dickii,Blackbar damselfish,Pomacentridae,3381185211,26651,77,80,0.963,3,RGB,PNG,9806,700b6ec1b080edd7a8defa96c45be72b,False,train
R:\PP\Marine-Intelligence-Platform\marine-species-identification\data\raw\images\species_02\fish_000050649596_04557.png,raw\images\species_02\fish_000050649596_04557.png,fish_000050649596_04557.png,2,Plectroglyphidodon dickii,Blackbar damselfish,Pomacentridae,50649596,4557,96,95,1.011,3,RGB,PNG,16299,f4104f4f061ce3a0f6919b8e79854e97,False,train
R:\PP\Marine-Intelligence-Platform\marine-species-identification\data\raw\images\species_02\fish_000050649596_04558.png,raw\images\species_02\fish_000050649596_04558.png,fish_000050649596_04558.png,2,Plectroglyphidodon dickii,Blackbar damselfish,Pomacentridae,50649596,4558,111,94,1.181,3,RGB,PNG,17808,b5af3a40b9ed0f9776967667e755ec18,False,train
R:\PP\Marine-Intelligence-Platform\marine-species-identification\data\raw\images\species_02\fish_003381015211_26885.png,raw\images\species_02\fish_003381015211_26885.png,fish_003381015211_26885.png,2,Plectroglyphidodon dickii,Blackbar damselfish,Pomacentridae,3381015211,26885,64,67,0.955,3,RGB,PNG,6480,f15a1b27a83cb996c1948339f4d58af6,False,train
R:\PP\Marine-Intelligence-Platform\marine-species-identification\data\raw\images\species_02\fish_003431035291_17154.png,raw\images\species_02\fish_003431035291_17154.png,fish_003431035291_17154.png,2,Plectroglyphidodon dickii,Blackbar damselfish,Pomacentridae,3431035291,17154,78,79,0.987,3,RGB,PNG,8607,886317e42b92b6cdcffb6103102c1396,False,train
R:\PP\Marine-Intelligence-Platform\marine-species-identification\data\raw\images\species_02\fish_000005569596_03804.png,raw\images\species_02\fish_000005569596_03804.png,fish_000005569596_03804.png,2,Plectroglyphidodon dickii,Blackbar damselfish,Pomacentridae,5569596,3804,196,159,1.233,3,RGB,PNG,45697,51cd3a1b66fe4a93ace6b7860479521c,False,train
R:\PP\Marine-Intelligence-Platform\marine-species-identification\data\raw\images\species_02\fish_000005569596_03820.png,raw\images\species_02\fish_000005569596_03820.png,fish_000005569596_03820.png,2,Plectroglyphidodon dickii,Blackbar damselfish,Pomacentridae,5569596,3820,107,103,1.039,3,RGB,PNG,22752,3a142f779821fa93f031d42c19b6e968,False,train
R:\PP\Marine-Intelligence-Platform\marine-species-identification\data\raw\images\species_02\fish_003428215288_17700.png,raw\images\species_02\fish_003428215288_17700.png,fish_003428215288_17700.png,2,Plectroglyphidodon dickii,Blackbar damselfish,Pomacentridae,3428215288,17700,120,95,1.263,3,RGB,PNG,21855,ff3cc48f7308282eb522cacd229aa455,False,train
R:\PP\Marine-Intelligence-Platform\marine-species-identification\data\raw\images\species_02\fish_000064269596_04718.png,raw\images\species_02\fish_000064269596_04718.png,fish_000064269596_04718.png,2,Plectroglyphidodon dickii,Blackbar damselfish,Pomacentridae,64269596,4718,76,63,1.206,3,RGB,PNG,5925,928be0f5103e6b41180ffc0ceb0d411b,False,train
R:\PP\Marine-Intelligence-Platform\marine-species-identification\data\raw\images\species_02\fish_003384225218_26320.png,raw\images\species_02\fish_003384225218_26320.png,fish_003384225218_26320.png,2,Plectroglyphidodon dickii,Blackbar damselfish,Pomacentridae,3384225218,26320,132,100,1.32,3,RGB,PNG,23307,dbb8a135634c2a42d6bf3c2dfaa0f5ac,False,train
R:\PP\Marine-Intelligence-Platform\marine-species-identification\data\raw\images\species_02\fish_003384225218_26321.png,raw\images\species_02\fish_003384225218_26321.png,fish_003384225218_26321.png,2,Plectroglyphidodon dickii,Blackbar damselfish,Pomacentridae,3384225218,26321,123,99,1.242,3,RGB,PNG,21574,b23f5eb45a5f6eb2a289d982727bd4fa,False,train
R:\PP\Marine-Intelligence-Platform\marine-species-identification\data\raw\images\species_02\fish_003384225218_26322.png,raw\images\species_02\fish_003384225218_26322.png,fish_003384225218_26322.png,2,Plectroglyphidodon dickii,Blackbar damselfish,Pomacentridae,3384225218,26322,124,100,1.24,3,RGB,PNG,21961,259d660c90cfd7e11b858a04632d7d98,False,train
R:\PP\Marine-Intelligence-Platform\marine-species-identification\data\raw\images\species_02\fish_003388975223_26003.png,raw\images\species_02\fish_003388975223_26003.png,fish_003388975223_26003.png,2,Plectroglyphidodon dickii,Blackbar damselfish,Pomacentridae,3388975223,26003,91,95,0.958,3,RGB,PNG,14079,c1d027dafeb296413cea25c2e2390ed2,False,train
R:\PP\Marine-Intelligence-Platform\marine-species-identification\data\raw\images\species_02\fish_003388975223_26350.png,raw\images\species_02\fish_003388975223_26350.png,fish_003388975223_26350.png,2,Plectroglyphidodon dickii,Blackbar damselfish,Pomacentridae,3388975223,26350,84,83,1.012,3,RGB,PNG,11648,df3d93f3829e9801ccf1933f8f3193c2,False,train
R:\PP\Marine-Intelligence-Platform\marine-species-identification\data\raw\images\species_02\fish_000072049596_04952.png,raw\images\species_02\fish_000072049596_04952.png,fish_000072049596_04952.png,2,Plectroglyphidodon dickii,Blackbar damselfish,Pomacentridae,72049596,4952,83,68,1.221,3,RGB,PNG,9940,1caed0e4aabd342db3b8519aba5e307d,False,train
R:\PP\Marine-Intelligence-Platform\marine-species-identification\data\raw\images\species_02\fish_000072049596_04953.png,raw\images\species_02\fish_000072049596_04953.png,fish_000072049596_04953.png,2,Plectroglyphidodon dickii,Blackbar damselfish,Pomacentridae,72049596,4953,79,70,1.129,3,RGB,PNG,9560,6a7a87484c3623b9efef89984c037cd9,False,train
R:\PP\Marine-Intelligence-Platform\marine-species-identification\data\raw\images\species_02\fish_000013630001_01348.png,raw\images\species_02\fish_000013630001_01348.png,fish_000013630001_01348.png,2,Plectroglyphidodon dickii,Blackbar damselfish,Pomacentridae,13630001,1348,72,75,0.96,3,RGB,PNG,6746,698ab8c374463421825f5d58e148208d,False,train
R:\PP\Marine-Intelligence-Platform\marine-species-identification\data\raw\images\species_02\fish_000013630001_01349.png,raw\images\species_02\fish_000013630001_01349.png,fish_000013630001_01349.png,2,Plectroglyphidodon dickii,Blackbar damselfish,Pomacentridae,13630001,1349,68,72,0.944,3,RGB,PNG,6170,f4fd61450568a06aad05335cec49272e,False,train
R:\PP\Marine-Intelligence-Platform\marine-species-identification\data\raw\images\species_02\fish_000013630001_01350.png,raw\images\species_02\fish_000013630001_01350.png,fish_000013630001_01350.png,2,Plectroglyphidodon dickii,Blackbar damselfish,Pomacentridae,13630001,1350,84,77,1.091,3,RGB,PNG,7792,ae7909a70a63d985adf6f4988f4a17a1,False,train
R:\PP\Marine-Intelligence-Platform\marine-species-identification\data\raw\images\species_02\fish_000013630001_01352.png,raw\images\species_02\fish_000013630001_01352.png,fish_000013630001_01352.png,2,Plectroglyphidodon dickii,Blackbar damselfish,Pomacentridae,13630001,1352,92,78,1.179,3,RGB,PNG,8597,105f2a112e5a4b9299dc77308df17da8,False,train
R:\PP\Marine-Intelligence-Platform\marine-species-identification\data\raw\images\species_02\fish_000013630001_01353.png,raw\images\species_02\fish_000013630001_01353.png,fish_000013630001_01353.png,2,Plectroglyphidodon dickii,Blackbar damselfish,Pomacentridae,13630001,1353,95,79,1.203,3,RGB,PNG,8361,df0841f294a805994716af3f8fd78705,False,train
R:\PP\Marine-Intelligence-Platform\marine-species-identification\data\raw\images\species_02\fish_000013630001_01354.png,raw\images\species_02\fish_000013630001_01354.png,fish_000013630001_01354.png,2,Plectroglyphidodon dickii,Blackbar damselfish,Pomacentridae,13630001,1354,79,72,1.097,3,RGB,PNG,6225,ab91ee9c648036107ecd78862e3103e1,False,train
R:\PP\Marine-Intelligence-Platform\marine-species-identification\data\raw\images\species_02\fish_002382000102_02322.png,raw\images\species_02\fish_002382000102_02322.png,fish_002382000102_02322.png,2,Plectroglyphidodon dickii,Blackbar damselfish,Pomacentridae,2382000102,2322,168,139,1.209,3,RGB,PNG,34395,20e3bb8ab7161879f4326a4443ef8053,False,train
R:\PP\Marine-Intelligence-Platform\marine-species-identification\data\raw\images\species_02\fish_002382000102_02323.png,raw\images\species_02\fish_002382000102_02323.png,fish_002382000102_02323.png,2,Plectroglyphidodon dickii,Blackbar damselfish,Pomacentridae,2382000102,2323,171,157,1.089,3,RGB,PNG,31896,d7e3045cea4577679cd53fa23ae3697a,False,train
R:\PP\Marine-Intelligence-Platform\marine-species-identification\data\raw\images\species_02\fish_000012709596_03950.png,raw\images\species_02\fish_000012709596_03950.png,fish_000012709596_03950.png,2,Plectroglyphidodon dickii,Blackbar damselfish,Pomacentridae,12709596,3950,56,51,1.098,3,RGB,PNG,5203,d468a5aa5186085f63be80660b546181,False,train
R:\PP\Marine-Intelligence-Platform\marine-species-identification\data\raw\images\species_02\fish_000012709596_03953.png,raw\images\species_02\fish_000012709596_03953.png,fish_000012709596_03953.png,2,Plectroglyphidodon dickii,Blackbar damselfish,Pomacentridae,12709596,3953,55,51,1.078,3,RGB,PNG,5082,05fa4c66911fb7888f679dc3909674a4,False,train
R:\PP\Marine-Intelligence-Platform\marine-species-identification\data\raw\images\species_02\fish_000012709596_03957.png,raw\images\species_02\fish_000012709596_03957.png,fish_000012709596_03957.png,2,Plectroglyphidodon dickii,Blackbar damselfish,Pomacentridae,12709596,3957,56,50,1.12,3,RGB,PNG,5212,bac186e7df9971e9d086b1a80f4ac6c9,False,train
R:\PP\Marine-Intelligence-Platform\marine-species-identification\data\raw\images\species_02\fish_000012709596_03960.png,raw\images\species_02\fish_000012709596_03960.png,fish_000012709596_03960.png,2,Plectroglyphidodon dickii,Blackbar damselfish,Pomacentridae,12709596,3960,52,48,1.083,3,RGB,PNG,4524,a2c19c89044f6963d150f910a60f154d,False,train
R:\PP\Marine-Intelligence-Platform\marine-species-identification\data\raw\images\species_02\fish_000012709596_03964.png,raw\images\species_02\fish_000012709596_03964.png,fish_000012709596_03964.png,2,Plectroglyphidodon dickii,Blackbar damselfish,Pomacentridae,12709596,3964,56,56,1.0,3,RGB,PNG,5769,59ff678daee2f495624fe6c401899e89,False,train
R:\PP\Marine-Intelligence-Platform\marine-species-identification\data\raw\images\species_02\fish_000012709596_03967.png,raw\images\species_02\fish_000012709596_03967.png,fish_000012709596_03967.png,2,Plectroglyphidodon dickii,Blackbar damselfish,Pomacentridae,12709596,3967,63,61,1.033,3,RGB,PNG,6827,bbf9966224149c244b0f788e9387f221,False,train
R:\PP\Marine-Intelligence-Platform\marine-species-identification\data\raw\images\species_02\fish_000012709596_03972.png,raw\images\species_02\fish_000012709596_03972.png,fish_000012709596_03972.png,2,Plectroglyphidodon dickii,Blackbar damselfish,Pomacentridae,12709596,3972,56,53,1.057,3,RGB,PNG,5178,458cbc296bdd78dea447ab08a0013867,False,train
R:\PP\Marine-Intelligence-Platform\marine-species-identification\data\raw\images\species_02\fish_003405245240_24363.png,raw\images\species_02\fish_003405245240_24363.png,fish_003405245240_24363.png,2,Plectroglyphidodon dickii,Blackbar damselfish,Pomacentridae,3405245240,24363,80,71,1.127,3,RGB,PNG,10504,2d89fe4474ea16b271ee3797e7afca95,False,train
R:\PP\Marine-Intelligence-Platform\marine-species-identification\data\raw\images\species_02\fish_003405245240_24374.png,raw\images\species_02\fish_003405245240_24374.png,fish_003405245240_24374.png,2,Plectroglyphidodon dickii,Blackbar damselfish,Pomacentridae,3405245240,24374,76,70,1.086,3,RGB,PNG,9505,328ca04e020a2b8b55fa7a7fbb804024,False,train
R:\PP\Marine-Intelligence-Platform\marine-species-identification\data\raw\images\species_02\fish_000026820001_02747.png,raw\images\species_02\fish_000026820001_02747.png,fish_000026820001_02747.png,2,Plectroglyphidodon dickii,Blackbar damselfish,Pomacentridae,26820001,2747,69,83,0.831,3,RGB,PNG,9554,378446fec17830eb025b14e7a6747c4d,False,train
R:\PP\Marine-Intelligence-Platform\marine-species-identification\data\raw\images\species_02\fish_000026820001_02748.png,raw\images\species_02\fish_000026820001_02748.png,fish_000026820001_02748.png,2,Plectroglyphidodon dickii,Blackbar damselfish,Pomacentridae,26820001,2748,85,99,0.859,3,RGB,PNG,13587,154e6e9df61db164f13335ab176bbc2b,False,train
R:\PP\Marine-Intelligence-Platform\marine-species-identification\data\raw\images\species_02\fish_000019520001_01766.png,raw\images\species_02\fish_000019520001_01766.png,fish_000019520001_01766.png,2,Plectroglyphidodon dickii,Blackbar damselfish,Pomacentridae,19520001,1766,91,88,1.034,3,RGB,PNG,11144,8d3a60e559edbf9583614870464e0701,False,train
R:\PP\Marine-Intelligence-Platform\marine-species-identification\data\raw\images\species_02\fish_000019520001_01767.png,raw\images\species_02\fish_000019520001_01767.png,fish_000019520001_01767.png,2,Plectroglyphidodon dickii,Blackbar damselfish,Pomacentridae,19520001,1767,95,81,1.173,3,RGB,PNG,10445,ce0466b678ee0ecdfe39f672cebdd27a,False,train
R:\PP\Marine-Intelligence-Platform\marine-species-identification\data\raw\images\species_02\fish_003388955223_14367.png,raw\images\species_02\fish_003388955223_14367.png,fish_003388955223_14367.png,2,Plectroglyphidodon dickii,Blackbar damselfish,Pomacentridae,3388955223,14367,100,86,1.163,3,RGB,PNG,13905,b44cba66f15e05493c33c6cff64b9346,False,train
R:\PP\Marine-Intelligence-Platform\marine-species-identification\data\raw\images\species_02\fish_003388955223_23609.png,raw\images\species_02\fish_003388955223_23609.png,fish_003388955223_23609.png,2,Plectroglyphidodon dickii,Blackbar damselfish,Pomacentridae,3388955223,23609,95,77,1.234,3,RGB,PNG,12191,780adac23ed9ddefc1210df759cc0aa2,False,train
R:\PP\Marine-Intelligence-Platform\marine-species-identification\data\raw\images\species_02\fish_003399965232_23415.png,raw\images\species_02\fish_003399965232_23415.png,fish_003399965232_23415.png,2,Plectroglyphidodon dickii,Blackbar damselfish,Pomacentridae,3399965232,23415,123,110,1.118,3,RGB,PNG,22981,03757f66b612fa7c0b34c19913ce33fc,False,train
R:\PP\Marine-Intelligence-Platform\marine-species-identification\data\raw\images\species_02\fish_003399965232_23416.png,raw\images\species_02\fish_003399965232_23416.png,fish_003399965232_23416.png,2,Plectroglyphidodon dickii,Blackbar damselfish,Pomacentridae,3399965232,23416,112,98,1.143,3,RGB,PNG,18698,3cfd66cabeafa75bc4ee80840ac12808,False,train
R:\PP\Marine-Intelligence-Platform\marine-species-identification\data\raw\images\species_02\fish_000030589596_04117.png,raw\images\species_02\fish_000030589596_04117.png,fish_000030589596_04117.png,2,Plectroglyphidodon dickii,Blackbar damselfish,Pomacentridae,30589596,4117,91,83,1.096,3,RGB,PNG,11134,a7fc6e89fc9ce783f7c029726c5b60b0,False,train
R:\PP\Marine-Intelligence-Platform\marine-species-identification\data\raw\images\species_02\fish_000030589596_04118.png,raw\images\species_02\fish_000030589596_04118.png,fish_000030589596_04118.png,2,Plectroglyphidodon dickii,Blackbar damselfish,Pomacentridae,30589596,4118,83,75,1.107,3,RGB,PNG,10600,afb1c6d8203cdc21da2f42dce3900ce0,False,train
R:\PP\Marine-Intelligence-Platform\marine-species-identification\data\raw\images\species_02\fish_000030589596_04119.png,raw\images\species_02\fish_000030589596_04119.png,fish_000030589596_04119.png,2,Plectroglyphidodon dickii,Blackbar damselfish,Pomacentridae,30589596,4119,72,65,1.108,3,RGB,PNG,8332,f2e1a59a70146d203b31c6dcba052223,False,train
R:\PP\Marine-Intelligence-Platform\marine-species-identification\data\raw\images\species_02\fish_000030589596_04120.png,raw\images\species_02\fish_000030589596_04120.png,fish_000030589596_04120.png,2,Plectroglyphidodon dickii,Blackbar damselfish,Pomacentridae,30589596,4120,71,64,1.109,3,RGB,PNG,7629,61be501f5fd3292316da815a531fe056,False,train
R:\PP\Marine-Intelligence-Platform\marine-species-identification\data\raw\images\species_02\fish_000030589596_04121.png,raw\images\species_02\fish_000030589596_04121.png,fish_000030589596_04121.png,2,Plectroglyphidodon dickii,Blackbar damselfish,Pomacentridae,30589596,4121,71,64,1.109,3,RGB,PNG,7601,b7df7df3e833f9b73e39f5cd373f6da1,False,train
R:\PP\Marine-Intelligence-Platform\marine-species-identification\data\raw\images\species_02\fish_000030589596_04122.png,raw\images\species_02\fish_000030589596_04122.png,fish_000030589596_04122.png,2,Plectroglyphidodon dickii,Blackbar damselfish,Pomacentridae,30589596,4122,76,71,1.07,3,RGB,PNG,9192,3abd8b8a03d313d5841f9b452feaa9cf,False,train
R:\PP\Marine-Intelligence-Platform\marine-species-identification\data\raw\images\species_02\fish_000030589596_04123.png,raw\images\species_02\fish_000030589596_04123.png,fish_000030589596_04123.png,2,Plectroglyphidodon dickii,Blackbar damselfish,Pomacentridae,30589596,4123,63,62,1.016,3,RGB,PNG,6986,61151c4f716e762e72542ad8b2fd4085,False,train
R:\PP\Marine-Intelligence-Platform\marine-species-identification\data\raw\images\species_02\fish_000030589596_04124.png,raw\images\species_02\fish_000030589596_04124.png,fish_000030589596_04124.png,2,Plectroglyphidodon dickii,Blackbar damselfish,Pomacentridae,30589596,4124,61,72,0.847,3,RGB,PNG,7741,b15384b526c3b9004fd9747a278bb594,False,train
R:\PP\Marine-Intelligence-Platform\marine-species-identification\data\raw\images\species_02\fish_003430785291_17152.png,raw\images\species_02\fish_003430785291_17152.png,fish_003430785291_17152.png,2,Plectroglyphidodon dickii,Blackbar damselfish,Pomacentridae,3430785291,17152,107,95,1.126,3,RGB,PNG,15368,206dc61bbb5411a1f19198c4b58de234,False,train
R:\PP\Marine-Intelligence-Platform\marine-species-identification\data\raw\images\species_02\fish_003430785291_17155.png,raw\images\species_02\fish_003430785291_17155.png,fish_003430785291_17155.png,2,Plectroglyphidodon dickii,Blackbar damselfish,Pomacentridae,3430785291,17155,107,95,1.126,3,RGB,PNG,15162,173d65df18ded7f949e51bbe940677bc,False,train
R:\PP\Marine-Intelligence-Platform\marine-species-identification\data\raw\images\species_02\fish_000007479596_03841.png,raw\images\species_02\fish_000007479596_03841.png,fish_000007479596_03841.png,2,Plectroglyphidodon dickii,Blackbar damselfish,Pomacentridae,7479596,3841,139,116,1.198,3,RGB,PNG,19679,ad2bfd4a3e8c3ab05682eccd064e0a72,False,train
R:\PP\Marine-Intelligence-Platform\marine-species-identification\data\raw\images\species_02\fish_000051759596_04583.png,raw\images\species_02\fish_000051759596_04583.png,fish_000051759596_04583.png,2,Plectroglyphidodon dickii,Blackbar damselfish,Pomacentridae,51759596,4583,59,51,1.157,3,RGB,PNG,5222,71c9ad13c6fd66d654ce97a447706ec4,False,train
R:\PP\Marine-Intelligence-Platform\marine-species-identification\data\raw\images\species_02\fish_000051759596_04584.png,raw\images\species_02\fish_000051759596_04584.png,fish_000051759596_04584.png,2,Plectroglyphidodon dickii,Blackbar damselfish,Pomacentridae,51759596,4584,51,48,1.062,3,RGB,PNG,4287,8849ce8b7c53907d41280ea4ed7b4c82,False,train
R:\PP\Marine-Intelligence-Platform\marine-species-identification\data\raw\images\species_02\fish_000051759596_04586.png,raw\images\species_02\fish_000051759596_04586.png,fish_000051759596_04586.png,2,Plectroglyphidodon dickii,Blackbar damselfish,Pomacentridae,51759596,4586,67,59,1.136,3,RGB,PNG,6795,ba05bcc4139b7051df557462ed10c71b,False,train
R:\PP\Marine-Intelligence-Platform\marine-species-identification\data\raw\images\species_02\fish_000051759596_04587.png,raw\images\species_02\fish_000051759596_04587.png,fish_000051759596_04587.png,2,Plectroglyphidodon dickii,Blackbar damselfish,Pomacentridae,51759596,4587,66,67,0.985,3,RGB,PNG,7589,8ca29a982b18a3151457fc90d4f3e26e,False,train
R:\PP\Marine-Intelligence-Platform\marine-species-identification\data\raw\images\species_02\fish_000051759596_04588.png,raw\images\species_02\fish_000051759596_04588.png,fish_000051759596_04588.png,2,Plectroglyphidodon dickii,Blackbar damselfish,Pomacentridae,51759596,4588,67,75,0.893,3,RGB,PNG,8712,ccb6ca3302549ef66992c9c349174372,False,train
R:\PP\Marine-Intelligence-Platform\marine-species-identification\data\raw\images\species_02\fish_000051759596_04589.png,raw\images\species_02\fish_000051759596_04589.png,fish_000051759596_04589.png,2,Plectroglyphidodon dickii,Blackbar damselfish,Pomacentridae,51759596,4589,63,72,0.875,3,RGB,PNG,8430,23caa8f7fcbe9c3ec42e7546cc10f8a7,False,train
R:\PP\Marine-Intelligence-Platform\marine-species-identification\data\raw\images\species_02\fish_000051759596_04590.png,raw\images\species_02\fish_000051759596_04590.png,fish_000051759596_04590.png,2,Plectroglyphidodon dickii,Blackbar damselfish,Pomacentridae,51759596,4590,49,52,0.942,3,RGB,PNG,4737,a7e153b04617091e8f15adc3fb723ab2,False,train
R:\PP\Marine-Intelligence-Platform\marine-species-identification\data\raw\images\species_02\fish_000051759596_04591.png,raw\images\species_02\fish_000051759596_04591.png,fish_000051759596_04591.png,2,Plectroglyphidodon dickii,Blackbar damselfish,Pomacentridae,51759596,4591,44,47,0.936,3,RGB,PNG,3818,2442dad29f7e15993b4975fa51f7074f,False,train
R:\PP\Marine-Intelligence-Platform\marine-species-identification\data\raw\images\species_02\fish_000070989596_04915.png,raw\images\species_02\fish_000070989596_04915.png,fish_000070989596_04915.png,2,Plectroglyphidodon dickii,Blackbar damselfish,Pomacentridae,70989596,4915,80,66,1.212,3,RGB,PNG,9236,319ce3440dbd3acd34371e81d30b6578,False,train
R:\PP\Marine-Intelligence-Platform\marine-species-identification\data\raw\images\species_02\fish_003388265223_23498.png,raw\images\species_02\fish_003388265223_23498.png,fish_003388265223_23498.png,2,Plectroglyphidodon dickii,Blackbar damselfish,Pomacentridae,3388265223,23498,95,79,1.203,3,RGB,PNG,12346,282f2bcb3485b0cc903572c4157fe08a,False,train
R:\PP\Marine-Intelligence-Platform\marine-species-identification\data\raw\images\species_02\fish_003388265223_25905.png,raw\images\species_02\fish_003388265223_25905.png,fish_003388265223_25905.png,2,Plectroglyphidodon dickii,Blackbar damselfish,Pomacentridae,3388265223,25905,92,74,1.243,3,RGB,PNG,11236,75b1f9342f3418ef834d973976276ed8,False,train
R:\PP\Marine-Intelligence-Platform\marine-species-identification\data\raw\images\species_02\fish_000034530001_03266.png,raw\images\species_02\fish_000034530001_03266.png,fish_000034530001_03266.png,2,Plectroglyphidodon dickii,Blackbar damselfish,Pomacentridae,34530001,3266,83,77,1.078,3,RGB,PNG,11517,dd63573c522f7676c20499fa240af03d,False,train
R:\PP\Marine-Intelligence-Platform\marine-species-identification\data\raw\images\species_02\fish_000072479596_04970.png,raw\images\species_02\fish_000072479596_04970.png,fish_000072479596_04970.png,2,Plectroglyphidodon dickii,Blackbar damselfish,Pomacentridae,72479596,4970,75,68,1.103,3,RGB,PNG,9188,8d7deedb47b8522190a11da23341e964,False,train
R:\PP\Marine-Intelligence-Platform\marine-species-identification\data\raw\images\species_02\fish_000072479596_04971.png,raw\images\species_02\fish_000072479596_04971.png,fish_000072479596_04971.png,2,Plectroglyphidodon dickii,Blackbar damselfish,Pomacentridae,72479596,4971,72,65,1.108,3,RGB,PNG,7856,c66c5e8ae5a339b577570e90d3de1c17,False,train
R:\PP\Marine-Intelligence-Platform\marine-species-identification\data\raw\images\species_02\fish_000072479596_04982.png,raw\images\species_02\fish_000072479596_04982.png,fish_000072479596_04982.png,2,Plectroglyphidodon dickii,Blackbar damselfish,Pomacentridae,72479596,4982,65,68,0.956,3,RGB,PNG,7391,179400785e3be87078675426d107e0eb,False,train
R:\PP\Marine-Intelligence-Platform\marine-species-identification\data\raw\images\species_02\fish_000072479596_04988.png,raw\images\species_02\fish_000072479596_04988.png,fish_000072479596_04988.png,2,Plectroglyphidodon dickii,Blackbar damselfish,Pomacentridae,72479596,4988,59,53,1.113,3,RGB,PNG,6050,95231ba909436b81bb5eea1b71da2a0a,False,train
R:\PP\Marine-Intelligence-Platform\marine-species-identification\data\raw\images\species_02\fish_000072479596_04989.png,raw\images\species_02\fish_000072479596_04989.png,fish_000072479596_04989.png,2,Plectroglyphidodon dickii,Blackbar damselfish,Pomacentridae,72479596,4989,53,56,0.946,3,RGB,PNG,5729,6f5e89cd5eadd735d63a0ec1729d0606,False,train
R:\PP\Marine-Intelligence-Platform\marine-species-identification\data\raw\images\species_02\fish_000026760001_02709.png,raw\images\species_02\fish_000026760001_02709.png,fish_000026760001_02709.png,2,Plectroglyphidodon dickii,Blackbar damselfish,Pomacentridae,26760001,2709,243,213,1.141,3,RGB,PNG,68342,21ce1ee4003231cdc03c25f3cbdf7035,False,train
R:\PP\Marine-Intelligence-Platform\marine-species-identification\data\raw\images\species_02\fish_000026760001_02710.png,raw\images\species_02\fish_000026760001_02710.png,fish_000026760001_02710.png,2,Plectroglyphidodon dickii,Blackbar damselfish,Pomacentridae,26760001,2710,243,210,1.157,3,RGB,PNG,69980,c422543fe020dbbbc184065775ea57ae,False,train
R:\PP\Marine-Intelligence-Platform\marine-species-identification\data\raw\images\species_02\fish_000026760001_02711.png,raw\images\species_02\fish_000026760001_02711.png,fish_000026760001_02711.png,2,Plectroglyphidodon dickii,Blackbar damselfish,Pomacentridae,26760001,2711,199,194,1.026,3,RGB,PNG,63278,0df71e68045517f80abf62bf6afb40a0,False,train
R:\PP\Marine-Intelligence-Platform\marine-species-identification\data\raw\images\species_02\fish_000026760001_02714.png,raw\images\species_02\fish_000026760001_02714.png,fish_000026760001_02714.png,2,Plectroglyphidodon dickii,Blackbar damselfish,Pomacentridae,26760001,2714,220,203,1.084,3,RGB,PNG,75729,131ee7bc35f634cadc738eb8749e10bc,False,train
R:\PP\Marine-Intelligence-Platform\marine-species-identification\data\raw\images\species_02\fish_000026760001_02716.png,raw\images\species_02\fish_000026760001_02716.png,fish_000026760001_02716.png,2,Plectroglyphidodon dickii,Blackbar damselfish,Pomacentridae,26760001,2716,161,183,0.88,3,RGB,PNG,51637,1a8d8bb40c4adc573533c078aafe2e3e,False,train
R:\PP\Marine-Intelligence-Platform\marine-species-identification\data\raw\images\species_02\fish_000026760001_02722.png,raw\images\species_02\fish_000026760001_02722.png,fish_000026760001_02722.png,2,Plectroglyphidodon dickii,Blackbar damselfish,Pomacentridae,26760001,2722,103,104,0.99,3,RGB,PNG,19324,317f460531b39bd996aeb2bd1db44dd9,False,train
R:\PP\Marine-Intelligence-Platform\marine-species-identification\data\raw\images\species_02\fish_000026760001_02724.png,raw\images\species_02\fish_000026760001_02724.png,fish_000026760001_02724.png,2,Plectroglyphidodon dickii,Blackbar damselfish,Pomacentridae,26760001,2724,123,111,1.108,3,RGB,PNG,23859,ebbf2ef8982add0b3fc72be006d45f7c,False,train
R:\PP\Marine-Intelligence-Platform\marine-species-identification\data\raw\images\species_02\fish_000026760001_02726.png,raw\images\species_02\fish_000026760001_02726.png,fish_000026760001_02726.png,2,Plectroglyphidodon dickii,Blackbar damselfish,Pomacentridae,26760001,2726,104,103,1.01,3,RGB,PNG,16406,d5cf70a91e7720f8848c6ae0def850af,False,train
R:\PP\Marine-Intelligence-Platform\marine-species-identification\data\raw\images\species_02\fish_000026760001_02727.png,raw\images\species_02\fish_000026760001_02727.png,fish_000026760001_02727.png,2,Plectroglyphidodon dickii,Blackbar damselfish,Pomacentridae,26760001,2727,96,104,0.923,3,RGB,PNG,11901,eaf38d540df33f546e06b5446a69b0cd,False,train
R:\PP\Marine-Intelligence-Platform\marine-species-identification\data\raw\images\species_02\fish_000026760001_02728.png,raw\images\species_02\fish_000026760001_02728.png,fish_000026760001_02728.png,2,Plectroglyphidodon dickii,Blackbar damselfish,Pomacentridae,26760001,2728,90,104,0.865,3,RGB,PNG,10959,c64f858945f0cb8bf5e735ce58b4d76e,False,train
R:\PP\Marine-Intelligence-Platform\marine-species-identification\data\raw\images\species_02\fish_000026760001_02729.png,raw\images\species_02\fish_000026760001_02729.png,fish_000026760001_02729.png,2,Plectroglyphidodon dickii,Blackbar damselfish,Pomacentridae,26760001,2729,90,104,0.865,3,RGB,PNG,10959,36b7f8084d5f88f97253c64155a6204d,False,train
R:\PP\Marine-Intelligence-Platform\marine-species-identification\data\raw\images\species_02\fish_000026760001_02730.png,raw\images\species_02\fish_000026760001_02730.png,fish_000026760001_02730.png,2,Plectroglyphidodon dickii,Blackbar damselfish,Pomacentridae,26760001,2730,91,107,0.85,3,RGB,PNG,11020,0dd4eac21cd68ac93ebdb2189374570e,False,train
R:\PP\Marine-Intelligence-Platform\marine-species-identification\data\raw\images\species_02\fish_000026760001_02731.png,raw\images\species_02\fish_000026760001_02731.png,fish_000026760001_02731.png,2,Plectroglyphidodon dickii,Blackbar damselfish,Pomacentridae,26760001,2731,102,108,0.944,3,RGB,PNG,12665,1d2c7b68b16d22866fe68f2b96b5de74,False,train
R:\PP\Marine-Intelligence-Platform\marine-species-identification\data\raw\images\species_02\fish_000026760001_02732.png,raw\images\species_02\fish_000026760001_02732.png,fish_000026760001_02732.png,2,Plectroglyphidodon dickii,Blackbar damselfish,Pomacentridae,26760001,2732,112,110,1.018,3,RGB,PNG,14451,74f879ac654382e0008ec009494314f3,False,train
R:\PP\Marine-Intelligence-Platform\marine-species-identification\data\raw\images\species_02\fish_000026760001_02733.png,raw\images\species_02\fish_000026760001_02733.png,fish_000026760001_02733.png,2,Plectroglyphidodon dickii,Blackbar damselfish,Pomacentridae,26760001,2733,135,126,1.071,3,RGB,PNG,19701,f2fd5aceb9e7409cb01fa12c0ad25cdc,False,train
R:\PP\Marine-Intelligence-Platform\marine-species-identification\data\raw\images\species_02\fish_000026760001_02734.png,raw\images\species_02\fish_000026760001_02734.png,fish_000026760001_02734.png,2,Plectroglyphidodon dickii,Blackbar damselfish,Pomacentridae,26760001,2734,128,125,1.024,3,RGB,PNG,19162,92c793ccf7c7030408ddb574df16311f,False,train
R:\PP\Marine-Intelligence-Platform\marine-species-identification\data\raw\images\species_02\fish_000026760001_02735.png,raw\images\species_02\fish_000026760001_02735.png,fish_000026760001_02735.png,2,Plectroglyphidodon dickii,Blackbar damselfish,Pomacentridae,26760001,2735,123,123,1.0,3,RGB,PNG,18253,313fb2fe39ff5e16d9d311c5692f62f1,False,train
R:\PP\Marine-Intelligence-Platform\marine-species-identification\data\raw\images\species_02\fish_000026760001_02736.png,raw\images\species_02\fish_000026760001_02736.png,fish_000026760001_02736.png,2,Plectroglyphidodon dickii,Blackbar damselfish,Pomacentridae,26760001,2736,124,118,1.051,3,RGB,PNG,18297,2490db63020a5389eaae60ea05d52834,False,train
R:\PP\Marine-Intelligence-Platform\marine-species-identification\data\raw\images\species_02\fish_000026760001_02737.png,raw\images\species_02\fish_000026760001_02737.png,fish_000026760001_02737.png,2,Plectroglyphidodon dickii,Blackbar damselfish,Pomacentridae,26760001,2737,125,140,0.893,3,RGB,PNG,24368,b9f25981eb10878209a44634980843a9,False,train
R:\PP\Marine-Intelligence-Platform\marine-species-identification\data\raw\images\species_02\fish_000026760001_02738.png,raw\images\species_02\fish_000026760001_02738.png,fish_000026760001_02738.png,2,Plectroglyphidodon dickii,Blackbar damselfish,Pomacentridae,26760001,2738,115,124,0.927,3,RGB,PNG,19614,0ce97e89a637ad3fcbd2d5adc6c06fec,False,train
R:\PP\Marine-Intelligence-Platform\marine-species-identification\data\raw\images\species_02\fish_000026760001_02739.png,raw\images\species_02\fish_000026760001_02739.png,fish_000026760001_02739.png,2,Plectroglyphidodon dickii,Blackbar damselfish,Pomacentridae,26760001,2739,123,123,1.0,3,RGB,PNG,21655,5de4507969e8c74343333b0e050f57f0,False,train
R:\PP\Marine-Intelligence-Platform\marine-species-identification\data\raw\images\species_02\fish_000026760001_02740.png,raw\images\species_02\fish_000026760001_02740.png,fish_000026760001_02740.png,2,Plectroglyphidodon dickii,Blackbar damselfish,Pomacentridae,26760001,2740,124,117,1.06,3,RGB,PNG,21524,e0e26927059eb92ef9b11e3732aec8b7,False,train
R:\PP\Marine-Intelligence-Platform\marine-species-identification\data\raw\images\species_02\fish_000026760001_02742.png,raw\images\species_02\fish_000026760001_02742.png,fish_000026760001_02742.png,2,Plectroglyphidodon dickii,Blackbar damselfish,Pomacentridae,26760001,2742,156,127,1.228,3,RGB,PNG,28343,f69b59a07891164ec2c30f5941bf2280,False,train
R:\PP\Marine-Intelligence-Platform\marine-species-identification\data\raw\images\species_02\fish_000026760001_02743.png,raw\images\species_02\fish_000026760001_02743.png,fish_000026760001_02743.png,2,Plectroglyphidodon dickii,Blackbar damselfish,Pomacentridae,26760001,2743,131,112,1.17,3,RGB,PNG,22149,1271cf1abee29c260cd2d05c6be90d50,False,train
R:\PP\Marine-Intelligence-Platform\marine-species-identification\data\raw\images\species_02\fish_000026760001_02744.png,raw\images\species_02\fish_000026760001_02744.png,fish_000026760001_02744.png,2,Plectroglyphidodon dickii,Blackbar damselfish,Pomacentridae,26760001,2744,135,116,1.164,3,RGB,PNG,22926,84652795a43138e73b4e1865cd89e460,False,train
R:\PP\Marine-Intelligence-Platform\marine-species-identification\data\raw\images\species_02\fish_000026760001_02745.png,raw\images\species_02\fish_000026760001_02745.png,fish_000026760001_02745.png,2,Plectroglyphidodon dickii,Blackbar damselfish,Pomacentridae,26760001,2745,144,120,1.2,3,RGB,PNG,23636,e9eb546f772077334fa4b73db6c91e05,False,train
R:\PP\Marine-Intelligence-Platform\marine-species-identification\data\raw\images\species_02\fish_000026760001_02746.png,raw\images\species_02\fish_000026760001_02746.png,fish_000026760001_02746.png,2,Plectroglyphidodon dickii,Blackbar damselfish,Pomacentridae,26760001,2746,147,120,1.225,3,RGB,PNG,24101,1f0d7f2c1eeab7f63f0148262a7fff0e,False,train
R:\PP\Marine-Intelligence-Platform\marine-species-identification\data\raw\images\species_02\fish_000034150001_03216.png,raw\images\species_02\fish_000034150001_03216.png,fish_000034150001_03216.png,2,Plectroglyphidodon dickii,Blackbar damselfish,Pomacentridae,34150001,3216,71,70,1.014,3,RGB,PNG,8713,55a0bf796119f4eb45f94608bd2e39b2,False,train
R:\PP\Marine-Intelligence-Platform\marine-species-identification\data\raw\images\species_02\fish_000034150001_03217.png,raw\images\species_02\fish_000034150001_03217.png,fish_000034150001_03217.png,2,Plectroglyphidodon dickii,Blackbar damselfish,Pomacentridae,34150001,3217,79,69,1.145,3,RGB,PNG,9068,40b740aaa954be6e71bef0f9625baf97,False,train
R:\PP\Marine-Intelligence-Platform\marine-species-identification\data\raw\images\species_02\fish_000071819596_04942.png,raw\images\species_02\fish_000071819596_04942.png,fish_000071819596_04942.png,2,Plectroglyphidodon dickii,Blackbar damselfish,Pomacentridae,71819596,4942,93,96,0.969,3,RGB,PNG,14829,c17556b4ec477e2d39c5f3028918ab50,False,train
R:\PP\Marine-Intelligence-Platform\marine-species-identification\data\raw\images\species_02\fish_000071819596_04945.png,raw\images\species_02\fish_000071819596_04945.png,fish_000071819596_04945.png,2,Plectroglyphidodon dickii,Blackbar damselfish,Pomacentridae,71819596,4945,79,84,0.94,3,RGB,PNG,11177,9e222e235987704bf53bd962269f40a5,False,train
R:\PP\Marine-Intelligence-Platform\marine-species-identification\data\raw\images\species_02\fish_000071819596_04948.png,raw\images\species_02\fish_000071819596_04948.png,fish_000071819596_04948.png,2,Plectroglyphidodon dickii,Blackbar damselfish,Pomacentridae,71819596,4948,74,83,0.892,3,RGB,PNG,10448,d5358d1c9dea0de6de1952c1b4e824a4,False,train
R:\PP\Marine-Intelligence-Platform\marine-species-identification\data\raw\images\species_02\fish_000071819596_04951.png,raw\images\species_02\fish_000071819596_04951.png,fish_000071819596_04951.png,2,Plectroglyphidodon dickii,Blackbar damselfish,Pomacentridae,71819596,4951,69,84,0.821,3,RGB,PNG,9979,ef1384ecd3a554c73a25f8f4ea4ef7d1,False,train
R:\PP\Marine-Intelligence-Platform\marine-species-identification\data\raw\images\species_02\fish_000071819596_04958.png,raw\images\species_02\fish_000071819596_04958.png,fish_000071819596_04958.png,2,Plectroglyphidodon dickii,Blackbar damselfish,Pomacentridae,71819596,4958,68,66,1.03,3,RGB,PNG,8070,e921493db6187d04b257ec0bac5ee0d6,False,train
R:\PP\Marine-Intelligence-Platform\marine-species-identification\data\raw\images\species_02\fish_000071819596_04962.png,raw\images\species_02\fish_000071819596_04962.png,fish_000071819596_04962.png,2,Plectroglyphidodon dickii,Blackbar damselfish,Pomacentridae,71819596,4962,80,75,1.067,3,RGB,PNG,10709,14d5009b770f6df418db5165ce3ac0a9,False,train
R:\PP\Marine-Intelligence-Platform\marine-species-identification\data\raw\images\species_02\fish_000071819596_04965.png,raw\images\species_02\fish_000071819596_04965.png,fish_000071819596_04965.png,2,Plectroglyphidodon dickii,Blackbar damselfish,Pomacentridae,71819596,4965,68,65,1.046,3,RGB,PNG,8026,85fe123b441dde4084a96f6ae8669caf,False,train
R:\PP\Marine-Intelligence-Platform\marine-species-identification\data\raw\images\species_02\fish_000062389596_04692.png,raw\images\species_02\fish_000062389596_04692.png,fish_000062389596_04692.png,2,Plectroglyphidodon dickii,Blackbar damselfish,Pomacentridae,62389596,4692,56,46,1.217,3,RGB,PNG,4669,bbc9fa9e16fa0c7b150f7bef236a7039,False,train
R:\PP\Marine-Intelligence-Platform\marine-species-identification\data\raw\images\species_02\fish_000061829596_04676.png,raw\images\species_02\fish_000061829596_04676.png,fish_000061829596_04676.png,2,Plectroglyphidodon dickii,Blackbar damselfish,Pomacentridae,61829596,4676,88,76,1.158,3,RGB,PNG,11794,0336404d0c7fb8eeafa17526a74e2ef6,False,train
R:\PP\Marine-Intelligence-Platform\marine-species-identification\data\raw\images\species_02\fish_000061829596_04677.png,raw\images\species_02\fish_000061829596_04677.png,fish_000061829596_04677.png,2,Plectroglyphidodon dickii,Blackbar damselfish,Pomacentridae,61829596,4677,104,86,1.209,3,RGB,PNG,15137,064bc6f6c03627f783af3698d2313343,False,train
R:\PP\Marine-Intelligence-Platform\marine-species-identification\data\raw\images\species_02\fish_000061829596_04678.png,raw\images\species_02\fish_000061829596_04678.png,fish_000061829596_04678.png,2,Plectroglyphidodon dickii,Blackbar damselfish,Pomacentridae,61829596,4678,107,91,1.176,3,RGB,PNG,16087,cd92231dd47d88da84171236d60775fb,False,train
R:\PP\Marine-Intelligence-Platform\marine-species-identification\data\raw\images\species_02\fish_000061829596_04679.png,raw\images\species_02\fish_000061829596_04679.png,fish_000061829596_04679.png,2,Plectroglyphidodon dickii,Blackbar damselfish,Pomacentridae,61829596,4679,111,98,1.133,3,RGB,PNG,17469,3a91c884546e80f254d4091c6f1416ec,False,train
R:\PP\Marine-Intelligence-Platform\marine-species-identification\data\raw\images\species_02\fish_000061829596_04680.png,raw\images\species_02\fish_000061829596_04680.png,fish_000061829596_04680.png,2,Plectroglyphidodon dickii,Blackbar damselfish,Pomacentridae,61829596,4680,88,80,1.1,3,RGB,PNG,11390,00116a75e077099f14e5985864029e5b,False,train
R:\PP\Marine-Intelligence-Platform\marine-species-identification\data\raw\images\species_02\fish_000061829596_04681.png,raw\images\species_02\fish_000061829596_04681.png,fish_000061829596_04681.png,2,Plectroglyphidodon dickii,Blackbar damselfish,Pomacentridae,61829596,4681,52,52,1.0,3,RGB,PNG,5263,7372d3b7b9e2d339c089760d695f2a7d,False,train
R:\PP\Marine-Intelligence-Platform\marine-species-identification\data\raw\images\species_02\fish_000061829596_04682.png,raw\images\species_02\fish_000061829596_04682.png,fish_000061829596_04682.png,2,Plectroglyphidodon dickii,Blackbar damselfish,Pomacentridae,61829596,4682,75,88,0.852,3,RGB,PNG,11878,354b5ac720bc7067dcef37980e7856af,False,train
R:\PP\Marine-Intelligence-Platform\marine-species-identification\data\raw\images\species_02\fish_000061829596_04683.png,raw\images\species_02\fish_000061829596_04683.png,fish_000061829596_04683.png,2,Plectroglyphidodon dickii,Blackbar damselfish,Pomacentridae,61829596,4683,87,111,0.784,3,RGB,PNG,17114,b1f2ed9e72c6ceb6e7c433c50acc4233,False,train
R:\PP\Marine-Intelligence-Platform\marine-species-identification\data\raw\images\species_02\fish_000061829596_04684.png,raw\images\species_02\fish_000061829596_04684.png,fish_000061829596_04684.png,2,Plectroglyphidodon dickii,Blackbar damselfish,Pomacentridae,61829596,4684,78,99,0.788,3,RGB,PNG,14949,b54a011976619113f7120be1567ed9dc,False,train
R:\PP\Marine-Intelligence-Platform\marine-species-identification\data\raw\images\species_02\fish_000590959702_05089.png,raw\images\species_02\fish_000590959702_05089.png,fish_000590959702_05089.png,2,Plectroglyphidodon dickii,Blackbar damselfish,Pomacentridae,590959702,5089,124,110,1.127,3,RGB,PNG,26771,2ea50946c4edd81917145b12b090c3af,False,train
R:\PP\Marine-Intelligence-Platform\marine-species-identification\data\raw\images\species_02\fish_000590959702_05090.png,raw\images\species_02\fish_000590959702_05090.png,fish_000590959702_05090.png,2,Plectroglyphidodon dickii,Blackbar damselfish,Pomacentridae,590959702,5090,144,116,1.241,3,RGB,PNG,37753,90681abba1b7d13dfb4011d6bb02a9db,False,train
R:\PP\Marine-Intelligence-Platform\marine-species-identification\data\raw\images\species_02\fish_000062829596_04705.png,raw\images\species_02\fish_000062829596_04705.png,fish_000062829596_04705.png,2,Plectroglyphidodon dickii,Blackbar damselfish,Pomacentridae,62829596,4705,64,51,1.255,3,RGB,PNG,5773,b02edf28e165516ed08360f321998d1f,False,train
R:\PP\Marine-Intelligence-Platform\marine-species-identification\data\raw\images\species_02\fish_000062829596_04706.png,raw\images\species_02\fish_000062829596_04706.png,fish_000062829596_04706.png,2,Plectroglyphidodon dickii,Blackbar damselfish,Pomacentridae,62829596,4706,60,53,1.132,3,RGB,PNG,5375,85ab0e280baf658c440f61ca05a22fca,False,train
R:\PP\Marine-Intelligence-Platform\marine-species-identification\data\raw\images\species_02\fish_000062829596_04707.png,raw\images\species_02\fish_000062829596_04707.png,fish_000062829596_04707.png,2,Plectroglyphidodon dickii,Blackbar damselfish,Pomacentridae,62829596,4707,52,49,1.061,3,RGB,PNG,4357,598fca5f6f47aee46403695c6e80eb8f,False,train
R:\PP\Marine-Intelligence-Platform\marine-species-identification\data\raw\images\species_02\fish_000034000001_03196.png,raw\images\species_02\fish_000034000001_03196.png,fish_000034000001_03196.png,2,Plectroglyphidodon dickii,Blackbar damselfish,Pomacentridae,34000001,3196,75,79,0.949,3,RGB,PNG,10389,4e5815bfb34b067fa6c0c577a72eafd3,False,train
R:\PP\Marine-Intelligence-Platform\marine-species-identification\data\raw\images\species_02\fish_000034000001_03197.png,raw\images\species_02\fish_000034000001_03197.png,fish_000034000001_03197.png,2,Plectroglyphidodon dickii,Blackbar damselfish,Pomacentridae,34000001,3197,84,81,1.037,3,RGB,PNG,12038,f19e32a350f20cc8d850eeae0b5a6d99,False,train
R:\PP\Marine-Intelligence-Platform\marine-species-identification\data\raw\images\species_02\fish_000013920001_01440.png,raw\images\species_02\fish_000013920001_01440.png,fish_000013920001_01440.png,2,Plectroglyphidodon dickii,Blackbar damselfish,Pomacentridae,13920001,1440,151,127,1.189,3,RGB,PNG,21509,5908e7504364f1735f017e3eaadfab4e,False,train
R:\PP\Marine-Intelligence-Platform\marine-species-identification\data\raw\images\species_02\fish_000013920001_01442.png,raw\images\species_02\fish_000013920001_01442.png,fish_000013920001_01442.png,2,Plectroglyphidodon dickii,Blackbar damselfish,Pomacentridae,13920001,1442,156,123,1.268,3,RGB,PNG,26822,3f96285faa1fba0603148efbe56bf36a,False,train
R:\PP\Marine-Intelligence-Platform\marine-species-identification\data\raw\images\species_02\fish_000013920001_01443.png,raw\images\species_02\fish_000013920001_01443.png,fish_000013920001_01443.png,2,Plectroglyphidodon dickii,Blackbar damselfish,Pomacentridae,13920001,1443,159,142,1.12,3,RGB,PNG,31594,f5264339b0ffdfec015816358904d0d6,False,train
R:\PP\Marine-Intelligence-Platform\marine-species-identification\data\raw\images\species_02\fish_000013920001_01444.png,raw\images\species_02\fish_000013920001_01444.png,fish_000013920001_01444.png,2,Plectroglyphidodon dickii,Blackbar damselfish,Pomacentridae,13920001,1444,151,122,1.238,3,RGB,PNG,28661,6af6b2e01d4e9d0b6b720838a1ca99f5,False,train
R:\PP\Marine-Intelligence-Platform\marine-species-identification\data\raw\images\species_02\fish_000013920001_01445.png,raw\images\species_02\fish_000013920001_01445.png,fish_000013920001_01445.png,2,Plectroglyphidodon dickii,Blackbar damselfish,Pomacentridae,13920001,1445,135,112,1.205,3,RGB,PNG,23274,d7eca5065fcb9b6d3dd22385f3986c27,False,train
R:\PP\Marine-Intelligence-Platform\marine-species-identification\data\raw\images\species_02\fish_000013920001_01446.png,raw\images\species_02\fish_000013920001_01446.png,fish_000013920001_01446.png,2,Plectroglyphidodon dickii,Blackbar damselfish,Pomacentridae,13920001,1446,96,91,1.055,3,RGB,PNG,14443,2ad2d2d956d643bb59d0489f034558f0,False,train
R:\PP\Marine-Intelligence-Platform\marine-species-identification\data\raw\images\species_02\fish_003384345218_26309.png,raw\images\species_02\fish_003384345218_26309.png,fish_003384345218_26309.png,2,Plectroglyphidodon dickii,Blackbar damselfish,Pomacentridae,3384345218,26309,91,91,1.0,3,RGB,PNG,14780,52158a9a112c20f4764a3a72d733cf13,False,train
R:\PP\Marine-Intelligence-Platform\marine-species-identification\data\raw\images\species_02\fish_003381725211_26382.png,raw\images\species_02\fish_003381725211_26382.png,fish_003381725211_26382.png,2,Plectroglyphidodon dickii,Blackbar damselfish,Pomacentridae,3381725211,26382,92,78,1.179,3,RGB,PNG,10080,bd18384eb57161a8080390af278610bf,False,train
R:\PP\Marine-Intelligence-Platform\marine-species-identification\data\raw\images\species_02\fish_003381725211_26882.png,raw\images\species_02\fish_003381725211_26882.png,fish_003381725211_26882.png,2,Plectroglyphidodon dickii,Blackbar damselfish,Pomacentridae,3381725211,26882,88,78,1.128,3,RGB,PNG,9602,c2d95f1e076d989b85d3dd21eacbcb94,False,train
R:\PP\Marine-Intelligence-Platform\marine-species-identification\data\raw\images\species_02\fish_000043109596_04440.png,raw\images\species_02\fish_000043109596_04440.png,fish_000043109596_04440.png,2,Plectroglyphidodon dickii,Blackbar damselfish,Pomacentridae,43109596,4440,92,76,1.211,3,RGB,PNG,12550,77b15a832119e0973fa2eb516aaade6a,False,train
R:\PP\Marine-Intelligence-Platform\marine-species-identification\data\raw\images\species_02\fish_000043109596_04442.png,raw\images\species_02\fish_000043109596_04442.png,fish_000043109596_04442.png,2,Plectroglyphidodon dickii,Blackbar damselfish,Pomacentridae,43109596,4442,80,70,1.143,3,RGB,PNG,9705,851e3ce73741a45a8e4d43bc0b927f09,False,train
R:\PP\Marine-Intelligence-Platform\marine-species-identification\data\raw\images\species_02\fish_000043109596_04445.png,raw\images\species_02\fish_000043109596_04445.png,fish_000043109596_04445.png,2,Plectroglyphidodon dickii,Blackbar damselfish,Pomacentridae,43109596,4445,88,73,1.205,3,RGB,PNG,11071,a7eaba083cead1c400d817aa314dbb1c,False,train
R:\PP\Marine-Intelligence-Platform\marine-species-identification\data\raw\images\species_02\fish_000033960001_03189.png,raw\images\species_02\fish_000033960001_03189.png,fish_000033960001_03189.png,2,Plectroglyphidodon dickii,Blackbar damselfish,Pomacentridae,33960001,3189,87,78,1.115,3,RGB,PNG,10456,0cb706064e9303aa17e9e7ea22ad1ad0,False,train
R:\PP\Marine-Intelligence-Platform\marine-species-identification\data\raw\images\species_02\fish_000033960001_03191.png,raw\images\species_02\fish_000033960001_03191.png,fish_000033960001_03191.png,2,Plectroglyphidodon dickii,Blackbar damselfish,Pomacentridae,33960001,3191,91,83,1.096,3,RGB,PNG,11602,b167ca9b0edd714bf36be255c0511037,False,train
R:\PP\Marine-Intelligence-Platform\marine-species-identification\data\raw\images\species_02\fish_000033960001_03192.png,raw\images\species_02\fish_000033960001_03192.png,fish_000033960001_03192.png,2,Plectroglyphidodon dickii,Blackbar damselfish,Pomacentridae,33960001,3192,77,79,0.975,3,RGB,PNG,8965,7451302f7b196c6c5f54cff3cdb1f9f8,False,train
R:\PP\Marine-Intelligence-Platform\marine-species-identification\data\raw\images\species_02\fish_000033960001_03193.png,raw\images\species_02\fish_000033960001_03193.png,fish_000033960001_03193.png,2,Plectroglyphidodon dickii,Blackbar damselfish,Pomacentridae,33960001,3193,79,74,1.068,3,RGB,PNG,8885,fa8cf60de9dcd27b9c652189abd6d49f,False,train
R:\PP\Marine-Intelligence-Platform\marine-species-identification\data\raw\images\species_02\fish_000033960001_03194.png,raw\images\species_02\fish_000033960001_03194.png,fish_000033960001_03194.png,2,Plectroglyphidodon dickii,Blackbar damselfish,Pomacentridae,33960001,3194,88,80,1.1,3,RGB,PNG,11023,522124b3f4318494d72e247fedae2ded,False,train
R:\PP\Marine-Intelligence-Platform\marine-species-identification\data\raw\images\species_02\fish_000033960001_03195.png,raw\images\species_02\fish_000033960001_03195.png,fish_000033960001_03195.png,2,Plectroglyphidodon dickii,Blackbar damselfish,Pomacentridae,33960001,3195,88,80,1.1,3,RGB,PNG,11474,0d1df4c263ad16762b6915c50cd7396a,False,train
R:\PP\Marine-Intelligence-Platform\marine-species-identification\data\raw\images\species_02\fish_003388425223_26002.png,raw\images\species_02\fish_003388425223_26002.png,fish_003388425223_26002.png,2,Plectroglyphidodon dickii,Blackbar damselfish,Pomacentridae,3388425223,26002,80,77,1.039,3,RGB,PNG,9901,3c0e42763f7f36b757abdfd055c9f6b3,False,train
R:\PP\Marine-Intelligence-Platform\marine-species-identification\data\raw\images\species_02\fish_003388425223_26099.png,raw\images\species_02\fish_003388425223_26099.png,fish_003388425223_26099.png,2,Plectroglyphidodon dickii,Blackbar damselfish,Pomacentridae,3388425223,26099,86,95,0.905,3,RGB,PNG,9581,5e93846732bb4ec91c64d4cad7afff23,False,train
R:\PP\Marine-Intelligence-Platform\marine-species-identification\data\raw\images\species_02\fish_003399865232_23503.png,raw\images\species_02\fish_003399865232_23503.png,fish_003399865232_23503.png,2,Plectroglyphidodon dickii,Blackbar damselfish,Pomacentridae,3399865232,23503,83,75,1.107,3,RGB,PNG,10501,1bd351ba1d85c41335d183b04c518a05,False,train
R:\PP\Marine-Intelligence-Platform\marine-species-identification\data\raw\images\species_02\fish_003399865232_23504.png,raw\images\species_02\fish_003399865232_23504.png,fish_003399865232_23504.png,2,Plectroglyphidodon dickii,Blackbar damselfish,Pomacentridae,3399865232,23504,88,96,0.917,3,RGB,PNG,15516,8ffd747eb0e7bfc05f7ed36cc14f195e,False,train
R:\PP\Marine-Intelligence-Platform\marine-species-identification\data\raw\images\species_02\fish_003399865232_23505.png,raw\images\species_02\fish_003399865232_23505.png,fish_003399865232_23505.png,2,Plectroglyphidodon dickii,Blackbar damselfish,Pomacentridae,3399865232,23505,115,83,1.386,3,RGB,PNG,17576,9b42a1e69d169664d3321928bbbda4ff,False,train
R:\PP\Marine-Intelligence-Platform\marine-species-identification\data\raw\images\species_02\fish_003399865232_23506.png,raw\images\species_02\fish_003399865232_23506.png,fish_003399865232_23506.png,2,Plectroglyphidodon dickii,Blackbar damselfish,Pomacentridae,3399865232,23506,108,78,1.385,3,RGB,PNG,15582,9bde533414ebd319cb7f7e9232a2b2fd,False,train
R:\PP\Marine-Intelligence-Platform\marine-species-identification\data\raw\images\species_02\fish_003399865232_23507.png,raw\images\species_02\fish_003399865232_23507.png,fish_003399865232_23507.png,2,Plectroglyphidodon dickii,Blackbar damselfish,Pomacentridae,3399865232,23507,123,89,1.382,3,RGB,PNG,20149,86fc366ce9ea6df3f5b43bcf0b4796a1,False,train
R:\PP\Marine-Intelligence-Platform\marine-species-identification\data\raw\images\species_02\fish_003399865232_23508.png,raw\images\species_02\fish_003399865232_23508.png,fish_003399865232_23508.png,2,Plectroglyphidodon dickii,Blackbar damselfish,Pomacentridae,3399865232,23508,116,85,1.365,3,RGB,PNG,18156,adf16d3b1c8205d9a515cbe3d8fa69a8,False,train
R:\PP\Marine-Intelligence-Platform\marine-species-identification\data\raw\images\species_02\fish_003399865232_23509.png,raw\images\species_02\fish_003399865232_23509.png,fish_003399865232_23509.png,2,Plectroglyphidodon dickii,Blackbar damselfish,Pomacentridae,3399865232,23509,107,88,1.216,3,RGB,PNG,17235,ab6ddf07792078ee07009bc54e875a99,False,train
R:\PP\Marine-Intelligence-Platform\marine-species-identification\data\raw\images\species_02\fish_003399865232_23512.png,raw\images\species_02\fish_003399865232_23512.png,fish_003399865232_23512.png,2,Plectroglyphidodon dickii,Blackbar damselfish,Pomacentridae,3399865232,23512,120,85,1.412,3,RGB,PNG,18564,971b072bfb6fbab5d56dd2f5704eea89,False,train
R:\PP\Marine-Intelligence-Platform\marine-species-identification\data\raw\images\species_02\fish_003399865232_23514.png,raw\images\species_02\fish_003399865232_23514.png,fish_003399865232_23514.png,2,Plectroglyphidodon dickii,Blackbar damselfish,Pomacentridae,3399865232,23514,119,90,1.322,3,RGB,PNG,19818,525b0f198fa7bee89774fca4989e2390,False,train
R:\PP\Marine-Intelligence-Platform\marine-species-identification\data\raw\images\species_02\fish_003399865232_23632.png,raw\images\species_02\fish_003399865232_23632.png,fish_003399865232_23632.png,2,Plectroglyphidodon dickii,Blackbar damselfish,Pomacentridae,3399865232,23632,92,77,1.195,3,RGB,PNG,11874,7bba6dd3127ea72f66568f58d6f89345,False,train
R:\PP\Marine-Intelligence-Platform\marine-species-identification\data\raw\images\species_02\fish_003399865232_23735.png,raw\images\species_02\fish_003399865232_23735.png,fish_003399865232_23735.png,2,Plectroglyphidodon dickii,Blackbar damselfish,Pomacentridae,3399865232,23735,87,88,0.989,3,RGB,PNG,14090,09be20ecc1fb307d291f8dce4f70e555,False,train
R:\PP\Marine-Intelligence-Platform\marine-species-identification\data\raw\images\species_02\fish_000044319596_04478.png,raw\images\species_02\fish_000044319596_04478.png,fish_000044319596_04478.png,2,Plectroglyphidodon dickii,Blackbar damselfish,Pomacentridae,44319596,4478,55,51,1.078,3,RGB,PNG,5064,45f2b4a9d636516222cab201e6463982,False,train
R:\PP\Marine-Intelligence-Platform\marine-species-identification\data\raw\images\species_02\fish_000044319596_04480.png,raw\images\species_02\fish_000044319596_04480.png,fish_000044319596_04480.png,2,Plectroglyphidodon dickii,Blackbar damselfish,Pomacentridae,44319596,4480,55,53,1.038,3,RGB,PNG,5359,2fc9c1e63db64776c3236dd9db6a477a,False,train
R:\PP\Marine-Intelligence-Platform\marine-species-identification\data\raw\images\species_02\fish_000044319596_04482.png,raw\images\species_02\fish_000044319596_04482.png,fish_000044319596_04482.png,2,Plectroglyphidodon dickii,Blackbar damselfish,Pomacentridae,44319596,4482,51,49,1.041,3,RGB,PNG,4530,1847a48d4afe2cd54f38b34c0112e422,False,train
R:\PP\Marine-Intelligence-Platform\marine-species-identification\data\raw\images\species_02\fish_000044319596_04489.png,raw\images\species_02\fish_000044319596_04489.png,fish_000044319596_04489.png,2,Plectroglyphidodon dickii,Blackbar damselfish,Pomacentridae,44319596,4489,56,45,1.244,3,RGB,PNG,4783,8bd81d08ca3a3bddf666ab8226cdf8d1,False,train
R:\PP\Marine-Intelligence-Platform\marine-species-identification\data\raw\images\species_02\fish_000044319596_04491.png,raw\images\species_02\fish_000044319596_04491.png,fish_000044319596_04491.png,2,Plectroglyphidodon dickii,Blackbar damselfish,Pomacentridae,44319596,4491,59,49,1.204,3,RGB,PNG,5501,73f71eef70a1fc7cb1e0a50d17a4c359,False,train
R:\PP\Marine-Intelligence-Platform\marine-species-identification\data\raw\images\species_02\fish_000044319596_04495.png,raw\images\species_02\fish_000044319596_04495.png,fish_000044319596_04495.png,2,Plectroglyphidodon dickii,Blackbar damselfish,Pomacentridae,44319596,4495,68,53,1.283,3,RGB,PNG,6683,2f6aae8d3942cd8add304f4330fb74a1,False,train
R:\PP\Marine-Intelligence-Platform\marine-species-identification\data\raw\images\species_02\fish_000044319596_04496.png,raw\images\species_02\fish_000044319596_04496.png,fish_000044319596_04496.png,2,Plectroglyphidodon dickii,Blackbar damselfish,Pomacentridae,44319596,4496,59,47,1.255,3,RGB,PNG,4433,9ff101b4bfef6012d17b1931f65a474d,False,train
R:\PP\Marine-Intelligence-Platform\marine-species-identification\data\raw\images\species_02\fish_000044319596_04497.png,raw\images\species_02\fish_000044319596_04497.png,fish_000044319596_04497.png,2,Plectroglyphidodon dickii,Blackbar damselfish,Pomacentridae,44319596,4497,59,48,1.229,3,RGB,PNG,4210,0280a11b3f0feef666b0ab36ea209875,False,train
R:\PP\Marine-Intelligence-Platform\marine-species-identification\data\raw\images\species_02\fish_000044319596_04498.png,raw\images\species_02\fish_000044319596_04498.png,fish_000044319596_04498.png,2,Plectroglyphidodon dickii,Blackbar damselfish,Pomacentridae,44319596,4498,68,57,1.193,3,RGB,PNG,5023,3df14dbb3fa96c4d38fd33a68a8d86ba,False,train
R:\PP\Marine-Intelligence-Platform\marine-species-identification\data\raw\images\species_02\fish_000072589596_04975.png,raw\images\species_02\fish_000072589596_04975.png,fish_000072589596_04975.png,2,Plectroglyphidodon dickii,Blackbar damselfish,Pomacentridae,72589596,4975,91,73,1.247,3,RGB,PNG,11400,f0e90dea3d92a5a523376f10fae04b16,False,train
R:\PP\Marine-Intelligence-Platform\marine-species-identification\data\raw\images\species_02\fish_000072589596_04977.png,raw\images\species_02\fish_000072589596_04977.png,fish_000072589596_04977.png,2,Plectroglyphidodon dickii,Blackbar damselfish,Pomacentridae,72589596,4977,83,71,1.169,3,RGB,PNG,10226,b3fc9aec2a47907d4bdb740a5c8f4dec,False,train
R:\PP\Marine-Intelligence-Platform\marine-species-identification\data\raw\images\species_02\fish_000072589596_04981.png,raw\images\species_02\fish_000072589596_04981.png,fish_000072589596_04981.png,2,Plectroglyphidodon dickii,Blackbar damselfish,Pomacentridae,72589596,4981,60,55,1.091,3,RGB,PNG,6062,2dcb459e35ea30faa18cc2e88d595aae,False,train
R:\PP\Marine-Intelligence-Platform\marine-species-identification\data\raw\images\species_02\fish_000072589596_04983.png,raw\images\species_02\fish_000072589596_04983.png,fish_000072589596_04983.png,2,Plectroglyphidodon dickii,Blackbar damselfish,Pomacentridae,72589596,4983,55,53,1.038,3,RGB,PNG,5400,c0607b6b644c687c0aa0dea3dd43b2e5,False,train
R:\PP\Marine-Intelligence-Platform\marine-species-identification\data\raw\images\species_02\fish_000072589596_04984.png,raw\images\species_02\fish_000072589596_04984.png,fish_000072589596_04984.png,2,Plectroglyphidodon dickii,Blackbar damselfish,Pomacentridae,72589596,4984,51,51,1.0,3,RGB,PNG,4826,2991c7a790b4dcfd688e3b969c3e6a2a,False,train
R:\PP\Marine-Intelligence-Platform\marine-species-identification\data\raw\images\species_02\fish_000072589596_04985.png,raw\images\species_02\fish_000072589596_04985.png,fish_000072589596_04985.png,2,Plectroglyphidodon dickii,Blackbar damselfish,Pomacentridae,72589596,4985,43,47,0.915,3,RGB,PNG,3697,dd820de27010c673a72f0f526fc8bc8b,False,train
R:\PP\Marine-Intelligence-Platform\marine-species-identification\data\raw\images\species_02\fish_000055239596_04599.png,raw\images\species_02\fish_000055239596_04599.png,fish_000055239596_04599.png,2,Plectroglyphidodon dickii,Blackbar damselfish,Pomacentridae,55239596,4599,62,79,0.785,3,RGB,PNG,7666,41be013f63128acd41a5fd52f6932b8b,False,train
R:\PP\Marine-Intelligence-Platform\marine-species-identification\data\raw\images\species_02\fish_000055239596_04600.png,raw\images\species_02\fish_000055239596_04600.png,fish_000055239596_04600.png,2,Plectroglyphidodon dickii,Blackbar damselfish,Pomacentridae,55239596,4600,63,76,0.829,3,RGB,PNG,7551,8a610166d807f7a405aaceb6f73612a4,False,train
R:\PP\Marine-Intelligence-Platform\marine-species-identification\data\raw\images\species_02\fish_000055239596_04601.png,raw\images\species_02\fish_000055239596_04601.png,fish_000055239596_04601.png,2,Plectroglyphidodon dickii,Blackbar damselfish,Pomacentridae,55239596,4601,68,65,1.046,3,RGB,PNG,7931,35bb5d98ea2d39579d27b534b757a747,False,train
R:\PP\Marine-Intelligence-Platform\marine-species-identification\data\raw\images\species_02\fish_000055239596_04603.png,raw\images\species_02\fish_000055239596_04603.png,fish_000055239596_04603.png,2,Plectroglyphidodon dickii,Blackbar damselfish,Pomacentridae,55239596,4603,76,70,1.086,3,RGB,PNG,9804,0529b79feb59c1a8f6e7f125a8102357,False,train
R:\PP\Marine-Intelligence-Platform\marine-species-identification\data\raw\images\species_02\fish_000055239596_04604.png,raw\images\species_02\fish_000055239596_04604.png,fish_000055239596_04604.png,2,Plectroglyphidodon dickii,Blackbar damselfish,Pomacentridae,55239596,4604,76,59,1.288,3,RGB,PNG,8676,1659aa099141ad707c339ed95983d9e7,False,train
R:\PP\Marine-Intelligence-Platform\marine-species-identification\data\raw\images\species_02\fish_003398905232_11217.png,raw\images\species_02\fish_003398905232_11217.png,fish_003398905232_11217.png,2,Plectroglyphidodon dickii,Blackbar damselfish,Pomacentridae,3398905232,11217,141,147,0.959,3,RGB,PNG,43980,cb7220837e7d4ced0ec74403646ae119,False,train
R:\PP\Marine-Intelligence-Platform\marine-species-identification\data\raw\images\species_02\fish_000027390001_02910.png,raw\images\species_02\fish_000027390001_02910.png,fish_000027390001_02910.png,2,Plectroglyphidodon dickii,Blackbar damselfish,Pomacentridae,27390001,2910,87,78,1.115,3,RGB,PNG,11228,b4917f81ecd4c781839d29ec7bf1020b,False,train
R:\PP\Marine-Intelligence-Platform\marine-species-identification\data\raw\images\species_02\fish_000061619596_04671.png,raw\images\species_02\fish_000061619596_04671.png,fish_000061619596_04671.png,2,Plectroglyphidodon dickii,Blackbar damselfish,Pomacentridae,61619596,4671,84,66,1.273,3,RGB,PNG,9795,367a18855399ef3a7d8a4c6a4e855661,False,train
R:\PP\Marine-Intelligence-Platform\marine-species-identification\data\raw\images\species_02\fish_000061619596_04672.png,raw\images\species_02\fish_000061619596_04672.png,fish_000061619596_04672.png,2,Plectroglyphidodon dickii,Blackbar damselfish,Pomacentridae,61619596,4672,75,62,1.21,3,RGB,PNG,8715,e759fa39adcec47849684f9c2affe44b,False,train
R:\PP\Marine-Intelligence-Platform\marine-species-identification\data\raw\images\species_02\fish_000061619596_04673.png,raw\images\species_02\fish_000061619596_04673.png,fish_000061619596_04673.png,2,Plectroglyphidodon dickii,Blackbar damselfish,Pomacentridae,61619596,4673,63,62,1.016,3,RGB,PNG,7242,d252594cc97b6b86376545bd3058124d,False,train
R:\PP\Marine-Intelligence-Platform\marine-species-identification\data\raw\images\species_02\fish_000061619596_04674.png,raw\images\species_02\fish_000061619596_04674.png,fish_000061619596_04674.png,2,Plectroglyphidodon dickii,Blackbar damselfish,Pomacentridae,61619596,4674,75,66,1.136,3,RGB,PNG,9023,5986636f08cff491c838bef65625eb8e,False,train
R:\PP\Marine-Intelligence-Platform\marine-species-identification\data\raw\images\species_02\fish_000061619596_04675.png,raw\images\species_02\fish_000061619596_04675.png,fish_000061619596_04675.png,2,Plectroglyphidodon dickii,Blackbar damselfish,Pomacentridae,61619596,4675,67,62,1.081,3,RGB,PNG,7348,92a3214b632970a912d542f187a17302,False,train
R:\PP\Marine-Intelligence-Platform\marine-species-identification\data\raw\images\species_02\fish_003431045291_17215.png,raw\images\species_02\fish_003431045291_17215.png,fish_003431045291_17215.png,2,Plectroglyphidodon dickii,Blackbar damselfish,Pomacentridae,3431045291,17215,108,92,1.174,3,RGB,PNG,11908,8051ed77179fe0ba414381a3194c1c52,False,train
R:\PP\Marine-Intelligence-Platform\marine-species-identification\data\raw\images\species_02\fish_000018929596_03995.png,raw\images\species_02\fish_000018929596_03995.png,fish_000018929596_03995.png,2,Plectroglyphidodon dickii,Blackbar damselfish,Pomacentridae,18929596,3995,76,62,1.226,3,RGB,PNG,6304,c1c6b94fd3268d5001d860c60417195f,False,train
R:\PP\Marine-Intelligence-Platform\marine-species-identification\data\raw\images\species_02\fish_000018929596_03996.png,raw\images\species_02\fish_000018929596_03996.png,fish_000018929596_03996.png,2,Plectroglyphidodon dickii,Blackbar damselfish,Pomacentridae,18929596,3996,71,60,1.183,3,RGB,PNG,6617,da6a7163c49177d2eaedca99ecd8e95a,False,train
R:\PP\Marine-Intelligence-Platform\marine-species-identification\data\raw\images\species_02\fish_000018929596_03997.png,raw\images\species_02\fish_000018929596_03997.png,fish_000018929596_03997.png,2,Plectroglyphidodon dickii,Blackbar damselfish,Pomacentridae,18929596,3997,68,56,1.214,3,RGB,PNG,5891,b68c6b3d1c4d5cba9b04992e8fd8890f,False,train
R:\PP\Marine-Intelligence-Platform\marine-species-identification\data\raw\images\species_02\fish_000018929596_03998.png,raw\images\species_02\fish_000018929596_03998.png,fish_000018929596_03998.png,2,Plectroglyphidodon dickii,Blackbar damselfish,Pomacentridae,18929596,3998,60,52,1.154,3,RGB,PNG,4853,b2d68ed851d0ad90706735fc3318832c,False,train
R:\PP\Marine-Intelligence-Platform\marine-species-identification\data\raw\images\species_02\fish_000018929596_03999.png,raw\images\species_02\fish_000018929596_03999.png,fish_000018929596_03999.png,2,Plectroglyphidodon dickii,Blackbar damselfish,Pomacentridae,18929596,3999,63,54,1.167,3,RGB,PNG,5880,8023b4f0614ad27425ee1730613a7330,False,train
R:\PP\Marine-Intelligence-Platform\marine-species-identification\data\raw\images\species_02\fish_001394000102_01453.png,raw\images\species_02\fish_001394000102_01453.png,fish_001394000102_01453.png,2,Plectroglyphidodon dickii,Blackbar damselfish,Pomacentridae,1394000102,1453,99,89,1.112,3,RGB,PNG,8442,18cc5a9f8e8173f73e127392ae65a143,False,train
R:\PP\Marine-Intelligence-Platform\marine-species-identification\data\raw\images\species_02\fish_001394000102_01454.png,raw\images\species_02\fish_001394000102_01454.png,fish_001394000102_01454.png,2,Plectroglyphidodon dickii,Blackbar damselfish,Pomacentridae,1394000102,1454,99,88,1.125,3,RGB,PNG,8399,1a2a51c6cc2b891105367891fafeafb6,False,train
R:\PP\Marine-Intelligence-Platform\marine-species-identification\data\raw\images\species_02\fish_001394000102_01455.png,raw\images\species_02\fish_001394000102_01455.png,fish_001394000102_01455.png,2,Plectroglyphidodon dickii,Blackbar damselfish,Pomacentridae,1394000102,1455,108,90,1.2,3,RGB,PNG,9144,9cb0f2b54b20ee02a6c57f6ceb47cde1,False,train
R:\PP\Marine-Intelligence-Platform\marine-species-identification\data\raw\images\species_02\fish_001394000102_01456.png,raw\images\species_02\fish_001394000102_01456.png,fish_001394000102_01456.png,2,Plectroglyphidodon dickii,Blackbar damselfish,Pomacentridae,1394000102,1456,112,90,1.244,3,RGB,PNG,11058,a0c77d1496c95aba28f4445e0713a6ed,False,train
R:\PP\Marine-Intelligence-Platform\marine-species-identification\data\raw\images\species_02\fish_001394000102_01457.png,raw\images\species_02\fish_001394000102_01457.png,fish_001394000102_01457.png,2,Plectroglyphidodon dickii,Blackbar damselfish,Pomacentridae,1394000102,1457,107,86,1.244,3,RGB,PNG,10391,8a0a2741cc109685e28157a6feb2006e,False,train
R:\PP\Marine-Intelligence-Platform\marine-species-identification\data\raw\images\species_02\fish_001394000102_01458.png,raw\images\species_02\fish_001394000102_01458.png,fish_001394000102_01458.png,2,Plectroglyphidodon dickii,Blackbar damselfish,Pomacentridae,1394000102,1458,107,86,1.244,3,RGB,PNG,11089,21bcdaf311f0f34b6f3c02bb71008971,False,train
R:\PP\Marine-Intelligence-Platform\marine-species-identification\data\raw\images\species_02\fish_001394000102_01459.png,raw\images\species_02\fish_001394000102_01459.png,fish_001394000102_01459.png,2,Plectroglyphidodon dickii,Blackbar damselfish,Pomacentridae,1394000102,1459,100,84,1.19,3,RGB,PNG,12833,09a21fc635c9d9cd54dac24daae2a502,False,train
R:\PP\Marine-Intelligence-Platform\marine-species-identification\data\raw\images\species_02\fish_001394000102_01460.png,raw\images\species_02\fish_001394000102_01460.png,fish_001394000102_01460.png,2,Plectroglyphidodon dickii,Blackbar damselfish,Pomacentridae,1394000102,1460,88,74,1.189,3,RGB,PNG,9947,66bd3d8d28af3c9a4e6ab4d891b2f09e,False,train
R:\PP\Marine-Intelligence-Platform\marine-species-identification\data\raw\images\species_02\fish_001394000102_01461.png,raw\images\species_02\fish_001394000102_01461.png,fish_001394000102_01461.png,2,Plectroglyphidodon dickii,Blackbar damselfish,Pomacentridae,1394000102,1461,92,75,1.227,3,RGB,PNG,10731,3b400f4c35f2010ac9bb2b5ff02fb167,False,train
R:\PP\Marine-Intelligence-Platform\marine-species-identification\data\raw\images\species_02\fish_000013740001_01378.png,raw\images\species_02\fish_000013740001_01378.png,fish_000013740001_01378.png,2,Plectroglyphidodon dickii,Blackbar damselfish,Pomacentridae,13740001,1378,87,95,0.916,3,RGB,PNG,14588,9e499c8facefdfcc504f1e8da8862c26,False,train
R:\PP\Marine-Intelligence-Platform\marine-species-identification\data\raw\images\species_02\fish_000013740001_01379.png,raw\images\species_02\fish_000013740001_01379.png,fish_000013740001_01379.png,2,Plectroglyphidodon dickii,Blackbar damselfish,Pomacentridae,13740001,1379,86,95,0.905,3,RGB,PNG,14450,6405ce1d3b16d6618ac8f21be3da8586,False,train
R:\PP\Marine-Intelligence-Platform\marine-species-identification\data\raw\images\species_02\fish_000013740001_01380.png,raw\images\species_02\fish_000013740001_01380.png,fish_000013740001_01380.png,2,Plectroglyphidodon dickii,Blackbar damselfish,Pomacentridae,13740001,1380,92,103,0.893,3,RGB,PNG,16192,893c4cd7a331aa6f2134c2925729ecde,False,train
R:\PP\Marine-Intelligence-Platform\marine-species-identification\data\raw\images\species_02\fish_000013740001_01381.png,raw\images\species_02\fish_000013740001_01381.png,fish_000013740001_01381.png,2,Plectroglyphidodon dickii,Blackbar damselfish,Pomacentridae,13740001,1381,119,111,1.072,3,RGB,PNG,20045,ed9649f480f32e0bd54f81fa0283d962,False,train
R:\PP\Marine-Intelligence-Platform\marine-species-identification\data\raw\images\species_02\fish_000013740001_01382.png,raw\images\species_02\fish_000013740001_01382.png,fish_000013740001_01382.png,2,Plectroglyphidodon dickii,Blackbar damselfish,Pomacentridae,13740001,1382,116,99,1.172,3,RGB,PNG,16692,ede692ca4c90264a0deb447fe1063b27,False,train
R:\PP\Marine-Intelligence-Platform\marine-species-identification\data\raw\images\species_02\fish_000013740001_01383.png,raw\images\species_02\fish_000013740001_01383.png,fish_000013740001_01383.png,2,Plectroglyphidodon dickii,Blackbar damselfish,Pomacentridae,13740001,1383,107,94,1.138,3,RGB,PNG,14562,9145fecbdca95ed86c852a032911877c,False,train
R:\PP\Marine-Intelligence-Platform\marine-species-identification\data\raw\images\species_02\fish_000013740001_01384.png,raw\images\species_02\fish_000013740001_01384.png,fish_000013740001_01384.png,2,Plectroglyphidodon dickii,Blackbar damselfish,Pomacentridae,13740001,1384,94,96,0.979,3,RGB,PNG,12204,53baad9fbb62e49a841d0e452a7ce8e0,False,train
R:\PP\Marine-Intelligence-Platform\marine-species-identification\data\raw\images\species_02\fish_003388185223_23500.png,raw\images\species_02\fish_003388185223_23500.png,fish_003388185223_23500.png,2,Plectroglyphidodon dickii,Blackbar damselfish,Pomacentridae,3388185223,23500,77,84,0.917,3,RGB,PNG,11256,adf3584657901c6a1f80ee97f62d062a,False,train
R:\PP\Marine-Intelligence-Platform\marine-species-identification\data\raw\images\species_02\fish_000062609596_04700.png,raw\images\species_02\fish_000062609596_04700.png,fish_000062609596_04700.png,2,Plectroglyphidodon dickii,Blackbar damselfish,Pomacentridae,62609596,4700,51,48,1.062,3,RGB,PNG,4129,5897c799ae810756c72f6859b36f289f,False,train
R:\PP\Marine-Intelligence-Platform\marine-species-identification\data\raw\images\species_02\fish_000062609596_04701.png,raw\images\species_02\fish_000062609596_04701.png,fish_000062609596_04701.png,2,Plectroglyphidodon dickii,Blackbar damselfish,Pomacentridae,62609596,4701,55,46,1.196,3,RGB,PNG,4382,3f0d72cccdab8687dcf8be87cbf2d2ae,False,train
R:\PP\Marine-Intelligence-Platform\marine-species-identification\data\raw\images\species_02\fish_000062609596_04702.png,raw\images\species_02\fish_000062609596_04702.png,fish_000062609596_04702.png,2,Plectroglyphidodon dickii,Blackbar damselfish,Pomacentridae,62609596,4702,52,45,1.156,3,RGB,PNG,4143,761959da8ef532ff116e0c54e65734f2,False,train
R:\PP\Marine-Intelligence-Platform\marine-species-identification\data\raw\images\species_02\fish_000062609596_04703.png,raw\images\species_02\fish_000062609596_04703.png,fish_000062609596_04703.png,2,Plectroglyphidodon dickii,Blackbar damselfish,Pomacentridae,62609596,4703,67,54,1.241,3,RGB,PNG,6626,272600385c7739bcba9c0e49920f044b,False,train
R:\PP\Marine-Intelligence-Platform\marine-species-identification\data\raw\images\species_02\fish_000062609596_04704.png,raw\images\species_02\fish_000062609596_04704.png,fish_000062609596_04704.png,2,Plectroglyphidodon dickii,Blackbar damselfish,Pomacentridae,62609596,4704,72,55,1.309,3,RGB,PNG,6978,e3c8f5b60a191c96bb5cc6138010608b,False,train
R:\PP\Marine-Intelligence-Platform\marine-species-identification\data\raw\images\species_02\fish_000010429596_03902.png,raw\images\species_02\fish_000010429596_03902.png,fish_000010429596_03902.png,2,Plectroglyphidodon dickii,Blackbar damselfish,Pomacentridae,10429596,3902,58,59,0.983,3,RGB,PNG,5631,890fd4d7076c903a82977748557263f8,False,train
R:\PP\Marine-Intelligence-Platform\marine-species-identification\data\raw\images\species_02\fish_000010429596_03904.png,raw\images\species_02\fish_000010429596_03904.png,fish_000010429596_03904.png,2,Plectroglyphidodon dickii,Blackbar damselfish,Pomacentridae,10429596,3904,71,63,1.127,3,RGB,PNG,7098,8a76ff8ef32945053ed9acbc55a1368f,False,train
R:\PP\Marine-Intelligence-Platform\marine-species-identification\data\raw\images\species_02\fish_000010429596_03908.png,raw\images\species_02\fish_000010429596_03908.png,fish_000010429596_03908.png,2,Plectroglyphidodon dickii,Blackbar damselfish,Pomacentridae,10429596,3908,64,57,1.123,3,RGB,PNG,5660,59230fbf76ed6fe655ad7751ed1a97ee,False,train
R:\PP\Marine-Intelligence-Platform\marine-species-identification\data\raw\images\species_02\fish_000010429596_03911.png,raw\images\species_02\fish_000010429596_03911.png,fish_000010429596_03911.png,2,Plectroglyphidodon dickii,Blackbar damselfish,Pomacentridae,10429596,3911,60,52,1.154,3,RGB,PNG,4544,db2a14671ac1ad43c6399034f3531ca1,False,train
R:\PP\Marine-Intelligence-Platform\marine-species-identification\data\raw\images\species_02\fish_000010429596_03913.png,raw\images\species_02\fish_000010429596_03913.png,fish_000010429596_03913.png,2,Plectroglyphidodon dickii,Blackbar damselfish,Pomacentridae,10429596,3913,75,61,1.23,3,RGB,PNG,7081,6d7d1145a79d13297daaf8adf3de6abe,False,train
R:\PP\Marine-Intelligence-Platform\marine-species-identification\data\raw\images\species_02\fish_000047469596_04531.png,raw\images\species_02\fish_000047469596_04531.png,fish_000047469596_04531.png,2,Plectroglyphidodon dickii,Blackbar damselfish,Pomacentridae,47469596,4531,56,48,1.167,3,RGB,PNG,4575,a0a14904268940275b1f2389d7ca9a81,False,train
R:\PP\Marine-Intelligence-Platform\marine-species-identification\data\raw\images\species_02\fish_000047469596_04532.png,raw\images\species_02\fish_000047469596_04532.png,fish_000047469596_04532.png,2,Plectroglyphidodon dickii,Blackbar damselfish,Pomacentridae,47469596,4532,60,49,1.224,3,RGB,PNG,5148,03d899be12d433ee57a237453050dfaa,False,train
R:\PP\Marine-Intelligence-Platform\marine-species-identification\data\raw\images\species_02\fish_000047469596_04533.png,raw\images\species_02\fish_000047469596_04533.png,fish_000047469596_04533.png,2,Plectroglyphidodon dickii,Blackbar damselfish,Pomacentridae,47469596,4533,52,55,0.945,3,RGB,PNG,4812,1e3ac103e06b91a5f3484cca7ceb0968,False,train
R:\PP\Marine-Intelligence-Platform\marine-species-identification\data\raw\images\species_02\fish_000047469596_04534.png,raw\images\species_02\fish_000047469596_04534.png,fish_000047469596_04534.png,2,Plectroglyphidodon dickii,Blackbar damselfish,Pomacentridae,47469596,4534,68,58,1.172,3,RGB,PNG,6040,20dc8101fa0dbfc207f003a6cded5a96,False,train
R:\PP\Marine-Intelligence-Platform\marine-species-identification\data\raw\images\species_02\fish_000047469596_04535.png,raw\images\species_02\fish_000047469596_04535.png,fish_000047469596_04535.png,2,Plectroglyphidodon dickii,Blackbar damselfish,Pomacentridae,47469596,4535,59,53,1.113,3,RGB,PNG,4258,b32135ff69782dc28c3afdc95e74ae76,False,train
R:\PP\Marine-Intelligence-Platform\marine-species-identification\data\raw\images\species_02\fish_000059489596_04629.png,raw\images\species_02\fish_000059489596_04629.png,fish_000059489596_04629.png,2,Plectroglyphidodon dickii,Blackbar damselfish,Pomacentridae,59489596,4629,60,52,1.154,3,RGB,PNG,5591,6ce93428731665c9ec5de67151130898,False,train
R:\PP\Marine-Intelligence-Platform\marine-species-identification\data\raw\images\species_02\fish_000059489596_04630.png,raw\images\species_02\fish_000059489596_04630.png,fish_000059489596_04630.png,2,Plectroglyphidodon dickii,Blackbar damselfish,Pomacentridae,59489596,4630,68,57,1.193,3,RGB,PNG,6855,a4ad8eede8c7673fb2bd845567a4ec7e,False,train
R:\PP\Marine-Intelligence-Platform\marine-species-identification\data\raw\images\species_02\fish_000059489596_04632.png,raw\images\species_02\fish_000059489596_04632.png,fish_000059489596_04632.png,2,Plectroglyphidodon dickii,Blackbar damselfish,Pomacentridae,59489596,4632,68,56,1.214,3,RGB,PNG,6611,1d9b6a5dc2afb6ea4b25cc7cac69c9d7,False,train
R:\PP\Marine-Intelligence-Platform\marine-species-identification\data\raw\images\species_02\fish_000059489596_04634.png,raw\images\species_02\fish_000059489596_04634.png,fish_000059489596_04634.png,2,Plectroglyphidodon dickii,Blackbar damselfish,Pomacentridae,59489596,4634,56,55,1.018,3,RGB,PNG,5383,bfbda66b53b32bc1a35a3743ed594cab,False,train
R:\PP\Marine-Intelligence-Platform\marine-species-identification\data\raw\images\species_02\fish_000019870001_01772.png,raw\images\species_02\fish_000019870001_01772.png,fish_000019870001_01772.png,2,Plectroglyphidodon dickii,Blackbar damselfish,Pomacentridae,19870001,1772,87,80,1.087,3,RGB,PNG,8507,2de46eebc053590a7126cd7c8a31b1d1,False,train
R:\PP\Marine-Intelligence-Platform\marine-species-identification\data\raw\images\species_02\fish_000019870001_01773.png,raw\images\species_02\fish_000019870001_01773.png,fish_000019870001_01773.png,2,Plectroglyphidodon dickii,Blackbar damselfish,Pomacentridae,19870001,1773,111,94,1.181,3,RGB,PNG,12866,6d97c7c479b8e9a9250a06d4e19222e2,False,train
R:\PP\Marine-Intelligence-Platform\marine-species-identification\data\raw\images\species_02\fish_000019870001_01775.png,raw\images\species_02\fish_000019870001_01775.png,fish_000019870001_01775.png,2,Plectroglyphidodon dickii,Blackbar damselfish,Pomacentridae,19870001,1775,104,90,1.156,3,RGB,PNG,11571,97d697811bc90c0455a05df8adad2b93,False,train
R:\PP\Marine-Intelligence-Platform\marine-species-identification\data\raw\images\species_02\fish_000019870001_01776.png,raw\images\species_02\fish_000019870001_01776.png,fish_000019870001_01776.png,2,Plectroglyphidodon dickii,Blackbar damselfish,Pomacentridae,19870001,1776,96,88,1.091,3,RGB,PNG,10699,ecd47ea3cce4e68cb4625ef260377552,False,train
R:\PP\Marine-Intelligence-Platform\marine-species-identification\data\raw\images\species_02\fish_000019870001_01777.png,raw\images\species_02\fish_000019870001_01777.png,fish_000019870001_01777.png,2,Plectroglyphidodon dickii,Blackbar damselfish,Pomacentridae,19870001,1777,83,83,1.0,3,RGB,PNG,8814,4d98eea32c2ddcb09657f029b7ca73e1,False,train
R:\PP\Marine-Intelligence-Platform\marine-species-identification\data\raw\images\species_02\fish_003397185231_24521.png,raw\images\species_02\fish_003397185231_24521.png,fish_003397185231_24521.png,2,Plectroglyphidodon dickii,Blackbar damselfish,Pomacentridae,3397185231,24521,79,73,1.082,3,RGB,PNG,9981,29807d27d1211d71b22ab6bf349f9963,False,train
R:\PP\Marine-Intelligence-Platform\marine-species-identification\data\raw\images\species_02\fish_003397185231_24522.png,raw\images\species_02\fish_003397185231_24522.png,fish_003397185231_24522.png,2,Plectroglyphidodon dickii,Blackbar damselfish,Pomacentridae,3397185231,24522,80,73,1.096,3,RGB,PNG,10248,0aaa25fd36178ac49b4ef7f5961216e9,False,train
R:\PP\Marine-Intelligence-Platform\marine-species-identification\data\raw\images\species_02\fish_000040989596_04380.png,raw\images\species_02\fish_000040989596_04380.png,fish_000040989596_04380.png,2,Plectroglyphidodon dickii,Blackbar damselfish,Pomacentridae,40989596,4380,124,127,0.976,3,RGB,PNG,24499,ac927d9e0f09a1f71f3223af8a75589a,False,train
R:\PP\Marine-Intelligence-Platform\marine-species-identification\data\raw\images\species_02\fish_000040989596_04381.png,raw\images\species_02\fish_000040989596_04381.png,fish_000040989596_04381.png,2,Plectroglyphidodon dickii,Blackbar damselfish,Pomacentridae,40989596,4381,125,127,0.984,3,RGB,PNG,24882,18108e5ba2ffa0792ff70877ac979e7f,False,train
R:\PP\Marine-Intelligence-Platform\marine-species-identification\data\raw\images\species_02\fish_000013560001_01345.png,raw\images\species_02\fish_000013560001_01345.png,fish_000013560001_01345.png,2,Plectroglyphidodon dickii,Blackbar damselfish,Pomacentridae,13560001,1345,96,77,1.247,3,RGB,PNG,11405,02ff7ab6f88e19ced28f649fced60957,False,train
R:\PP\Marine-Intelligence-Platform\marine-species-identification\data\raw\images\species_02\fish_000013560001_01346.png,raw\images\species_02\fish_000013560001_01346.png,fish_000013560001_01346.png,2,Plectroglyphidodon dickii,Blackbar damselfish,Pomacentridae,13560001,1346,76,68,1.118,3,RGB,PNG,9540,399e8608ae2aacea8ede71ba9a72b4c6,False,train
R:\PP\Marine-Intelligence-Platform\marine-species-identification\data\raw\images\species_02\fish_000013560001_01347.png,raw\images\species_02\fish_000013560001_01347.png,fish_000013560001_01347.png,2,Plectroglyphidodon dickii,Blackbar damselfish,Pomacentridae,13560001,1347,80,67,1.194,3,RGB,PNG,9247,a3c811be25199f53effb19b21fe71731,False,train
R:\PP\Marine-Intelligence-Platform\marine-species-identification\data\raw\images\species_02\fish_003399855232_11229.png,raw\images\species_02\fish_003399855232_11229.png,fish_003399855232_11229.png,2,Plectroglyphidodon dickii,Blackbar damselfish,Pomacentridae,3399855232,11229,79,73,1.082,3,RGB,PNG,10739,708f1a5cb41a8538b0c69d8e7b28f1a6,False,train
R:\PP\Marine-Intelligence-Platform\marine-species-identification\data\raw\images\species_02\fish_003399855232_11230.png,raw\images\species_02\fish_003399855232_11230.png,fish_003399855232_11230.png,2,Plectroglyphidodon dickii,Blackbar damselfish,Pomacentridae,3399855232,11230,76,67,1.134,3,RGB,PNG,7994,4e2496df492489c2bb8965fd0305ef32,False,train
R:\PP\Marine-Intelligence-Platform\marine-species-identification\data\raw\images\species_02\fish_003399855232_23414.png,raw\images\species_02\fish_003399855232_23414.png,fish_003399855232_23414.png,2,Plectroglyphidodon dickii,Blackbar damselfish,Pomacentridae,3399855232,23414,80,67,1.194,3,RGB,PNG,8213,6ce99d65f1323cdaa38703301d851907,False,train
R:\PP\Marine-Intelligence-Platform\marine-species-identification\data\raw\images\species_02\fish_003399855232_23633.png,raw\images\species_02\fish_003399855232_23633.png,fish_003399855232_23633.png,2,Plectroglyphidodon dickii,Blackbar damselfish,Pomacentridae,3399855232,23633,80,69,1.159,3,RGB,PNG,10200,8a5eb27e195beb983f7d2b0c934eb7f6,False,train
R:\PP\Marine-Intelligence-Platform\marine-species-identification\data\raw\images\species_02\fish_003399855232_23641.png,raw\images\species_02\fish_003399855232_23641.png,fish_003399855232_23641.png,2,Plectroglyphidodon dickii,Blackbar damselfish,Pomacentridae,3399855232,23641,88,70,1.257,3,RGB,PNG,9456,77f7dd2f6738c3bee13cc76e45490306,False,train
R:\PP\Marine-Intelligence-Platform\marine-species-identification\data\raw\images\species_02\fish_003399855232_23655.png,raw\images\species_02\fish_003399855232_23655.png,fish_003399855232_23655.png,2,Plectroglyphidodon dickii,Blackbar damselfish,Pomacentridae,3399855232,23655,76,70,1.086,3,RGB,PNG,9366,072d273bc26d0ad7a01249ba3eeaa539,False,train
R:\PP\Marine-Intelligence-Platform\marine-species-identification\data\raw\images\species_02\fish_003381005211_26957.png,raw\images\species_02\fish_003381005211_26957.png,fish_003381005211_26957.png,2,Plectroglyphidodon dickii,Blackbar damselfish,Pomacentridae,3381005211,26957,96,87,1.103,3,RGB,PNG,12459,fdce0441847e1ed5c0bef782c92bc863,False,train
R:\PP\Marine-Intelligence-Platform\marine-species-identification\data\raw\images\species_02\fish_003381645211_26788.png,raw\images\species_02\fish_003381645211_26788.png,fish_003381645211_26788.png,2,Plectroglyphidodon dickii,Blackbar damselfish,Pomacentridae,3381645211,26788,87,88,0.989,3,RGB,PNG,9108,434df1f6e48d81b2648a9a361147054f,False,train
R:\PP\Marine-Intelligence-Platform\marine-species-identification\data\raw\images\species_02\fish_003381645211_26942.png,raw\images\species_02\fish_003381645211_26942.png,fish_003381645211_26942.png,2,Plectroglyphidodon dickii,Blackbar damselfish,Pomacentridae,3381645211,26942,108,91,1.187,3,RGB,PNG,14992,4e861fa73ca92a13e645db1c4bd16b20,False,train
R:\PP\Marine-Intelligence-Platform\marine-species-identification\data\raw\images\species_02\fish_000034289596_04190.png,raw\images\species_02\fish_000034289596_04190.png,fish_000034289596_04190.png,2,Plectroglyphidodon dickii,Blackbar damselfish,Pomacentridae,34289596,4190,79,60,1.317,3,RGB,PNG,5872,2ff2a7aac2cb116f24ed4110864f4aa7,False,train
R:\PP\Marine-Intelligence-Platform\marine-species-identification\data\raw\images\species_02\fish_000034289596_04193.png,raw\images\species_02\fish_000034289596_04193.png,fish_000034289596_04193.png,2,Plectroglyphidodon dickii,Blackbar damselfish,Pomacentridae,34289596,4193,79,56,1.411,3,RGB,PNG,7295,1a9abf4538d20941ddca55dee99bd122,False,train
R:\PP\Marine-Intelligence-Platform\marine-species-identification\data\raw\images\species_02\fish_000034289596_04195.png,raw\images\species_02\fish_000034289596_04195.png,fish_000034289596_04195.png,2,Plectroglyphidodon dickii,Blackbar damselfish,Pomacentridae,34289596,4195,68,55,1.236,3,RGB,PNG,6355,f2db14bf596bf5bb454ced05a2fb6c2a,False,train
R:\PP\Marine-Intelligence-Platform\marine-species-identification\data\raw\images\species_02\fish_000034289596_04197.png,raw\images\species_02\fish_000034289596_04197.png,fish_000034289596_04197.png,2,Plectroglyphidodon dickii,Blackbar damselfish,Pomacentridae,34289596,4197,68,56,1.214,3,RGB,PNG,6595,f7d5c77d011684c353979fd4f2936ca3,False,train
R:\PP\Marine-Intelligence-Platform\marine-species-identification\data\raw\images\species_02\fish_000034289596_04199.png,raw\images\species_02\fish_000034289596_04199.png,fish_000034289596_04199.png,2,Plectroglyphidodon dickii,Blackbar damselfish,Pomacentridae,34289596,4199,59,53,1.113,3,RGB,PNG,5412,ec8b13ce20acfed8e117be210eb99599,False,train
R:\PP\Marine-Intelligence-Platform\marine-species-identification\data\raw\images\species_02\fish_000034289596_04202.png,raw\images\species_02\fish_000034289596_04202.png,fish_000034289596_04202.png,2,Plectroglyphidodon dickii,Blackbar damselfish,Pomacentridae,34289596,4202,67,57,1.175,3,RGB,PNG,6806,c56fe6beec0d3c25d45994d9b9e26c4e,False,train
R:\PP\Marine-Intelligence-Platform\marine-species-identification\data\raw\images\species_02\fish_000034289596_04204.png,raw\images\species_02\fish_000034289596_04204.png,fish_000034289596_04204.png,2,Plectroglyphidodon dickii,Blackbar damselfish,Pomacentridae,34289596,4204,47,48,0.979,3,RGB,PNG,4069,baef502105274af7a9e550c06440307b,False,train
R:\PP\Marine-Intelligence-Platform\marine-species-identification\data\raw\images\species_02\fish_000034289596_04205.png,raw\images\species_02\fish_000034289596_04205.png,fish_000034289596_04205.png,2,Plectroglyphidodon dickii,Blackbar damselfish,Pomacentridae,34289596,4205,52,50,1.04,3,RGB,PNG,4672,e7ed60fa4321e56f26f816c0c0c6b31a,False,train
R:\PP\Marine-Intelligence-Platform\marine-species-identification\data\raw\images\species_02\fish_000034289596_04206.png,raw\images\species_02\fish_000034289596_04206.png,fish_000034289596_04206.png,2,Plectroglyphidodon dickii,Blackbar damselfish,Pomacentridae,34289596,4206,50,51,0.98,3,RGB,PNG,4686,01046fc2a07cc4f5f4dbe48a4fcf6354,False,train
R:\PP\Marine-Intelligence-Platform\marine-species-identification\data\raw\images\species_02\fish_000055059596_04596.png,raw\images\species_02\fish_000055059596_04596.png,fish_000055059596_04596.png,2,Plectroglyphidodon dickii,Blackbar damselfish,Pomacentridae,55059596,4596,95,85,1.118,3,RGB,PNG,9786,b9a152ea4301ac55c9d56f7659b44f9c,False,train
R:\PP\Marine-Intelligence-Platform\marine-species-identification\data\raw\images\species_02\fish_000055059596_04597.png,raw\images\species_02\fish_000055059596_04597.png,fish_000055059596_04597.png,2,Plectroglyphidodon dickii,Blackbar damselfish,Pomacentridae,55059596,4597,79,80,0.988,3,RGB,PNG,9193,b20d08b0b9d7d316a9b2278b1ed1f241,False,train
R:\PP\Marine-Intelligence-Platform\marine-species-identification\data\raw\images\species_02\fish_000055059596_04598.png,raw\images\species_02\fish_000055059596_04598.png,fish_000055059596_04598.png,2,Plectroglyphidodon dickii,Blackbar damselfish,Pomacentridae,55059596,4598,83,84,0.988,3,RGB,PNG,11293,72ee5f2eb2dc6be3a8c21d0bab138fdd,False,train
R:\PP\Marine-Intelligence-Platform\marine-species-identification\data\raw\images\species_02\fish_003405895240_25960.png,raw\images\species_02\fish_003405895240_25960.png,fish_003405895240_25960.png,2,Plectroglyphidodon dickii,Blackbar damselfish,Pomacentridae,3405895240,25960,80,68,1.176,3,RGB,PNG,9269,41fa9bafc71d405379a736e98c0224b1,False,train
R:\PP\Marine-Intelligence-Platform\marine-species-identification\data\raw\images\species_02\fish_000022849596_04034.png,raw\images\species_02\fish_000022849596_04034.png,fish_000022849596_04034.png,2,Plectroglyphidodon dickii,Blackbar damselfish,Pomacentridae,22849596,4034,124,110,1.127,3,RGB,PNG,19840,a9fc80461e89dfe9c47281f0b38c90af,False,train
R:\PP\Marine-Intelligence-Platform\marine-species-identification\data\raw\images\species_02\fish_000022849596_04035.png,raw\images\species_02\fish_000022849596_04035.png,fish_000022849596_04035.png,2,Plectroglyphidodon dickii,Blackbar damselfish,Pomacentridae,22849596,4035,112,102,1.098,3,RGB,PNG,19229,571eb16ae8f5e1fa54f5cacc8b5c187a,False,train
R:\PP\Marine-Intelligence-Platform\marine-species-identification\data\raw\images\species_02\fish_000022849596_04036.png,raw\images\species_02\fish_000022849596_04036.png,fish_000022849596_04036.png,2,Plectroglyphidodon dickii,Blackbar damselfish,Pomacentridae,22849596,4036,111,101,1.099,3,RGB,PNG,19058,c70435ecf27bf5c42e026fa18070dd3b,False,train
R:\PP\Marine-Intelligence-Platform\marine-species-identification\data\raw\images\species_02\fish_000022849596_04037.png,raw\images\species_02\fish_000022849596_04037.png,fish_000022849596_04037.png,2,Plectroglyphidodon dickii,Blackbar damselfish,Pomacentridae,22849596,4037,99,89,1.112,3,RGB,PNG,15218,32c8622eb70a605e85d53c133295ce73,False,train
R:\PP\Marine-Intelligence-Platform\marine-species-identification\data\raw\images\species_02\fish_000022849596_04038.png,raw\images\species_02\fish_000022849596_04038.png,fish_000022849596_04038.png,2,Plectroglyphidodon dickii,Blackbar damselfish,Pomacentridae,22849596,4038,83,75,1.107,3,RGB,PNG,11251,97b505713699997be5064d713d2a18ac,False,train
R:\PP\Marine-Intelligence-Platform\marine-species-identification\data\raw\images\species_02\fish_000022849596_04040.png,raw\images\species_02\fish_000022849596_04040.png,fish_000022849596_04040.png,2,Plectroglyphidodon dickii,Blackbar damselfish,Pomacentridae,22849596,4040,75,74,1.014,3,RGB,PNG,10632,a10659220ac510cb682ce3ee55888b35,False,train
R:\PP\Marine-Intelligence-Platform\marine-species-identification\data\raw\images\species_02\fish_003399185232_23773.png,raw\images\species_02\fish_003399185232_23773.png,fish_003399185232_23773.png,2,Plectroglyphidodon dickii,Blackbar damselfish,Pomacentridae,3399185232,23773,92,85,1.082,3,RGB,PNG,14164,e24a9653e6d5342647f2bfdcc1199f08,False,train
R:\PP\Marine-Intelligence-Platform\marine-species-identification\data\raw\images\species_02\fish_000069119596_04877.png,raw\images\species_02\fish_000069119596_04877.png,fish_000069119596_04877.png,2,Plectroglyphidodon dickii,Blackbar damselfish,Pomacentridae,69119596,4877,62,72,0.861,3,RGB,PNG,8373,0ad61cc43f48052622814b720075b794,False,train
R:\PP\Marine-Intelligence-Platform\marine-species-identification\data\raw\images\species_02\fish_000069119596_04880.png,raw\images\species_02\fish_000069119596_04880.png,fish_000069119596_04880.png,2,Plectroglyphidodon dickii,Blackbar damselfish,Pomacentridae,69119596,4880,67,67,1.0,3,RGB,PNG,8471,e43d5ab9a9a629dd1340d93a0b89b7f9,False,train
R:\PP\Marine-Intelligence-Platform\marine-species-identification\data\raw\images\species_02\fish_000069119596_04882.png,raw\images\species_02\fish_000069119596_04882.png,fish_000069119596_04882.png,2,Plectroglyphidodon dickii,Blackbar damselfish,Pomacentridae,69119596,4882,77,88,0.875,3,RGB,PNG,12508,d659ffe05eac3c7ffc6583a2c354f919,False,train
R:\PP\Marine-Intelligence-Platform\marine-species-identification\data\raw\images\species_02\fish_000069119596_04886.png,raw\images\species_02\fish_000069119596_04886.png,fish_000069119596_04886.png,2,Plectroglyphidodon dickii,Blackbar damselfish,Pomacentridae,69119596,4886,76,91,0.835,3,RGB,PNG,13036,1758f88e810ed87a5e913a4c9f320b52,False,train
R:\PP\Marine-Intelligence-Platform\marine-species-identification\data\raw\images\species_02\fish_000069119596_04892.png,raw\images\species_02\fish_000069119596_04892.png,fish_000069119596_04892.png,2,Plectroglyphidodon dickii,Blackbar damselfish,Pomacentridae,69119596,4892,90,99,0.909,3,RGB,PNG,17042,0fa0ceeb164da8265beaba3cce873d9a,False,train
R:\PP\Marine-Intelligence-Platform\marine-species-identification\data\raw\images\species_02\fish_000069119596_04894.png,raw\images\species_02\fish_000069119596_04894.png,fish_000069119596_04894.png,2,Plectroglyphidodon dickii,Blackbar damselfish,Pomacentridae,69119596,4894,115,113,1.018,3,RGB,PNG,24750,ed263b9d7e0f75f0ffc7594d13de6fef,False,train
R:\PP\Marine-Intelligence-Platform\marine-species-identification\data\raw\images\species_02\fish_000069119596_04896.png,raw\images\species_02\fish_000069119596_04896.png,fish_000069119596_04896.png,2,Plectroglyphidodon dickii,Blackbar damselfish,Pomacentridae,69119596,4896,119,100,1.19,3,RGB,PNG,22290,141be314d54161de8fc3ac4c3464aebf,False,train
R:\PP\Marine-Intelligence-Platform\marine-species-identification\data\raw\images\species_02\fish_000069119596_04898.png,raw\images\species_02\fish_000069119596_04898.png,fish_000069119596_04898.png,2,Plectroglyphidodon dickii,Blackbar damselfish,Pomacentridae,69119596,4898,124,109,1.138,3,RGB,PNG,25183,f99416519aa782ffce8a4a25d0893867,False,train
R:\PP\Marine-Intelligence-Platform\marine-species-identification\data\raw\images\species_02\fish_000069119596_04900.png,raw\images\species_02\fish_000069119596_04900.png,fish_000069119596_04900.png,2,Plectroglyphidodon dickii,Blackbar damselfish,Pomacentridae,69119596,4900,112,102,1.098,3,RGB,PNG,20908,f0dcc4da0f336718fa5f9f750cf52d46,False,train
R:\PP\Marine-Intelligence-Platform\marine-species-identification\data\raw\images\species_02\fish_000069119596_04901.png,raw\images\species_02\fish_000069119596_04901.png,fish_000069119596_04901.png,2,Plectroglyphidodon dickii,Blackbar damselfish,Pomacentridae,69119596,4901,111,98,1.133,3,RGB,PNG,19711,7461201b746c41161f4a51bcfe52dd39,False,train
R:\PP\Marine-Intelligence-Platform\marine-species-identification\data\raw\images\species_02\fish_000069119596_04902.png,raw\images\species_02\fish_000069119596_04902.png,fish_000069119596_04902.png,2,Plectroglyphidodon dickii,Blackbar damselfish,Pomacentridae,69119596,4902,103,96,1.073,3,RGB,PNG,17636,a4055f757add7456a6c2283caa8c105d,False,train
R:\PP\Marine-Intelligence-Platform\marine-species-identification\data\raw\images\species_02\fish_000069119596_04903.png,raw\images\species_02\fish_000069119596_04903.png,fish_000069119596_04903.png,2,Plectroglyphidodon dickii,Blackbar damselfish,Pomacentridae,69119596,4903,84,75,1.12,3,RGB,PNG,11561,663f0890e3bd31f6519270878c3027e2,False,train
R:\PP\Marine-Intelligence-Platform\marine-species-identification\data\raw\images\species_02\fish_000069119596_04906.png,raw\images\species_02\fish_000069119596_04906.png,fish_000069119596_04906.png,2,Plectroglyphidodon dickii,Blackbar damselfish,Pomacentridae,69119596,4906,80,77,1.039,3,RGB,PNG,11357,7f9908e9bfef64a6c9825899fc8b5d89,False,train
R:\PP\Marine-Intelligence-Platform\marine-species-identification\data\raw\images\species_02\fish_000069119596_04912.png,raw\images\species_02\fish_000069119596_04912.png,fish_000069119596_04912.png,2,Plectroglyphidodon dickii,Blackbar damselfish,Pomacentridae,69119596,4912,62,63,0.984,3,RGB,PNG,6980,7dc987ef1a180063e073b9055e574bfb,False,train
R:\PP\Marine-Intelligence-Platform\marine-species-identification\data\raw\images\species_02\fish_000069119596_04916.png,raw\images\species_02\fish_000069119596_04916.png,fish_000069119596_04916.png,2,Plectroglyphidodon dickii,Blackbar damselfish,Pomacentridae,69119596,4916,72,65,1.108,3,RGB,PNG,7939,cee502f0a4f17979e527807590e0837f,False,train
R:\PP\Marine-Intelligence-Platform\marine-species-identification\data\raw\images\species_02\fish_000069119596_04917.png,raw\images\species_02\fish_000069119596_04917.png,fish_000069119596_04917.png,2,Plectroglyphidodon dickii,Blackbar damselfish,Pomacentridae,69119596,4917,84,76,1.105,3,RGB,PNG,10744,89f80824add8eac41e1457f5eb543110,False,train
R:\PP\Marine-Intelligence-Platform\marine-species-identification\data\raw\images\species_02\fish_000069119596_04918.png,raw\images\species_02\fish_000069119596_04918.png,fish_000069119596_04918.png,2,Plectroglyphidodon dickii,Blackbar damselfish,Pomacentridae,69119596,4918,71,67,1.06,3,RGB,PNG,7854,ef7b69381b61c09c1e565c97bdf39c11,False,train
R:\PP\Marine-Intelligence-Platform\marine-species-identification\data\raw\images\species_02\fish_000069119596_04920.png,raw\images\species_02\fish_000069119596_04920.png,fish_000069119596_04920.png,2,Plectroglyphidodon dickii,Blackbar damselfish,Pomacentridae,69119596,4920,88,74,1.189,3,RGB,PNG,11006,62230cff1166d4cc6170a0a2d1d694aa,False,train
R:\PP\Marine-Intelligence-Platform\marine-species-identification\data\raw\images\species_02\fish_000069119596_04923.png,raw\images\species_02\fish_000069119596_04923.png,fish_000069119596_04923.png,2,Plectroglyphidodon dickii,Blackbar damselfish,Pomacentridae,69119596,4923,64,63,1.016,3,RGB,PNG,6714,b9a3f52b619af25ca7502bbdc10d305f,False,train
R:\PP\Marine-Intelligence-Platform\marine-species-identification\data\raw\images\species_02\fish_000069119596_04926.png,raw\images\species_02\fish_000069119596_04926.png,fish_000069119596_04926.png,2,Plectroglyphidodon dickii,Blackbar damselfish,Pomacentridae,69119596,4926,59,63,0.937,3,RGB,PNG,6275,3b93a043b31de5bd23733be717aac55d,False,train
R:\PP\Marine-Intelligence-Platform\marine-species-identification\data\raw\images\species_02\fish_003399155232_24380.png,raw\images\species_02\fish_003399155232_24380.png,fish_003399155232_24380.png,2,Plectroglyphidodon dickii,Blackbar damselfish,Pomacentridae,3399155232,24380,97,103,0.942,3,RGB,PNG,18478,77d361e566acc5bdabf2c40bb49252a0,False,train
R:\PP\Marine-Intelligence-Platform\marine-species-identification\data\raw\images\species_02\fish_000046909596_04522.png,raw\images\species_02\fish_000046909596_04522.png,fish_000046909596_04522.png,2,Plectroglyphidodon dickii,Blackbar damselfish,Pomacentridae,46909596,4522,63,79,0.797,3,RGB,PNG,6977,c417fa635ab67d972d8f04a204d9f380,False,train
R:\PP\Marine-Intelligence-Platform\marine-species-identification\data\raw\images\species_02\fish_000046909596_04523.png,raw\images\species_02\fish_000046909596_04523.png,fish_000046909596_04523.png,2,Plectroglyphidodon dickii,Blackbar damselfish,Pomacentridae,46909596,4523,57,68,0.838,3,RGB,PNG,5092,9e706c6fcc0a69272c1efd2f443f6f1b,False,train
R:\PP\Marine-Intelligence-Platform\marine-species-identification\data\raw\images\species_02\fish_000046909596_04524.png,raw\images\species_02\fish_000046909596_04524.png,fish_000046909596_04524.png,2,Plectroglyphidodon dickii,Blackbar damselfish,Pomacentridae,46909596,4524,58,67,0.866,3,RGB,PNG,5005,952d5c618903c051d41bd2d3d41a32ef,False,train
R:\PP\Marine-Intelligence-Platform\marine-species-identification\data\raw\images\species_02\fish_000046909596_04525.png,raw\images\species_02\fish_000046909596_04525.png,fish_000046909596_04525.png,2,Plectroglyphidodon dickii,Blackbar damselfish,Pomacentridae,46909596,4525,60,67,0.896,3,RGB,PNG,5538,e2f8007b3839e44994c9e8d3ac80bfaa,False,train
R:\PP\Marine-Intelligence-Platform\marine-species-identification\data\raw\images\species_02\fish_000046909596_04526.png,raw\images\species_02\fish_000046909596_04526.png,fish_000046909596_04526.png,2,Plectroglyphidodon dickii,Blackbar damselfish,Pomacentridae,46909596,4526,57,60,0.95,3,RGB,PNG,5629,f8fd80c302bd7665bf234af209de3e08,False,train
R:\PP\Marine-Intelligence-Platform\marine-species-identification\data\raw\images\species_02\fish_000046909596_04527.png,raw\images\species_02\fish_000046909596_04527.png,fish_000046909596_04527.png,2,Plectroglyphidodon dickii,Blackbar damselfish,Pomacentridae,46909596,4527,56,56,1.0,3,RGB,PNG,5414,4aba8d747afff54b33a63cb23e106bff,False,train
R:\PP\Marine-Intelligence-Platform\marine-species-identification\data\raw\images\species_02\fish_000046909596_04528.png,raw\images\species_02\fish_000046909596_04528.png,fish_000046909596_04528.png,2,Plectroglyphidodon dickii,Blackbar damselfish,Pomacentridae,46909596,4528,42,44,0.955,3,RGB,PNG,3464,47fa9ee71b00479fb949153faa9dfb1d,False,train
R:\PP\Marine-Intelligence-Platform\marine-species-identification\data\raw\images\species_02\fish_000013120001_01099.png,raw\images\species_02\fish_000013120001_01099.png,fish_000013120001_01099.png,2,Plectroglyphidodon dickii,Blackbar damselfish,Pomacentridae,13120001,1099,79,75,1.053,3,RGB,PNG,9406,999f71620bbc17b8d0759060ee77683a,False,train
R:\PP\Marine-Intelligence-Platform\marine-species-identification\data\raw\images\species_02\fish_000013120001_01100.png,raw\images\species_02\fish_000013120001_01100.png,fish_000013120001_01100.png,2,Plectroglyphidodon dickii,Blackbar damselfish,Pomacentridae,13120001,1100,87,81,1.074,3,RGB,PNG,10459,23a71185bf0870073392cea04c62fafb,False,train
R:\PP\Marine-Intelligence-Platform\marine-species-identification\data\raw\images\species_02\fish_000013120001_01101.png,raw\images\species_02\fish_000013120001_01101.png,fish_000013120001_01101.png,2,Plectroglyphidodon dickii,Blackbar damselfish,Pomacentridae,13120001,1101,95,86,1.105,3,RGB,PNG,10019,2ecebe7c980c17895fcb3259f604b58f,False,train
R:\PP\Marine-Intelligence-Platform\marine-species-identification\data\raw\images\species_02\fish_000013120001_01102.png,raw\images\species_02\fish_000013120001_01102.png,fish_000013120001_01102.png,2,Plectroglyphidodon dickii,Blackbar damselfish,Pomacentridae,13120001,1102,99,89,1.112,3,RGB,PNG,9425,d027908df334d44f5db4b10c9d360748,False,train
R:\PP\Marine-Intelligence-Platform\marine-species-identification\data\raw\images\species_02\fish_000013120001_01103.png,raw\images\species_02\fish_000013120001_01103.png,fish_000013120001_01103.png,2,Plectroglyphidodon dickii,Blackbar damselfish,Pomacentridae,13120001,1103,88,84,1.048,3,RGB,PNG,8313,52361203b6e09a8d81bd73a9f8b22073,False,train
R:\PP\Marine-Intelligence-Platform\marine-species-identification\data\raw\images\species_02\fish_000013120001_01104.png,raw\images\species_02\fish_000013120001_01104.png,fish_000013120001_01104.png,2,Plectroglyphidodon dickii,Blackbar damselfish,Pomacentridae,13120001,1104,88,85,1.035,3,RGB,PNG,8418,ad122a64fa31a9107be9eadf9da1f965,False,train
R:\PP\Marine-Intelligence-Platform\marine-species-identification\data\raw\images\species_02\fish_000013120001_01105.png,raw\images\species_02\fish_000013120001_01105.png,fish_000013120001_01105.png,2,Plectroglyphidodon dickii,Blackbar damselfish,Pomacentridae,13120001,1105,87,80,1.087,3,RGB,PNG,7903,ccbe9009fb4129cea10b10bd4b5daf24,False,train
R:\PP\Marine-Intelligence-Platform\marine-species-identification\data\raw\images\species_02\fish_000013120001_01106.png,raw\images\species_02\fish_000013120001_01106.png,fish_000013120001_01106.png,2,Plectroglyphidodon dickii,Blackbar damselfish,Pomacentridae,13120001,1106,76,72,1.056,3,RGB,PNG,6440,1e9e9232c1780cf46f4a099e6708b609,False,train
R:\PP\Marine-Intelligence-Platform\marine-species-identification\data\raw\images\species_02\fish_000013120001_01107.png,raw\images\species_02\fish_000013120001_01107.png,fish_000013120001_01107.png,2,Plectroglyphidodon dickii,Blackbar damselfish,Pomacentridae,13120001,1107,72,70,1.029,3,RGB,PNG,6061,c5ff138a3dcfc3c018313687a95a883d,False,train
R:\PP\Marine-Intelligence-Platform\marine-species-identification\data\raw\images\species_02\fish_000013120001_01108.png,raw\images\species_02\fish_000013120001_01108.png,fish_000013120001_01108.png,2,Plectroglyphidodon dickii,Blackbar damselfish,Pomacentridae,13120001,1108,72,65,1.108,3,RGB,PNG,5244,dc711e6b77688756ac04e7e1bba45fc0,False,train
R:\PP\Marine-Intelligence-Platform\marine-species-identification\data\raw\images\species_02\fish_000013120001_01109.png,raw\images\species_02\fish_000013120001_01109.png,fish_000013120001_01109.png,2,Plectroglyphidodon dickii,Blackbar damselfish,Pomacentridae,13120001,1109,68,67,1.015,3,RGB,PNG,5482,d94f0de53e433bc2bb58a6bbbf72df93,False,train
R:\PP\Marine-Intelligence-Platform\marine-species-identification\data\raw\images\species_02\fish_000013120001_01111.png,raw\images\species_02\fish_000013120001_01111.png,fish_000013120001_01111.png,2,Plectroglyphidodon dickii,Blackbar damselfish,Pomacentridae,13120001,1111,65,67,0.97,3,RGB,PNG,5379,2619de0823d4e6ff2029dcde0b2cf252,False,train
R:\PP\Marine-Intelligence-Platform\marine-species-identification\data\raw\images\species_02\fish_000013120001_01112.png,raw\images\species_02\fish_000013120001_01112.png,fish_000013120001_01112.png,2,Plectroglyphidodon dickii,Blackbar damselfish,Pomacentridae,13120001,1112,91,90,1.011,3,RGB,PNG,10484,278eca62516b065f4e41621113bc105c,False,train
R:\PP\Marine-Intelligence-Platform\marine-species-identification\data\raw\images\species_02\fish_000068429596_04841.png,raw\images\species_02\fish_000068429596_04841.png,fish_000068429596_04841.png,2,Plectroglyphidodon dickii,Blackbar damselfish,Pomacentridae,68429596,4841,128,112,1.143,3,RGB,PNG,17104,bc85a2bb3e21f2c43dfa36c477569a0f,False,train
R:\PP\Marine-Intelligence-Platform\marine-species-identification\data\raw\images\species_02\fish_000068429596_04843.png,raw\images\species_02\fish_000068429596_04843.png,fish_000068429596_04843.png,2,Plectroglyphidodon dickii,Blackbar damselfish,Pomacentridae,68429596,4843,127,108,1.176,3,RGB,PNG,20327,7fdc4709494c61028f8ab11ba644334e,False,train
R:\PP\Marine-Intelligence-Platform\marine-species-identification\data\raw\images\species_02\fish_003397965232_23810.png,raw\images\species_02\fish_003397965232_23810.png,fish_003397965232_23810.png,2,Plectroglyphidodon dickii,Blackbar damselfish,Pomacentridae,3397965232,23810,92,75,1.227,3,RGB,PNG,12355,9f23a0a953ca8c7cb799f3554e413e96,False,train
R:\PP\Marine-Intelligence-Platform\marine-species-identification\data\raw\images\species_02\fish_003431075291_17205.png,raw\images\species_02\fish_003431075291_17205.png,fish_003431075291_17205.png,2,Plectroglyphidodon dickii,Blackbar damselfish,Pomacentridae,3431075291,17205,84,70,1.2,3,RGB,PNG,9261,4da9c637a1b50b0e2239c587d0fb614f,False,train
R:\PP\Marine-Intelligence-Platform\marine-species-identification\data\raw\images\species_02\fish_000007609596_03842.png,raw\images\species_02\fish_000007609596_03842.png,fish_000007609596_03842.png,2,Plectroglyphidodon dickii,Blackbar damselfish,Pomacentridae,7609596,3842,87,67,1.299,3,RGB,PNG,8809,b0f9b8e69292083af61cabaeb8ce6c32,False,train
R:\PP\Marine-Intelligence-Platform\marine-species-identification\data\raw\images\species_02\fish_000007609596_03843.png,raw\images\species_02\fish_000007609596_03843.png,fish_000007609596_03843.png,2,Plectroglyphidodon dickii,Blackbar damselfish,Pomacentridae,7609596,3843,87,65,1.338,3,RGB,PNG,9239,de547a9d1148cdf175d8bc8f653afa3b,False,train
R:\PP\Marine-Intelligence-Platform\marine-species-identification\data\raw\images\species_02\fish_000007609596_03844.png,raw\images\species_02\fish_000007609596_03844.png,fish_000007609596_03844.png,2,Plectroglyphidodon dickii,Blackbar damselfish,Pomacentridae,7609596,3844,67,56,1.196,3,RGB,PNG,6472,df52134684b1cf102376709440671705,False,train
R:\PP\Marine-Intelligence-Platform\marine-species-identification\data\raw\images\species_02\fish_000007609596_03845.png,raw\images\species_02\fish_000007609596_03845.png,fish_000007609596_03845.png,2,Plectroglyphidodon dickii,Blackbar damselfish,Pomacentridae,7609596,3845,64,53,1.208,3,RGB,PNG,5640,017bdf4df0be5965a073c76e2b34998d,False,train
R:\PP\Marine-Intelligence-Platform\marine-species-identification\data\raw\images\species_02\fish_000007609596_03846.png,raw\images\species_02\fish_000007609596_03846.png,fish_000007609596_03846.png,2,Plectroglyphidodon dickii,Blackbar damselfish,Pomacentridae,7609596,3846,64,52,1.231,3,RGB,PNG,5656,0c6c7263cfefa8ba6ad60f23409a5e36,False,train
R:\PP\Marine-Intelligence-Platform\marine-species-identification\data\raw\images\species_02\fish_000007609596_03847.png,raw\images\species_02\fish_000007609596_03847.png,fish_000007609596_03847.png,2,Plectroglyphidodon dickii,Blackbar damselfish,Pomacentridae,7609596,3847,51,47,1.085,3,RGB,PNG,4292,2624d9af1472234eab9941da5bfc6a89,False,train
R:\PP\Marine-Intelligence-Platform\marine-species-identification\data\raw\images\species_02\fish_000005579596_03805.png,raw\images\species_02\fish_000005579596_03805.png,fish_000005579596_03805.png,2,Plectroglyphidodon dickii,Blackbar damselfish,Pomacentridae,5579596,3805,76,62,1.226,3,RGB,PNG,8612,7849e5989b6df6502577003177ac45e1,False,train
R:\PP\Marine-Intelligence-Platform\marine-species-identification\data\raw\images\species_02\fish_000005579596_03807.png,raw\images\species_02\fish_000005579596_03807.png,fish_000005579596_03807.png,2,Plectroglyphidodon dickii,Blackbar damselfish,Pomacentridae,5579596,3807,71,59,1.203,3,RGB,PNG,7443,a75dbfb0cc058d8fa208ffccd053efbb,False,train
R:\PP\Marine-Intelligence-Platform\marine-species-identification\data\raw\images\species_02\fish_000005579596_03809.png,raw\images\species_02\fish_000005579596_03809.png,fish_000005579596_03809.png,2,Plectroglyphidodon dickii,Blackbar damselfish,Pomacentridae,5579596,3809,67,55,1.218,3,RGB,PNG,6511,6e1af6d09f1a2fd111eb544cb7156adf,False,train
R:\PP\Marine-Intelligence-Platform\marine-species-identification\data\raw\images\species_02\fish_000005579596_03812.png,raw\images\species_02\fish_000005579596_03812.png,fish_000005579596_03812.png,2,Plectroglyphidodon dickii,Blackbar damselfish,Pomacentridae,5579596,3812,63,54,1.167,3,RGB,PNG,5836,91d505b07bb3b8a0326d29e56cc07535,False,train
R:\PP\Marine-Intelligence-Platform\marine-species-identification\data\raw\images\species_02\fish_000005579596_03815.png,raw\images\species_02\fish_000005579596_03815.png,fish_000005579596_03815.png,2,Plectroglyphidodon dickii,Blackbar damselfish,Pomacentridae,5579596,3815,44,48,0.917,3,RGB,PNG,3662,3fa60d849c9ad04498e0bc9c9386109f,False,train
R:\PP\Marine-Intelligence-Platform\marine-species-identification\data\raw\images\species_02\fish_000019159596_04000.png,raw\images\species_02\fish_000019159596_04000.png,fish_000019159596_04000.png,2,Plectroglyphidodon dickii,Blackbar damselfish,Pomacentridae,19159596,4000,68,67,1.015,3,RGB,PNG,8037,76309bc078c422bbc27331846373833f,False,train
R:\PP\Marine-Intelligence-Platform\marine-species-identification\data\raw\images\species_02\fish_000019159596_04001.png,raw\images\species_02\fish_000019159596_04001.png,fish_000019159596_04001.png,2,Plectroglyphidodon dickii,Blackbar damselfish,Pomacentridae,19159596,4001,63,61,1.033,3,RGB,PNG,6052,4c0e0682ef13c3c00d392e1c4c8f7e87,False,train
R:\PP\Marine-Intelligence-Platform\marine-species-identification\data\raw\images\species_02\fish_000025549596_04056.png,raw\images\species_02\fish_000025549596_04056.png,fish_000025549596_04056.png,2,Plectroglyphidodon dickii,Blackbar damselfish,Pomacentridae,25549596,4056,79,66,1.197,3,RGB,PNG,8561,14084445b0c50a84ba76f7c8ff0b571a,False,train
R:\PP\Marine-Intelligence-Platform\marine-species-identification\data\raw\images\species_02\fish_000025549596_04058.png,raw\images\species_02\fish_000025549596_04058.png,fish_000025549596_04058.png,2,Plectroglyphidodon dickii,Blackbar damselfish,Pomacentridae,25549596,4058,83,68,1.221,3,RGB,PNG,9385,3eb0640eba6cf95d0def7c2124e0a8a4,False,train
R:\PP\Marine-Intelligence-Platform\marine-species-identification\data\raw\images\species_02\fish_000025549596_04060.png,raw\images\species_02\fish_000025549596_04060.png,fish_000025549596_04060.png,2,Plectroglyphidodon dickii,Blackbar damselfish,Pomacentridae,25549596,4060,76,66,1.152,3,RGB,PNG,8227,e498f2c8407f2c0b5eddc3d35f9b024b,False,train
R:\PP\Marine-Intelligence-Platform\marine-species-identification\data\raw\images\species_02\fish_000025549596_04062.png,raw\images\species_02\fish_000025549596_04062.png,fish_000025549596_04062.png,2,Plectroglyphidodon dickii,Blackbar damselfish,Pomacentridae,25549596,4062,60,58,1.034,3,RGB,PNG,5680,249af8b3a2cc1b0f25729664ba2bcb10,False,train
R:\PP\Marine-Intelligence-Platform\marine-species-identification\data\raw\images\species_02\fish_000025549596_04064.png,raw\images\species_02\fish_000025549596_04064.png,fish_000025549596_04064.png,2,Plectroglyphidodon dickii,Blackbar damselfish,Pomacentridae,25549596,4064,68,50,1.36,3,RGB,PNG,6825,054b08ba03c48bb83489e46c76721422,False,train
R:\PP\Marine-Intelligence-Platform\marine-species-identification\data\raw\images\species_02\fish_000025549596_04065.png,raw\images\species_02\fish_000025549596_04065.png,fish_000025549596_04065.png,2,Plectroglyphidodon dickii,Blackbar damselfish,Pomacentridae,25549596,4065,72,52,1.385,3,RGB,PNG,7554,4270c7a9c1e5d7a55dcb233ce7633251,False,train
R:\PP\Marine-Intelligence-Platform\marine-species-identification\data\raw\images\species_02\fish_000026200001_02548.png,raw\images\species_02\fish_000026200001_02548.png,fish_000026200001_02548.png,2,Plectroglyphidodon dickii,Blackbar damselfish,Pomacentridae,26200001,2548,68,72,0.944,3,RGB,PNG,8953,22cebbd7a93a2931aec2a9bfb1dd7cc8,False,train
R:\PP\Marine-Intelligence-Platform\marine-species-identification\data\raw\images\species_02\fish_000026200001_02551.png,raw\images\species_02\fish_000026200001_02551.png,fish_000026200001_02551.png,2,Plectroglyphidodon dickii,Blackbar damselfish,Pomacentridae,26200001,2551,87,81,1.074,3,RGB,PNG,12940,786810307efdd56b63820f67aad9436d,False,train
R:\PP\Marine-Intelligence-Platform\marine-species-identification\data\raw\images\species_02\fish_000026200001_02555.png,raw\images\species_02\fish_000026200001_02555.png,fish_000026200001_02555.png,2,Plectroglyphidodon dickii,Blackbar damselfish,Pomacentridae,26200001,2555,70,72,0.972,3,RGB,PNG,9212,9016ff018db77a06707828ddb51ed99e,False,train
R:\PP\Marine-Intelligence-Platform\marine-species-identification\data\raw\images\species_02\fish_000027380001_02524.png,raw\images\species_02\fish_000027380001_02524.png,fish_000027380001_02524.png,2,Plectroglyphidodon dickii,Blackbar damselfish,Pomacentridae,27380001,2524,88,79,1.114,3,RGB,PNG,11685,dee40bba5131b011e9f2c79be9c797f2,False,train
R:\PP\Marine-Intelligence-Platform\marine-species-identification\data\raw\images\species_02\fish_000027380001_02525.png,raw\images\species_02\fish_000027380001_02525.png,fish_000027380001_02525.png,2,Plectroglyphidodon dickii,Blackbar damselfish,Pomacentridae,27380001,2525,84,77,1.091,3,RGB,PNG,10602,5d3b55e23416c166b0ef61985940809b,False,train
R:\PP\Marine-Intelligence-Platform\marine-species-identification\data\raw\images\species_02\fish_003398865232_24153.png,raw\images\species_02\fish_003398865232_24153.png,fish_003398865232_24153.png,2,Plectroglyphidodon dickii,Blackbar damselfish,Pomacentridae,3398865232,24153,83,65,1.277,3,RGB,PNG,10449,613d7b29ebc095c0f5d369fb6f469799,False,train
R:\PP\Marine-Intelligence-Platform\marine-species-identification\data\raw\images\species_02\fish_000026570001_02947.png,raw\images\species_02\fish_000026570001_02947.png,fish_000026570001_02947.png,2,Plectroglyphidodon dickii,Blackbar damselfish,Pomacentridae,26570001,2947,75,79,0.949,3,RGB,PNG,9632,102491d9928147d58a096cc463fc363f,False,train
R:\PP\Marine-Intelligence-Platform\marine-species-identification\data\raw\images\species_02\fish_000026570001_02948.png,raw\images\species_02\fish_000026570001_02948.png,fish_000026570001_02948.png,2,Plectroglyphidodon dickii,Blackbar damselfish,Pomacentridae,26570001,2948,72,66,1.091,3,RGB,PNG,7464,a449f1693e5093375e5861b1a73fb613,False,train
R:\PP\Marine-Intelligence-Platform\marine-species-identification\data\raw\images\species_02\fish_000026570001_02949.png,raw\images\species_02\fish_000026570001_02949.png,fish_000026570001_02949.png,2,Plectroglyphidodon dickii,Blackbar damselfish,Pomacentridae,26570001,2949,75,66,1.136,3,RGB,PNG,7558,914472abaf7cb100321d87e332b9c24e,False,train
R:\PP\Marine-Intelligence-Platform\marine-species-identification\data\raw\images\species_02\fish_002664000102_02670.png,raw\images\species_02\fish_002664000102_02670.png,fish_002664000102_02670.png,2,Plectroglyphidodon dickii,Blackbar damselfish,Pomacentridae,2664000102,2670,96,82,1.171,3,RGB,PNG,12505,10e0428df192413a02ef4939c91fc1d1,False,train
R:\PP\Marine-Intelligence-Platform\marine-species-identification\data\raw\images\species_02\fish_002664000102_02672.png,raw\images\species_02\fish_002664000102_02672.png,fish_002664000102_02672.png,2,Plectroglyphidodon dickii,Blackbar damselfish,Pomacentridae,2664000102,2672,96,81,1.185,3,RGB,PNG,12333,60c73747003a4109312b2437f7112957,False,train
R:\PP\Marine-Intelligence-Platform\marine-species-identification\data\raw\images\species_02\fish_002664000102_02674.png,raw\images\species_02\fish_002664000102_02674.png,fish_002664000102_02674.png,2,Plectroglyphidodon dickii,Blackbar damselfish,Pomacentridae,2664000102,2674,76,69,1.101,3,RGB,PNG,9571,e4a93264330f895ad65b3a0aa16db713,False,train
R:\PP\Marine-Intelligence-Platform\marine-species-identification\data\raw\images\species_02\fish_002664000102_02676.png,raw\images\species_02\fish_002664000102_02676.png,fish_002664000102_02676.png,2,Plectroglyphidodon dickii,Blackbar damselfish,Pomacentridae,2664000102,2676,75,70,1.071,3,RGB,PNG,9696,28efe7d8f6733ad0d67bacfe68129b4e,False,train
R:\PP\Marine-Intelligence-Platform\marine-species-identification\data\raw\images\species_02\fish_002664000102_02679.png,raw\images\species_02\fish_002664000102_02679.png,fish_002664000102_02679.png,2,Plectroglyphidodon dickii,Blackbar damselfish,Pomacentridae,2664000102,2679,76,71,1.07,3,RGB,PNG,10224,3b5d3b8e6cd2a075ea315cbc1ee89b9b,False,train
R:\PP\Marine-Intelligence-Platform\marine-species-identification\data\raw\images\species_02\fish_003430835291_17142.png,raw\images\species_02\fish_003430835291_17142.png,fish_003430835291_17142.png,2,Plectroglyphidodon dickii,Blackbar damselfish,Pomacentridae,3430835291,17142,84,82,1.024,3,RGB,PNG,11297,5205792264b263e95c0b03f1917a29da,False,train
R:\PP\Marine-Intelligence-Platform\marine-species-identification\data\raw\images\species_02\fish_000013250001_01194.png,raw\images\species_02\fish_000013250001_01194.png,fish_000013250001_01194.png,2,Plectroglyphidodon dickii,Blackbar damselfish,Pomacentridae,13250001,1194,64,68,0.941,3,RGB,PNG,6737,c625b4c91d56edcbdb0a43b9647b12dc,False,train
R:\PP\Marine-Intelligence-Platform\marine-species-identification\data\raw\images\species_02\fish_000013250001_01195.png,raw\images\species_02\fish_000013250001_01195.png,fish_000013250001_01195.png,2,Plectroglyphidodon dickii,Blackbar damselfish,Pomacentridae,13250001,1195,63,68,0.926,3,RGB,PNG,5699,d7f0b39f1641925a78a9d05fbddb0f5f,False,train
R:\PP\Marine-Intelligence-Platform\marine-species-identification\data\raw\images\species_02\fish_000013250001_01196.png,raw\images\species_02\fish_000013250001_01196.png,fish_000013250001_01196.png,2,Plectroglyphidodon dickii,Blackbar damselfish,Pomacentridae,13250001,1196,85,91,0.934,3,RGB,PNG,9362,44e3d039bd910612dd6a89fa1934b51e,False,train
R:\PP\Marine-Intelligence-Platform\marine-species-identification\data\raw\images\species_02\fish_000013250001_01197.png,raw\images\species_02\fish_000013250001_01197.png,fish_000013250001_01197.png,2,Plectroglyphidodon dickii,Blackbar damselfish,Pomacentridae,13250001,1197,92,95,0.968,3,RGB,PNG,10552,04157b52ec41009ef3e3f21926db3acb,False,train
R:\PP\Marine-Intelligence-Platform\marine-species-identification\data\raw\images\species_02\fish_000013250001_01198.png,raw\images\species_02\fish_000013250001_01198.png,fish_000013250001_01198.png,2,Plectroglyphidodon dickii,Blackbar damselfish,Pomacentridae,13250001,1198,112,91,1.231,3,RGB,PNG,11958,98532f453ffe70d3e8723469dd0e39a8,False,train
