YEAR,MONTH,FISHING_GROUND_CODE,FLEET,FISHERY,GEAR,SPECIES,FISHING_DAYS,CATCH
2023,1,5102073,Maldives,Baitboat,Baitboat (offshore),Dogtooth tuna,164.0,0.010864803791
2023,1,5102073,Maldives,Baitboat,Baitboat (offshore),Rainbow runner,164.0,0.265411635465321
2023,1,5103074,Maldives,Baitboat,Baitboat (offshore),Common dolphinfish,72.0,0.0820447897701572
2023,1,5104073,Maldives,Line | Handline,Handline,Common dolphinfish,41.0,0.017461291806929
2023,1,5104074,Maldives,Baitboat,Baitboat,Common dolphinfish,98.0,0.0077605741364129
2023,1,5104074,Maldives,Line | Handline,Handline (offshore),Common dolphinfish,100.0,0.116408612046193
2023,1,5106073,Maldives,Baitboat,Baitboat,Common dolphinfish,28.0,0.647231882976836
2023,1,5106073,Maldives,Baitboat,Baitboat,Rainbow runner,28.0,0.0509093663348686
2023,1,5107074,Maldives,Baitboat,Baitboat,Common dolphinfish,3.0,0.242129913056083
2023,1,5107074,Maldives,Baitboat,Baitboat,Rainbow runner,3.0,0.0358538525102276
2023,1,5110055,I. R. Iran,Gillnet,Gillnet (offshore),Common dolphinfish,21050.0,444.0
2023,1,5110055,I. R. Iran,Gillnet,Gillnet (offshore),Whitecheek shark,21050.0,9.0
2023,1,5110055,I. R. Iran,Gillnet,Gillnet (offshore),Spottail shark,21050.0,18.0
2023,1,5110055,I. R. Iran,Gillnet,Gillnet (offshore),Silky shark,21050.0,46.0
2023,1,5110055,I. R. Iran,Gillnet,Gillnet (offshore),Oceanic whitetip shark,21050.0,4.0
2023,1,5110055,I. R. Iran,Gillnet,Gillnet (offshore),Milk shark,21050.0,63.0
2023,1,5110055,I. R. Iran,Gillnet,Gillnet (offshore),Shortfin mako,21050.0,3.0
2023,1,5110055,I. R. Iran,Gillnet,Gillnet (offshore),Great hammerhead,21050.0,1.0
2023,1,5110055,I. R. Iran,Gillnet,Gillnet (offshore),Scalloped hammerhead,21050.0,1.0
2023,1,6120055,I. R. Iran,Gillnet,Gillnet,Common dolphinfish,5562.0,38.0
2023,1,6120055,I. R. Iran,Gillnet,Gillnet,Milk shark,5562.0,1.0
2023,1,6120060,I. R. Iran,Gillnet,Gillnet,Common dolphinfish,26011.0,383.0
2023,1,6120060,I. R. Iran,Gillnet,Gillnet,Whitecheek shark,26011.0,1.0
2023,1,6120060,I. R. Iran,Gillnet,Gillnet,Spottail shark,26011.0,3.0
2023,1,6120060,I. R. Iran,Gillnet,Gillnet,Silky shark,26011.0,4.0
2023,1,6120060,I. R. Iran,Gillnet,Gillnet,Milk shark,26011.0,7.0
2023,1,6120060,I. R. Iran,Line | Trolling,Troll line,Whitecheek shark,6328.0,1.0
2023,1,6120060,I. R. Iran,Line | Trolling,Troll line,Spottail shark,6328.0,2.0
2023,1,6120060,I. R. Iran,Line | Trolling,Troll line,Milk shark,6328.0,4.0
2023,1,6125045,I. R. Iran,Gillnet,Gillnet,Milk shark,465.0,1.0
2023,1,6125045,I. R. Iran,Line | Trolling,Troll line,Milk shark,211.0,1.0
2023,1,6125050,I. R. Iran,Gillnet,Gillnet,Common dolphinfish,21384.0,4.0
2023,1,6125050,I. R. Iran,Gillnet,Gillnet,Whitecheek shark,21384.0,2.0
2023,1,6125050,I. R. Iran,Gillnet,Gillnet,Spottail shark,21384.0,3.0
2023,1,6125050,I. R. Iran,Gillnet,Gillnet,Milk shark,21384.0,7.0
2023,1,6125050,I. R. Iran,Line | Trolling,Troll line,Whitecheek shark,5418.0,1.0
2023,1,6125050,I. R. Iran,Line | Trolling,Troll line,Spottail shark,5418.0,3.0
2023,1,6125050,I. R. Iran,Line | Trolling,Troll line,Milk shark,5418.0,7.0
2023,1,6125055,I. R. Iran,Gillnet,Gillnet,Common dolphinfish,13635.0,74.0
2023,1,6125055,I. R. Iran,Gillnet,Gillnet,Whitecheek shark,13635.0,4.0
2023,1,6125055,I. R. Iran,Gillnet,Gillnet,Spottail shark,13635.0,7.0
2023,1,6125055,I. R. Iran,Gillnet,Gillnet,Milk shark,13635.0,18.0
2023,1,6125055,I. R. Iran,Line | Trolling,Troll line,Whitecheek shark,4444.0,4.0
2023,1,6125055,I. R. Iran,Line | Trolling,Troll line,Spottail shark,4444.0,6.0
2023,1,6125055,I. R. Iran,Line | Trolling,Troll line,Milk shark,4444.0,18.0
2023,1,6125060,I. R. Iran,Gillnet,Gillnet,Common dolphinfish,3195.0,39.0
2023,1,6125060,I. R. Iran,Gillnet,Gillnet,Spottail shark,3195.0,1.0
2023,1,6125060,I. R. Iran,Gillnet,Gillnet,Milk shark,3195.0,2.0
2023,1,6125060,I. R. Iran,Line | Trolling,Troll line,Spottail shark,1252.0,1.0
2023,1,6125060,I. R. Iran,Line | Trolling,Troll line,Milk shark,1252.0,2.0
2023,1,6205040,Comoros,Line | Coastal longline,Coastal longline,Silky shark,19400.0,0.04212
2023,1,6205040,Comoros,Line | Handline,Handline,Blue shark,19180.9354847378,0.33314
2023,1,6205040,Comoros,Line | Trolling,Troll line,Blue shark,50050.6368455716,1.49162
2023,1,6205040,Comoros,Line | Trolling,Troll line,Silky shark,50050.6368455716,0.11461
2023,1,5120089,Bangladesh,Gillnet,Gillnet,Indian mackerel,935496.0,0.09
2023,1,5120089,Bangladesh,Line | Coastal longline,Coastal longline,Indian mackerel,4180.0,0.025
2023,1,5120089,Bangladesh,Other,Set bagnet,Indian mackerel,101650.0,0.008
2023,1,5120090,Bangladesh,Gillnet,Gillnet,Indian mackerel,965340.0,0.08
2023,1,5120090,Bangladesh,Line | Coastal longline,Coastal longline,Indian mackerel,3145.0,0.023
2023,1,5120090,Bangladesh,Other,Set bagnet,Indian mackerel,110143.0,0.012
2023,1,5120091,Bangladesh,Gillnet,Gillnet,Indian mackerel,971960.0,0.088
2023,1,5120091,Bangladesh,Line | Coastal longline,Coastal longline,Indian mackerel,3240.0,0.02
2023,1,5120091,Bangladesh,Other,Set bagnet,Indian mackerel,115380.0,0.011
2023,1,5120092,Bangladesh,Gillnet,Gillnet,Indian mackerel,976800.0,0.085
2023,1,5120092,Bangladesh,Line | Coastal longline,Coastal longline,Indian mackerel,3072.0,0.015
2023,1,5120092,Bangladesh,Other,Set bagnet,Indian mackerel,105560.0,0.009
2023,1,5122091,Bangladesh,Gillnet,Gillnet,Indian mackerel,995600.0,0.097
2023,1,5122091,Bangladesh,Line | Coastal longline,Coastal longline,Indian mackerel,3760.0,0.017
2023,1,5122091,Bangladesh,Other,Set bagnet,Indian mackerel,108595.0,0.01
2023,1,6120090,Bangladesh,Other,Trawl,Indian mackerel,35282.0,4.26
2023,2,5101074,Maldives,Baitboat,Baitboat (offshore),Rainbow runner,85.0,0.0108648037909781
2023,2,5102074,Maldives,Baitboat,Baitboat (offshore),Rainbow runner,76.0,0.0062084593091303
2023,2,5103074,Maldives,Baitboat,Baitboat (offshore),Common dolphinfish,7.0,0.018625377927391
2023,2,5103074,Maldives,Baitboat,Baitboat (offshore),Rainbow runner,7.0,0.0068293052400433
2023,2,5104074,Maldives,Line | Handline,Handline,Dogtooth tuna,57.0,0.27006797995
2023,2,5104074,Maldives,Line | Handline,Handline,Rainbow runner,57.0,0.0614637471603902
2023,2,5106073,Maldives,Baitboat,Baitboat,Common dolphinfish,38.0,0.923508322233135
2023,2,5106073,Maldives,Baitboat,Baitboat,Rainbow runner,38.0,0.565590643061772
2023,2,5107073,Maldives,Baitboat,Baitboat,Common dolphinfish,2.0,0.0465634448184774
2023,2,5107073,Maldives,Baitboat,Baitboat,Rainbow runner,2.0,0.0068293052400433
2023,2,5110055,I. R. Iran,Gillnet,Gillnet (offshore),Common dolphinfish,26645.0,344.0
2023,2,5110055,I. R. Iran,Gillnet,Gillnet (offshore),Whitecheek shark,26645.0,13.0
2023,2,5110055,I. R. Iran,Gillnet,Gillnet (offshore),Spottail shark,26645.0,25.0
2023,2,5110055,I. R. Iran,Gillnet,Gillnet (offshore),Silky shark,26645.0,64.0
2023,2,5110055,I. R. Iran,Gillnet,Gillnet (offshore),Oceanic whitetip shark,26645.0,5.0
2023,2,5110055,I. R. Iran,Gillnet,Gillnet (offshore),Milk shark,26645.0,87.0
2023,2,5110055,I. R. Iran,Gillnet,Gillnet (offshore),Shortfin mako,26645.0,4.0
2023,2,5110055,I. R. Iran,Gillnet,Gillnet (offshore),Great hammerhead,26645.0,1.0
2023,2,5110055,I. R. Iran,Gillnet,Gillnet (offshore),Scalloped hammerhead,26645.0,1.0
2023,2,6120055,I. R. Iran,Gillnet,Gillnet,Common dolphinfish,6897.0,22.0
2023,2,6120060,I. R. Iran,Gillnet,Gillnet,Common dolphinfish,24485.0,234.0
2023,2,6120060,I. R. Iran,Gillnet,Gillnet,Whitecheek shark,24485.0,1.0
2023,2,6120060,I. R. Iran,Gillnet,Gillnet,Spottail shark,24485.0,2.0
2023,2,6120060,I. R. Iran,Gillnet,Gillnet,Silky shark,24485.0,6.0
2023,2,6120060,I. R. Iran,Gillnet,Gillnet,Milk shark,24485.0,4.0
2023,2,6120060,I. R. Iran,Line | Trolling,Troll line,Whitecheek shark,8394.0,1.0
2023,2,6120060,I. R. Iran,Line | Trolling,Troll line,Spottail shark,8394.0,2.0
2023,2,6120060,I. R. Iran,Line | Trolling,Troll line,Milk shark,8394.0,3.0
2023,2,6125045,I. R. Iran,Gillnet,Gillnet,Milk shark,432.0,1.0
2023,2,6125045,I. R. Iran,Line | Trolling,Troll line,Whitecheek shark,260.0,1.0
2023,2,6125045,I. R. Iran,Line | Trolling,Troll line,Spottail shark,260.0,2.0
2023,2,6125045,I. R. Iran,Line | Trolling,Troll line,Milk shark,260.0,3.0
2023,2,6125050,I. R. Iran,Gillnet,Gillnet,Common dolphinfish,23680.0,2.0
2023,2,6125050,I. R. Iran,Gillnet,Gillnet,Whitecheek shark,23680.0,1.0
2023,2,6125050,I. R. Iran,Gillnet,Gillnet,Spottail shark,23680.0,2.0
2023,2,6125050,I. R. Iran,Gillnet,Gillnet,Milk shark,23680.0,4.0
2023,2,6125050,I. R. Iran,Line | Trolling,Troll line,Whitecheek shark,5263.0,2.0
2023,2,6125050,I. R. Iran,Line | Trolling,Troll line,Spottail shark,5263.0,3.0
2023,2,6125050,I. R. Iran,Line | Trolling,Troll line,Milk shark,5263.0,5.0
2023,2,6125055,I. R. Iran,Gillnet,Gillnet,Common dolphinfish,16256.0,46.0
2023,2,6125055,I. R. Iran,Gillnet,Gillnet,Whitecheek shark,16256.0,3.0
2023,2,6125055,I. R. Iran,Gillnet,Gillnet,Spottail shark,16256.0,6.0
2023,2,6125055,I. R. Iran,Gillnet,Gillnet,Milk shark,16256.0,8.0
2023,2,6125055,I. R. Iran,Line | Trolling,Troll line,Whitecheek shark,5303.0,4.0
2023,2,6125055,I. R. Iran,Line | Trolling,Troll line,Spottail shark,5303.0,7.0
2023,2,6125055,I. R. Iran,Line | Trolling,Troll line,Milk shark,5303.0,12.0
2023,2,6125060,I. R. Iran,Gillnet,Gillnet,Common dolphinfish,3892.0,24.0
2023,2,6125060,I. R. Iran,Gillnet,Gillnet,Spottail shark,3892.0,1.0
2023,2,6125060,I. R. Iran,Gillnet,Gillnet,Milk shark,3892.0,1.0
2023,2,6125060,I. R. Iran,Line | Trolling,Troll line,Spottail shark,1616.0,1.0
2023,2,6125060,I. R. Iran,Line | Trolling,Troll line,Milk shark,1616.0,2.0
2023,2,6205040,Comoros,Line | Coastal longline,Coastal longline,Silky shark,48700.0,0.17357
2023,2,6205040,Comoros,Line | Handline,Handline,Blue shark,26601.3558179182,0.25724
2023,2,6205040,Comoros,Line | Trolling,Troll line,Blue shark,60702.2279315896,0.34078
2023,2,6205040,Comoros,Line | Trolling,Troll line,Silky shark,60702.2279315896,0.83034
2023,2,6205040,Comoros,Line | Trolling,Troll line,Oceanic whitetip shark,60702.2279315896,0.66657
2023,3,5101073,Maldives,Baitboat,Baitboat (offshore),Common dolphinfish,94.0,0.0170732631001084
2023,3,5101073,Maldives,Baitboat,Baitboat (offshore),Rainbow runner,94.0,0.0077605741364129
2023,3,5104073,Maldives,Line | Handline,Handline (offshore),Common dolphinfish,180.0,0.102346451711013
2023,3,5104074,Maldives,Baitboat,Baitboat,Common dolphinfish,65.0,0.362574023653211
2023,3,5105073,Maldives,Line | Handline,Handline (offshore),Common dolphinfish,34.0,0.0279380668910864
2023,3,5105073,Maldives,Line | Handline,Handline (offshore),Rainbow runner,34.0,0.0068293052400433
2023,3,5105075,Maldives,Line | Handline,Handline,Common dolphinfish,16.0,0.0177251513275671
2023,3,5107072,Maldives,Line | Handline,Handline (offshore),Common dolphinfish,32.0,0.0620845930913032
2023,3,5110055,I. R. Iran,Gillnet,Gillnet (offshore),Common dolphinfish,17699.0,276.0
2023,3,5110055,I. R. Iran,Gillnet,Gillnet (offshore),Whitecheek shark,17699.0,1.0
2023,3,5110055,I. R. Iran,Gillnet,Gillnet (offshore),Spottail shark,17699.0,2.0
2023,3,5110055,I. R. Iran,Gillnet,Gillnet (offshore),Silky shark,17699.0,4.0
2023,3,5110055,I. R. Iran,Gillnet,Gillnet (offshore),Milk shark,17699.0,6.0
2023,3,5207106,Indonesia,Line | Handline,Handline,Silky shark,44.0,0.004
2023,3,5209110,Indonesia,Line | Handline,Handline,Silky shark,37.0,0.201
2023,3,6120055,I. R. Iran,Gillnet,Gillnet,Common dolphinfish,8694.0,22.0
2023,3,6120055,I. R. Iran,Gillnet,Gillnet,Milk shark,8694.0,1.0
2023,3,6120060,I. R. Iran,Gillnet,Gillnet,Common dolphinfish,29856.0,225.0
2023,3,6120060,I. R. Iran,Gillnet,Gillnet,Spottail shark,29856.0,1.0
2023,3,6120060,I. R. Iran,Gillnet,Gillnet,Milk shark,29856.0,5.0
2023,3,6120060,I. R. Iran,Line | Trolling,Troll line,Milk shark,5582.0,1.0
2023,3,6125045,I. R. Iran,Gillnet,Gillnet,Milk shark,500.0,1.0
2023,3,6125045,I. R. Iran,Line | Trolling,Troll line,Milk shark,229.0,1.0
2023,3,6125050,I. R. Iran,Gillnet,Gillnet,Common dolphinfish,26661.0,2.0
2023,3,6125050,I. R. Iran,Gillnet,Gillnet,Whitecheek shark,26661.0,1.0
2023,3,6125050,I. R. Iran,Gillnet,Gillnet,Spottail shark,26661.0,2.0
2023,3,6125050,I. R. Iran,Gillnet,Gillnet,Milk shark,26661.0,5.0
2023,3,6125050,I. R. Iran,Line | Trolling,Troll line,Spottail shark,4758.0,1.0
2023,3,6125050,I. R. Iran,Line | Trolling,Troll line,Milk shark,4758.0,2.0
2023,3,6125055,I. R. Iran,Gillnet,Gillnet,Common dolphinfish,20867.0,44.0
2023,3,6125055,I. R. Iran,Gillnet,Gillnet,Whitecheek shark,20867.0,1.0
2023,3,6125055,I. R. Iran,Gillnet,Gillnet,Spottail shark,20867.0,4.0
2023,3,6125055,I. R. Iran,Gillnet,Gillnet,Milk shark,20867.0,10.0
2023,3,6125055,I. R. Iran,Line | Trolling,Troll line,Spottail shark,3656.0,1.0
2023,3,6125055,I. R. Iran,Line | Trolling,Troll line,Milk shark,3656.0,6.0
2023,3,6125060,I. R. Iran,Gillnet,Gillnet,Common dolphinfish,4923.0,23.0
2023,3,6125060,I. R. Iran,Gillnet,Gillnet,Milk shark,4923.0,1.0
2023,3,6125060,I. R. Iran,Line | Trolling,Troll line,Milk shark,1162.0,1.0
2023,3,6205040,Comoros,Line | Coastal longline,Coastal longline,Blue shark,46250.0,0.07049
2023,3,6205040,Comoros,Line | Handline,Handline,Blue shark,16237.2442068357,1.36468
2023,3,6205040,Comoros,Line | Handline,Handline,Silky shark,16237.2442068357,0.61908
2023,3,6205040,Comoros,Line | Trolling,Troll line,Blue shark,59486.6191330294,0.11452
2023,3,6205040,Comoros,Line | Trolling,Troll line,Silky shark,59486.6191330294,0.78945
2023,4,5101073,Maldives,Baitboat,Baitboat (offshore),Rainbow runner,56.0,0.0620845930913032
2023,4,5101074,Maldives,Baitboat,Baitboat (offshore),Rainbow runner,19.0,0.0217296075819561
2023,4,5104071,Maldives,Line | Handline,Handline,Common dolphinfish,4.0,0.0830691855561637
2023,4,5104073,Maldives,Line | Handline,Handline,Common dolphinfish,57.0,0.0448871608050122
2023,4,5104074,Maldives,Baitboat,Baitboat,Rainbow runner,44.0,0.162506422416486
2023,4,5107072,Maldives,Line | Handline,Handline (offshore),Common dolphinfish,44.0,0.392685051302493
2023,4,5115060,I. R. Iran,Gillnet,Gillnet (offshore),Common dolphinfish,14389.0,495.0
2023,4,6120055,I. R. Iran,Gillnet,Gillnet,Common dolphinfish,5910.0,45.0
2023,4,6120055,I. R. Iran,Gillnet,Gillnet,Milk shark,5910.0,1.0
2023,4,6120060,I. R. Iran,Gillnet,Gillnet,Common dolphinfish,21412.0,452.0
2023,4,6120060,I. R. Iran,Gillnet,Gillnet,Whitecheek shark,21412.0,1.0
2023,4,6120060,I. R. Iran,Gillnet,Gillnet,Spottail shark,21412.0,2.0
2023,4,6120060,I. R. Iran,Gillnet,Gillnet,Milk shark,21412.0,6.0
2023,4,6120060,I. R. Iran,Line | Trolling,Troll line,Milk shark,6342.0,1.0
2023,4,6125045,I. R. Iran,Gillnet,Gillnet,Milk shark,370.0,1.0
2023,4,6125045,I. R. Iran,Line | Trolling,Troll line,Milk shark,185.0,1.0
2023,4,6125050,I. R. Iran,Gillnet,Gillnet,Common dolphinfish,20044.0,5.0
2023,4,6125050,I. R. Iran,Gillnet,Gillnet,Whitecheek shark,20044.0,1.0
2023,4,6125050,I. R. Iran,Gillnet,Gillnet,Spottail shark,20044.0,2.0
2023,4,6125050,I. R. Iran,Gillnet,Gillnet,Milk shark,20044.0,6.0
2023,4,6125050,I. R. Iran,Line | Trolling,Troll line,Spottail shark,4492.0,1.0
2023,4,6125050,I. R. Iran,Line | Trolling,Troll line,Milk shark,4492.0,2.0
2023,4,6125055,I. R. Iran,Gillnet,Gillnet,Common dolphinfish,13891.0,88.0
2023,4,6125055,I. R. Iran,Gillnet,Gillnet,Whitecheek shark,13891.0,1.0
2023,4,6125055,I. R. Iran,Gillnet,Gillnet,Spottail shark,13891.0,4.0
2023,4,6125055,I. R. Iran,Gillnet,Gillnet,Milk shark,13891.0,13.0
2023,4,6125055,I. R. Iran,Line | Trolling,Troll line,Spottail shark,3885.0,1.0
2023,4,6125055,I. R. Iran,Line | Trolling,Troll line,Milk shark,3885.0,6.0
2023,4,6125060,I. R. Iran,Gillnet,Gillnet,Common dolphinfish,3153.0,45.0
2023,4,6125060,I. R. Iran,Gillnet,Gillnet,Spottail shark,3153.0,1.0
2023,4,6125060,I. R. Iran,Gillnet,Gillnet,Milk shark,3153.0,2.0
2023,4,6125060,I. R. Iran,Line | Trolling,Troll line,Milk shark,1247.0,1.0
2023,4,6205040,Comoros,Line | Handline,Handline,Blue shark,20197.3328439976,0.64127
2023,4,6205040,Comoros,Line | Trolling,Troll line,Silky shark,71466.566458607,1.85185
2023,4,6205040,Comoros,Line | Trolling,Troll line,Oceanic whitetip shark,71466.566458607,1.15002
2023,5,5100073,Maldives,Baitboat,Baitboat (offshore),Rainbow runner,367.0,0.010243957860065
2023,5,5101073,Maldives,Line | Handline,Handline (offshore),Rainbow runner,10.0,0.0578317984645489
2023,5,5101074,Maldives,Baitboat,Baitboat (offshore),Rainbow runner,31.0,0.0108648037909781
2023,5,5105074,Maldives,Baitboat,Baitboat (offshore),Common dolphinfish,52.0,0.0093126889636954
2023,5,5105074,Maldives,Baitboat,Baitboat (offshore),Rainbow runner,52.0,0.0155211482728258
2023,5,5106073,Maldives,Baitboat,Baitboat,Common dolphinfish,10.0,0.100887463773368
2023,5,5106073,Maldives,Baitboat,Baitboat,Dogtooth tuna,10.0,0.10088746377
2023,5,5106073,Maldives,Baitboat,Baitboat,Rainbow runner,10.0,0.0698451672277161
2023,5,5115060,I. R. Iran,Gillnet,Gillnet (offshore),Common dolphinfish,1542.0,68.0
2023,5,5207106,Indonesia,Line | Handline,Handline,Blue shark,79.0,0.018
2023,5,5208107,Indonesia,Line | Handline,Handline,Blue shark,76.0,0.01
2023,5,6120055,I. R. Iran,Gillnet,Gillnet,Common dolphinfish,4820.0,6.0
2023,5,6120055,I. R. Iran,Gillnet,Gillnet,Milk shark,4820.0,1.0
2023,5,6120060,I. R. Iran,Gillnet,Gillnet,Common dolphinfish,14925.0,61.0
2023,5,6120060,I. R. Iran,Gillnet,Gillnet,Spottail shark,14925.0,1.0
2023,5,6120060,I. R. Iran,Gillnet,Gillnet,Milk shark,14925.0,4.0
2023,5,6120060,I. R. Iran,Line | Trolling,Troll line,Milk shark,1260.0,1.0
2023,5,6125045,I. R. Iran,Gillnet,Gillnet,Milk shark,729.0,1.0
2023,5,6125045,I. R. Iran,Line | Trolling,Troll line,Milk shark,217.0,1.0
2023,5,6125050,I. R. Iran,Gillnet,Gillnet,Common dolphinfish,27472.0,1.0
2023,5,6125050,I. R. Iran,Gillnet,Gillnet,Whitecheek shark,27472.0,1.0
2023,5,6125050,I. R. Iran,Gillnet,Gillnet,Spottail shark,27472.0,1.0
2023,5,6125050,I. R. Iran,Gillnet,Gillnet,Milk shark,27472.0,4.0
2023,5,6125050,I. R. Iran,Line | Trolling,Troll line,Spottail shark,4038.0,1.0
2023,5,6125050,I. R. Iran,Line | Trolling,Troll line,Milk shark,4038.0,2.0
2023,5,6125055,I. R. Iran,Gillnet,Gillnet,Common dolphinfish,13360.0,12.0
2023,5,6125055,I. R. Iran,Gillnet,Gillnet,Whitecheek shark,13360.0,1.0
2023,5,6125055,I. R. Iran,Gillnet,Gillnet,Spottail shark,13360.0,4.0
2023,5,6125055,I. R. Iran,Gillnet,Gillnet,Milk shark,13360.0,10.0
2023,5,6125055,I. R. Iran,Line | Trolling,Troll line,Spottail shark,1875.0,1.0
2023,5,6125055,I. R. Iran,Line | Trolling,Troll line,Milk shark,1875.0,4.0
2023,5,6125060,I. R. Iran,Gillnet,Gillnet,Common dolphinfish,2527.0,6.0
2023,5,6125060,I. R. Iran,Gillnet,Gillnet,Milk shark,2527.0,1.0
2023,5,6125060,I. R. Iran,Line | Trolling,Troll line,Milk shark,407.0,1.0
2023,5,6205040,Comoros,Line | Coastal longline,Coastal longline,Blue shark,30075.673571194,0.17338
2023,5,6205040,Comoros,Line | Coastal longline,Coastal longline,Silky shark,30075.673571194,0.69829
2023,5,6205040,Comoros,Line | Handline,Handline,Silky shark,17302.1794880446,0.35349
2023,5,6205040,Comoros,Line | Trolling,Troll line,Blue shark,59169.6761679925,0.73441
2023,5,6205040,Comoros,Line | Trolling,Troll line,Silky shark,59169.6761679925,0.2278
2023,6,5100072,Maldives,Baitboat,Baitboat (offshore),Common dolphinfish,3.0,0.0372507558547819
2023,6,5104074,Maldives,Baitboat,Baitboat (offshore),Common dolphinfish,14.0,0.0093126889636954
2023,6,5105055,I. R. Iran,Gillnet,Gillnet (offshore),Common dolphinfish,3437.0,139.0
2023,6,5105073,Maldives,Baitboat,Baitboat (offshore),Dogtooth tuna,38.0,0.015521148273
2023,6,5105073,Maldives,Baitboat,Baitboat (offshore),Rainbow runner,38.0,0.108648037909781
2023,6,5106073,Maldives,Baitboat,Baitboat (offshore),Common dolphinfish,2.0,0.0155211482728258
2023,6,5106073,Maldives,Baitboat,Baitboat (offshore),Rainbow runner,2.0,0.0698451672277161
2023,6,5207106,Indonesia,Line | Handline,Handline,Blue shark,173.0,0.01
2023,6,6120055,I. R. Iran,Gillnet,Gillnet,Common dolphinfish,2398.0,14.0
2023,6,6120055,I. R. Iran,Gillnet,Gillnet,Milk shark,2398.0,1.0
2023,6,6120060,I. R. Iran,Gillnet,Gillnet,Common dolphinfish,8324.0,140.0
2023,6,6120060,I. R. Iran,Gillnet,Gillnet,Whitecheek shark,8324.0,1.0
2023,6,6120060,I. R. Iran,Gillnet,Gillnet,Spottail shark,8324.0,2.0
2023,6,6120060,I. R. Iran,Gillnet,Gillnet,Milk shark,8324.0,7.0
2023,6,6120060,I. R. Iran,Line | Trolling,Troll line,Spottail shark,2155.0,1.0
2023,6,6120060,I. R. Iran,Line | Trolling,Troll line,Milk shark,2155.0,2.0
2023,6,6125045,I. R. Iran,Gillnet,Gillnet,Milk shark,274.0,1.0
2023,6,6125045,I. R. Iran,Line | Trolling,Troll line,Milk shark,230.0,1.0
2023,6,6125050,I. R. Iran,Gillnet,Gillnet,Common dolphinfish,10429.0,1.0
2023,6,6125050,I. R. Iran,Gillnet,Gillnet,Whitecheek shark,10429.0,1.0
2023,6,6125050,I. R. Iran,Gillnet,Gillnet,Spottail shark,10429.0,2.0
2023,6,6125050,I. R. Iran,Gillnet,Gillnet,Milk shark,10429.0,7.0
2023,6,6125050,I. R. Iran,Line | Trolling,Troll line,Spottail shark,3527.0,1.0
2023,6,6125050,I. R. Iran,Line | Trolling,Troll line,Milk shark,3527.0,3.0
2023,6,6125055,I. R. Iran,Gillnet,Gillnet,Common dolphinfish,6385.0,27.0
2023,6,6125055,I. R. Iran,Gillnet,Gillnet,Whitecheek shark,6385.0,2.0
2023,6,6125055,I. R. Iran,Gillnet,Gillnet,Spottail shark,6385.0,6.0
2023,6,6125055,I. R. Iran,Gillnet,Gillnet,Milk shark,6385.0,18.0
2023,6,6125055,I. R. Iran,Line | Trolling,Troll line,Spottail shark,2581.0,1.0
2023,6,6125055,I. R. Iran,Line | Trolling,Troll line,Milk shark,2581.0,6.0
2023,6,6125060,I. R. Iran,Gillnet,Gillnet,Common dolphinfish,1312.0,14.0
2023,6,6125060,I. R. Iran,Gillnet,Gillnet,Spottail shark,1312.0,1.0
2023,6,6125060,I. R. Iran,Gillnet,Gillnet,Milk shark,1312.0,2.0
2023,6,6125060,I. R. Iran,Line | Trolling,Troll line,Milk shark,542.0,1.0
2023,6,6205040,Comoros,Line | Coastal longline,Coastal longline,Blue shark,33292.5315006867,0.01774
2023,6,6205040,Comoros,Line | Trolling,Troll line,Blue shark,60669.1741021367,0.12943
2023,6,6205040,Comoros,Line | Trolling,Troll line,Silky shark,60669.1741021367,0.99402
2023,7,5100073,Maldives,Baitboat,Baitboat (offshore),Common dolphinfish,192.0,0.0046563444818477
2023,7,5102073,Maldives,Baitboat,Baitboat (offshore),Rainbow runner,75.0,0.0124169186182606
2023,7,5104074,Maldives,Line | Handline,Handline,Common dolphinfish,113.0,0.0416277196677188
2023,7,5104074,Maldives,Line | Handline,Handline (offshore),Common dolphinfish,160.0,0.0118271149838933
2023,7,5104075,Maldives,Line | Handline,Handline,Common dolphinfish,12.0,0.0124479609148063
2023,7,5105055,I. R. Iran,Gillnet,Gillnet (offshore),Common dolphinfish,25515.0,336.0
2023,7,5105074,Maldives,Baitboat,Baitboat (offshore),Common dolphinfish,6.0,0.0372507558547819
2023,7,5208106,Indonesia,Line | Handline,Handline,Blue shark,26.0,0.293
2023,7,6120055,I. R. Iran,Gillnet,Gillnet,Common dolphinfish,4659.0,18.0
2023,7,6120055,I. R. Iran,Gillnet,Gillnet,Milk shark,4659.0,1.0
2023,7,6120060,I. R. Iran,Gillnet,Gillnet,Common dolphinfish,16665.0,192.0
2023,7,6120060,I. R. Iran,Gillnet,Gillnet,Whitecheek shark,16665.0,2.0
2023,7,6120060,I. R. Iran,Gillnet,Gillnet,Spottail shark,16665.0,4.0
2023,7,6120060,I. R. Iran,Gillnet,Gillnet,Milk shark,16665.0,11.0
2023,7,6120060,I. R. Iran,Line | Trolling,Troll line,Spottail shark,7311.0,1.0
2023,7,6120060,I. R. Iran,Line | Trolling,Troll line,Milk shark,7311.0,3.0
2023,7,6125045,I. R. Iran,Gillnet,Gillnet,Spottail shark,403.0,1.0
2023,7,6125045,I. R. Iran,Gillnet,Gillnet,Milk shark,403.0,2.0
2023,7,6125045,I. R. Iran,Line | Trolling,Troll line,Milk shark,276.0,2.0
2023,7,6125050,I. R. Iran,Gillnet,Gillnet,Common dolphinfish,17106.0,2.0
2023,7,6125050,I. R. Iran,Gillnet,Gillnet,Whitecheek shark,17106.0,2.0
2023,7,6125050,I. R. Iran,Gillnet,Gillnet,Spottail shark,17106.0,4.0
2023,7,6125050,I. R. Iran,Gillnet,Gillnet,Milk shark,17106.0,11.0
2023,7,6125050,I. R. Iran,Line | Trolling,Troll line,Whitecheek shark,5396.0,1.0
2023,7,6125050,I. R. Iran,Line | Trolling,Troll line,Spottail shark,5396.0,1.0
2023,7,6125050,I. R. Iran,Line | Trolling,Troll line,Milk shark,5396.0,5.0
2023,7,6125055,I. R. Iran,Gillnet,Gillnet,Common dolphinfish,11235.0,38.0
2023,7,6125055,I. R. Iran,Gillnet,Gillnet,Whitecheek shark,11235.0,4.0
2023,7,6125055,I. R. Iran,Gillnet,Gillnet,Spottail shark,11235.0,9.0
2023,7,6125055,I. R. Iran,Gillnet,Gillnet,Milk shark,11235.0,27.0
2023,7,6125055,I. R. Iran,Line | Trolling,Troll line,Whitecheek shark,4585.0,1.0
2023,7,6125055,I. R. Iran,Line | Trolling,Troll line,Spottail shark,4585.0,4.0
2023,7,6125055,I. R. Iran,Line | Trolling,Troll line,Milk shark,4585.0,10.0
2023,7,6125060,I. R. Iran,Gillnet,Gillnet,Common dolphinfish,2983.0,19.0
2023,7,6125060,I. R. Iran,Gillnet,Gillnet,Whitecheek shark,2983.0,1.0
2023,7,6125060,I. R. Iran,Gillnet,Gillnet,Spottail shark,2983.0,1.0
2023,7,6125060,I. R. Iran,Gillnet,Gillnet,Milk shark,2983.0,3.0
2023,7,6125060,I. R. Iran,Line | Trolling,Troll line,Milk shark,1447.0,1.0
2023,7,6205040,Comoros,Line | Handline,Handline,Silky shark,6056.58319913356,4.27545
2023,7,6205040,Comoros,Line | Trolling,Troll line,Silky shark,47993.5512855961,0.28142
2023,8,5100073,Maldives,Baitboat,Baitboat (offshore),Common dolphinfish,393.0,0.0931268896369548
2023,8,5100073,Maldives,Baitboat,Baitboat (offshore),Rainbow runner,393.0,0.194014353410322
2023,8,5101074,Maldives,Baitboat,Baitboat (offshore),Rainbow runner,19.0,0.0077605741364129
2023,8,5104073,Maldives,Line | Handline,Handline (offshore),Common dolphinfish,33.0,0.0219624248060485
2023,8,5105055,I. R. Iran,Gillnet,Gillnet (offshore),Common dolphinfish,14439.0,495.0
2023,8,5105072,Maldives,Baitboat,Baitboat,Common dolphinfish,3.0,0.0372507558547819
2023,8,5105072,Maldives,Baitboat,Baitboat,Rainbow runner,3.0,0.0017073263100108
2023,8,5105073,Maldives,Baitboat,Baitboat (offshore),Common dolphinfish,83.0,0.142794564109997
2023,8,5105073,Maldives,Baitboat,Baitboat (offshore),Rainbow runner,83.0,0.0237473568574235
2023,8,5106073,Maldives,Baitboat,Baitboat,Common dolphinfish,7.0,0.0077605741364129
2023,8,5106073,Maldives,Baitboat,Baitboat,Rainbow runner,7.0,0.0248338372365213
2023,8,5207106,Indonesia,Line | Handline,Handline,Blue shark,8.0,0.017
2023,8,5208106,Indonesia,Line | Handline,Handline,Blue shark,18.0,0.007
2023,8,5208107,Indonesia,Line | Handline,Handline,Blue shark,85.0,0.019
2023,8,6120055,I. R. Iran,Gillnet,Gillnet,Common dolphinfish,3244.0,41.0
2023,8,6120055,I. R. Iran,Gillnet,Gillnet,Milk shark,3244.0,1.0
2023,8,6120060,I. R. Iran,Gillnet,Gillnet,Common dolphinfish,23421.0,412.0
2023,8,6120060,I. R. Iran,Gillnet,Gillnet,Whitecheek shark,23421.0,2.0
2023,8,6120060,I. R. Iran,Gillnet,Gillnet,Spottail shark,23421.0,4.0
2023,8,6120060,I. R. Iran,Gillnet,Gillnet,Milk shark,23421.0,11.0
2023,8,6120060,I. R. Iran,Line | Trolling,Troll line,Spottail shark,4866.0,1.0
2023,8,6120060,I. R. Iran,Line | Trolling,Troll line,Milk shark,4866.0,3.0
2023,8,6125045,I. R. Iran,Gillnet,Gillnet,Spottail shark,451.0,1.0
2023,8,6125045,I. R. Iran,Gillnet,Gillnet,Milk shark,451.0,2.0
2023,8,6125045,I. R. Iran,Line | Trolling,Troll line,Milk shark,288.0,2.0
2023,8,6125050,I. R. Iran,Gillnet,Gillnet,Common dolphinfish,15729.0,4.0
2023,8,6125050,I. R. Iran,Gillnet,Gillnet,Whitecheek shark,15729.0,2.0
2023,8,6125050,I. R. Iran,Gillnet,Gillnet,Spottail shark,15729.0,4.0
2023,8,6125050,I. R. Iran,Gillnet,Gillnet,Milk shark,15729.0,11.0
2023,8,6125050,I. R. Iran,Line | Trolling,Troll line,Whitecheek shark,5374.0,1.0
2023,8,6125050,I. R. Iran,Line | Trolling,Troll line,Spottail shark,5374.0,1.0
2023,8,6125050,I. R. Iran,Line | Trolling,Troll line,Milk shark,5374.0,4.0
2023,8,6125055,I. R. Iran,Gillnet,Gillnet,Common dolphinfish,8311.0,80.0
2023,8,6125055,I. R. Iran,Gillnet,Gillnet,Whitecheek shark,8311.0,4.0
2023,8,6125055,I. R. Iran,Gillnet,Gillnet,Spottail shark,8311.0,8.0
2023,8,6125055,I. R. Iran,Gillnet,Gillnet,Milk shark,8311.0,26.0
2023,8,6125055,I. R. Iran,Line | Trolling,Troll line,Whitecheek shark,3444.0,1.0
2023,8,6125055,I. R. Iran,Line | Trolling,Troll line,Spottail shark,3444.0,3.0
2023,8,6125055,I. R. Iran,Line | Trolling,Troll line,Milk shark,3444.0,10.0
2023,8,6125060,I. R. Iran,Gillnet,Gillnet,Common dolphinfish,2278.0,41.0
2023,8,6125060,I. R. Iran,Gillnet,Gillnet,Whitecheek shark,2278.0,1.0
2023,8,6125060,I. R. Iran,Gillnet,Gillnet,Spottail shark,2278.0,1.0
2023,8,6125060,I. R. Iran,Gillnet,Gillnet,Milk shark,2278.0,3.0
2023,8,6125060,I. R. Iran,Line | Trolling,Troll line,Milk shark,1062.0,1.0
2023,8,6205040,Comoros,Line | Trolling,Troll line,Blue shark,53028.2158912057,0.04483
2023,8,6205040,Comoros,Line | Trolling,Troll line,Silky shark,53028.2158912057,2.25314
2023,9,5104074,Maldives,Line | Handline,Handline,Common dolphinfish,137.0,0.0181907857757518
2023,9,5105060,I. R. Iran,Gillnet,Gillnet (offshore),Common dolphinfish,15805.0,294.0
2023,9,5105073,Maldives,Baitboat,Baitboat (offshore),Dogtooth tuna,84.0,0.031042296546
2023,9,5105073,Maldives,Baitboat,Baitboat (offshore),Rainbow runner,84.0,0.34922583613858
2023,9,5105074,Maldives,Baitboat,Baitboat (offshore),Rainbow runner,50.0,0.329576062425183
2023,9,5106073,Maldives,Baitboat,Baitboat,Rainbow runner,19.0,0.0558761337821729
2023,9,5106074,Maldives,Baitboat,Baitboat,Common dolphinfish,1.0,0.149003023419128
2023,9,5106074,Maldives,Baitboat,Baitboat,Rainbow runner,1.0,0.0256098946501626
2023,9,5107073,Maldives,Baitboat,Baitboat,Common dolphinfish,5.0,0.0279380668910864
2023,9,5107073,Maldives,Baitboat,Baitboat,Rainbow runner,5.0,0.0017073263100108
2023,9,5206106,Indonesia,Line | Handline,Handline,Blue shark,17.0,0.05
2023,9,5207106,Indonesia,Line | Handline,Handline,Blue shark,9.0,0.076
2023,9,5208109,Indonesia,Line | Handline,Handline,Blue shark,76.0,0.143
2023,9,5209108,Indonesia,Line | Handline,Handline,Blue shark,31.0,0.032
2023,9,5210125,Indonesia,Line | Handline,Handline,Silky shark,5.0,0.1
2023,9,6120055,I. R. Iran,Gillnet,Gillnet,Common dolphinfish,3324.0,22.0
2023,9,6120055,I. R. Iran,Gillnet,Gillnet,Milk shark,3324.0,1.0
2023,9,6120060,I. R. Iran,Gillnet,Gillnet,Common dolphinfish,12097.0,227.0
2023,9,6120060,I. R. Iran,Gillnet,Gillnet,Whitecheek shark,12097.0,2.0
2023,9,6120060,I. R. Iran,Gillnet,Gillnet,Spottail shark,12097.0,4.0
2023,9,6120060,I. R. Iran,Gillnet,Gillnet,Milk shark,12097.0,11.0
2023,9,6120060,I. R. Iran,Line | Trolling,Troll line,Spottail shark,3698.0,1.0
2023,9,6120060,I. R. Iran,Line | Trolling,Troll line,Milk shark,3698.0,3.0
2023,9,6125045,I. R. Iran,Gillnet,Gillnet,Spottail shark,399.0,1.0
2023,9,6125045,I. R. Iran,Gillnet,Gillnet,Milk shark,399.0,2.0
2023,9,6125045,I. R. Iran,Line | Trolling,Troll line,Milk shark,279.0,2.0
2023,9,6125050,I. R. Iran,Gillnet,Gillnet,Common dolphinfish,14237.0,2.0
2023,9,6125050,I. R. Iran,Gillnet,Gillnet,Whitecheek shark,14237.0,2.0
2023,9,6125050,I. R. Iran,Gillnet,Gillnet,Spottail shark,14237.0,3.0
2023,9,6125050,I. R. Iran,Gillnet,Gillnet,Milk shark,14237.0,10.0
2023,9,6125050,I. R. Iran,Line | Trolling,Troll line,Whitecheek shark,5020.0,1.0
2023,9,6125050,I. R. Iran,Line | Trolling,Troll line,Spottail shark,5020.0,1.0
2023,9,6125050,I. R. Iran,Line | Trolling,Troll line,Milk shark,5020.0,4.0
2023,9,6125055,I. R. Iran,Gillnet,Gillnet,Common dolphinfish,8385.0,45.0
2023,9,6125055,I. R. Iran,Gillnet,Gillnet,Whitecheek shark,8385.0,4.0
2023,9,6125055,I. R. Iran,Gillnet,Gillnet,Spottail shark,8385.0,8.0
2023,9,6125055,I. R. Iran,Gillnet,Gillnet,Milk shark,8385.0,26.0
2023,9,6125055,I. R. Iran,Line | Trolling,Troll line,Whitecheek shark,3014.0,1.0
2023,9,6125055,I. R. Iran,Line | Trolling,Troll line,Spottail shark,3014.0,3.0
2023,9,6125055,I. R. Iran,Line | Trolling,Troll line,Milk shark,3014.0,10.0
2023,9,6125060,I. R. Iran,Gillnet,Gillnet,Common dolphinfish,2250.0,23.0
2023,9,6125060,I. R. Iran,Gillnet,Gillnet,Whitecheek shark,2250.0,1.0
2023,9,6125060,I. R. Iran,Gillnet,Gillnet,Spottail shark,2250.0,1.0
2023,9,6125060,I. R. Iran,Gillnet,Gillnet,Milk shark,2250.0,3.0
2023,9,6125060,I. R. Iran,Line | Trolling,Troll line,Milk shark,855.0,1.0
2023,9,6205040,Comoros,Line | Coastal longline,Coastal longline,Silky shark,28577.1704761739,0.2891
2023,9,6205040,Comoros,Line | Trolling,Troll line,Blue shark,51853.0828019657,1.25558
2023,9,6205040,Comoros,Line | Trolling,Troll line,Silky shark,51853.0828019657,0.69152
2023,10,5100073,Maldives,Baitboat,Baitboat,Rainbow runner,152.0,0.0077605741364129
2023,10,5100074,Maldives,Baitboat,Baitboat (offshore),Dogtooth tuna,554.0,0.012416918618
2023,10,5102074,Maldives,Baitboat,Baitboat,Rainbow runner,38.0,0.0310422965456516
2023,10,5103073,Maldives,Baitboat,Baitboat (offshore),Common dolphinfish,18.0,0.0124169186182606
2023,10,5103073,Maldives,Baitboat,Baitboat (offshore),Rainbow runner,18.0,0.124169186182606
2023,10,5104073,Maldives,Line | Handline,Handline,Common dolphinfish,31.0,0.0422796078951775
2023,10,5105060,I. R. Iran,Gillnet,Gillnet (offshore),Common dolphinfish,15197.0,423.0
2023,10,5105073,Maldives,Baitboat,Baitboat (offshore),Dogtooth tuna,103.0,0.024833837237
2023,10,5105073,Maldives,Baitboat,Baitboat (offshore),Rainbow runner,103.0,0.325944113729342
2023,10,5105074,Maldives,Baitboat,Baitboat (offshore),Rainbow runner,241.0,0.468738677839339
2023,10,5106073,Maldives,Baitboat,Baitboat,Common dolphinfish,16.0,0.0558761337821729
2023,10,5106073,Maldives,Baitboat,Baitboat,Rainbow runner,16.0,0.0853663155005419
2023,10,5106073,Maldives,Baitboat,Baitboat (offshore),Dogtooth tuna,42.0,0.010864803791
2023,10,5206101,Indonesia,Line | Handline,Handline,Blue shark,12.0,0.074
2023,10,5206106,Indonesia,Line | Handline,Handline,Blue shark,19.0,0.19
2023,10,6120055,I. R. Iran,Gillnet,Gillnet,Common dolphinfish,3148.0,33.0
2023,10,6120055,I. R. Iran,Gillnet,Gillnet,Milk shark,3148.0,1.0
2023,10,6120060,I. R. Iran,Gillnet,Gillnet,Common dolphinfish,11545.0,351.0
2023,10,6120060,I. R. Iran,Gillnet,Gillnet,Whitecheek shark,11545.0,2.0
2023,10,6120060,I. R. Iran,Gillnet,Gillnet,Spottail shark,11545.0,4.0
2023,10,6120060,I. R. Iran,Gillnet,Gillnet,Milk shark,11545.0,11.0
2023,10,6120060,I. R. Iran,Line | Trolling,Troll line,Spottail shark,4630.0,1.0
2023,10,6120060,I. R. Iran,Line | Trolling,Troll line,Milk shark,4630.0,3.0
2023,10,6125045,I. R. Iran,Gillnet,Gillnet,Spottail shark,496.0,1.0
2023,10,6125045,I. R. Iran,Gillnet,Gillnet,Milk shark,496.0,2.0
2023,10,6125045,I. R. Iran,Line | Trolling,Troll line,Milk shark,402.0,2.0
2023,10,6125050,I. R. Iran,Gillnet,Gillnet,Common dolphinfish,16934.0,4.0
2023,10,6125050,I. R. Iran,Gillnet,Gillnet,Whitecheek shark,16934.0,2.0
2023,10,6125050,I. R. Iran,Gillnet,Gillnet,Spottail shark,16934.0,4.0
2023,10,6125050,I. R. Iran,Gillnet,Gillnet,Milk shark,16934.0,11.0
2023,10,6125050,I. R. Iran,Line | Trolling,Troll line,Whitecheek shark,6822.0,1.0
2023,10,6125050,I. R. Iran,Line | Trolling,Troll line,Spottail shark,6822.0,1.0
2023,10,6125050,I. R. Iran,Line | Trolling,Troll line,Milk shark,6822.0,4.0
2023,10,6125055,I. R. Iran,Gillnet,Gillnet,Common dolphinfish,8298.0,69.0
2023,10,6125055,I. R. Iran,Gillnet,Gillnet,Whitecheek shark,8298.0,4.0
2023,10,6125055,I. R. Iran,Gillnet,Gillnet,Spottail shark,8298.0,9.0
2023,10,6125055,I. R. Iran,Gillnet,Gillnet,Milk shark,8298.0,27.0
2023,10,6125055,I. R. Iran,Line | Trolling,Troll line,Whitecheek shark,4085.0,1.0
2023,10,6125055,I. R. Iran,Line | Trolling,Troll line,Spottail shark,4085.0,4.0
2023,10,6125055,I. R. Iran,Line | Trolling,Troll line,Milk shark,4085.0,10.0
2023,10,6125060,I. R. Iran,Gillnet,Gillnet,Common dolphinfish,2067.0,35.0
2023,10,6125060,I. R. Iran,Gillnet,Gillnet,Whitecheek shark,2067.0,1.0
2023,10,6125060,I. R. Iran,Gillnet,Gillnet,Spottail shark,2067.0,1.0
2023,10,6125060,I. R. Iran,Gillnet,Gillnet,Milk shark,2067.0,3.0
2023,10,6125060,I. R. Iran,Line | Coastal longline,Coastal longline,Common dolphinfish,12594.0,26.0
2023,10,6125060,I. R. Iran,Line | Trolling,Troll line,Milk shark,1094.0,1.0
2023,10,6205040,Comoros,Line | Coastal longline,Coastal longline,Blue shark,37775.3009570072,0.82083
2023,10,6205040,Comoros,Line | Trolling,Troll line,Silky shark,59139.327628115,1.72356
2023,11,5104074,Maldives,Baitboat,Baitboat (offshore),Common dolphinfish,75.0,0.0543240189548903
2023,11,5104074,Maldives,Baitboat,Baitboat (offshore),Rainbow runner,75.0,0.0155211482728258
2023,11,5105060,I. R. Iran,Gillnet,Gillnet (offshore),Common dolphinfish,21416.0,304.0
2023,11,5105074,Maldives,Baitboat,Baitboat,Common dolphinfish,122.0,0.372507558547819
2023,11,5105074,Maldives,Baitboat,Baitboat,Rainbow runner,122.0,0.512197893003251
2023,11,5106073,Maldives,Line | Handline,Handline (offshore),Common dolphinfish,41.0,0.0465634448184774
2023,11,5106073,Maldives,Line | Handline,Handline (offshore),Rainbow runner,41.0,0.0620845930913032
2023,11,5208107,Indonesia,Line | Handline,Handline,Blue shark,78.0,0.032
2023,11,6120055,I. R. Iran,Gillnet,Gillnet,Common dolphinfish,6566.0,18.0
2023,11,6120055,I. R. Iran,Gillnet,Gillnet,Spottail shark,6566.0,1.0
2023,11,6120055,I. R. Iran,Gillnet,Gillnet,Milk shark,6566.0,2.0
2023,11,6120060,I. R. Iran,Gillnet,Gillnet,Common dolphinfish,21733.0,184.0
2023,11,6120060,I. R. Iran,Gillnet,Gillnet,Whitecheek shark,21733.0,2.0
2023,11,6120060,I. R. Iran,Gillnet,Gillnet,Spottail shark,21733.0,4.0
2023,11,6120060,I. R. Iran,Gillnet,Gillnet,Milk shark,21733.0,13.0
2023,11,6120060,I. R. Iran,Line | Trolling,Troll line,Spottail shark,5114.0,1.0
2023,11,6120060,I. R. Iran,Line | Trolling,Troll line,Milk shark,5114.0,3.0
2023,11,6125045,I. R. Iran,Gillnet,Gillnet,Spottail shark,576.0,1.0
2023,11,6125045,I. R. Iran,Gillnet,Gillnet,Milk shark,576.0,3.0
2023,11,6125045,I. R. Iran,Line | Trolling,Troll line,Spottail shark,494.0,1.0
2023,11,6125045,I. R. Iran,Line | Trolling,Troll line,Milk shark,494.0,3.0
2023,11,6125050,I. R. Iran,Gillnet,Gillnet,Common dolphinfish,21689.0,2.0
2023,11,6125050,I. R. Iran,Gillnet,Gillnet,Whitecheek shark,21689.0,2.0
2023,11,6125050,I. R. Iran,Gillnet,Gillnet,Spottail shark,21689.0,4.0
2023,11,6125050,I. R. Iran,Gillnet,Gillnet,Milk shark,21689.0,13.0
2023,11,6125050,I. R. Iran,Line | Trolling,Troll line,Whitecheek shark,7163.0,1.0
2023,11,6125050,I. R. Iran,Line | Trolling,Troll line,Spottail shark,7163.0,2.0
2023,11,6125050,I. R. Iran,Line | Trolling,Troll line,Milk shark,7163.0,5.0
2023,11,6125055,I. R. Iran,Gillnet,Gillnet,Common dolphinfish,16025.0,37.0
2023,11,6125055,I. R. Iran,Gillnet,Gillnet,Whitecheek shark,16025.0,5.0
2023,11,6125055,I. R. Iran,Gillnet,Gillnet,Spottail shark,16025.0,10.0
2023,11,6125055,I. R. Iran,Gillnet,Gillnet,Milk shark,16025.0,30.0
2023,11,6125055,I. R. Iran,Line | Trolling,Troll line,Whitecheek shark,4585.0,1.0
2023,11,6125055,I. R. Iran,Line | Trolling,Troll line,Spottail shark,4585.0,4.0
2023,11,6125055,I. R. Iran,Line | Trolling,Troll line,Milk shark,4585.0,12.0
2023,11,6125060,I. R. Iran,Gillnet,Gillnet,Common dolphinfish,4194.0,19.0
2023,11,6125060,I. R. Iran,Gillnet,Gillnet,Whitecheek shark,4194.0,1.0
2023,11,6125060,I. R. Iran,Gillnet,Gillnet,Spottail shark,4194.0,1.0
2023,11,6125060,I. R. Iran,Gillnet,Gillnet,Milk shark,4194.0,4.0
2023,11,6125060,I. R. Iran,Line | Coastal longline,Coastal longline,Common dolphinfish,22345.0,45.0
2023,11,6125060,I. R. Iran,Line | Trolling,Troll line,Milk shark,1288.0,2.0
2023,11,6205040,Comoros,Line | Handline,Handline,Blue shark,26907.8528886496,0.30006
2023,11,6205040,Comoros,Line | Handline,Handline,Silky shark,26907.8528886496,1.66236
2023,11,6205040,Comoros,Line | Trolling,Troll line,Silky shark,54523.2897952459,0.93167
2023,11,6205040,Comoros,Line | Trolling,Troll line,Oceanic whitetip shark,54523.2897952459,1.58799
2023,12,5100073,Maldives,Line | Handline,Handline,Common dolphinfish,16.0,0.0335567225658494
2023,12,5105060,I. R. Iran,Gillnet,Gillnet (offshore),Common dolphinfish,10874.0,370.0
2023,12,5105074,Maldives,Baitboat,Baitboat (offshore),Common dolphinfish,50.0,0.0341465262002168
2023,12,5105074,Maldives,Baitboat,Baitboat (offshore),Rainbow runner,50.0,0.136586104800867
2023,12,5206106,Indonesia,Line | Handline,Handline,Blue shark,2.0,0.074
2023,12,6120055,I. R. Iran,Gillnet,Gillnet,Common dolphinfish,3437.0,21.0
2023,12,6120055,I. R. Iran,Gillnet,Gillnet,Milk shark,3437.0,1.0
2023,12,6120060,I. R. Iran,Gillnet,Gillnet,Common dolphinfish,12171.0,215.0
2023,12,6120060,I. R. Iran,Gillnet,Gillnet,Whitecheek shark,12171.0,2.0
2023,12,6120060,I. R. Iran,Gillnet,Gillnet,Spottail shark,12171.0,4.0
2023,12,6120060,I. R. Iran,Gillnet,Gillnet,Milk shark,12171.0,11.0
2023,12,6120060,I. R. Iran,Line | Trolling,Troll line,Spottail shark,3870.0,1.0
2023,12,6120060,I. R. Iran,Line | Trolling,Troll line,Milk shark,3870.0,3.0
2023,12,6125045,I. R. Iran,Gillnet,Gillnet,Spottail shark,379.0,1.0
2023,12,6125045,I. R. Iran,Gillnet,Gillnet,Milk shark,379.0,2.0
2023,12,6125045,I. R. Iran,Line | Trolling,Troll line,Milk shark,299.0,2.0
2023,12,6125050,I. R. Iran,Gillnet,Gillnet,Common dolphinfish,15229.0,2.0
2023,12,6125050,I. R. Iran,Gillnet,Gillnet,Whitecheek shark,15229.0,2.0
2023,12,6125050,I. R. Iran,Gillnet,Gillnet,Spottail shark,15229.0,4.0
2023,12,6125050,I. R. Iran,Gillnet,Gillnet,Milk shark,15229.0,11.0
2023,12,6125050,I. R. Iran,Line | Trolling,Troll line,Whitecheek shark,5148.0,1.0
2023,12,6125050,I. R. Iran,Line | Trolling,Troll line,Spottail shark,5148.0,1.0
2023,12,6125050,I. R. Iran,Line | Trolling,Troll line,Milk shark,5148.0,5.0
2023,12,6125055,I. R. Iran,Gillnet,Gillnet,Common dolphinfish,8778.0,42.0
2023,12,6125055,I. R. Iran,Gillnet,Gillnet,Whitecheek shark,8778.0,4.0
2023,12,6125055,I. R. Iran,Gillnet,Gillnet,Spottail shark,8778.0,9.0
2023,12,6125055,I. R. Iran,Gillnet,Gillnet,Milk shark,8778.0,27.0
2023,12,6125055,I. R. Iran,Line | Trolling,Troll line,Whitecheek shark,3407.0,1.0
2023,12,6125055,I. R. Iran,Line | Trolling,Troll line,Spottail shark,3407.0,4.0
2023,12,6125055,I. R. Iran,Line | Trolling,Troll line,Milk shark,3407.0,10.0
2023,12,6125060,I. R. Iran,Gillnet,Gillnet,Common dolphinfish,2051.0,22.0
2023,12,6125060,I. R. Iran,Gillnet,Gillnet,Whitecheek shark,2051.0,1.0
2023,12,6125060,I. R. Iran,Gillnet,Gillnet,Spottail shark,2051.0,1.0
2023,12,6125060,I. R. Iran,Gillnet,Gillnet,Milk shark,2051.0,3.0
2023,12,6125060,I. R. Iran,Line | Coastal longline,Coastal longline,Common dolphinfish,20891.0,42.0
2023,12,6125060,I. R. Iran,Line | Trolling,Troll line,Milk shark,889.0,1.0
2023,12,6205040,Comoros,Line | Coastal longline,Coastal longline,Blue shark,46664.2313506735,0.29925
2023,12,6205040,Comoros,Line | Coastal longline,Coastal longline,Silky shark,46664.2313506735,0.28769
2023,12,6205040,Comoros,Line | Coastal longline,Coastal longline,Oceanic whitetip shark,46664.2313506735,4.35714
2023,12,6205040,Comoros,Line | Trolling,Troll line,Blue shark,58953.9038776942,2.59364
2023,12,6205040,Comoros,Line | Trolling,Troll line,Silky shark,58953.9038776942,0.49754
2023,12,6205040,Comoros,Line | Trolling,Troll line,Oceanic whitetip shark,58953.9038776942,4.18746
2024,1,5100060,Sri Lanka,Purse seine | Other,Ringnet (offshore),Indian scad,20.0,4.0
2024,1,5100078,Sri Lanka,Purse seine | Other,Ringnet (offshore),Indian scad,20.0,4.0
2024,1,5100079,Sri Lanka,Purse seine | Other,Ringnet (offshore),Indian scad,20.0,3.5
2024,1,5100081,Sri Lanka,Gillnet,Gillnet (offshore),Blue shark,109.0,0.1
2024,1,5100082,Sri Lanka,Purse seine | Other,Ringnet (offshore),Shortfin mako,20.0,0.9
2024,1,5100083,Sri Lanka,Purse seine | Other,Ringnet (offshore),Indian scad,20.0,3.0
2024,1,5100086,Sri Lanka,Purse seine | Other,Ringnet (offshore),Rough triggerfish,20.0,1.0
2024,1,5100086,Sri Lanka,Purse seine | Other,Ringnet (offshore),Rainbow runner,20.0,0.9
2024,1,5100086,Sri Lanka,Purse seine | Other,Ringnet (offshore),Indian scad,20.0,6.5
2024,1,5100087,Sri Lanka,Purse seine | Other,Ringnet (offshore),Indian scad,20.0,4.0
2024,1,5100091,Sri Lanka,Purse seine | Other,Ringnet (offshore),Rainbow runner,20.0,0.1
2024,1,5100091,Sri Lanka,Purse seine | Other,Ringnet (offshore),Indian scad,20.0,1.7
2024,1,5101073,Maldives,Baitboat,Baitboat (offshore),Rainbow runner,80.0,0.0023469907379663
2024,1,5101077,Sri Lanka,Gillnet,Gillnet (offshore),Blue shark,65.0,0.1
2024,1,5101077,Sri Lanka,Purse seine | Other,Ringnet (offshore),Indian scad,20.0,10.0
2024,1,5101081,Sri Lanka,Gillnet,Gillnet (offshore),Rainbow runner,109.0,1.5
2024,1,5101081,Sri Lanka,Gillnet,Gillnet (offshore),Indian scad,109.0,2.0
2024,1,5101081,Sri Lanka,Purse seine | Other,Ringnet (offshore),Indian scad,20.0,7.5
2024,1,5101083,Sri Lanka,Purse seine | Other,Ringnet (offshore),Indian scad,20.0,0.5
2024,1,5101084,Sri Lanka,Purse seine | Other,Ringnet (offshore),Indian scad,59.0,13.5
2024,1,5101091,Sri Lanka,Purse seine | Other,Ringnet (offshore),Rainbow runner,20.0,0.1
2024,1,5101091,Sri Lanka,Purse seine | Other,Ringnet (offshore),Indian scad,20.0,1.7
2024,1,5102078,Sri Lanka,Purse seine | Other,Ringnet (offshore),Indian scad,20.0,1.5
2024,1,5102080,Sri Lanka,Gillnet,Gillnet (offshore),Giant manta,348.0,0.1
2024,1,5102080,Sri Lanka,Purse seine | Other,Ringnet (offshore),Rough triggerfish,20.0,1.1
2024,1,5102080,Sri Lanka,Purse seine | Other,Ringnet (offshore),Rainbow runner,20.0,2.4
2024,1,5102080,Sri Lanka,Purse seine | Other,Ringnet (offshore),Indian scad,20.0,5.9
2024,1,5102082,Sri Lanka,Purse seine | Other,Ringnet (offshore),Rough triggerfish,40.0,2.7
2024,1,5102082,Sri Lanka,Purse seine | Other,Ringnet (offshore),Rainbow runner,40.0,2.9
2024,1,5102082,Sri Lanka,Purse seine | Other,Ringnet (offshore),Indian scad,40.0,7.4
2024,1,5102084,Sri Lanka,Purse seine | Other,Ringnet (offshore),Rough triggerfish,40.0,0.5
2024,1,5102084,Sri Lanka,Purse seine | Other,Ringnet (offshore),Indian scad,40.0,3.6
2024,1,5102085,Sri Lanka,Purse seine | Other,Ringnet (offshore),Rough triggerfish,20.0,0.5
2024,1,5102085,Sri Lanka,Purse seine | Other,Ringnet (offshore),Indian scad,20.0,3.5
2024,1,5102086,Sri Lanka,Purse seine | Other,Ringnet (offshore),Indian scad,20.0,4.0
2024,1,5103077,Sri Lanka,Purse seine | Other,Ringnet (offshore),Indian scad,20.0,8.0
2024,1,5103085,Sri Lanka,Purse seine | Other,Ringnet (offshore),Indian scad,20.0,4.0
2024,1,5104064,Sri Lanka,Gillnet,Gillnet (offshore),Silky shark,22.0,0.1
2024,1,5104068,Sri Lanka,Purse seine | Other,Ringnet (offshore),Indian scad,20.0,6.0
2024,1,5105066,Sri Lanka,Purse seine | Other,Ringnet (offshore),Indian scad,20.0,4.0
2024,1,5105067,Sri Lanka,Purse seine | Other,Ringnet (offshore),Indian scad,20.0,4.0
2024,1,5105068,Sri Lanka,Purse seine | Other,Ringnet (offshore),Rainbow runner,40.0,1.2
2024,1,5105068,Sri Lanka,Purse seine | Other,Ringnet (offshore),Indian scad,40.0,24.3
2024,1,5105085,Sri Lanka,Purse seine | Other,Ringnet (offshore),Indian scad,20.0,3.0
2024,1,5106066,Sri Lanka,Purse seine | Other,Ringnet (offshore),Indian scad,20.0,4.0
2024,1,5106067,Sri Lanka,Gillnet,Gillnet (offshore),Silky shark,44.0,0.1
2024,1,5106067,Sri Lanka,Purse seine | Other,Ringnet (offshore),Indian scad,20.0,4.0
2024,1,5106086,Sri Lanka,Purse seine | Other,Ringnet (offshore),Indian scad,20.0,1.5
2024,1,5107067,Sri Lanka,Gillnet,Gillnet (offshore),Silky shark,65.0,0.1
2024,1,5107067,Sri Lanka,Purse seine | Other,Ringnet (offshore),Rough triggerfish,20.0,1.0
2024,1,5107067,Sri Lanka,Purse seine | Other,Ringnet (offshore),Indian scad,20.0,5.0
2024,1,5107068,Sri Lanka,Purse seine | Other,Ringnet (offshore),Rough triggerfish,79.0,1.1
2024,1,5107068,Sri Lanka,Purse seine | Other,Ringnet (offshore),Indian scad,79.0,20.8
2024,1,5107069,Sri Lanka,Purse seine | Other,Ringnet (offshore),Rough triggerfish,40.0,0.8
2024,1,5107069,Sri Lanka,Purse seine | Other,Ringnet (offshore),Indian scad,40.0,10.1
2024,1,5107073,Maldives,Baitboat,Baitboat,Common dolphinfish,3.0,0.051207070646538
2024,1,5107073,Maldives,Baitboat,Baitboat,Rainbow runner,3.0,0.140819444277979
2024,1,5107085,Sri Lanka,Purse seine | Other,Ringnet (offshore),Rough triggerfish,119.0,0.5
2024,1,5107085,Sri Lanka,Purse seine | Other,Ringnet (offshore),Rainbow runner,119.0,0.6
2024,1,5107085,Sri Lanka,Purse seine | Other,Ringnet (offshore),Indian scad,119.0,18.1
2024,1,5108067,Sri Lanka,Purse seine | Other,Ringnet (offshore),Rough triggerfish,40.0,2.4
2024,1,5108067,Sri Lanka,Purse seine | Other,Ringnet (offshore),Rainbow runner,40.0,1.5
2024,1,5108067,Sri Lanka,Purse seine | Other,Ringnet (offshore),Indian scad,40.0,11.5
2024,1,5108068,Sri Lanka,Purse seine | Other,Ringnet (offshore),Rough triggerfish,59.0,1.0
2024,1,5108068,Sri Lanka,Purse seine | Other,Ringnet (offshore),Rainbow runner,59.0,2.5
2024,1,5108068,Sri Lanka,Purse seine | Other,Ringnet (offshore),Indian scad,59.0,17.0
2024,1,5108069,Sri Lanka,Purse seine | Other,Ringnet (offshore),Rough triggerfish,20.0,0.7
2024,1,5108069,Sri Lanka,Purse seine | Other,Ringnet (offshore),Indian scad,20.0,1.4
2024,1,5108085,Sri Lanka,Purse seine | Other,Ringnet (offshore),Indian scad,79.0,9.0
2024,1,5108086,Sri Lanka,Purse seine | Other,Ringnet (offshore),Rough triggerfish,20.0,0.3
2024,1,5108086,Sri Lanka,Purse seine | Other,Ringnet (offshore),Indian scad,20.0,10.0
2024,1,5109084,Sri Lanka,Purse seine | Other,Ringnet (offshore),Indian scad,20.0,1.5
2024,1,5109085,Sri Lanka,Purse seine | Other,Ringnet (offshore),Indian scad,139.0,30.1
2024,1,5110061,Sri Lanka,Gillnet,Gillnet (offshore),Blue shark,22.0,0.1
2024,1,5110061,Sri Lanka,Gillnet,Gillnet (offshore),Silky shark,22.0,0.8
2024,1,5110061,Sri Lanka,Gillnet,Gillnet (offshore),Shortfin mako,22.0,0.2
2024,1,5110061,Sri Lanka,Gillnet,Gillnet (offshore),Great hammerhead,22.0,0.1
2024,1,5110061,Sri Lanka,Purse seine | Other,Ringnet (offshore),Blue shark,20.0,0.1
2024,1,5110061,Sri Lanka,Purse seine | Other,Ringnet (offshore),Silky shark,20.0,0.8
2024,1,5110061,Sri Lanka,Purse seine | Other,Ringnet (offshore),Shortfin mako,20.0,0.2
2024,1,5110061,Sri Lanka,Purse seine | Other,Ringnet (offshore),Great hammerhead,20.0,0.1
2024,1,5110065,I. R. Iran,Gillnet,Gillnet (offshore),Common dolphinfish,17144.0,172.0
2024,1,5110084,Sri Lanka,Gillnet,Gillnet (offshore),Giant manta,303.0,0.1
2024,1,5110084,Sri Lanka,Purse seine | Other,Ringnet (offshore),Indian scad,20.0,1.5
2024,1,5110085,Sri Lanka,Purse seine | Other,Ringnet (offshore),Indian scad,119.0,13.3
2024,1,5110086,Sri Lanka,Purse seine | Other,Ringnet (offshore),Indian scad,20.0,1.5
2024,1,5110087,Sri Lanka,Purse seine | Other,Ringnet (offshore),Indian scad,20.0,4.4
2024,1,5111061,Sri Lanka,Gillnet,Gillnet (offshore),Blue shark,22.0,0.1
2024,1,5111061,Sri Lanka,Gillnet,Gillnet (offshore),Silky shark,22.0,0.7
2024,1,5111061,Sri Lanka,Gillnet,Gillnet (offshore),Shortfin mako,22.0,0.3
2024,1,5111061,Sri Lanka,Purse seine | Other,Ringnet (offshore),Blue shark,20.0,0.1
2024,1,5111061,Sri Lanka,Purse seine | Other,Ringnet (offshore),Silky shark,20.0,0.7
2024,1,5111061,Sri Lanka,Purse seine | Other,Ringnet (offshore),Shortfin mako,20.0,0.3
2024,1,5111068,Sri Lanka,Purse seine | Other,Ringnet (offshore),Rough triggerfish,20.0,6.4
2024,1,5111068,Sri Lanka,Purse seine | Other,Ringnet (offshore),Rainbow runner,20.0,3.0
2024,1,5111068,Sri Lanka,Purse seine | Other,Ringnet (offshore),Indian scad,20.0,16.1
2024,1,5111085,Sri Lanka,Purse seine | Other,Ringnet (offshore),Indian scad,20.0,4.5
2024,1,5111087,Sri Lanka,Purse seine | Other,Ringnet (offshore),Indian scad,20.0,10.0
2024,1,5112067,Sri Lanka,Purse seine | Other,Ringnet (offshore),Rough triggerfish,20.0,3.0
2024,1,5112067,Sri Lanka,Purse seine | Other,Ringnet (offshore),Indian scad,20.0,10.0
2024,1,5112068,Sri Lanka,Purse seine | Other,Ringnet (offshore),Indian scad,20.0,0.5
2024,1,5112087,Sri Lanka,Purse seine | Other,Ringnet (offshore),Indian scad,40.0,4.0
2024,1,5113086,Sri Lanka,Purse seine | Other,Ringnet (offshore),Rough triggerfish,40.0,1.5
2024,1,5113086,Sri Lanka,Purse seine | Other,Ringnet (offshore),Indian scad,40.0,10.0
2024,1,5113087,Sri Lanka,Purse seine | Other,Ringnet (offshore),Rough triggerfish,40.0,0.8
2024,1,5113087,Sri Lanka,Purse seine | Other,Ringnet (offshore),Indian scad,40.0,10.5
2024,1,5114085,Sri Lanka,Purse seine | Other,Ringnet (offshore),Indian scad,20.0,3.0
2024,1,5114087,Sri Lanka,Purse seine | Other,Ringnet (offshore),Indian scad,59.0,8.7
2024,1,5115088,Sri Lanka,Purse seine | Other,Ringnet (offshore),Indian scad,20.0,4.0
2024,1,5200077,Sri Lanka,Gillnet,Gillnet (offshore),Great hammerhead,43.0,0.3
2024,1,5200077,Sri Lanka,Purse seine | Other,Ringnet (offshore),Indian scad,20.0,4.0
2024,1,5200078,Sri Lanka,Purse seine | Other,Ringnet (offshore),Indian scad,20.0,4.0
2024,1,5200097,Indonesia,Purse seine | LS,Small purse seine,Dogtooth tuna,10.0,0.1
2024,1,5200097,Indonesia,Purse seine | LS,Small purse seine,Blue mackerel,10.0,0.5
2024,1,5201077,Sri Lanka,Purse seine | Other,Ringnet (offshore),Indian scad,20.0,4.0
2024,1,5201078,Sri Lanka,Purse seine | Other,Ringnet (offshore),Rough triggerfish,40.0,2.4
2024,1,5201078,Sri Lanka,Purse seine | Other,Ringnet (offshore),Indian scad,40.0,12.0
2024,1,5201081,Sri Lanka,Purse seine | Other,Ringnet (offshore),Indian scad,20.0,6.0
2024,1,5201086,Sri Lanka,Purse seine | Other,Ringnet (offshore),Indian scad,20.0,6.5
2024,1,5202079,Sri Lanka,Gillnet,Gillnet (offshore),Indian scad,87.0,6.0
2024,1,5202079,Sri Lanka,Purse seine | Other,Ringnet (offshore),Indian scad,20.0,6.0
2024,1,5202080,Sri Lanka,Gillnet,Gillnet (offshore),Giant manta,87.0,0.1
2024,1,5203079,Sri Lanka,Gillnet,Gillnet (offshore),Giant manta,130.0,0.1
2024,1,5203080,Sri Lanka,Gillnet,Gillnet (offshore),Giant manta,304.0,0.9
2024,1,5203080,Sri Lanka,Purse seine | Other,Ringnet (offshore),Rainbow runner,20.0,1.3
2024,1,5203080,Sri Lanka,Purse seine | Other,Ringnet (offshore),Indian scad,20.0,4.0
2024,1,5203081,Sri Lanka,Gillnet,Gillnet (offshore),Giant manta,326.0,1.3
2024,1,5203081,Sri Lanka,Purse seine | Other,Ringnet (offshore),Indian scad,20.0,1.5
2024,1,5204077,Sri Lanka,Purse seine | Other,Ringnet (offshore),Indian scad,20.0,6.0
2024,1,5204078,Sri Lanka,Purse seine | Other,Ringnet (offshore),Rainbow runner,59.0,0.5
2024,1,5204078,Sri Lanka,Purse seine | Other,Ringnet (offshore),Indian scad,59.0,15.0
2024,1,5204080,Sri Lanka,Gillnet,Gillnet (offshore),Giant manta,391.0,0.1
2024,1,5204080,Sri Lanka,Purse seine | Other,Ringnet (offshore),Indian scad,20.0,8.0
2024,1,5204081,Sri Lanka,Purse seine | Other,Ringnet (offshore),Rough triggerfish,20.0,0.5
2024,1,5204081,Sri Lanka,Purse seine | Other,Ringnet (offshore),Rainbow runner,20.0,1.0
2024,1,5204081,Sri Lanka,Purse seine | Other,Ringnet (offshore),Indian scad,20.0,2.0
2024,1,5204082,Sri Lanka,Purse seine | Other,Ringnet (offshore),Rough triggerfish,20.0,1.0
2024,1,5204082,Sri Lanka,Purse seine | Other,Ringnet (offshore),Indian scad,20.0,4.0
2024,1,5205078,Sri Lanka,Purse seine | Other,Ringnet (offshore),Rough triggerfish,59.0,1.0
2024,1,5205078,Sri Lanka,Purse seine | Other,Ringnet (offshore),Rainbow runner,59.0,0.6
2024,1,5205078,Sri Lanka,Purse seine | Other,Ringnet (offshore),Indian scad,59.0,9.5
2024,1,5205079,Sri Lanka,Purse seine | Other,Ringnet (offshore),Indian scad,20.0,2.0
2024,1,5205080,Sri Lanka,Purse seine | Other,Ringnet (offshore),Rough triggerfish,79.0,1.5
2024,1,5205080,Sri Lanka,Purse seine | Other,Ringnet (offshore),Rainbow runner,79.0,2.0
2024,1,5205080,Sri Lanka,Purse seine | Other,Ringnet (offshore),Indian scad,79.0,19.8
2024,1,5205082,Sri Lanka,Purse seine | Other,Ringnet (offshore),Indian scad,40.0,3.0
2024,1,5206080,Sri Lanka,Gillnet,Gillnet (offshore),Great hammerhead,43.0,0.3
2024,1,5206081,Sri Lanka,Gillnet,Gillnet (offshore),Indian scad,65.0,7.0
2024,1,5206081,Sri Lanka,Purse seine | Other,Ringnet (offshore),Rainbow runner,40.0,0.5
2024,1,5206081,Sri Lanka,Purse seine | Other,Ringnet (offshore),Indian scad,40.0,9.0
2024,1,5206082,Sri Lanka,Purse seine | Other,Ringnet (offshore),Rough triggerfish,40.0,0.5
2024,1,5206082,Sri Lanka,Purse seine | Other,Ringnet (offshore),Indian mackerel,40.0,3.5
2024,1,5206083,Sri Lanka,Purse seine | Other,Ringnet (offshore),Rough triggerfish,40.0,0.5
2024,1,5206083,Sri Lanka,Purse seine | Other,Ringnet (offshore),Indian mackerel,40.0,3.5
2024,1,5206084,Sri Lanka,Purse seine | Other,Ringnet (offshore),Indian scad,20.0,4.0
2024,1,5206103,Indonesia,Line | Handline,Handline,Common dolphinfish,1.0,0.1
2024,1,5207080,Sri Lanka,Gillnet,Gillnet (offshore),Giant manta,43.0,0.6
2024,1,5207081,Sri Lanka,Purse seine | Other,Ringnet (offshore),Indian scad,40.0,1.7
2024,1,5207082,Sri Lanka,Gillnet,Gillnet (offshore),Giant manta,260.0,0.1
2024,1,5207082,Sri Lanka,Purse seine | Other,Ringnet (offshore),Rough triggerfish,119.0,0.5
2024,1,5207082,Sri Lanka,Purse seine | Other,Ringnet (offshore),Indian mackerel,119.0,3.5
2024,1,5207082,Sri Lanka,Purse seine | Other,Ringnet (offshore),Indian scad,119.0,32.0
2024,1,5207083,Sri Lanka,Purse seine | Other,Ringnet (offshore),Rough triggerfish,59.0,0.5
2024,1,5207083,Sri Lanka,Purse seine | Other,Ringnet (offshore),Indian mackerel,59.0,3.5
2024,1,5207083,Sri Lanka,Purse seine | Other,Ringnet (offshore),Indian scad,59.0,8.0
2024,1,5207084,Sri Lanka,Purse seine | Other,Ringnet (offshore),Indian scad,79.0,17.0
2024,1,5207085,Sri Lanka,Purse seine | Other,Ringnet (offshore),Indian scad,40.0,8.0
2024,1,5207102,Indonesia,Line | Handline,Handline,Common dolphinfish,11.0,0.37
2024,1,5207102,Indonesia,Line | Handline,Handline (offshore),Common dolphinfish,2.0,0.07
2024,1,5207103,Indonesia,Line | Handline,Handline,Common dolphinfish,12.0,0.075
2024,1,5207104,Indonesia,Line | Handline,Handline,Common dolphinfish,5.0,0.075
2024,1,5207106,Indonesia,Line | Handline,Handline,Common dolphinfish,19.0,0.051
2024,1,5208078,Sri Lanka,Purse seine | Other,Ringnet (offshore),Indian scad,20.0,2.5
2024,1,5208080,Sri Lanka,Purse seine | Other,Ringnet (offshore),Indian scad,40.0,24.0
2024,1,5208081,Sri Lanka,Purse seine | Other,Ringnet (offshore),Indian mackerel,218.0,2.0
2024,1,5208081,Sri Lanka,Purse seine | Other,Ringnet (offshore),Indian scad,218.0,8.7
2024,1,5208082,Sri Lanka,Gillnet,Gillnet (offshore),Giant manta,629.0,0.1
2024,1,5208082,Sri Lanka,Purse seine | Other,Ringnet (offshore),Indian mackerel,277.0,2.0
2024,1,5208082,Sri Lanka,Purse seine | Other,Ringnet (offshore),Indian scad,277.0,47.8
2024,1,5208083,Sri Lanka,Purse seine | Other,Ringnet (offshore),Indian scad,99.0,10.0
2024,1,5208084,Sri Lanka,Purse seine | Other,Ringnet (offshore),Indian scad,79.0,14.5
2024,1,5208085,Sri Lanka,Purse seine | Other,Ringnet (offshore),Indian scad,119.0,18.5
2024,1,5208103,Indonesia,Line | Handline,Handline,Common dolphinfish,22.0,0.945
2024,1,5208105,Indonesia,Line | Handline,Handline,Common dolphinfish,90.0,1.922
2024,1,5208105,Indonesia,Line | Handline,Handline (offshore),Common dolphinfish,12.0,0.39
2024,1,5208106,Indonesia,Line | Handline,Handline,Common dolphinfish,30.0,0.503
2024,1,5208106,Indonesia,Line | Trolling,Troll line,Common dolphinfish,20.0,2.341
2024,1,5208106,Indonesia,Line | Handline,Handline (offshore),Common dolphinfish,4.0,0.177
2024,1,5208106,Indonesia,Purse seine | LS,Purse seine,Common dolphinfish,4.0,0.307
2024,1,5208107,Indonesia,Line | Handline,Handline,Common dolphinfish,4.0,0.445
2024,1,5208108,Indonesia,Line | Handline,Handline,Common dolphinfish,9.0,0.135
2024,1,5208109,Indonesia,Line | Handline,Handline,Common dolphinfish,18.0,0.295
2024,1,5208112,Indonesia,Purse seine | LS,Small purse seine,Opah,32.0,0.32
2024,1,5209078,Sri Lanka,Purse seine | Other,Ringnet (offshore),Indian scad,20.0,2.5
2024,1,5209081,Sri Lanka,Gillnet,Gillnet (offshore),Giant manta,825.0,0.1
2024,1,5209081,Sri Lanka,Purse seine | Other,Ringnet (offshore),Indian mackerel,356.0,6.0
2024,1,5209081,Sri Lanka,Purse seine | Other,Ringnet (offshore),Indian scad,356.0,19.2
2024,1,5209082,Sri Lanka,Gillnet,Gillnet (offshore),Giant manta,760.0,0.1
2024,1,5209082,Sri Lanka,Purse seine | Other,Ringnet (offshore),Indian scad,257.0,18.0
2024,1,5209083,Sri Lanka,Purse seine | Other,Ringnet (offshore),Indian scad,59.0,0.7
2024,1,5209084,Sri Lanka,Purse seine | Other,Ringnet (offshore),Indian mackerel,40.0,5.0
2024,1,5209085,Sri Lanka,Purse seine | Other,Ringnet (offshore),Indian scad,40.0,7.0
2024,1,5209104,Indonesia,Line | Handline,Handline,Common dolphinfish,19.0,4.006
2024,1,5209104,Indonesia,Line | Handline,Handline (offshore),Common dolphinfish,8.0,0.247
2024,1,5209106,Indonesia,Line | Handline,Handline,Common dolphinfish,2.0,0.945
2024,1,5209108,Indonesia,Line | Handline,Handline,Common dolphinfish,6.0,1.0
2024,1,5209109,Indonesia,Line | Handline,Handline,Common dolphinfish,1.0,0.22
2024,1,5209111,Indonesia,Purse seine | LS,Small purse seine,Common dolphinfish,10.0,0.188
2024,1,5214105,Indonesia,Line | Handline,Handline (offshore),Common dolphinfish,2.0,0.25
2024,1,6100055,Sri Lanka,Longline | Fresh,Longline (fresh),Blue shark,1123.0,0.5
2024,1,6100055,Sri Lanka,Longline | Fresh,Longline (fresh),Silky shark,1123.0,0.1
2024,1,6100060,Sri Lanka,Longline | Fresh,Longline (fresh),Blue shark,2352.0,0.5
2024,1,6100060,Sri Lanka,Longline | Fresh,Longline (fresh),Silky shark,2352.0,0.2
2024,1,6100060,Sri Lanka,Longline | Fresh,Longline (fresh),Shortfin mako,2352.0,0.1
2024,1,6100075,Sri Lanka,Gillnet,Gillnet,Giant manta,400.0,0.3
2024,1,6100075,Sri Lanka,Gillnet,Gillnet,Blue shark,400.0,0.3
2024,1,6100075,Sri Lanka,Gillnet,Gillnet,Silky shark,400.0,0.5
2024,1,6100075,Sri Lanka,Gillnet,Gillnet,Shortfin mako,400.0,0.3
2024,1,6100075,Sri Lanka,Line | Coastal longline,Coastal longline,Blue shark,1633.0,0.1
2024,1,6100075,Sri Lanka,Line | Coastal longline,Coastal longline,Silky shark,1633.0,0.3
2024,1,6100075,Sri Lanka,Line | Coastal longline,Coastal longline,Shortfin mako,1633.0,0.1
2024,1,6100075,Sri Lanka,Purse seine | Other,Ringnet,Rough triggerfish,1624.0,13.8
2024,1,6100075,Sri Lanka,Purse seine | Other,Ringnet,Indian mackerel,1624.0,4.0
2024,1,6100075,Sri Lanka,Purse seine | Other,Ringnet,Rainbow runner,1624.0,13.2
2024,1,6100075,Sri Lanka,Purse seine | Other,Ringnet,Indian scad,1624.0,272.6
2024,1,6100080,Sri Lanka,Gillnet,Gillnet,Giant manta,1497.0,1.1
2024,1,6100080,Sri Lanka,Gillnet,Gillnet,Blue shark,1497.0,2.7
2024,1,6100080,Sri Lanka,Gillnet,Gillnet,Silky shark,1497.0,0.9
2024,1,6100080,Sri Lanka,Gillnet,Gillnet,Shortfin mako,1497.0,0.6
2024,1,6100080,Sri Lanka,Line | Coastal longline,Coastal longline,Blue shark,711.0,0.2
2024,1,6100080,Sri Lanka,Line | Coastal longline,Coastal longline,Silky shark,711.0,0.6
2024,1,6100080,Sri Lanka,Purse seine | Other,Ringnet,Rough triggerfish,3486.0,78.3
2024,1,6100080,Sri Lanka,Purse seine | Other,Ringnet,Common dolphinfish,3486.0,2.3
2024,1,6100080,Sri Lanka,Purse seine | Other,Ringnet,Indian mackerel,3486.0,9.6
2024,1,6100080,Sri Lanka,Purse seine | Other,Ringnet,Rainbow runner,3486.0,59.2
2024,1,6100080,Sri Lanka,Purse seine | Other,Ringnet,Indian scad,3486.0,758.2
2024,1,6105065,Sri Lanka,Longline | Fresh,Longline (fresh),Silky shark,1053.0,0.9
2024,1,6105075,Sri Lanka,Gillnet,Gillnet,Common dolphinfish,820.0,0.1
2024,1,6105075,Sri Lanka,Gillnet,Gillnet,Giant manta,820.0,0.8
2024,1,6105075,Sri Lanka,Line | Coastal longline,Coastal longline,Blue shark,5820.0,0.2
2024,1,6105075,Sri Lanka,Line | Coastal longline,Coastal longline,Shortfin mako,5820.0,0.4
2024,1,6105075,Sri Lanka,Line | Handline,Handline,Rainbow runner,124.0,0.1
2024,1,6105075,Sri Lanka,Line | Handline,Handline,Indian scad,124.0,1.4
2024,1,6105075,Sri Lanka,Line | Trolling,Troll line,Bigeye scad,1931.0,0.3
2024,1,6105075,Sri Lanka,Other,Beach seine,Dorab wolf-herring,3588.0,3.0
2024,1,6105075,Sri Lanka,Other,Beach seine,Needle cuttlefish,3588.0,9.0
2024,1,6105075,Sri Lanka,Other,Beach seine,Indian mackerel,3588.0,4.1
2024,1,6105075,Sri Lanka,Purse seine | Other,Ringnet,Rough triggerfish,3425.0,58.3
2024,1,6105075,Sri Lanka,Purse seine | Other,Ringnet,Indian mackerel,3425.0,1.1
2024,1,6105075,Sri Lanka,Purse seine | Other,Ringnet,Rainbow runner,3425.0,39.9
2024,1,6105075,Sri Lanka,Purse seine | Other,Ringnet,Indian scad,3425.0,853.3
2024,1,6105080,Sri Lanka,Gillnet,Gillnet,Bigeye scad,6855.0,0.6
2024,1,6105080,Sri Lanka,Gillnet,Gillnet,Common dolphinfish,6855.0,0.8
2024,1,6105080,Sri Lanka,Gillnet,Gillnet,Indian mackerel,6855.0,29.1
2024,1,6105080,Sri Lanka,Gillnet,Gillnet,Indian scad,6855.0,2.8
2024,1,6105080,Sri Lanka,Gillnet,Gillnet,Giant manta,6855.0,1.0
2024,1,6105080,Sri Lanka,Gillnet,Gillnet,Blue shark,6855.0,11.0
2024,1,6105080,Sri Lanka,Gillnet,Gillnet,Silky shark,6855.0,13.4
2024,1,6105080,Sri Lanka,Gillnet,Gillnet,Shortfin mako,6855.0,0.9
2024,1,6105080,Sri Lanka,Gillnet,Gillnet,Smooth hammerhead,6855.0,0.2
2024,1,6105080,Sri Lanka,Line | Coastal longline,Coastal longline,Common dolphinfish,6405.0,0.6
2024,1,6105080,Sri Lanka,Line | Coastal longline,Coastal longline,Indian scad,6405.0,1.9
2024,1,6105080,Sri Lanka,Line | Coastal longline,Coastal longline,Giant manta,6405.0,0.6
2024,1,6105080,Sri Lanka,Line | Coastal longline,Coastal longline,Blue shark,6405.0,24.9
2024,1,6105080,Sri Lanka,Line | Coastal longline,Coastal longline,Silky shark,6405.0,54.0
2024,1,6105080,Sri Lanka,Line | Coastal longline,Coastal longline,Shortfin mako,6405.0,0.7
2024,1,6105080,Sri Lanka,Line | Coastal longline,Coastal longline,Great hammerhead,6405.0,0.2
2024,1,6105080,Sri Lanka,Line | Coastal longline,Coastal longline,Smooth hammerhead,6405.0,0.9
2024,1,6105080,Sri Lanka,Line | Handline,Handline,Bigeye scad,592.0,45.5
2024,1,6105080,Sri Lanka,Line | Handline,Handline,Rainbow runner,592.0,0.1
2024,1,6105080,Sri Lanka,Other,Beach seine,Dorab wolf-herring,2453.0,0.1
2024,1,6105080,Sri Lanka,Other,Beach seine,Needle cuttlefish,2453.0,6.3
2024,1,6105080,Sri Lanka,Other,Beach seine,Indian mackerel,2453.0,60.2
2024,1,6105080,Sri Lanka,Purse seine | Other,Ringnet,Bigeye scad,15066.0,12.4
2024,1,6105080,Sri Lanka,Purse seine | Other,Ringnet,Rough triggerfish,15066.0,39.9
2024,1,6105080,Sri Lanka,Purse seine | Other,Ringnet,Indian mackerel,15066.0,24.3
2024,1,6105080,Sri Lanka,Purse seine | Other,Ringnet,Rainbow runner,15066.0,12.4
2024,1,6105080,Sri Lanka,Purse seine | Other,Ringnet,Indian scad,15066.0,3531.8
2024,1,6105085,Sri Lanka,Gillnet,Gillnet,Giant manta,49.0,2.1
2024,1,6105085,Sri Lanka,Purse seine | Other,Ringnet,Bigeye scad,3542.0,4.3
2024,1,6105085,Sri Lanka,Purse seine | Other,Ringnet,Rough triggerfish,3542.0,9.8
2024,1,6105085,Sri Lanka,Purse seine | Other,Ringnet,Indian mackerel,3542.0,39.8
2024,1,6105085,Sri Lanka,Purse seine | Other,Ringnet,Rainbow runner,3542.0,7.5
2024,1,6105085,Sri Lanka,Purse seine | Other,Ringnet,Indian scad,3542.0,646.2
2024,1,6110060,Sri Lanka,Longline | Fresh,Longline (fresh),Blue shark,211.0,0.2
2024,1,6110060,Sri Lanka,Longline | Fresh,Longline (fresh),Silky shark,211.0,1.9
2024,1,6110060,Sri Lanka,Longline | Fresh,Longline (fresh),Shortfin mako,211.0,0.5
2024,1,6110060,Sri Lanka,Longline | Fresh,Longline (fresh),Great hammerhead,211.0,0.2
2024,1,6110080,Sri Lanka,Line | Coastal longline,Coastal longline,Blue shark,1574.0,0.6
2024,1,6110080,Sri Lanka,Purse seine | Other,Ringnet,Rough triggerfish,2443.0,26.3
2024,1,6110080,Sri Lanka,Purse seine | Other,Ringnet,Rainbow runner,2443.0,10.1
2024,1,6110080,Sri Lanka,Purse seine | Other,Ringnet,Indian scad,2443.0,401.2
2024,1,6115065,Sri Lanka,Longline | Fresh,Longline (fresh),Silky shark,422.0,0.6
2024,1,6120055,I. R. Iran,Gillnet,Gillnet,Common dolphinfish,2994.0,4.9
2024,1,6120060,I. R. Iran,Gillnet,Gillnet,Common dolphinfish,15887.0,71.6
2024,1,6120060,I. R. Iran,Gillnet,Gillnet,Whitecheek shark,15887.0,4.2
2024,1,6120060,I. R. Iran,Gillnet,Gillnet,Spottail shark,15887.0,8.3
2024,1,6120060,I. R. Iran,Gillnet,Gillnet,Milk shark,15887.0,24.9
2024,1,6120060,I. R. Iran,Line | Trolling,Troll line,Common dolphinfish,4605.0,44.8
2024,1,6120060,I. R. Iran,Line | Trolling,Troll line,Spottail shark,4605.0,1.4
2024,1,6120060,I. R. Iran,Line | Trolling,Troll line,Milk shark,4605.0,4.5
2024,1,6125045,I. R. Iran,Gillnet,Gillnet,Whitecheek shark,305.0,0.1
2024,1,6125045,I. R. Iran,Gillnet,Gillnet,Spottail shark,305.0,0.1
2024,1,6125045,I. R. Iran,Gillnet,Gillnet,Milk shark,305.0,0.5
2024,1,6125045,I. R. Iran,Line | Trolling,Troll line,Milk shark,148.0,0.1
2024,1,6125050,I. R. Iran,Gillnet,Gillnet,Common dolphinfish,16975.0,2.1
2024,1,6125050,I. R. Iran,Gillnet,Gillnet,Whitecheek shark,16975.0,0.4
2024,1,6125050,I. R. Iran,Gillnet,Gillnet,Spottail shark,16975.0,0.7
2024,1,6125050,I. R. Iran,Gillnet,Gillnet,Milk shark,16975.0,2.3
2024,1,6125050,I. R. Iran,Line | Trolling,Troll line,Common dolphinfish,4780.0,2.1
2024,1,6125050,I. R. Iran,Line | Trolling,Troll line,Spottail shark,4780.0,0.2
2024,1,6125050,I. R. Iran,Line | Trolling,Troll line,Milk shark,4780.0,0.6
2024,1,6125055,I. R. Iran,Gillnet,Gillnet,Common dolphinfish,12800.0,10.0
2024,1,6125055,I. R. Iran,Gillnet,Gillnet,Whitecheek shark,12800.0,1.2
2024,1,6125055,I. R. Iran,Gillnet,Gillnet,Spottail shark,12800.0,2.4
2024,1,6125055,I. R. Iran,Gillnet,Gillnet,Milk shark,12800.0,7.2
2024,1,6125055,I. R. Iran,Line | Trolling,Troll line,Common dolphinfish,3506.0,9.8
2024,1,6125055,I. R. Iran,Line | Trolling,Troll line,Spottail shark,3506.0,0.5
2024,1,6125055,I. R. Iran,Line | Trolling,Troll line,Milk shark,3506.0,2.0
2024,1,6125060,I. R. Iran,Gillnet,Gillnet,Common dolphinfish,1361.0,6.7
2024,1,6125060,I. R. Iran,Gillnet,Gillnet,Whitecheek shark,1361.0,0.2
2024,1,6125060,I. R. Iran,Gillnet,Gillnet,Spottail shark,1361.0,0.4
2024,1,6125060,I. R. Iran,Gillnet,Gillnet,Milk shark,1361.0,1.2
2024,1,6125060,I. R. Iran,Line | Coastal longline,Coastal longline,Common dolphinfish,377.241171417019,0.81
2024,1,6125060,I. R. Iran,Line | Trolling,Troll line,Common dolphinfish,764.0,6.6
2024,1,6125060,I. R. Iran,Line | Trolling,Troll line,Spottail shark,764.0,0.1
2024,1,6125060,I. R. Iran,Line | Trolling,Troll line,Milk shark,764.0,0.3
2024,1,6200035,Kenya,Gillnet,Gillnet,Common dolphinfish,12000.0,3.94987
2024,1,6200035,Kenya,Line | Coastal longline,Coastal longline,Common dolphinfish,1360.0,0.01
2024,1,6200035,Kenya,Line | Coastal longline,Coastal longline,Great barracuda,1360.0,0.002
2024,1,6200035,Kenya,Line | Coastal longline,Coastal longline,Escolar,1360.0,0.0176
2024,1,6200035,Kenya,Line | Coastal longline,Coastal longline,Blue shark,1360.0,0.8368
2024,1,6200035,Kenya,Line | Coastal longline,Coastal longline,Silky shark,1360.0,0.0948
2024,1,6200035,Kenya,Line | Coastal longline,Coastal longline,Shortfin mako,1360.0,0.1332
2024,1,6200035,Kenya,Line | Handline,Handline,Great barracuda,7750.0,36.08
2024,1,6200035,Kenya,Line | Trolling,Troll line,Great barracuda,7750.0,15.46
2024,1,6200040,Kenya,Gillnet,Gillnet,Common dolphinfish,12000.0,6.01067
2024,1,6200040,Kenya,Line | Coastal longline,Coastal longline,Common dolphinfish,1360.0,0.00667
2024,1,6200040,Kenya,Line | Coastal longline,Coastal longline,Great barracuda,1360.0,0.00133
2024,1,6200040,Kenya,Line | Coastal longline,Coastal longline,Escolar,1360.0,0.01173
2024,1,6200040,Kenya,Line | Coastal longline,Coastal longline,Blue shark,1360.0,0.55787
2024,1,6200040,Kenya,Line | Coastal longline,Coastal longline,Silky shark,1360.0,0.0632
2024,1,6200040,Kenya,Line | Coastal longline,Coastal longline,Shortfin mako,1360.0,0.0888
2024,1,6200040,Kenya,Line | Handline,Handline,Great barracuda,7750.0,24.05333
2024,1,6200040,Kenya,Line | Trolling,Troll line,Great barracuda,1200.0,10.30667
2024,1,6200055,Sri Lanka,Longline | Fresh,Longline (fresh),Blue shark,526.0,0.1
2024,1,6200055,Sri Lanka,Longline | Fresh,Longline (fresh),Silky shark,526.0,0.1
2024,1,6200060,Sri Lanka,Longline | Fresh,Longline (fresh),Blue shark,6669.0,0.7
2024,1,6200060,Sri Lanka,Longline | Fresh,Longline (fresh),Silky shark,6669.0,0.3
2024,1,6200060,Sri Lanka,Longline | Fresh,Longline (fresh),Shortfin mako,6669.0,0.3
2024,1,6200065,Sri Lanka,Longline | Fresh,Longline (fresh),Blue shark,9582.0,0.6
2024,1,6200065,Sri Lanka,Longline | Fresh,Longline (fresh),Silky shark,9582.0,0.6
2024,1,6200075,Sri Lanka,Longline | Fresh,Longline (fresh),Blue shark,7125.0,0.5
2024,1,6200075,Sri Lanka,Longline | Fresh,Longline (fresh),Silky shark,7125.0,0.1
2024,1,6200080,Sri Lanka,Longline | Fresh,Longline (fresh),Blue shark,948.0,0.1
2024,1,6205040,Comoros,Line | Handline,Handline,Common dolphinfish,9171.4656752563,1.56774
2024,1,6205040,Comoros,Line | Trolling,Troll line,Common dolphinfish,15003.6539669927,24.81548
2024,1,6205040,Comoros,Line | Trolling,Troll line,Blue shark,15003.6539669927,3.88174
2024,1,6205040,Comoros,Line | Trolling,Troll line,Silky shark,15003.6539669927,2.68284
2024,1,6205040,Comoros,Line | Trolling,Troll line,Oceanic whitetip shark,15003.6539669927,6.23331
2024,1,6205060,Sri Lanka,Longline | Fresh,Longline (fresh),Blue shark,2632.0,0.3
2024,1,6205060,Sri Lanka,Longline | Fresh,Longline (fresh),Silky shark,2632.0,0.1
2024,1,6205060,Sri Lanka,Longline | Fresh,Longline (fresh),Shortfin mako,2632.0,0.1
2024,1,6205065,Sri Lanka,Longline | Fresh,Longline (fresh),Blue shark,2004.0,0.2
2024,1,6205065,Sri Lanka,Longline | Fresh,Longline (fresh),Silky shark,2004.0,0.5
2024,1,6205075,Sri Lanka,Longline | Fresh,Longline (fresh),Blue shark,7862.0,0.5
2024,1,6205075,Sri Lanka,Longline | Fresh,Longline (fresh),Silky shark,7862.0,0.3
2024,1,6205080,Sri Lanka,Longline | Fresh,Longline (fresh),Blue shark,7231.0,0.1
2024,2,5100084,Sri Lanka,Purse seine | Other,Ringnet (offshore),Indian scad,20.0,3.8
2024,2,5100085,Sri Lanka,Purse seine | Other,Ringnet (offshore),Indian scad,20.0,3.8
2024,2,5101078,Sri Lanka,Gillnet,Gillnet (offshore),Giant manta,87.0,0.1
2024,2,5101078,Sri Lanka,Purse seine | Other,Ringnet (offshore),Rainbow runner,20.0,1.0
2024,2,5101078,Sri Lanka,Purse seine | Other,Ringnet (offshore),Indian scad,20.0,2.5
2024,2,5102073,Maldives,Line | Handline,Handline,Common dolphinfish,12.0,0.0112228829833662
2024,2,5102078,Sri Lanka,Purse seine | Other,Ringnet (offshore),Rainbow runner,40.0,1.0
2024,2,5102078,Sri Lanka,Purse seine | Other,Ringnet (offshore),Indian scad,40.0,5.0
2024,2,5102085,Sri Lanka,Purse seine | Other,Ringnet (offshore),Indian scad,20.0,4.0
2024,2,5103077,Sri Lanka,Purse seine | Other,Ringnet (offshore),Rainbow runner,59.0,1.1
2024,2,5103077,Sri Lanka,Purse seine | Other,Ringnet (offshore),Indian scad,59.0,9.0
2024,2,5103078,Sri Lanka,Purse seine | Other,Ringnet (offshore),Rainbow runner,40.0,1.5
2024,2,5103078,Sri Lanka,Purse seine | Other,Ringnet (offshore),Indian scad,40.0,8.0
2024,2,5104077,Sri Lanka,Purse seine | Other,Ringnet (offshore),Rainbow runner,20.0,0.8
2024,2,5104077,Sri Lanka,Purse seine | Other,Ringnet (offshore),Indian scad,20.0,2.0
2024,2,5105074,Maldives,Baitboat,Baitboat (offshore),Common dolphinfish,83.0,0.0213362794360575
2024,2,5105074,Maldives,Baitboat,Baitboat (offshore),Rainbow runner,83.0,0.128017676616345
2024,2,5105085,Sri Lanka,Purse seine | Other,Ringnet (offshore),Indian scad,59.0,23.5
2024,2,5106067,Sri Lanka,Purse seine | Other,Ringnet (offshore),Indian scad,40.0,4.7
2024,2,5106073,Maldives,Baitboat,Baitboat,Common dolphinfish,31.0,0.192026514924517
2024,2,5106073,Maldives,Baitboat,Baitboat,Rainbow runner,31.0,0.0093879629518652
2024,2,5106073,Maldives,Baitboat,Baitboat (offshore),Common dolphinfish,91.0,0.0213362794360575
2024,2,5106073,Maldives,Baitboat,Baitboat (offshore),Rainbow runner,91.0,0.0064008838308172
2024,2,5106085,Sri Lanka,Purse seine | Other,Ringnet (offshore),Indian scad,20.0,6.0
2024,2,5106086,Sri Lanka,Purse seine | Other,Ringnet (offshore),Indian scad,59.0,6.0
2024,2,5106087,Sri Lanka,Gillnet,Gillnet (offshore),Giant manta,22.0,0.1
2024,2,5106087,Sri Lanka,Gillnet,Gillnet (offshore),Silky shark,22.0,0.1
2024,2,5106088,Sri Lanka,Gillnet,Gillnet (offshore),Giant manta,22.0,0.1
2024,2,5106088,Sri Lanka,Gillnet,Gillnet (offshore),Silky shark,22.0,0.1
2024,2,5107067,Sri Lanka,Purse seine | Other,Ringnet (offshore),Indian scad,59.0,20.5
2024,2,5107068,Sri Lanka,Gillnet,Gillnet (offshore),Silky shark,44.0,0.1
2024,2,5107068,Sri Lanka,Purse seine | Other,Ringnet (offshore),Rough triggerfish,99.0,3.0
2024,2,5107068,Sri Lanka,Purse seine | Other,Ringnet (offshore),Rainbow runner,99.0,3.5
2024,2,5107068,Sri Lanka,Purse seine | Other,Ringnet (offshore),Indian scad,99.0,55.6
2024,2,5107069,Sri Lanka,Purse seine | Other,Ringnet (offshore),Rough triggerfish,40.0,0.5
2024,2,5107069,Sri Lanka,Purse seine | Other,Ringnet (offshore),Indian scad,40.0,14.1
2024,2,5107085,Sri Lanka,Purse seine | Other,Ringnet (offshore),Indian scad,40.0,5.0
2024,2,5107086,Sri Lanka,Purse seine | Other,Ringnet (offshore),Indian scad,59.0,11.6
2024,2,5107087,Sri Lanka,Purse seine | Other,Ringnet (offshore),Indian scad,20.0,1.4
2024,2,5107088,Sri Lanka,Purse seine | Other,Ringnet (offshore),Indian scad,20.0,1.4
2024,2,5108068,Sri Lanka,Purse seine | Other,Ringnet (offshore),Rough triggerfish,59.0,0.4
2024,2,5108068,Sri Lanka,Purse seine | Other,Ringnet (offshore),Rainbow runner,59.0,1.0
2024,2,5108068,Sri Lanka,Purse seine | Other,Ringnet (offshore),Indian scad,59.0,26.0
2024,2,5108069,Sri Lanka,Purse seine | Other,Ringnet (offshore),Rough triggerfish,20.0,0.5
2024,2,5108069,Sri Lanka,Purse seine | Other,Ringnet (offshore),Indian scad,20.0,8.0
2024,2,5108084,Sri Lanka,Purse seine | Other,Ringnet (offshore),Indian scad,40.0,6.5
2024,2,5108085,Sri Lanka,Gillnet,Gillnet (offshore),Giant manta,239.0,0.1
2024,2,5108085,Sri Lanka,Gillnet,Gillnet (offshore),Great hammerhead,239.0,0.1
2024,2,5108085,Sri Lanka,Purse seine | Other,Ringnet (offshore),Rough triggerfish,119.0,2.1
2024,2,5108085,Sri Lanka,Purse seine | Other,Ringnet (offshore),Indian mackerel,119.0,2.5
2024,2,5108085,Sri Lanka,Purse seine | Other,Ringnet (offshore),Rainbow runner,119.0,0.4
2024,2,5108085,Sri Lanka,Purse seine | Other,Ringnet (offshore),Indian scad,119.0,13.4
2024,2,5108086,Sri Lanka,Purse seine | Other,Ringnet (offshore),Indian scad,20.0,0.5
2024,2,5108087,Sri Lanka,Purse seine | Other,Ringnet (offshore),Indian scad,59.0,3.4
2024,2,5108088,Sri Lanka,Purse seine | Other,Ringnet (offshore),Indian scad,59.0,1.9
2024,2,5109084,Sri Lanka,Purse seine | Other,Ringnet (offshore),Indian scad,99.0,25.0
2024,2,5109085,Sri Lanka,Purse seine | Other,Ringnet (offshore),Rough triggerfish,178.0,14.1
2024,2,5109085,Sri Lanka,Purse seine | Other,Ringnet (offshore),Rainbow runner,178.0,0.1
2024,2,5109085,Sri Lanka,Purse seine | Other,Ringnet (offshore),Indian scad,178.0,28.0
2024,2,5109086,Sri Lanka,Purse seine | Other,Ringnet (offshore),Rough triggerfish,40.0,0.1
2024,2,5109086,Sri Lanka,Purse seine | Other,Ringnet (offshore),Common dolphinfish,40.0,0.1
2024,2,5109086,Sri Lanka,Purse seine | Other,Ringnet (offshore),Rainbow runner,40.0,0.5
2024,2,5109086,Sri Lanka,Purse seine | Other,Ringnet (offshore),Indian scad,40.0,2.5
2024,2,5109087,Sri Lanka,Purse seine | Other,Ringnet (offshore),Indian scad,20.0,0.2
2024,2,5109088,Sri Lanka,Purse seine | Other,Ringnet (offshore),Indian scad,59.0,10.0
2024,2,5110055,I. R. Iran,Gillnet,Gillnet (offshore),Common dolphinfish,20504.0,370.0
2024,2,5110055,I. R. Iran,Gillnet,Gillnet (offshore),Whitecheek shark,20504.0,1.0
2024,2,5110055,I. R. Iran,Gillnet,Gillnet (offshore),Spottail shark,20504.0,2.0
2024,2,5110055,I. R. Iran,Gillnet,Gillnet (offshore),Silky shark,20504.0,4.0
2024,2,5110055,I. R. Iran,Gillnet,Gillnet (offshore),Milk shark,20504.0,5.0
2024,2,5110068,Sri Lanka,Purse seine | Other,Ringnet (offshore),Blue shark,20.0,4.0
2024,2,5110084,Sri Lanka,Gillnet,Gillnet (offshore),Giant manta,43.0,0.1
2024,2,5110084,Sri Lanka,Purse seine | Other,Ringnet (offshore),Rough triggerfish,99.0,3.0
2024,2,5110084,Sri Lanka,Purse seine | Other,Ringnet (offshore),Indian scad,99.0,21.7
2024,2,5110085,Sri Lanka,Purse seine | Other,Ringnet (offshore),Rough triggerfish,158.0,2.3
2024,2,5110085,Sri Lanka,Purse seine | Other,Ringnet (offshore),Indian scad,158.0,31.1
2024,2,5110086,Sri Lanka,Purse seine | Other,Ringnet (offshore),Indian scad,40.0,4.0
2024,2,5110088,Sri Lanka,Purse seine | Other,Ringnet (offshore),Indian scad,20.0,0.5
2024,2,5111084,Sri Lanka,Purse seine | Other,Ringnet (offshore),Indian scad,40.0,2.0
2024,2,5111085,Sri Lanka,Purse seine | Other,Ringnet (offshore),Indian scad,79.0,12.7
2024,2,5112084,Sri Lanka,Purse seine | Other,Ringnet (offshore),Indian scad,79.0,20.0
2024,2,5112085,Sri Lanka,Purse seine | Other,Ringnet (offshore),Indian scad,20.0,3.5
2024,2,5113086,Sri Lanka,Purse seine | Other,Ringnet (offshore),Indian scad,20.0,6.5
2024,2,5113087,Sri Lanka,Purse seine | Other,Ringnet (offshore),Indian scad,20.0,6.5
2024,2,5113088,Sri Lanka,Purse seine | Other,Ringnet (offshore),Indian scad,20.0,1.0
2024,2,5114085,Sri Lanka,Purse seine | Other,Ringnet (offshore),Rough triggerfish,20.0,0.8
2024,2,5114085,Sri Lanka,Purse seine | Other,Ringnet (offshore),Indian scad,20.0,2.5
2024,2,5114086,Sri Lanka,Purse seine | Other,Ringnet (offshore),Indian scad,20.0,6.5
2024,2,5114087,Sri Lanka,Purse seine | Other,Ringnet (offshore),Indian scad,20.0,6.5
2024,2,5115086,Sri Lanka,Purse seine | Other,Ringnet (offshore),Indian scad,20.0,0.5
2024,2,5200097,Indonesia,Purse seine | LS,Small purse seine,Dogtooth tuna,36.0,0.8
2024,2,5201078,Sri Lanka,Gillnet,Gillnet (offshore),Giant manta,22.0,0.2
2024,2,5202078,Sri Lanka,Purse seine | Other,Ringnet (offshore),Rough triggerfish,20.0,1.0
2024,2,5202078,Sri Lanka,Purse seine | Other,Ringnet (offshore),Indian scad,20.0,2.0
2024,2,5203078,Sri Lanka,Gillnet,Gillnet (offshore),Blue shark,43.0,0.5
2024,2,5204076,Sri Lanka,Gillnet,Gillnet (offshore),Blue shark,43.0,0.3
2024,2,5204077,Sri Lanka,Gillnet,Gillnet (offshore),Silky shark,43.0,0.4
2024,2,5204077,Sri Lanka,Gillnet,Gillnet (offshore),Great hammerhead,43.0,0.1
2024,2,5204078,Sri Lanka,Gillnet,Gillnet (offshore),Silky shark,22.0,0.8
2024,2,5204078,Sri Lanka,Gillnet,Gillnet (offshore),Great hammerhead,22.0,0.6
2024,2,5204078,Sri Lanka,Purse seine | Other,Ringnet (offshore),Rainbow runner,20.0,2.5
2024,2,5204078,Sri Lanka,Purse seine | Other,Ringnet (offshore),Indian scad,20.0,7.0
2024,2,5204079,Sri Lanka,Purse seine | Other,Ringnet (offshore),Indian scad,40.0,6.2
2024,2,5204080,Sri Lanka,Purse seine | Other,Ringnet (offshore),Indian scad,20.0,3.2
2024,2,5204081,Sri Lanka,Purse seine | Other,Ringnet (offshore),Indian scad,40.0,17.0
2024,2,5204082,Sri Lanka,Purse seine | Other,Ringnet (offshore),Rough triggerfish,20.0,5.0
2024,2,5204082,Sri Lanka,Purse seine | Other,Ringnet (offshore),Rainbow runner,20.0,2.0
2024,2,5204082,Sri Lanka,Purse seine | Other,Ringnet (offshore),Indian scad,20.0,10.0
2024,2,5205077,Sri Lanka,Gillnet,Gillnet (offshore),Silky shark,22.0,0.4
2024,2,5205077,Sri Lanka,Gillnet,Gillnet (offshore),Great hammerhead,22.0,0.1
2024,2,5205078,Sri Lanka,Gillnet,Gillnet (offshore),Silky shark,65.0,7.2
2024,2,5205078,Sri Lanka,Gillnet,Gillnet (offshore),Great hammerhead,65.0,1.4
2024,2,5205078,Sri Lanka,Purse seine | Other,Ringnet (offshore),Rough triggerfish,20.0,3.0
2024,2,5205078,Sri Lanka,Purse seine | Other,Ringnet (offshore),Indian scad,20.0,5.0
2024,2,5205079,Sri Lanka,Purse seine | Other,Ringnet (offshore),Rough triggerfish,79.0,1.7
2024,2,5205079,Sri Lanka,Purse seine | Other,Ringnet (offshore),Rainbow runner,79.0,1.3
2024,2,5205079,Sri Lanka,Purse seine | Other,Ringnet (offshore),Indian scad,79.0,13.7
2024,2,5205080,Sri Lanka,Purse seine | Other,Ringnet (offshore),Indian scad,40.0,6.2
2024,2,5205081,Sri Lanka,Purse seine | Other,Ringnet (offshore),Indian scad,59.0,3.0
2024,2,5205083,Sri Lanka,Purse seine | Other,Ringnet (offshore),Indian scad,20.0,2.5
2024,2,5205084,Sri Lanka,Purse seine | Other,Ringnet (offshore),Indian scad,20.0,2.5
2024,2,5205087,Sri Lanka,Purse seine | Other,Ringnet (offshore),Indian scad,40.0,0.5
2024,2,5205088,Sri Lanka,Purse seine | Other,Ringnet (offshore),Indian scad,20.0,0.5
2024,2,5206078,Sri Lanka,Gillnet,Gillnet (offshore),Blue shark,43.0,0.8
2024,2,5206078,Sri Lanka,Gillnet,Gillnet (offshore),Silky shark,43.0,0.2
2024,2,5206078,Sri Lanka,Gillnet,Gillnet (offshore),Great hammerhead,43.0,2.0
2024,2,5206079,Sri Lanka,Gillnet,Gillnet (offshore),Blue shark,22.0,1.8
2024,2,5206079,Sri Lanka,Gillnet,Gillnet (offshore),Silky shark,22.0,0.6
2024,2,5206079,Sri Lanka,Gillnet,Gillnet (offshore),Great hammerhead,22.0,0.5
2024,2,5206081,Sri Lanka,Purse seine | Other,Ringnet (offshore),Indian scad,40.0,3.0
2024,2,5206082,Sri Lanka,Gillnet,Gillnet (offshore),Indian scad,326.0,2.0
2024,2,5206082,Sri Lanka,Gillnet,Gillnet (offshore),Giant manta,326.0,0.6
2024,2,5206082,Sri Lanka,Purse seine | Other,Ringnet (offshore),Indian scad,79.0,6.0
2024,2,5206083,Sri Lanka,Purse seine | Other,Ringnet (offshore),Indian scad,40.0,2.5
2024,2,5206084,Sri Lanka,Purse seine | Other,Ringnet (offshore),Indian scad,40.0,2.5
2024,2,5206085,Sri Lanka,Gillnet,Gillnet (offshore),Indian scad,65.0,1.0
2024,2,5206085,Sri Lanka,Purse seine | Other,Ringnet (offshore),Indian scad,40.0,1.5
2024,2,5206087,Sri Lanka,Purse seine | Other,Ringnet (offshore),Indian scad,59.0,5.0
2024,2,5206088,Sri Lanka,Purse seine | Other,Ringnet (offshore),Indian scad,40.0,5.0
2024,2,5206094,Indonesia,Line | Handline,Handline (offshore),Common dolphinfish,2.0,0.43
2024,2,5206095,Indonesia,Line | Handline,Handline (offshore),Common dolphinfish,2.0,0.12
2024,2,5206096,Indonesia,Line | Handline,Handline (offshore),Common dolphinfish,9.0,0.353
2024,2,5206102,Indonesia,Line | Handline,Handline,Common dolphinfish,9.0,0.121
2024,2,5207078,Sri Lanka,Gillnet,Gillnet (offshore),Blue shark,22.0,1.0
2024,2,5207078,Sri Lanka,Gillnet,Gillnet (offshore),Silky shark,22.0,0.5
2024,2,5207078,Sri Lanka,Gillnet,Gillnet (offshore),Great hammerhead,22.0,0.2
2024,2,5207079,Sri Lanka,Gillnet,Gillnet (offshore),Blue shark,22.0,1.5
2024,2,5207079,Sri Lanka,Gillnet,Gillnet (offshore),Silky shark,22.0,0.6
2024,2,5207079,Sri Lanka,Gillnet,Gillnet (offshore),Great hammerhead,22.0,0.6
2024,2,5207081,Sri Lanka,Purse seine | Other,Ringnet (offshore),Indian scad,40.0,3.0
2024,2,5207082,Sri Lanka,Purse seine | Other,Ringnet (offshore),Indian scad,178.0,10.3
2024,2,5207083,Sri Lanka,Purse seine | Other,Ringnet (offshore),Indian scad,79.0,1.8
2024,2,5207084,Sri Lanka,Gillnet,Gillnet (offshore),Indian scad,130.0,8.0
2024,2,5207084,Sri Lanka,Purse seine | Other,Ringnet (offshore),Indian scad,40.0,1.0
2024,2,5207085,Sri Lanka,Purse seine | Other,Ringnet (offshore),Indian scad,20.0,3.0
2024,2,5207087,Sri Lanka,Purse seine | Other,Ringnet (offshore),Indian scad,20.0,4.5
2024,2,5207088,Sri Lanka,Purse seine | Other,Ringnet (offshore),Indian scad,20.0,4.5
2024,2,5207094,Indonesia,Line | Handline,Handline (offshore),Common dolphinfish,3.0,0.45
2024,2,5207102,Indonesia,Line | Handline,Handline,Common dolphinfish,14.0,0.12
2024,2,5207103,Indonesia,Line | Handline,Handline,Common dolphinfish,54.0,0.416
2024,2,5207105,Indonesia,Line | Handline,Handline (offshore),Common dolphinfish,14.0,0.151
2024,2,5207106,Indonesia,Line | Handline,Handline,Common dolphinfish,49.0,0.425
2024,2,5207106,Indonesia,Line | Handline,Handline (offshore),Common dolphinfish,10.0,0.13
2024,2,5207107,Indonesia,Line | Handline,Handline,Common dolphinfish,1.0,0.066
2024,2,5207107,Indonesia,Line | Handline,Handline (offshore),Common dolphinfish,1.0,0.02
2024,2,5208081,Sri Lanka,Purse seine | Other,Ringnet (offshore),Indian scad,139.0,17.9
2024,2,5208082,Sri Lanka,Purse seine | Other,Ringnet (offshore),Indian scad,158.0,13.0
2024,2,5208083,Sri Lanka,Gillnet,Gillnet (offshore),Giant manta,608.0,0.6
2024,2,5208083,Sri Lanka,Purse seine | Other,Ringnet (offshore),Indian scad,99.0,7.8
2024,2,5208084,Sri Lanka,Gillnet,Gillnet (offshore),Indian scad,543.0,8.0
2024,2,5208084,Sri Lanka,Gillnet,Gillnet (offshore),Giant manta,543.0,0.1
2024,2,5208085,Sri Lanka,Gillnet,Gillnet (offshore),Giant manta,282.0,0.1
2024,2,5208085,Sri Lanka,Purse seine | Other,Ringnet (offshore),Indian scad,20.0,6.2
2024,2,5208088,Sri Lanka,Purse seine | Other,Ringnet (offshore),Indian scad,20.0,8.0
2024,2,5208102,Indonesia,Line | Handline,Handline,Common dolphinfish,18.0,0.1
2024,2,5208103,Indonesia,Gillnet,Gillnet,Common dolphinfish,10.0,0.267
2024,2,5208103,Indonesia,Line | Handline,Handline,Common dolphinfish,42.0,1.0
2024,2,5208103,Indonesia,Line | Handline,Handline (offshore),Common dolphinfish,2.0,0.165
2024,2,5208104,Indonesia,Line | Handline,Handline,Common dolphinfish,77.0,0.672
2024,2,5208104,Indonesia,Line | Handline,Handline,Blue shark,77.0,0.028
2024,2,5208105,Indonesia,Line | Handline,Handline,Common dolphinfish,123.0,2.409
2024,2,5208105,Indonesia,Line | Handline,Handline (offshore),Common dolphinfish,3.0,0.061
2024,2,5208105,Indonesia,Purse seine | LS,Purse seine,Common dolphinfish,5.0,0.049
2024,2,5208106,Indonesia,Line | Handline,Handline,Common dolphinfish,112.0,4.806
2024,2,5208106,Indonesia,Line | Trolling,Troll line,Common dolphinfish,8.0,0.273
2024,2,5208106,Indonesia,Line | Handline,Handline (offshore),Common dolphinfish,12.0,0.483
2024,2,5208107,Indonesia,Line | Handline,Handline,Common dolphinfish,17.0,0.275
2024,2,5208108,Indonesia,Line | Handline,Handline,Common dolphinfish,17.0,0.127
2024,2,5208109,Indonesia,Line | Handline,Handline,Common dolphinfish,6.0,0.111
2024,2,5208112,Indonesia,Line | Handline,Handline,Common dolphinfish,7.0,0.7
2024,2,5209081,Sri Lanka,Purse seine | Other,Ringnet (offshore),Indian scad,158.0,16.2
2024,2,5209082,Sri Lanka,Purse seine | Other,Ringnet (offshore),Indian scad,79.0,9.5
2024,2,5209083,Sri Lanka,Gillnet,Gillnet (offshore),Giant manta,673.0,0.1
2024,2,5209083,Sri Lanka,Purse seine | Other,Ringnet (offshore),Indian scad,59.0,2.5
2024,2,5209084,Sri Lanka,Gillnet,Gillnet (offshore),Giant manta,521.0,0.1
2024,2,5209084,Sri Lanka,Gillnet,Gillnet (offshore),Great hammerhead,521.0,0.1
2024,2,5209085,Sri Lanka,Gillnet,Gillnet (offshore),Giant manta,369.0,0.3
2024,2,5209088,Sri Lanka,Purse seine | Other,Ringnet (offshore),Indian scad,20.0,8.0
2024,2,5209102,Indonesia,Line | Handline,Handline,Common dolphinfish,4.0,0.102
2024,2,5209104,Indonesia,Line | Handline,Handline,Common dolphinfish,7.0,1.748
2024,2,5209104,Indonesia,Line | Handline,Handline (offshore),Common dolphinfish,4.0,0.3
2024,2,5209105,Indonesia,Line | Handline,Handline,Common dolphinfish,14.0,1.588
2024,2,5209106,Indonesia,Line | Handline,Handline,Common dolphinfish,3.0,0.155
2024,2,5209107,Indonesia,Line | Handline,Handline,Common dolphinfish,24.0,1.063
2024,2,5209108,Indonesia,Line | Handline,Handline,Common dolphinfish,19.0,0.512
2024,2,5209109,Indonesia,Line | Handline,Handline,Common dolphinfish,5.0,0.254
2024,2,5209110,Indonesia,Line | Handline,Handline,Common dolphinfish,3.0,0.053
2024,2,5209110,Indonesia,Purse seine | LS,Small purse seine,Common dolphinfish,5.0,0.964
2024,2,5209111,Indonesia,Purse seine | LS,Small purse seine,Common dolphinfish,12.0,0.166
2024,2,5209112,Indonesia,Line | Handline,Handline,Common dolphinfish,11.0,1.0
2024,2,5209112,Indonesia,Purse seine | LS,Small purse seine,Common dolphinfish,1.0,0.023
2024,2,5210108,Indonesia,Line | Handline,Handline,Common dolphinfish,2.0,0.086
2024,2,5210109,Indonesia,Line | Handline,Handline,Common dolphinfish,3.0,0.967
2024,2,5210109,Indonesia,Line | Handline,Handline (offshore),Common dolphinfish,1.0,0.472
2024,2,5210112,Indonesia,Line | Handline,Handline,Common dolphinfish,10.0,0.102
2024,2,5210113,Indonesia,Line | Handline,Handline,Common dolphinfish,3.0,0.4
2024,2,5211109,Indonesia,Line | Handline,Handline (offshore),Common dolphinfish,2.0,0.533
2024,2,5211121,Indonesia,Line | Handline,Handline,Common dolphinfish,7.0,0.15
2024,2,5212108,Indonesia,Line | Handline,Handline (offshore),Common dolphinfish,1.0,0.1
2024,2,5212120,Indonesia,Purse seine | LS,Purse seine,Common dolphinfish,10.0,0.1
2024,2,5213106,Indonesia,Line | Handline,Handline,Common dolphinfish,1.0,0.13
2024,2,5213106,Indonesia,Line | Handline,Handline (offshore),Common dolphinfish,1.0,0.1
2024,2,5213107,Indonesia,Line | Handline,Handline,Common dolphinfish,3.0,0.15
2024,2,5213107,Indonesia,Line | Handline,Handline (offshore),Common dolphinfish,2.0,0.15
2024,2,5213109,Indonesia,Line | Handline,Handline,Common dolphinfish,2.0,0.233
2024,2,5213109,Indonesia,Line | Handline,Handline,Blue shark,2.0,0.031
2024,2,5214105,Indonesia,Line | Handline,Handline,Common dolphinfish,10.0,0.1
2024,2,5214105,Indonesia,Line | Handline,Handline (offshore),Common dolphinfish,14.0,0.33
2024,2,5214106,Indonesia,Line | Handline,Handline (offshore),Common dolphinfish,33.0,0.302
2024,2,5214107,Indonesia,Line | Handline,Handline (offshore),Common dolphinfish,2.0,0.02
2024,2,6100055,Sri Lanka,Longline | Fresh,Longline (fresh),Blue shark,4493.0,0.7
2024,2,6100055,Sri Lanka,Longline | Fresh,Longline (fresh),Silky shark,4493.0,0.2
2024,2,6100060,Sri Lanka,Longline | Fresh,Longline (fresh),Blue shark,10952.0,2.0
2024,2,6100060,Sri Lanka,Longline | Fresh,Longline (fresh),Silky shark,10952.0,0.2
2024,2,6100060,Sri Lanka,Longline | Fresh,Longline (fresh),Shortfin mako,10952.0,0.1
2024,2,6100065,Sri Lanka,Longline | Fresh,Longline (fresh),Blue shark,4633.0,0.1
2024,2,6100075,Sri Lanka,Gillnet,Gillnet,Giant manta,262.0,0.6
2024,2,6100075,Sri Lanka,Gillnet,Gillnet,Silky shark,262.0,0.4
2024,2,6100075,Sri Lanka,Line | Coastal longline,Coastal longline,Blue shark,1625.0,3.1
2024,2,6100075,Sri Lanka,Line | Coastal longline,Coastal longline,Silky shark,1625.0,0.9
2024,2,6100075,Sri Lanka,Line | Coastal longline,Coastal longline,Shortfin mako,1625.0,0.2
2024,2,6100075,Sri Lanka,Purse seine | Other,Ringnet,Rough triggerfish,1013.0,7.7
2024,2,6100075,Sri Lanka,Purse seine | Other,Ringnet,Rainbow runner,1013.0,17.8
2024,2,6100075,Sri Lanka,Purse seine | Other,Ringnet,Indian scad,1013.0,186.2
2024,2,6100080,Sri Lanka,Gillnet,Gillnet,Blue shark,444.0,1.3
2024,2,6100080,Sri Lanka,Gillnet,Gillnet,Silky shark,444.0,1.5
2024,2,6100080,Sri Lanka,Gillnet,Gillnet,Shortfin mako,444.0,0.2
2024,2,6100080,Sri Lanka,Line | Coastal longline,Coastal longline,Blue shark,148.0,0.6
2024,2,6100080,Sri Lanka,Line | Coastal longline,Coastal longline,Silky shark,148.0,0.4
2024,2,6100080,Sri Lanka,Purse seine | Other,Ringnet,Rough triggerfish,1508.0,10.2
2024,2,6100080,Sri Lanka,Purse seine | Other,Ringnet,Indian mackerel,1508.0,2.7
2024,2,6100080,Sri Lanka,Purse seine | Other,Ringnet,Rainbow runner,1508.0,1.2
2024,2,6100080,Sri Lanka,Purse seine | Other,Ringnet,Indian scad,1508.0,303.4
2024,2,6105060,Sri Lanka,Longline | Fresh,Longline (fresh),Blue shark,246.0,0.1
2024,2,6105060,Sri Lanka,Longline | Fresh,Longline (fresh),Silky shark,246.0,3.1
2024,2,6105060,Sri Lanka,Longline | Fresh,Longline (fresh),Shortfin mako,246.0,0.5
2024,2,6105060,Sri Lanka,Longline | Fresh,Longline (fresh),Great hammerhead,246.0,0.3
2024,2,6105075,Sri Lanka,Gillnet,Gillnet,Common dolphinfish,1148.0,0.3
2024,2,6105075,Sri Lanka,Gillnet,Gillnet,Giant manta,1148.0,0.9
2024,2,6105075,Sri Lanka,Gillnet,Gillnet,Blue shark,1148.0,1.5
2024,2,6105075,Sri Lanka,Gillnet,Gillnet,Silky shark,1148.0,1.2
2024,2,6105075,Sri Lanka,Gillnet,Gillnet,Shortfin mako,1148.0,1.0
2024,2,6105075,Sri Lanka,Gillnet,Gillnet,Great hammerhead,1148.0,0.1
2024,2,6105075,Sri Lanka,Line | Coastal longline,Coastal longline,Blue shark,3591.0,5.6
2024,2,6105075,Sri Lanka,Line | Coastal longline,Coastal longline,Silky shark,3591.0,1.2
2024,2,6105075,Sri Lanka,Line | Coastal longline,Coastal longline,Shortfin mako,3591.0,0.2
2024,2,6105075,Sri Lanka,Line | Coastal longline,Coastal longline,Scalloped hammerhead,3591.0,2.6
2024,2,6105075,Sri Lanka,Line | Handline,Handline,Indian mackerel,108.0,3.8
2024,2,6105075,Sri Lanka,Line | Handline,Handline,Rainbow runner,108.0,0.2
2024,2,6105075,Sri Lanka,Other,Beach seine,Dorab wolf-herring,3211.0,3.3
2024,2,6105075,Sri Lanka,Other,Beach seine,Needle cuttlefish,3211.0,10.7
2024,2,6105075,Sri Lanka,Other,Beach seine,Indian mackerel,3211.0,4.0
2024,2,6105075,Sri Lanka,Purse seine | Other,Ringnet,Rough triggerfish,1984.0,17.0
2024,2,6105075,Sri Lanka,Purse seine | Other,Ringnet,Indian mackerel,1984.0,6.8
2024,2,6105075,Sri Lanka,Purse seine | Other,Ringnet,Rainbow runner,1984.0,15.7
2024,2,6105075,Sri Lanka,Purse seine | Other,Ringnet,Indian scad,1984.0,477.7
2024,2,6105080,Sri Lanka,Gillnet,Gillnet,Bigeye scad,9041.0,0.4
2024,2,6105080,Sri Lanka,Gillnet,Gillnet,Common dolphinfish,9041.0,1.1
2024,2,6105080,Sri Lanka,Gillnet,Gillnet,Giant manta,9041.0,2.9
2024,2,6105080,Sri Lanka,Gillnet,Gillnet,Devil fish,9041.0,0.2
2024,2,6105080,Sri Lanka,Gillnet,Gillnet,Blue shark,9041.0,0.1
2024,2,6105080,Sri Lanka,Gillnet,Gillnet,Silky shark,9041.0,0.1
2024,2,6105080,Sri Lanka,Gillnet,Gillnet,Scalloped hammerhead,9041.0,0.1
2024,2,6105080,Sri Lanka,Line | Coastal longline,Coastal longline,Common dolphinfish,7020.0,1.2
2024,2,6105080,Sri Lanka,Line | Coastal longline,Coastal longline,Indian scad,7020.0,0.1
2024,2,6105080,Sri Lanka,Line | Coastal longline,Coastal longline,Giant manta,7020.0,1.0
2024,2,6105080,Sri Lanka,Line | Coastal longline,Coastal longline,Silky shark,7020.0,2.5
2024,2,6105080,Sri Lanka,Line | Coastal longline,Coastal longline,Smooth hammerhead,7020.0,0.3
2024,2,6105080,Sri Lanka,Line | Handline,Handline,Bigeye scad,192.0,7.3
2024,2,6105080,Sri Lanka,Line | Trolling,Troll line,Bigeye scad,3856.0,13.5
2024,2,6105080,Sri Lanka,Other,Beach seine,Dorab wolf-herring,3724.0,1.0
2024,2,6105080,Sri Lanka,Other,Beach seine,Needle cuttlefish,3724.0,16.6
2024,2,6105080,Sri Lanka,Other,Beach seine,Indian mackerel,3724.0,61.2
2024,2,6105080,Sri Lanka,Purse seine | Other,Ringnet,Bigeye scad,7802.0,15.3
2024,2,6105080,Sri Lanka,Purse seine | Other,Ringnet,Rough triggerfish,7802.0,43.1
2024,2,6105080,Sri Lanka,Purse seine | Other,Ringnet,Indian mackerel,7802.0,9.0
2024,2,6105080,Sri Lanka,Purse seine | Other,Ringnet,Rainbow runner,7802.0,10.8
2024,2,6105080,Sri Lanka,Purse seine | Other,Ringnet,Indian scad,7802.0,1693.0
2024,2,6105085,Sri Lanka,Gillnet,Gillnet,Giant manta,213.0,0.2
2024,2,6105085,Sri Lanka,Line | Coastal longline,Coastal longline,Blue shark,415.0,0.9
2024,2,6105085,Sri Lanka,Purse seine | Other,Ringnet,Bigeye scad,4330.0,3.4
2024,2,6105085,Sri Lanka,Purse seine | Other,Ringnet,Rough triggerfish,4330.0,13.6
2024,2,6105085,Sri Lanka,Purse seine | Other,Ringnet,Indian mackerel,4330.0,23.0
2024,2,6105085,Sri Lanka,Purse seine | Other,Ringnet,Rainbow runner,4330.0,7.8
2024,2,6105085,Sri Lanka,Purse seine | Other,Ringnet,Indian scad,4330.0,1042.9
2024,2,6110080,Sri Lanka,Gillnet,Gillnet,Giant manta,714.0,0.3
2024,2,6110080,Sri Lanka,Line | Coastal longline,Coastal longline,Scalloped hammerhead,1648.0,0.3
2024,2,6110080,Sri Lanka,Purse seine | Other,Ringnet,Rough triggerfish,3193.0,33.7
2024,2,6110080,Sri Lanka,Purse seine | Other,Ringnet,Indian mackerel,3193.0,2.3
2024,2,6110080,Sri Lanka,Purse seine | Other,Ringnet,Rainbow runner,3193.0,6.7
2024,2,6110080,Sri Lanka,Purse seine | Other,Ringnet,Indian scad,3193.0,545.9
2024,2,6120055,I. R. Iran,Gillnet,Gillnet,Common dolphinfish,4019.0,14.4
2024,2,6120060,I. R. Iran,Gillnet,Gillnet,Common dolphinfish,19570.0,210.4
2024,2,6120060,I. R. Iran,Gillnet,Gillnet,Whitecheek shark,19570.0,4.9
2024,2,6120060,I. R. Iran,Gillnet,Gillnet,Spottail shark,19570.0,9.7
2024,2,6120060,I. R. Iran,Gillnet,Gillnet,Milk shark,19570.0,28.6
2024,2,6120060,I. R. Iran,Line | Trolling,Troll line,Common dolphinfish,6460.0,77.3
2024,2,6120060,I. R. Iran,Line | Trolling,Troll line,Spottail shark,6460.0,1.8
2024,2,6120060,I. R. Iran,Line | Trolling,Troll line,Milk shark,6460.0,5.8
2024,2,6125045,I. R. Iran,Gillnet,Gillnet,Whitecheek shark,259.0,0.1
2024,2,6125045,I. R. Iran,Gillnet,Gillnet,Spottail shark,259.0,0.2
2024,2,6125045,I. R. Iran,Gillnet,Gillnet,Milk shark,259.0,0.5
2024,2,6125045,I. R. Iran,Line | Trolling,Troll line,Spottail shark,119.0,0.1
2024,2,6125045,I. R. Iran,Line | Trolling,Troll line,Milk shark,119.0,0.6
2024,2,6125050,I. R. Iran,Gillnet,Gillnet,Common dolphinfish,20157.0,6.2
2024,2,6125050,I. R. Iran,Gillnet,Gillnet,Whitecheek shark,20157.0,0.4
2024,2,6125050,I. R. Iran,Gillnet,Gillnet,Spottail shark,20157.0,0.9
2024,2,6125050,I. R. Iran,Gillnet,Gillnet,Milk shark,20157.0,2.6
2024,2,6125050,I. R. Iran,Line | Trolling,Troll line,Common dolphinfish,4783.0,3.6
2024,2,6125050,I. R. Iran,Line | Trolling,Troll line,Spottail shark,4783.0,0.2
2024,2,6125050,I. R. Iran,Line | Trolling,Troll line,Milk shark,4783.0,0.8
2024,2,6125055,I. R. Iran,Gillnet,Gillnet,Common dolphinfish,16050.0,29.7
2024,2,6125055,I. R. Iran,Gillnet,Gillnet,Whitecheek shark,16050.0,1.3
2024,2,6125055,I. R. Iran,Gillnet,Gillnet,Spottail shark,16050.0,2.7
2024,2,6125055,I. R. Iran,Gillnet,Gillnet,Milk shark,16050.0,8.0
2024,2,6125055,I. R. Iran,Line | Trolling,Troll line,Common dolphinfish,3792.0,17.1
2024,2,6125055,I. R. Iran,Line | Trolling,Troll line,Spottail shark,3792.0,0.9
2024,2,6125055,I. R. Iran,Line | Trolling,Troll line,Milk shark,3792.0,2.5
2024,2,6125060,I. R. Iran,Gillnet,Gillnet,Common dolphinfish,1729.0,19.7
2024,2,6125060,I. R. Iran,Gillnet,Gillnet,Whitecheek shark,1729.0,0.2
2024,2,6125060,I. R. Iran,Gillnet,Gillnet,Spottail shark,1729.0,0.5
2024,2,6125060,I. R. Iran,Gillnet,Gillnet,Milk shark,1729.0,1.4
2024,2,6125060,I. R. Iran,Line | Coastal longline,Coastal longline,Common dolphinfish,518.884736293837,1.12
2024,2,6125060,I. R. Iran,Line | Trolling,Troll line,Common dolphinfish,1018.0,11.4
2024,2,6125060,I. R. Iran,Line | Trolling,Troll line,Spottail shark,1018.0,0.1
2024,2,6125060,I. R. Iran,Line | Trolling,Troll line,Milk shark,1018.0,0.4
2024,2,6200035,Kenya,Gillnet,Gillnet,Common dolphinfish,12000.0,3.94987
2024,2,6200035,Kenya,Line | Coastal longline,Coastal longline,Common dolphinfish,1360.0,0.01
2024,2,6200035,Kenya,Line | Coastal longline,Coastal longline,Great barracuda,1360.0,0.002
2024,2,6200035,Kenya,Line | Coastal longline,Coastal longline,Escolar,1360.0,0.0176
2024,2,6200035,Kenya,Line | Coastal longline,Coastal longline,Blue shark,1360.0,0.8368
2024,2,6200035,Kenya,Line | Coastal longline,Coastal longline,Silky shark,1360.0,0.0948
2024,2,6200035,Kenya,Line | Coastal longline,Coastal longline,Shortfin mako,1360.0,0.1332
2024,2,6200035,Kenya,Line | Handline,Handline,Great barracuda,7750.0,36.08
2024,2,6200035,Kenya,Line | Trolling,Troll line,Great barracuda,1200.0,15.46
2024,2,6200040,Kenya,Gillnet,Gillnet,Common dolphinfish,12000.0,6.01067
2024,2,6200040,Kenya,Line | Coastal longline,Coastal longline,Common dolphinfish,1360.0,0.00667
2024,2,6200040,Kenya,Line | Coastal longline,Coastal longline,Great barracuda,1360.0,0.00133
2024,2,6200040,Kenya,Line | Coastal longline,Coastal longline,Escolar,1360.0,0.01173
2024,2,6200040,Kenya,Line | Coastal longline,Coastal longline,Blue shark,1360.0,0.55787
2024,2,6200040,Kenya,Line | Coastal longline,Coastal longline,Silky shark,1360.0,0.0632
2024,2,6200040,Kenya,Line | Coastal longline,Coastal longline,Shortfin mako,1360.0,0.0888
2024,2,6200040,Kenya,Line | Handline,Handline,Great barracuda,7750.0,24.05333
2024,2,6200040,Kenya,Line | Trolling,Troll line,Great barracuda,1200.0,10.30667
2024,2,6200055,Sri Lanka,Longline | Fresh,Longline (fresh),Blue shark,772.0,0.5
2024,2,6200060,Sri Lanka,Longline | Fresh,Longline (fresh),Blue shark,7301.0,0.4
2024,2,6200060,Sri Lanka,Longline | Fresh,Longline (fresh),Silky shark,7301.0,0.1
2024,2,6200065,Sri Lanka,Longline | Fresh,Longline (fresh),Blue shark,8213.0,0.7
2024,2,6200065,Sri Lanka,Longline | Fresh,Longline (fresh),Silky shark,8213.0,1.2
2024,2,6200075,Sri Lanka,Longline | Fresh,Longline (fresh),Blue shark,9652.0,0.1
2024,2,6200075,Sri Lanka,Longline | Fresh,Longline (fresh),Silky shark,9652.0,0.3
2024,2,6200075,Sri Lanka,Longline | Fresh,Longline (fresh),Shortfin mako,9652.0,0.1
2024,2,6205040,Comoros,Line | Handline,Handline,Common dolphinfish,10864.1476633966,0.13238
2024,2,6205040,Comoros,Line | Handline,Handline,Blue shark,10864.1476633966,1.62726
2024,2,6205040,Comoros,Line | Trolling,Troll line,Common dolphinfish,16895.0499579315,32.32132
2024,2,6205040,Comoros,Line | Trolling,Troll line,Blue shark,16895.0499579315,0.17109
2024,2,6205060,Sri Lanka,Longline | Fresh,Longline (fresh),Blue shark,597.0,0.4
2024,2,6205065,Sri Lanka,Longline | Fresh,Longline (fresh),Blue shark,1544.0,2.7
2024,2,6205065,Sri Lanka,Longline | Fresh,Longline (fresh),Silky shark,1544.0,0.8
2024,2,6205075,Sri Lanka,Longline | Fresh,Longline (fresh),Blue shark,6774.0,0.9
2024,2,6205080,Sri Lanka,Longline | Fresh,Longline (fresh),Indian scad,6704.0,2.0
2024,2,6205080,Sri Lanka,Longline | Fresh,Longline (fresh),Blue shark,6704.0,0.1
2024,3,5100079,Sri Lanka,Purse seine | Other,Ringnet (offshore),Indian scad,20.0,0.4
2024,3,5100080,Sri Lanka,Gillnet,Gillnet (offshore),Giant manta,65.0,0.9
2024,3,5100084,Sri Lanka,Purse seine | Other,Ringnet (offshore),Indian scad,20.0,3.0
2024,3,5100088,Sri Lanka,Purse seine | Other,Ringnet (offshore),Indian scad,20.0,5.0
2024,3,5101078,Sri Lanka,Gillnet,Gillnet (offshore),Silky shark,22.0,0.1
2024,3,5101078,Sri Lanka,Purse seine | Other,Ringnet (offshore),Rainbow runner,20.0,0.8
2024,3,5101078,Sri Lanka,Purse seine | Other,Ringnet (offshore),Indian scad,20.0,0.5
2024,3,5101079,Sri Lanka,Purse seine | Other,Ringnet (offshore),Indian scad,20.0,7.0
2024,3,5101080,Sri Lanka,Purse seine | Other,Ringnet (offshore),Indian scad,20.0,2.5
2024,3,5102084,Sri Lanka,Purse seine | Other,Ringnet (offshore),Indian scad,20.0,4.2
2024,3,5103073,Maldives,Line | Handline,Handline,Common dolphinfish,65.0,2.06961910529758
2024,3,5103073,Maldives,Line | Handline,Handline,Rainbow runner,65.0,0.725433500825954
2024,3,5103077,Sri Lanka,Purse seine | Other,Ringnet (offshore),Rough triggerfish,20.0,0.3
2024,3,5103077,Sri Lanka,Purse seine | Other,Ringnet (offshore),Indian scad,20.0,1.5
2024,3,5103078,Sri Lanka,Purse seine | Other,Ringnet (offshore),Indian scad,40.0,6.8
2024,3,5104084,Sri Lanka,Purse seine | Other,Ringnet (offshore),Indian scad,20.0,2.5
2024,3,5104085,Sri Lanka,Purse seine | Other,Ringnet (offshore),Indian scad,40.0,3.9
2024,3,5104086,Sri Lanka,Purse seine | Other,Ringnet (offshore),Indian scad,40.0,4.5
2024,3,5105064,Sri Lanka,Purse seine | Other,Ringnet (offshore),Indian scad,20.0,3.0
2024,3,5105066,Sri Lanka,Purse seine | Other,Ringnet (offshore),Indian scad,20.0,6.9
2024,3,5105067,Sri Lanka,Purse seine | Other,Ringnet (offshore),Indian scad,20.0,1.2
2024,3,5105084,Sri Lanka,Purse seine | Other,Ringnet (offshore),Indian scad,20.0,2.5
2024,3,5105085,Sri Lanka,Purse seine | Other,Ringnet (offshore),Indian scad,40.0,3.5
2024,3,5105086,Sri Lanka,Purse seine | Other,Ringnet (offshore),Indian scad,20.0,0.4
2024,3,5105087,Sri Lanka,Purse seine | Other,Ringnet (offshore),Rough triggerfish,40.0,0.7
2024,3,5105087,Sri Lanka,Purse seine | Other,Ringnet (offshore),Rainbow runner,40.0,0.2
2024,3,5105087,Sri Lanka,Purse seine | Other,Ringnet (offshore),Indian scad,40.0,3.0
2024,3,5106067,Sri Lanka,Purse seine | Other,Ringnet (offshore),Indian scad,20.0,3.3
2024,3,5106073,Maldives,Baitboat,Baitboat,Rainbow runner,18.0,0.59741582420961
2024,3,5106073,Maldives,Baitboat,Baitboat,Common dolphinfish,18.0,1.47220328108797
2024,3,5106073,Maldives,Baitboat,Baitboat,Dogtooth tuna,18.0,0.298707912104805
2024,3,5106073,Maldives,Baitboat,Baitboat,Rainbow runner,18.0,0.992350356571033
2024,3,5106085,Sri Lanka,Gillnet,Gillnet (offshore),Giant manta,109.0,0.3
2024,3,5106085,Sri Lanka,Purse seine | Other,Ringnet (offshore),Rough triggerfish,40.0,0.1
2024,3,5106085,Sri Lanka,Purse seine | Other,Ringnet (offshore),Indian scad,40.0,0.1
2024,3,5106086,Sri Lanka,Purse seine | Other,Ringnet (offshore),Rough triggerfish,59.0,0.1
2024,3,5106086,Sri Lanka,Purse seine | Other,Ringnet (offshore),Indian scad,59.0,4.1
2024,3,5106087,Sri Lanka,Purse seine | Other,Ringnet (offshore),Indian scad,40.0,4.0
2024,3,5107067,Sri Lanka,Purse seine | Other,Ringnet (offshore),Rough triggerfish,59.0,5.3
2024,3,5107067,Sri Lanka,Purse seine | Other,Ringnet (offshore),Rainbow runner,59.0,2.4
2024,3,5107067,Sri Lanka,Purse seine | Other,Ringnet (offshore),Indian scad,59.0,20.8
2024,3,5107068,Sri Lanka,Purse seine | Other,Ringnet (offshore),Rough triggerfish,158.0,1.7
2024,3,5107068,Sri Lanka,Purse seine | Other,Ringnet (offshore),Rainbow runner,158.0,2.2
2024,3,5107068,Sri Lanka,Purse seine | Other,Ringnet (offshore),Indian scad,158.0,73.7
2024,3,5107069,Sri Lanka,Purse seine | Other,Ringnet (offshore),Rough triggerfish,99.0,1.2
2024,3,5107069,Sri Lanka,Purse seine | Other,Ringnet (offshore),Indian scad,99.0,49.8
2024,3,5107085,Sri Lanka,Gillnet,Gillnet (offshore),Giant manta,87.0,0.6
2024,3,5107085,Sri Lanka,Purse seine | Other,Ringnet (offshore),Indian scad,40.0,19.0
2024,3,5107086,Sri Lanka,Gillnet,Gillnet (offshore),Giant manta,22.0,0.2
2024,3,5107086,Sri Lanka,Purse seine | Other,Ringnet (offshore),Indian scad,40.0,5.0
2024,3,5107087,Sri Lanka,Purse seine | Other,Ringnet (offshore),Indian scad,20.0,1.2
2024,3,5107088,Sri Lanka,Purse seine | Other,Ringnet (offshore),Indian scad,40.0,5.0
2024,3,5108066,Sri Lanka,Purse seine | Other,Ringnet (offshore),Indian scad,20.0,5.0
2024,3,5108067,Sri Lanka,Gillnet,Gillnet (offshore),Rough triggerfish,22.0,0.5
2024,3,5108067,Sri Lanka,Gillnet,Gillnet (offshore),Indian scad,22.0,3.0
2024,3,5108067,Sri Lanka,Purse seine | Other,Ringnet (offshore),Rough triggerfish,99.0,2.0
2024,3,5108067,Sri Lanka,Purse seine | Other,Ringnet (offshore),Rainbow runner,99.0,1.0
2024,3,5108067,Sri Lanka,Purse seine | Other,Ringnet (offshore),Indian scad,99.0,22.5
2024,3,5108068,Sri Lanka,Purse seine | Other,Ringnet (offshore),Rough triggerfish,139.0,1.8
2024,3,5108068,Sri Lanka,Purse seine | Other,Ringnet (offshore),Rainbow runner,139.0,8.1
2024,3,5108068,Sri Lanka,Purse seine | Other,Ringnet (offshore),Indian scad,139.0,42.4
2024,3,5108069,Sri Lanka,Purse seine | Other,Ringnet (offshore),Indian scad,79.0,15.2
2024,3,5108085,Sri Lanka,Gillnet,Gillnet (offshore),Giant manta,217.0,0.1
2024,3,5108085,Sri Lanka,Purse seine | Other,Ringnet (offshore),Rough triggerfish,40.0,0.3
2024,3,5108085,Sri Lanka,Purse seine | Other,Ringnet (offshore),Indian scad,40.0,1.0
2024,3,5108086,Sri Lanka,Purse seine | Other,Ringnet (offshore),Rough triggerfish,99.0,0.3
2024,3,5108086,Sri Lanka,Purse seine | Other,Ringnet (offshore),Indian scad,99.0,5.0
2024,3,5108087,Sri Lanka,Purse seine | Other,Ringnet (offshore),Indian scad,59.0,11.5
2024,3,5108088,Sri Lanka,Purse seine | Other,Ringnet (offshore),Indian scad,20.0,1.0
2024,3,5109067,Sri Lanka,Purse seine | Other,Ringnet (offshore),Indian scad,20.0,3.0
2024,3,5109068,Sri Lanka,Purse seine | Other,Ringnet (offshore),Rough triggerfish,79.0,1.8
2024,3,5109068,Sri Lanka,Purse seine | Other,Ringnet (offshore),Rainbow runner,79.0,0.9
2024,3,5109068,Sri Lanka,Purse seine | Other,Ringnet (offshore),Indian scad,79.0,23.5
2024,3,5109085,Sri Lanka,Gillnet,Gillnet (offshore),Giant manta,586.0,0.3
2024,3,5109085,Sri Lanka,Purse seine | Other,Ringnet (offshore),Rough triggerfish,59.0,0.3
2024,3,5109085,Sri Lanka,Purse seine | Other,Ringnet (offshore),Indian scad,59.0,3.4
2024,3,5109086,Sri Lanka,Gillnet,Gillnet (offshore),Giant manta,152.0,0.4
2024,3,5109086,Sri Lanka,Purse seine | Other,Ringnet (offshore),Rough triggerfish,79.0,0.3
2024,3,5109086,Sri Lanka,Purse seine | Other,Ringnet (offshore),Indian scad,79.0,12.0
2024,3,5109087,Sri Lanka,Purse seine | Other,Ringnet (offshore),Indian scad,40.0,10.0
2024,3,5109088,Sri Lanka,Purse seine | Other,Ringnet (offshore),Indian scad,20.0,4.5
2024,3,5110055,I. R. Iran,Gillnet,Gillnet (offshore),Common dolphinfish,28945.0,486.0
2024,3,5110055,I. R. Iran,Gillnet,Gillnet (offshore),Whitecheek shark,28945.0,8.0
2024,3,5110055,I. R. Iran,Gillnet,Gillnet (offshore),Spottail shark,28945.0,15.0
2024,3,5110055,I. R. Iran,Gillnet,Gillnet (offshore),Silky shark,28945.0,40.0
2024,3,5110055,I. R. Iran,Gillnet,Gillnet (offshore),Oceanic whitetip shark,28945.0,3.0
2024,3,5110055,I. R. Iran,Gillnet,Gillnet (offshore),Milk shark,28945.0,53.0
2024,3,5110055,I. R. Iran,Gillnet,Gillnet (offshore),Shortfin mako,28945.0,3.0
2024,3,5110055,I. R. Iran,Gillnet,Gillnet (offshore),Great hammerhead,28945.0,1.0
2024,3,5110055,I. R. Iran,Gillnet,Gillnet (offshore),Scalloped hammerhead,28945.0,1.0
2024,3,5110066,Sri Lanka,Purse seine | Other,Ringnet (offshore),Rough triggerfish,59.0,3.6
2024,3,5110066,Sri Lanka,Purse seine | Other,Ringnet (offshore),Rainbow runner,59.0,0.2
2024,3,5110066,Sri Lanka,Purse seine | Other,Ringnet (offshore),Indian scad,59.0,26.5
2024,3,5110067,Sri Lanka,Purse seine | Other,Ringnet (offshore),Indian scad,20.0,5.0
2024,3,5110068,Sri Lanka,Purse seine | Other,Ringnet (offshore),Indian scad,40.0,8.0
2024,3,5110084,Sri Lanka,Gillnet,Gillnet (offshore),Giant manta,109.0,0.2
2024,3,5110085,Sri Lanka,Gillnet,Gillnet (offshore),Giant manta,499.0,0.2
2024,3,5110085,Sri Lanka,Purse seine | Other,Ringnet (offshore),Indian scad,20.0,4.0
2024,3,5110086,Sri Lanka,Gillnet,Gillnet (offshore),Giant manta,174.0,0.3
2024,3,5110086,Sri Lanka,Purse seine | Other,Ringnet (offshore),Rough triggerfish,40.0,3.1
2024,3,5110086,Sri Lanka,Purse seine | Other,Ringnet (offshore),Indian scad,40.0,3.5
2024,3,5110087,Sri Lanka,Gillnet,Gillnet (offshore),Indian scad,109.0,2.2
2024,3,5110087,Sri Lanka,Gillnet,Gillnet (offshore),Giant manta,109.0,0.1
2024,3,5110087,Sri Lanka,Purse seine | Other,Ringnet (offshore),Rough triggerfish,79.0,2.0
2024,3,5110087,Sri Lanka,Purse seine | Other,Ringnet (offshore),Indian scad,79.0,3.2
2024,3,5110088,Sri Lanka,Purse seine | Other,Ringnet (offshore),Indian scad,40.0,11.0
2024,3,5111066,Sri Lanka,Purse seine | Other,Ringnet (offshore),Indian scad,40.0,7.0
2024,3,5111067,Sri Lanka,Purse seine | Other,Ringnet (offshore),Rough triggerfish,20.0,2.0
2024,3,5111067,Sri Lanka,Purse seine | Other,Ringnet (offshore),Rainbow runner,20.0,1.7
2024,3,5111067,Sri Lanka,Purse seine | Other,Ringnet (offshore),Indian scad,20.0,11.0
2024,3,5111084,Sri Lanka,Gillnet,Gillnet (offshore),Giant manta,43.0,0.2
2024,3,5111085,Sri Lanka,Gillnet,Gillnet (offshore),Giant manta,109.0,0.2
2024,3,5111085,Sri Lanka,Purse seine | Other,Ringnet (offshore),Giant manta,20.0,0.1
2024,3,5111086,Sri Lanka,Purse seine | Other,Ringnet (offshore),Indian scad,20.0,5.0
2024,3,5111087,Sri Lanka,Purse seine | Other,Ringnet (offshore),Indian scad,20.0,7.5
2024,3,5111088,Sri Lanka,Gillnet,Gillnet (offshore),Giant manta,87.0,0.2
2024,3,5112065,Sri Lanka,Purse seine | Other,Ringnet (offshore),Rainbow runner,20.0,2.0
2024,3,5112065,Sri Lanka,Purse seine | Other,Ringnet (offshore),Indian scad,20.0,5.0
2024,3,5112083,Sri Lanka,Purse seine | Other,Ringnet (offshore),Indian scad,20.0,0.5
2024,3,5112084,Sri Lanka,Purse seine | Other,Ringnet (offshore),Indian scad,20.0,1.0
2024,3,5112085,Sri Lanka,Purse seine | Other,Ringnet (offshore),Rough triggerfish,20.0,0.5
2024,3,5112085,Sri Lanka,Purse seine | Other,Ringnet (offshore),Indian scad,20.0,4.0
2024,3,5112086,Sri Lanka,Gillnet,Gillnet (offshore),Giant manta,347.0,0.1
2024,3,5112087,Sri Lanka,Gillnet,Gillnet (offshore),Giant manta,391.0,0.1
2024,3,5112087,Sri Lanka,Purse seine | Other,Ringnet (offshore),Indian scad,20.0,2.5
2024,3,5113065,Sri Lanka,Purse seine | Other,Ringnet (offshore),Rainbow runner,20.0,2.0
2024,3,5113065,Sri Lanka,Purse seine | Other,Ringnet (offshore),Indian scad,20.0,5.0
2024,3,5113085,Sri Lanka,Purse seine | Other,Ringnet (offshore),Rough triggerfish,40.0,0.5
2024,3,5113085,Sri Lanka,Purse seine | Other,Ringnet (offshore),Indian scad,40.0,1.0
2024,3,5113087,Sri Lanka,Gillnet,Gillnet (offshore),Giant manta,65.0,0.1
2024,3,5113088,Sri Lanka,Purse seine | Other,Ringnet (offshore),Indian scad,20.0,3.0
2024,3,5114086,Sri Lanka,Purse seine | Other,Ringnet (offshore),Indian scad,40.0,1.5
2024,3,5114087,Sri Lanka,Purse seine | Other,Ringnet (offshore),Rough triggerfish,59.0,0.9
2024,3,5114087,Sri Lanka,Purse seine | Other,Ringnet (offshore),Indian scad,59.0,1.2
2024,3,5114088,Sri Lanka,Purse seine | Other,Ringnet (offshore),Indian scad,20.0,1.0
2024,3,5115086,Sri Lanka,Purse seine | Other,Ringnet (offshore),Rough triggerfish,40.0,0.2
2024,3,5115086,Sri Lanka,Purse seine | Other,Ringnet (offshore),Rainbow runner,40.0,0.2
2024,3,5115087,Sri Lanka,Purse seine | Other,Ringnet (offshore),Indian scad,40.0,3.0
2024,3,5115088,Sri Lanka,Purse seine | Other,Ringnet (offshore),Indian scad,20.0,2.0
2024,3,5200081,Sri Lanka,Gillnet,Gillnet (offshore),Blue shark,43.0,0.7
2024,3,5200083,Sri Lanka,Purse seine | Other,Ringnet (offshore),Indian scad,20.0,0.4
2024,3,5200095,Indonesia,Purse seine | LS,Small purse seine,Dogtooth tuna,3.0,1.0
2024,3,5201093,Sri Lanka,Purse seine | Other,Ringnet (offshore),Indian scad,20.0,5.0
2024,3,5201095,Indonesia,Purse seine | LS,Small purse seine,Dogtooth tuna,6.0,2.115
2024,3,5203076,Sri Lanka,Gillnet,Gillnet (offshore),Silky shark,22.0,0.2
2024,3,5203077,Sri Lanka,Gillnet,Gillnet (offshore),Silky shark,22.0,0.2
2024,3,5203078,Sri Lanka,Gillnet,Gillnet (offshore),Blue shark,109.0,0.5
2024,3,5203078,Sri Lanka,Gillnet,Gillnet (offshore),Silky shark,109.0,4.4
2024,3,5203078,Sri Lanka,Gillnet,Gillnet (offshore),Great hammerhead,109.0,0.4
2024,3,5203079,Sri Lanka,Gillnet,Gillnet (offshore),Blue shark,130.0,0.2
2024,3,5203079,Sri Lanka,Gillnet,Gillnet (offshore),Silky shark,130.0,4.2
2024,3,5203079,Sri Lanka,Gillnet,Gillnet (offshore),Great hammerhead,130.0,0.4
2024,3,5203080,Sri Lanka,Gillnet,Gillnet (offshore),Giant manta,195.0,0.9
2024,3,5203081,Sri Lanka,Gillnet,Gillnet (offshore),Giant manta,130.0,0.9
2024,3,5204076,Sri Lanka,Gillnet,Gillnet (offshore),Silky shark,43.0,0.2
2024,3,5204077,Sri Lanka,Gillnet,Gillnet (offshore),Silky shark,43.0,0.2
2024,3,5204078,Sri Lanka,Gillnet,Gillnet (offshore),Blue shark,130.0,0.1
2024,3,5204078,Sri Lanka,Gillnet,Gillnet (offshore),Silky shark,130.0,2.6
2024,3,5204078,Sri Lanka,Gillnet,Gillnet (offshore),Great hammerhead,130.0,0.2
2024,3,5204079,Sri Lanka,Gillnet,Gillnet (offshore),Blue shark,152.0,0.1
2024,3,5204079,Sri Lanka,Gillnet,Gillnet (offshore),Silky shark,152.0,1.6
2024,3,5204079,Sri Lanka,Gillnet,Gillnet (offshore),Great hammerhead,152.0,0.1
2024,3,5204080,Sri Lanka,Purse seine | Other,Ringnet (offshore),Rainbow runner,20.0,0.7
2024,3,5204080,Sri Lanka,Purse seine | Other,Ringnet (offshore),Indian scad,20.0,3.5
2024,3,5204081,Sri Lanka,Gillnet,Gillnet (offshore),Giant manta,152.0,1.0
2024,3,5204081,Sri Lanka,Gillnet,Gillnet (offshore),Blue shark,152.0,1.0
2024,3,5204081,Sri Lanka,Purse seine | Other,Ringnet (offshore),Indian scad,20.0,0.2
2024,3,5204082,Sri Lanka,Gillnet,Gillnet (offshore),Blue shark,130.0,0.2
2024,3,5204082,Sri Lanka,Purse seine | Other,Ringnet (offshore),Indian scad,20.0,0.2
2024,3,5204084,Sri Lanka,Purse seine | Other,Ringnet (offshore),Indian scad,40.0,11.0
2024,3,5204085,Sri Lanka,Purse seine | Other,Ringnet (offshore),Indian scad,40.0,11.0
2024,3,5204087,Sri Lanka,Gillnet,Gillnet (offshore),Silky shark,43.0,0.1
2024,3,5205078,Sri Lanka,Purse seine | Other,Ringnet (offshore),Rough triggerfish,40.0,0.5
2024,3,5205078,Sri Lanka,Purse seine | Other,Ringnet (offshore),Rainbow runner,40.0,0.5
2024,3,5205078,Sri Lanka,Purse seine | Other,Ringnet (offshore),Indian scad,40.0,3.5
2024,3,5205079,Sri Lanka,Purse seine | Other,Ringnet (offshore),Rough triggerfish,20.0,0.5
2024,3,5205079,Sri Lanka,Purse seine | Other,Ringnet (offshore),Rainbow runner,20.0,0.5
2024,3,5205079,Sri Lanka,Purse seine | Other,Ringnet (offshore),Indian scad,20.0,3.0
2024,3,5205080,Sri Lanka,Gillnet,Gillnet (offshore),Giant manta,564.0,3.3
2024,3,5205080,Sri Lanka,Gillnet,Gillnet (offshore),Blue shark,564.0,2.0
2024,3,5205081,Sri Lanka,Gillnet,Gillnet (offshore),Giant manta,347.0,0.1
2024,3,5205081,Sri Lanka,Purse seine | Other,Ringnet (offshore),Indian scad,40.0,0.2
2024,3,5205082,Sri Lanka,Purse seine | Other,Ringnet (offshore),Indian scad,20.0,0.2
2024,3,5205084,Sri Lanka,Purse seine | Other,Ringnet (offshore),Indian scad,59.0,11.0
2024,3,5205085,Sri Lanka,Gillnet,Gillnet (offshore),Giant manta,65.0,0.1
2024,3,5205085,Sri Lanka,Purse seine | Other,Ringnet (offshore),Indian scad,40.0,11.0
2024,3,5206079,Sri Lanka,Gillnet,Gillnet (offshore),Indian scad,130.0,3.8
2024,3,5206079,Sri Lanka,Gillnet,Gillnet (offshore),Giant manta,130.0,0.1
2024,3,5206084,Sri Lanka,Purse seine | Other,Ringnet (offshore),Indian scad,40.0,6.0
2024,3,5206085,Sri Lanka,Gillnet,Gillnet (offshore),Giant manta,43.0,0.2
2024,3,5206085,Sri Lanka,Purse seine | Other,Ringnet (offshore),Indian scad,20.0,6.0
2024,3,5206086,Sri Lanka,Gillnet,Gillnet (offshore),Giant manta,43.0,1.3
2024,3,5206087,Sri Lanka,Gillnet,Gillnet (offshore),Giant manta,43.0,1.3
2024,3,5206087,Sri Lanka,Gillnet,Gillnet (offshore),Shortfin mako,43.0,0.1
2024,3,5206104,Indonesia,Line | Handline,Handline,Common dolphinfish,8.0,0.152
2024,3,5206106,Indonesia,Line | Handline,Handline,Common dolphinfish,1.0,0.013
2024,3,5207067,Sri Lanka,Purse seine | Other,Ringnet (offshore),Rough triggerfish,20.0,2.0
2024,3,5207067,Sri Lanka,Purse seine | Other,Ringnet (offshore),Indian scad,20.0,5.0
2024,3,5207068,Sri Lanka,Purse seine | Other,Ringnet (offshore),Rough triggerfish,20.0,2.0
2024,3,5207068,Sri Lanka,Purse seine | Other,Ringnet (offshore),Indian scad,20.0,5.0
2024,3,5207084,Sri Lanka,Purse seine | Other,Ringnet (offshore),Indian scad,20.0,6.0
2024,3,5207085,Sri Lanka,Purse seine | Other,Ringnet (offshore),Indian scad,40.0,6.0
2024,3,5207094,Indonesia,Line | Handline,Handline (offshore),Common dolphinfish,10.0,0.064
2024,3,5207102,Indonesia,Line | Handline,Handline (offshore),Common dolphinfish,6.0,0.03
2024,3,5207103,Indonesia,Line | Handline,Handline (offshore),Common dolphinfish,7.0,0.195
2024,3,5207104,Indonesia,Purse seine | LS,Small purse seine,Common dolphinfish,9.0,0.01
2024,3,5207105,Indonesia,Line | Handline,Handline,Common dolphinfish,4.0,0.2
2024,3,5207106,Indonesia,Line | Handline,Handline,Common dolphinfish,33.0,0.021
2024,3,5207106,Indonesia,Line | Handline,Handline (offshore),Common dolphinfish,11.0,0.017
2024,3,5207109,Indonesia,Line | Handline,Handline (offshore),Common dolphinfish,1.0,0.122
2024,3,5208067,Sri Lanka,Purse seine | Other,Ringnet (offshore),Rough triggerfish,20.0,2.0
2024,3,5208067,Sri Lanka,Purse seine | Other,Ringnet (offshore),Indian scad,20.0,5.0
2024,3,5208068,Sri Lanka,Purse seine | Other,Ringnet (offshore),Rough triggerfish,20.0,2.0
2024,3,5208068,Sri Lanka,Purse seine | Other,Ringnet (offshore),Indian scad,20.0,5.0
2024,3,5208081,Sri Lanka,Gillnet,Gillnet (offshore),Giant manta,65.0,0.1
2024,3,5208081,Sri Lanka,Purse seine | Other,Ringnet (offshore),Indian scad,79.0,6.0
2024,3,5208082,Sri Lanka,Purse seine | Other,Ringnet (offshore),Indian scad,79.0,6.0
2024,3,5208084,Sri Lanka,Purse seine | Other,Ringnet (offshore),Indian scad,20.0,7.0
2024,3,5208085,Sri Lanka,Purse seine | Other,Ringnet (offshore),Indian scad,59.0,31.0
2024,3,5208103,Indonesia,Line | Handline,Handline,Common dolphinfish,16.0,0.054
2024,3,5208104,Indonesia,Line | Handline,Handline,Common dolphinfish,8.0,2.614
2024,3,5208105,Indonesia,Line | Handline,Handline,Common dolphinfish,21.0,0.81
2024,3,5208106,Indonesia,Line | Handline,Handline,Common dolphinfish,80.0,0.797
2024,3,5208106,Indonesia,Line | Trolling,Troll line,Common dolphinfish,14.0,0.358
2024,3,5208106,Indonesia,Line | Handline,Handline (offshore),Common dolphinfish,16.0,0.034
2024,3,5208107,Indonesia,Line | Handline,Handline,Common dolphinfish,72.0,0.478
2024,3,5208107,Indonesia,Line | Handline,Handline (offshore),Common dolphinfish,1.0,0.021
2024,3,5208108,Indonesia,Line | Handline,Handline,Common dolphinfish,46.0,0.1
2024,3,5208108,Indonesia,Line | Handline,Handline,Blue shark,46.0,0.015
2024,3,5208109,Indonesia,Line | Handline,Handline,Common dolphinfish,9.0,0.22
2024,3,5208109,Indonesia,Line | Handline,Handline,Silky shark,9.0,0.028
2024,3,5208110,Indonesia,Line | Handline,Handline,Common dolphinfish,8.0,0.24
2024,3,5208111,Indonesia,Purse seine | LS,Small purse seine,Common dolphinfish,4.0,0.015
2024,3,5208112,Indonesia,Purse seine | LS,Small purse seine,Common dolphinfish,4.0,0.01
2024,3,5209081,Sri Lanka,Purse seine | Other,Ringnet (offshore),Indian mackerel,139.0,2.5
2024,3,5209081,Sri Lanka,Purse seine | Other,Ringnet (offshore),Indian scad,139.0,7.0
2024,3,5209082,Sri Lanka,Purse seine | Other,Ringnet (offshore),Indian scad,139.0,16.0
2024,3,5209084,Sri Lanka,Gillnet,Gillnet (offshore),Giant manta,412.0,0.2
2024,3,5209084,Sri Lanka,Purse seine | Other,Ringnet (offshore),Indian scad,20.0,7.0
2024,3,5209085,Sri Lanka,Purse seine | Other,Ringnet (offshore),Rough triggerfish,40.0,0.3
2024,3,5209085,Sri Lanka,Purse seine | Other,Ringnet (offshore),Rainbow runner,40.0,0.6
2024,3,5209085,Sri Lanka,Purse seine | Other,Ringnet (offshore),Indian scad,40.0,12.1
2024,3,5209086,Sri Lanka,Gillnet,Gillnet (offshore),Giant manta,109.0,0.2
2024,3,5209102,Indonesia,Line | Handline,Handline (offshore),Common dolphinfish,3.0,0.3
2024,3,5209103,Indonesia,Line | Handline,Handline,Common dolphinfish,16.0,1.432
2024,3,5209104,Indonesia,Line | Handline,Handline (offshore),Common dolphinfish,2.0,0.2
2024,3,5209105,Indonesia,Line | Handline,Handline,Common dolphinfish,8.0,0.095
2024,3,5209107,Indonesia,Line | Handline,Handline (offshore),Common dolphinfish,14.0,0.193
2024,3,5209109,Indonesia,Line | Handline,Handline,Common dolphinfish,11.0,2.159
2024,3,5209109,Indonesia,Line | Handline,Handline (offshore),Common dolphinfish,1.0,0.01
2024,3,5209110,Indonesia,Purse seine | LS,Small purse seine,Common dolphinfish,5.0,0.394
2024,3,5209111,Indonesia,Purse seine | LS,Small purse seine,Common dolphinfish,16.0,0.251
2024,3,5209112,Indonesia,Purse seine | LS,Small purse seine,Common dolphinfish,2.0,0.01
2024,3,5210108,Indonesia,Line | Handline,Handline,Common dolphinfish,9.0,0.077
2024,3,5210109,Indonesia,Line | Handline,Handline (offshore),Common dolphinfish,4.0,0.188
2024,3,5210109,Indonesia,Purse seine | LS,Purse seine,Common dolphinfish,3.0,0.125
2024,3,5210117,Indonesia,Line | Handline,Handline,Common dolphinfish,1.0,0.003
2024,3,5212109,Indonesia,Line | Handline,Handline,Common dolphinfish,7.0,0.096
2024,3,5212121,Indonesia,Line | Handline,Handline,Common dolphinfish,3.0,0.02
2024,3,5213106,Indonesia,Line | Handline,Handline (offshore),Common dolphinfish,2.0,0.08
2024,3,5213107,Indonesia,Line | Handline,Handline (offshore),Common dolphinfish,1.0,0.052
2024,3,5214105,Indonesia,Line | Handline,Handline,Common dolphinfish,1.0,0.05
2024,3,5214106,Indonesia,Line | Handline,Handline (offshore),Common dolphinfish,18.0,0.256
2024,3,5214107,Indonesia,Line | Handline,Handline (offshore),Common dolphinfish,3.0,0.075
2024,3,6100055,Sri Lanka,Longline | Fresh,Longline (fresh),Blue shark,3230.0,2.5
2024,3,6100055,Sri Lanka,Longline | Fresh,Longline (fresh),Silky shark,3230.0,1.7
2024,3,6100055,Sri Lanka,Longline | Fresh,Longline (fresh),Great hammerhead,3230.0,0.1
2024,3,6100060,Sri Lanka,Longline | Fresh,Longline (fresh),Silky shark,9161.0,0.1
2024,3,6100060,Sri Lanka,Longline | Fresh,Longline (fresh),Great hammerhead,9161.0,0.1
2024,3,6100065,Sri Lanka,Longline | Fresh,Longline (fresh),Blue shark,7687.0,0.2
2024,3,6100065,Sri Lanka,Longline | Fresh,Longline (fresh),Silky shark,7687.0,0.1
2024,3,6100075,Sri Lanka,Gillnet,Gillnet,Giant manta,803.0,1.4
2024,3,6100075,Sri Lanka,Gillnet,Gillnet,Devil fish,803.0,0.3
2024,3,6100075,Sri Lanka,Gillnet,Gillnet,Blue shark,803.0,0.1
2024,3,6100075,Sri Lanka,Gillnet,Gillnet,Silky shark,803.0,4.3
2024,3,6100075,Sri Lanka,Gillnet,Gillnet,Smooth hammerhead,803.0,0.1
2024,3,6100075,Sri Lanka,Line | Coastal longline,Coastal longline,Blue shark,1525.0,0.2
2024,3,6100075,Sri Lanka,Line | Coastal longline,Coastal longline,Silky shark,1525.0,0.5
2024,3,6100075,Sri Lanka,Line | Coastal longline,Coastal longline,Smooth hammerhead,1525.0,0.6
2024,3,6100075,Sri Lanka,Purse seine | Other,Ringnet,Rough triggerfish,2198.0,15.2
2024,3,6100075,Sri Lanka,Purse seine | Other,Ringnet,Common dolphinfish,2198.0,0.1
2024,3,6100075,Sri Lanka,Purse seine | Other,Ringnet,Indian mackerel,2198.0,15.9
2024,3,6100075,Sri Lanka,Purse seine | Other,Ringnet,Rainbow runner,2198.0,3.7
2024,3,6100075,Sri Lanka,Purse seine | Other,Ringnet,Indian scad,2198.0,323.2
2024,3,6100075,Sri Lanka,Purse seine | Other,Ringnet,Silky shark,2198.0,0.1
2024,3,6100075,Sri Lanka,Longline | Fresh,Longline (fresh),Blue shark,2563.0,0.8
2024,3,6100075,Sri Lanka,Longline | Fresh,Longline (fresh),Silky shark,2563.0,1.0
2024,3,6100080,Sri Lanka,Gillnet,Gillnet,Rough triggerfish,740.0,3.4
2024,3,6100080,Sri Lanka,Gillnet,Gillnet,Indian scad,740.0,2.1
2024,3,6100080,Sri Lanka,Gillnet,Gillnet,Silky shark,740.0,0.1
2024,3,6100080,Sri Lanka,Line | Coastal longline,Coastal longline,Blue shark,213.0,6.1
2024,3,6100080,Sri Lanka,Purse seine | Other,Ringnet,Bigeye scad,2116.0,17.0
2024,3,6100080,Sri Lanka,Purse seine | Other,Ringnet,Rough triggerfish,2116.0,14.4
2024,3,6100080,Sri Lanka,Purse seine | Other,Ringnet,Indian mackerel,2116.0,1.5
2024,3,6100080,Sri Lanka,Purse seine | Other,Ringnet,Rainbow runner,2116.0,7.1
2024,3,6100080,Sri Lanka,Purse seine | Other,Ringnet,Indian scad,2116.0,370.8
2024,3,6105060,Sri Lanka,Longline | Fresh,Longline (fresh),Blue shark,456.0,1.8
2024,3,6105060,Sri Lanka,Longline | Fresh,Longline (fresh),Silky shark,456.0,5.8
2024,3,6105060,Sri Lanka,Longline | Fresh,Longline (fresh),Shortfin mako,456.0,0.3
2024,3,6105060,Sri Lanka,Longline | Fresh,Longline (fresh),Great hammerhead,456.0,1.8
2024,3,6105065,Sri Lanka,Longline | Fresh,Longline (fresh),Blue shark,527.0,2.0
2024,3,6105065,Sri Lanka,Longline | Fresh,Longline (fresh),Silky shark,527.0,11.2
2024,3,6105065,Sri Lanka,Longline | Fresh,Longline (fresh),Shortfin mako,527.0,0.4
2024,3,6105065,Sri Lanka,Longline | Fresh,Longline (fresh),Great hammerhead,527.0,0.7
2024,3,6105075,Sri Lanka,Gillnet,Gillnet,Common dolphinfish,2482.0,1.5
2024,3,6105075,Sri Lanka,Gillnet,Gillnet,Indian scad,2482.0,1.5
2024,3,6105075,Sri Lanka,Gillnet,Gillnet,Giant manta,2482.0,5.3
2024,3,6105075,Sri Lanka,Gillnet,Gillnet,Silky shark,2482.0,4.0
2024,3,6105075,Sri Lanka,Gillnet,Gillnet,Great hammerhead,2482.0,0.2
2024,3,6105075,Sri Lanka,Line | Coastal longline,Coastal longline,Giant manta,4296.0,0.2
2024,3,6105075,Sri Lanka,Line | Coastal longline,Coastal longline,Silky shark,4296.0,1.9
2024,3,6105075,Sri Lanka,Line | Coastal longline,Coastal longline,Great hammerhead,4296.0,1.6
2024,3,6105075,Sri Lanka,Line | Handline,Handline,Common dolphinfish,293.0,0.7
2024,3,6105075,Sri Lanka,Line | Handline,Handline,Silky shark,293.0,0.5
2024,3,6105075,Sri Lanka,Other,Beach seine,Dorab wolf-herring,1483.0,2.9
2024,3,6105075,Sri Lanka,Other,Beach seine,Needle cuttlefish,1483.0,8.8
2024,3,6105075,Sri Lanka,Other,Beach seine,Indian mackerel,1483.0,3.9
2024,3,6105075,Sri Lanka,Purse seine | Other,Ringnet,Rough triggerfish,3559.0,41.3
2024,3,6105075,Sri Lanka,Purse seine | Other,Ringnet,Common dolphinfish,3559.0,0.2
2024,3,6105075,Sri Lanka,Purse seine | Other,Ringnet,Indian mackerel,3559.0,23.2
2024,3,6105075,Sri Lanka,Purse seine | Other,Ringnet,Rainbow runner,3559.0,22.4
2024,3,6105075,Sri Lanka,Purse seine | Other,Ringnet,Indian scad,3559.0,865.2
2024,3,6105080,Sri Lanka,Gillnet,Gillnet,Common dolphinfish,11504.0,1.3
2024,3,6105080,Sri Lanka,Gillnet,Gillnet,Indian scad,11504.0,1.5
2024,3,6105080,Sri Lanka,Gillnet,Gillnet,Giant manta,11504.0,2.6
2024,3,6105080,Sri Lanka,Gillnet,Gillnet,Silky shark,11504.0,0.3
2024,3,6105080,Sri Lanka,Gillnet,Gillnet,Great hammerhead,11504.0,0.2
2024,3,6105080,Sri Lanka,Line | Coastal longline,Coastal longline,Common dolphinfish,6931.0,0.6
2024,3,6105080,Sri Lanka,Line | Coastal longline,Coastal longline,Rainbow runner,6931.0,0.4
2024,3,6105080,Sri Lanka,Line | Coastal longline,Coastal longline,Giant manta,6931.0,1.0
2024,3,6105080,Sri Lanka,Line | Coastal longline,Coastal longline,Blue shark,6931.0,21.6
2024,3,6105080,Sri Lanka,Line | Coastal longline,Coastal longline,Silky shark,6931.0,0.4
2024,3,6105080,Sri Lanka,Line | Coastal longline,Coastal longline,Great hammerhead,6931.0,0.1
2024,3,6105080,Sri Lanka,Line | Coastal longline,Coastal longline,Scalloped hammerhead,6931.0,2.4
2024,3,6105080,Sri Lanka,Line | Handline,Handline,Bigeye scad,341.0,0.7
2024,3,6105080,Sri Lanka,Line | Handline,Handline,Indian mackerel,341.0,2.0
2024,3,6105080,Sri Lanka,Line | Handline,Handline,Indian scad,341.0,2.2
2024,3,6105080,Sri Lanka,Line | Handline,Handline,Silky shark,341.0,0.4
2024,3,6105080,Sri Lanka,Other,Beach seine,Dorab wolf-herring,2918.0,12.7
2024,3,6105080,Sri Lanka,Other,Beach seine,Needle cuttlefish,2918.0,17.6
2024,3,6105080,Sri Lanka,Other,Beach seine,Indian mackerel,2918.0,60.6
2024,3,6105080,Sri Lanka,Purse seine | Other,Ringnet,Bigeye scad,5806.0,0.2
2024,3,6105080,Sri Lanka,Purse seine | Other,Ringnet,Rough triggerfish,5806.0,24.8
2024,3,6105080,Sri Lanka,Purse seine | Other,Ringnet,Common dolphinfish,5806.0,0.2
2024,3,6105080,Sri Lanka,Purse seine | Other,Ringnet,Indian mackerel,5806.0,15.8
2024,3,6105080,Sri Lanka,Purse seine | Other,Ringnet,Rainbow runner,5806.0,5.0
2024,3,6105080,Sri Lanka,Purse seine | Other,Ringnet,Indian scad,5806.0,894.7
2024,3,6105085,Sri Lanka,Line | Coastal longline,Coastal longline,Blue shark,873.0,13.6
2024,3,6105085,Sri Lanka,Purse seine | Other,Ringnet,Rough triggerfish,2017.0,27.9
2024,3,6105085,Sri Lanka,Purse seine | Other,Ringnet,Indian mackerel,2017.0,7.1
2024,3,6105085,Sri Lanka,Purse seine | Other,Ringnet,Rainbow runner,2017.0,7.9
2024,3,6105085,Sri Lanka,Purse seine | Other,Ringnet,Indian scad,2017.0,346.6
2024,3,6105085,Sri Lanka,Longline | Fresh,Longline (fresh),Blue shark,175.0,0.6
2024,3,6110080,Sri Lanka,Gillnet,Gillnet,Giant manta,180.0,0.4
2024,3,6110080,Sri Lanka,Line | Coastal longline,Coastal longline,Blue shark,858.0,0.1
2024,3,6110080,Sri Lanka,Purse seine | Other,Ringnet,Rough triggerfish,4569.0,29.3
2024,3,6110080,Sri Lanka,Purse seine | Other,Ringnet,Indian mackerel,4569.0,21.5
2024,3,6110080,Sri Lanka,Purse seine | Other,Ringnet,Rainbow runner,4569.0,12.1
2024,3,6110080,Sri Lanka,Purse seine | Other,Ringnet,Indian scad,4569.0,880.0
2024,3,6110085,Sri Lanka,Longline | Fresh,Longline (fresh),Blue shark,1088.0,0.6
2024,3,6120055,I. R. Iran,Gillnet,Gillnet,Common dolphinfish,4371.0,19.4
2024,3,6120060,I. R. Iran,Gillnet,Gillnet,Common dolphinfish,20425.0,283.4
2024,3,6120060,I. R. Iran,Gillnet,Gillnet,Whitecheek shark,20425.0,4.0
2024,3,6120060,I. R. Iran,Gillnet,Gillnet,Spottail shark,20425.0,8.1
2024,3,6120060,I. R. Iran,Gillnet,Gillnet,Silky shark,20425.0,0.6
2024,3,6120060,I. R. Iran,Gillnet,Gillnet,Oceanic whitetip shark,20425.0,0.2
2024,3,6120060,I. R. Iran,Gillnet,Gillnet,Milk shark,20425.0,17.1
2024,3,6120060,I. R. Iran,Line | Trolling,Troll line,Common dolphinfish,7051.0,76.1
2024,3,6120060,I. R. Iran,Line | Trolling,Troll line,Spottail shark,7051.0,3.6
2024,3,6120060,I. R. Iran,Line | Trolling,Troll line,Milk shark,7051.0,8.4
2024,3,6125045,I. R. Iran,Gillnet,Gillnet,Whitecheek shark,263.0,0.1
2024,3,6125045,I. R. Iran,Gillnet,Gillnet,Spottail shark,263.0,0.1
2024,3,6125045,I. R. Iran,Gillnet,Gillnet,Milk shark,263.0,0.4
2024,3,6125045,I. R. Iran,Line | Trolling,Troll line,Spottail shark,137.0,0.4
2024,3,6125045,I. R. Iran,Line | Trolling,Troll line,Milk shark,137.0,0.9
2024,3,6125050,I. R. Iran,Gillnet,Gillnet,Common dolphinfish,27047.0,8.4
2024,3,6125050,I. R. Iran,Gillnet,Gillnet,Whitecheek shark,27047.0,0.4
2024,3,6125050,I. R. Iran,Gillnet,Gillnet,Spottail shark,27047.0,0.7
2024,3,6125050,I. R. Iran,Gillnet,Gillnet,Milk shark,27047.0,1.6
2024,3,6125050,I. R. Iran,Line | Trolling,Troll line,Common dolphinfish,6182.0,3.5
2024,3,6125050,I. R. Iran,Line | Trolling,Troll line,Spottail shark,6182.0,0.5
2024,3,6125050,I. R. Iran,Line | Trolling,Troll line,Milk shark,6182.0,1.1
2024,3,6125055,I. R. Iran,Gillnet,Gillnet,Common dolphinfish,16940.0,40.0
2024,3,6125055,I. R. Iran,Gillnet,Gillnet,Whitecheek shark,16940.0,1.2
2024,3,6125055,I. R. Iran,Gillnet,Gillnet,Spottail shark,16940.0,2.4
2024,3,6125055,I. R. Iran,Gillnet,Gillnet,Milk shark,16940.0,4.9
2024,3,6125055,I. R. Iran,Line | Trolling,Troll line,Common dolphinfish,4525.0,16.8
2024,3,6125055,I. R. Iran,Line | Trolling,Troll line,Spottail shark,4525.0,1.5
2024,3,6125055,I. R. Iran,Line | Trolling,Troll line,Milk shark,4525.0,3.6
2024,3,6125060,I. R. Iran,Gillnet,Gillnet,Common dolphinfish,1882.0,26.5
2024,3,6125060,I. R. Iran,Gillnet,Gillnet,Whitecheek shark,1882.0,0.2
2024,3,6125060,I. R. Iran,Gillnet,Gillnet,Spottail shark,1882.0,0.4
2024,3,6125060,I. R. Iran,Gillnet,Gillnet,Milk shark,1882.0,0.9
2024,3,6125060,I. R. Iran,Line | Coastal longline,Coastal longline,Common dolphinfish,513.255167544327,1.11
2024,3,6125060,I. R. Iran,Line | Trolling,Troll line,Common dolphinfish,1114.0,11.2
2024,3,6125060,I. R. Iran,Line | Trolling,Troll line,Spottail shark,1114.0,0.3
2024,3,6125060,I. R. Iran,Line | Trolling,Troll line,Milk shark,1114.0,0.6
2024,3,6200035,Kenya,Gillnet,Gillnet,Common dolphinfish,12000.0,3.94987
2024,3,6200035,Kenya,Line | Coastal longline,Coastal longline,Common dolphinfish,1360.0,0.01
2024,3,6200035,Kenya,Line | Coastal longline,Coastal longline,Great barracuda,1360.0,0.002
2024,3,6200035,Kenya,Line | Coastal longline,Coastal longline,Escolar,1360.0,0.0176
2024,3,6200035,Kenya,Line | Coastal longline,Coastal longline,Blue shark,1360.0,0.8368
2024,3,6200035,Kenya,Line | Coastal longline,Coastal longline,Silky shark,1360.0,0.0948
2024,3,6200035,Kenya,Line | Coastal longline,Coastal longline,Shortfin mako,1360.0,0.1332
2024,3,6200035,Kenya,Line | Handline,Handline,Great barracuda,7750.0,36.08
2024,3,6200035,Kenya,Line | Trolling,Troll line,Great barracuda,1200.0,15.46
2024,3,6200040,Kenya,Gillnet,Gillnet,Common dolphinfish,12000.0,6.01067
2024,3,6200040,Kenya,Line | Coastal longline,Coastal longline,Common dolphinfish,1360.0,0.00667
2024,3,6200040,Kenya,Line | Coastal longline,Coastal longline,Great barracuda,1360.0,0.00133
2024,3,6200040,Kenya,Line | Coastal longline,Coastal longline,Escolar,1360.0,0.01173
2024,3,6200040,Kenya,Line | Coastal longline,Coastal longline,Blue shark,1360.0,0.55787
2024,3,6200040,Kenya,Line | Coastal longline,Coastal longline,Silky shark,1360.0,0.0632
2024,3,6200040,Kenya,Line | Coastal longline,Coastal longline,Shortfin mako,1360.0,0.0888
2024,3,6200040,Kenya,Line | Handline,Handline,Great barracuda,7750.0,24.05333
2024,3,6200040,Kenya,Line | Trolling,Troll line,Great barracuda,1200.0,10.30667
2024,3,6200055,Sri Lanka,Longline | Fresh,Longline (fresh),Blue shark,1825.0,0.9
2024,3,6200055,Sri Lanka,Longline | Fresh,Longline (fresh),Silky shark,1825.0,1.2
2024,3,6200055,Sri Lanka,Longline | Fresh,Longline (fresh),Shortfin mako,1825.0,0.1
2024,3,6200065,Sri Lanka,Longline | Fresh,Longline (fresh),Blue shark,3440.0,0.9
2024,3,6200065,Sri Lanka,Longline | Fresh,Longline (fresh),Silky shark,3440.0,1.2
2024,3,6200075,Sri Lanka,Longline | Fresh,Longline (fresh),Blue shark,6739.0,1.7
2024,3,6200075,Sri Lanka,Longline | Fresh,Longline (fresh),Silky shark,6739.0,0.2
2024,3,6205040,Comoros,Line | Coastal longline,Coastal longline,Common dolphinfish,24597.8561662643,0.36082
2024,3,6205040,Comoros,Line | Coastal longline,Coastal longline,Blue shark,24597.8561662643,1.73179
2024,3,6205040,Comoros,Line | Handline,Handline,Common dolphinfish,11338.7833754668,0.0275
2024,3,6205040,Comoros,Line | Handline,Handline,Silky shark,11338.7833754668,0.54126
2024,3,6205040,Comoros,Line | Trolling,Troll line,Common dolphinfish,17415.7952197084,18.39225
2024,3,6205040,Comoros,Line | Trolling,Troll line,Silky shark,17415.7952197084,0.85407
2024,3,6205040,Comoros,Line | Trolling,Troll line,Oceanic whitetip shark,17415.7952197084,1.05344
2024,3,6205065,Sri Lanka,Longline | Fresh,Longline (fresh),Blue shark,527.0,2.1
2024,3,6205065,Sri Lanka,Longline | Fresh,Longline (fresh),Silky shark,527.0,0.4
2024,3,6205075,Sri Lanka,Longline | Fresh,Longline (fresh),Blue shark,7582.0,9.5
2024,3,6205075,Sri Lanka,Longline | Fresh,Longline (fresh),Great hammerhead,7582.0,0.1
2024,3,6205080,Sri Lanka,Longline | Fresh,Longline (fresh),Indian scad,6142.0,1.0
2024,4,5100074,Maldives,Baitboat,Baitboat (offshore),Common dolphinfish,239.0,0.0042672558872115
2024,4,5100074,Maldives,Baitboat,Baitboat (offshore),Rainbow runner,239.0,0.0213362794360575
2024,4,5100081,Sri Lanka,Purse seine | Other,Ringnet (offshore),Indian scad,20.0,4.5
2024,4,5100085,Sri Lanka,Purse seine | Other,Ringnet (offshore),Indian scad,40.0,6.0
2024,4,5100086,Sri Lanka,Purse seine | Other,Ringnet (offshore),Indian scad,20.0,1.0
2024,4,5100089,Sri Lanka,Purse seine | Other,Ringnet (offshore),Indian scad,20.0,3.5
2024,4,5101078,Sri Lanka,Purse seine | Other,Ringnet (offshore),Indian scad,20.0,2.0
2024,4,5102074,Maldives,Baitboat,Baitboat (offshore),Common dolphinfish,19.0,0.0405389309285092
2024,4,5102074,Maldives,Baitboat,Baitboat (offshore),Rainbow runner,19.0,0.0106681397180287
2024,4,5102077,Sri Lanka,Gillnet,Gillnet (offshore),Blue shark,22.0,0.3
2024,4,5102077,Sri Lanka,Gillnet,Gillnet (offshore),Silky shark,22.0,0.1
2024,4,5102078,Sri Lanka,Purse seine | Other,Ringnet (offshore),Indian scad,40.0,2.5
2024,4,5102080,Sri Lanka,Purse seine | Other,Ringnet (offshore),Rough triggerfish,20.0,2.2
2024,4,5102080,Sri Lanka,Purse seine | Other,Ringnet (offshore),Indian scad,20.0,10.4
2024,4,5102081,Sri Lanka,Gillnet,Gillnet (offshore),Blue shark,22.0,0.2
2024,4,5103069,Sri Lanka,Purse seine | Other,Ringnet (offshore),Rough triggerfish,20.0,0.5
2024,4,5103069,Sri Lanka,Purse seine | Other,Ringnet (offshore),Indian scad,20.0,8.5
2024,4,5103077,Sri Lanka,Gillnet,Gillnet (offshore),Silky shark,152.0,0.1
2024,4,5103077,Sri Lanka,Purse seine | Other,Ringnet (offshore),Indian scad,20.0,1.0
2024,4,5103078,Sri Lanka,Gillnet,Gillnet (offshore),Silky shark,43.0,0.1
2024,4,5103078,Sri Lanka,Purse seine | Other,Ringnet (offshore),Indian scad,40.0,1.5
2024,4,5103087,Sri Lanka,Purse seine | Other,Ringnet (offshore),Indian scad,20.0,4.0
2024,4,5104069,Sri Lanka,Purse seine | Other,Ringnet (offshore),Rough triggerfish,20.0,0.5
2024,4,5104069,Sri Lanka,Purse seine | Other,Ringnet (offshore),Indian scad,20.0,8.5
2024,4,5104085,Sri Lanka,Purse seine | Other,Ringnet (offshore),Indian scad,20.0,2.0
2024,4,5104087,Sri Lanka,Purse seine | Other,Ringnet (offshore),Indian scad,20.0,4.0
2024,4,5104088,Sri Lanka,Purse seine | Other,Ringnet (offshore),Indian scad,20.0,12.0
2024,4,5104093,Indonesia,Purse seine | LS,Small purse seine,Common dolphinfish,3.0,0.03
2024,4,5105086,Sri Lanka,Purse seine | Other,Ringnet (offshore),Indian scad,79.0,10.0
2024,4,5105087,Sri Lanka,Purse seine | Other,Ringnet (offshore),Indian scad,79.0,18.0
2024,4,5105088,Sri Lanka,Purse seine | Other,Ringnet (offshore),Indian scad,20.0,16.0
2024,4,5105089,Sri Lanka,Purse seine | Other,Ringnet (offshore),Indian scad,20.0,5.5
2024,4,5106067,Sri Lanka,Purse seine | Other,Ringnet (offshore),Indian scad,20.0,7.0
2024,4,5106068,Sri Lanka,Purse seine | Other,Ringnet (offshore),Indian scad,40.0,20.0
2024,4,5106085,Sri Lanka,Purse seine | Other,Ringnet (offshore),Indian scad,40.0,6.0
2024,4,5106086,Sri Lanka,Purse seine | Other,Ringnet (offshore),Indian scad,79.0,18.5
2024,4,5106087,Sri Lanka,Purse seine | Other,Ringnet (offshore),Indian scad,59.0,24.5
2024,4,5106088,Sri Lanka,Purse seine | Other,Ringnet (offshore),Indian scad,40.0,18.5
2024,4,5107066,Sri Lanka,Purse seine | Other,Ringnet (offshore),Indian scad,20.0,90.0
2024,4,5107068,Sri Lanka,Purse seine | Other,Ringnet (offshore),Rough triggerfish,119.0,3.1
2024,4,5107068,Sri Lanka,Purse seine | Other,Ringnet (offshore),Rainbow runner,119.0,0.2
2024,4,5107068,Sri Lanka,Purse seine | Other,Ringnet (offshore),Indian scad,119.0,31.6
2024,4,5107069,Sri Lanka,Purse seine | Other,Ringnet (offshore),Rainbow runner,20.0,4.0
2024,4,5107085,Sri Lanka,Purse seine | Other,Ringnet (offshore),Indian scad,40.0,11.0
2024,4,5107086,Sri Lanka,Purse seine | Other,Ringnet (offshore),Indian scad,79.0,25.0
2024,4,5107087,Sri Lanka,Purse seine | Other,Ringnet (offshore),Rainbow runner,99.0,0.1
2024,4,5107087,Sri Lanka,Purse seine | Other,Ringnet (offshore),Indian scad,99.0,17.5
2024,4,5107088,Sri Lanka,Purse seine | Other,Ringnet (offshore),Indian scad,59.0,9.0
2024,4,5108066,Sri Lanka,Purse seine | Other,Ringnet (offshore),Rainbow runner,20.0,1.3
2024,4,5108066,Sri Lanka,Purse seine | Other,Ringnet (offshore),Indian scad,20.0,9.0
2024,4,5108067,Sri Lanka,Purse seine | Other,Ringnet (offshore),Indian scad,20.0,5.5
2024,4,5108068,Sri Lanka,Purse seine | Other,Ringnet (offshore),Rough triggerfish,79.0,4.0
2024,4,5108068,Sri Lanka,Purse seine | Other,Ringnet (offshore),Rainbow runner,79.0,5.2
2024,4,5108068,Sri Lanka,Purse seine | Other,Ringnet (offshore),Indian scad,79.0,30.7
2024,4,5108085,Sri Lanka,Purse seine | Other,Ringnet (offshore),Indian scad,20.0,7.0
2024,4,5108086,Sri Lanka,Purse seine | Other,Ringnet (offshore),Indian scad,40.0,12.0
2024,4,5109067,Sri Lanka,Purse seine | Other,Ringnet (offshore),Indian scad,40.0,16.0
2024,4,5109068,Sri Lanka,Purse seine | Other,Ringnet (offshore),Rainbow runner,40.0,3.5
2024,4,5109068,Sri Lanka,Purse seine | Other,Ringnet (offshore),Indian scad,40.0,17.0
2024,4,5109084,Sri Lanka,Gillnet,Gillnet (offshore),Giant manta,22.0,0.2
2024,4,5109085,Sri Lanka,Purse seine | Other,Ringnet (offshore),Rough triggerfish,99.0,1.0
2024,4,5109085,Sri Lanka,Purse seine | Other,Ringnet (offshore),Rainbow runner,99.0,1.0
2024,4,5109085,Sri Lanka,Purse seine | Other,Ringnet (offshore),Indian scad,99.0,12.0
2024,4,5109086,Sri Lanka,Purse seine | Other,Ringnet (offshore),Indian scad,20.0,2.0
2024,4,5110065,I. R. Iran,Gillnet,Gillnet (offshore),Common dolphinfish,12950.0,128.0
2024,4,5110066,Sri Lanka,Purse seine | Other,Ringnet (offshore),Rainbow runner,40.0,0.3
2024,4,5110066,Sri Lanka,Purse seine | Other,Ringnet (offshore),Indian scad,40.0,6.6
2024,4,5110067,Sri Lanka,Purse seine | Other,Ringnet (offshore),Rough triggerfish,99.0,1.0
2024,4,5110067,Sri Lanka,Purse seine | Other,Ringnet (offshore),Rainbow runner,99.0,2.6
2024,4,5110067,Sri Lanka,Purse seine | Other,Ringnet (offshore),Indian scad,99.0,52.2
2024,4,5110068,Sri Lanka,Purse seine | Other,Ringnet (offshore),Rough triggerfish,40.0,0.7
2024,4,5110068,Sri Lanka,Purse seine | Other,Ringnet (offshore),Indian scad,40.0,23.5
2024,4,5110084,Sri Lanka,Gillnet,Gillnet (offshore),Giant manta,22.0,0.2
2024,4,5110085,Sri Lanka,Purse seine | Other,Ringnet (offshore),Indian scad,59.0,10.0
2024,4,5110086,Sri Lanka,Purse seine | Other,Ringnet (offshore),Indian scad,20.0,2.0
2024,4,5110087,Sri Lanka,Purse seine | Other,Ringnet (offshore),Rainbow runner,20.0,2.6
2024,4,5110087,Sri Lanka,Purse seine | Other,Ringnet (offshore),Indian scad,20.0,7.8
2024,4,5111065,Sri Lanka,Purse seine | Other,Ringnet (offshore),Rough triggerfish,40.0,0.4
2024,4,5111065,Sri Lanka,Purse seine | Other,Ringnet (offshore),Rainbow runner,40.0,0.3
2024,4,5111065,Sri Lanka,Purse seine | Other,Ringnet (offshore),Indian scad,40.0,17.7
2024,4,5111066,Sri Lanka,Purse seine | Other,Ringnet (offshore),Rough triggerfish,79.0,0.2
2024,4,5111066,Sri Lanka,Purse seine | Other,Ringnet (offshore),Rainbow runner,79.0,0.9
2024,4,5111066,Sri Lanka,Purse seine | Other,Ringnet (offshore),Indian scad,79.0,22.3
2024,4,5111067,Sri Lanka,Purse seine | Other,Ringnet (offshore),Rainbow runner,20.0,0.9
2024,4,5111067,Sri Lanka,Purse seine | Other,Ringnet (offshore),Indian scad,20.0,4.4
2024,4,5111068,Sri Lanka,Purse seine | Other,Ringnet (offshore),Indian scad,20.0,8.4
2024,4,5111084,Sri Lanka,Purse seine | Other,Ringnet (offshore),Rough triggerfish,20.0,0.2
2024,4,5111084,Sri Lanka,Purse seine | Other,Ringnet (offshore),Indian scad,20.0,4.0
2024,4,5111085,Sri Lanka,Purse seine | Other,Ringnet (offshore),Indian scad,40.0,9.0
2024,4,5111087,Sri Lanka,Purse seine | Other,Ringnet (offshore),Rough triggerfish,40.0,0.4
2024,4,5111087,Sri Lanka,Purse seine | Other,Ringnet (offshore),Rainbow runner,40.0,2.8
2024,4,5111087,Sri Lanka,Purse seine | Other,Ringnet (offshore),Indian scad,40.0,11.8
2024,4,5112063,Sri Lanka,Purse seine | Other,Ringnet (offshore),Indian scad,20.0,8.0
2024,4,5112065,Sri Lanka,Purse seine | Other,Ringnet (offshore),Indian scad,20.0,4.0
2024,4,5112067,Sri Lanka,Purse seine | Other,Ringnet (offshore),Rough triggerfish,20.0,1.0
2024,4,5112067,Sri Lanka,Purse seine | Other,Ringnet (offshore),Rainbow runner,20.0,1.0
2024,4,5112067,Sri Lanka,Purse seine | Other,Ringnet (offshore),Indian scad,20.0,7.0
2024,4,5112084,Sri Lanka,Purse seine | Other,Ringnet (offshore),Indian scad,40.0,2.0
2024,4,5112085,Sri Lanka,Purse seine | Other,Ringnet (offshore),Rough triggerfish,79.0,0.5
2024,4,5112085,Sri Lanka,Purse seine | Other,Ringnet (offshore),Indian scad,79.0,18.0
2024,4,5112086,Sri Lanka,Purse seine | Other,Ringnet (offshore),Indian scad,40.0,1.1
2024,4,5112087,Sri Lanka,Purse seine | Other,Ringnet (offshore),Rainbow runner,20.0,0.8
2024,4,5112087,Sri Lanka,Purse seine | Other,Ringnet (offshore),Indian scad,20.0,5.0
2024,4,5113084,Sri Lanka,Purse seine | Other,Ringnet (offshore),Indian scad,40.0,10.5
2024,4,5113085,Sri Lanka,Purse seine | Other,Ringnet (offshore),Indian scad,40.0,4.0
2024,4,5114068,Sri Lanka,Purse seine | Other,Ringnet (offshore),Rough triggerfish,20.0,2.0
2024,4,5114068,Sri Lanka,Purse seine | Other,Ringnet (offshore),Indian scad,20.0,10.0
2024,4,5114087,Sri Lanka,Purse seine | Other,Ringnet (offshore),Indian scad,59.0,1.0
2024,4,5115086,Sri Lanka,Purse seine | Other,Ringnet (offshore),Indian scad,40.0,1.0
2024,4,5115087,Sri Lanka,Purse seine | Other,Ringnet (offshore),Rough triggerfish,40.0,0.5
2024,4,5115087,Sri Lanka,Purse seine | Other,Ringnet (offshore),Indian scad,40.0,1.1
2024,4,5116088,Sri Lanka,Purse seine | Other,Ringnet (offshore),Indian scad,20.0,8.0
2024,4,5200078,Sri Lanka,Gillnet,Gillnet (offshore),Blue shark,22.0,0.2
2024,4,5200078,Sri Lanka,Gillnet,Gillnet (offshore),Shortfin mako,22.0,0.1
2024,4,5200079,Sri Lanka,Gillnet,Gillnet (offshore),Blue shark,43.0,0.1
2024,4,5200079,Sri Lanka,Gillnet,Gillnet (offshore),Shortfin mako,43.0,0.2
2024,4,5200080,Sri Lanka,Gillnet,Gillnet (offshore),Blue shark,43.0,0.3
2024,4,5200096,Indonesia,Purse seine | LS,Small purse seine,Dogtooth tuna,2.0,0.25
2024,4,5202080,Sri Lanka,Gillnet,Gillnet (offshore),Blue shark,65.0,0.1
2024,4,5202080,Sri Lanka,Gillnet,Gillnet (offshore),Shortfin mako,65.0,0.2
2024,4,5203078,Sri Lanka,Gillnet,Gillnet (offshore),Giant manta,43.0,0.1
2024,4,5203079,Sri Lanka,Gillnet,Gillnet (offshore),Giant manta,130.0,0.1
2024,4,5204078,Sri Lanka,Gillnet,Gillnet (offshore),Giant manta,109.0,0.3
2024,4,5204080,Sri Lanka,Gillnet,Gillnet (offshore),Blue shark,239.0,0.2
2024,4,5204080,Sri Lanka,Gillnet,Gillnet (offshore),Great hammerhead,239.0,0.1
2024,4,5204084,Sri Lanka,Purse seine | Other,Ringnet (offshore),Indian scad,20.0,4.5
2024,4,5204085,Sri Lanka,Purse seine | Other,Ringnet (offshore),Indian scad,20.0,4.5
2024,4,5204087,Sri Lanka,Purse seine | Other,Ringnet (offshore),Indian scad,20.0,4.0
2024,4,5204088,Sri Lanka,Purse seine | Other,Ringnet (offshore),Indian scad,20.0,4.0
2024,4,5205077,Sri Lanka,Gillnet,Gillnet (offshore),Blue shark,65.0,0.9
2024,4,5205077,Sri Lanka,Gillnet,Gillnet (offshore),Silky shark,65.0,1.0
2024,4,5205077,Sri Lanka,Gillnet,Gillnet (offshore),Great hammerhead,65.0,0.1
2024,4,5205077,Sri Lanka,Purse seine | Other,Ringnet (offshore),Indian scad,20.0,5.0
2024,4,5205078,Sri Lanka,Purse seine | Other,Ringnet (offshore),Rough triggerfish,20.0,0.3
2024,4,5205078,Sri Lanka,Purse seine | Other,Ringnet (offshore),Indian scad,20.0,2.0
2024,4,5205079,Sri Lanka,Gillnet,Gillnet (offshore),Blue shark,369.0,1.0
2024,4,5205080,Sri Lanka,Gillnet,Gillnet (offshore),Giant manta,543.0,0.2
2024,4,5205080,Sri Lanka,Gillnet,Gillnet (offshore),Blue shark,543.0,0.2
2024,4,5205080,Sri Lanka,Gillnet,Gillnet (offshore),Great hammerhead,543.0,0.1
2024,4,5205081,Sri Lanka,Gillnet,Gillnet (offshore),Giant manta,326.0,0.2
2024,4,5205084,Sri Lanka,Purse seine | Other,Ringnet (offshore),Indian scad,20.0,4.5
2024,4,5205085,Sri Lanka,Purse seine | Other,Ringnet (offshore),Indian scad,20.0,4.5
2024,4,5205087,Sri Lanka,Purse seine | Other,Ringnet (offshore),Indian scad,20.0,4.0
2024,4,5205088,Sri Lanka,Purse seine | Other,Ringnet (offshore),Indian scad,20.0,4.0
2024,4,5206084,Sri Lanka,Gillnet,Gillnet (offshore),Giant manta,109.0,0.3
2024,4,5206084,Sri Lanka,Purse seine | Other,Ringnet (offshore),Indian scad,20.0,7.0
2024,4,5206085,Sri Lanka,Gillnet,Gillnet (offshore),Giant manta,43.0,0.3
2024,4,5206085,Sri Lanka,Purse seine | Other,Ringnet (offshore),Indian scad,20.0,7.0
2024,4,5206102,Indonesia,Line | Handline,Handline,Common dolphinfish,13.0,1.24
2024,4,5206103,Indonesia,Line | Handline,Handline,Common dolphinfish,12.0,0.4
2024,4,5206104,Indonesia,Line | Handline,Handline,Common dolphinfish,1.0,0.1
2024,4,5207084,Sri Lanka,Purse seine | Other,Ringnet (offshore),Indian scad,20.0,7.0
2024,4,5207085,Sri Lanka,Purse seine | Other,Ringnet (offshore),Indian scad,20.0,7.0
2024,4,5207087,Sri Lanka,Purse seine | Other,Ringnet (offshore),Indian scad,40.0,10.5
2024,4,5207088,Sri Lanka,Purse seine | Other,Ringnet (offshore),Indian scad,20.0,26.1
2024,4,5207089,Sri Lanka,Purse seine | Other,Ringnet (offshore),Indian scad,20.0,15.6
2024,4,5207106,Indonesia,Line | Handline,Handline,Common dolphinfish,6.0,0.738
2024,4,5208087,Sri Lanka,Purse seine | Other,Ringnet (offshore),Indian scad,40.0,14.0
2024,4,5208088,Sri Lanka,Purse seine | Other,Ringnet (offshore),Indian scad,20.0,26.1
2024,4,5208089,Sri Lanka,Purse seine | Other,Ringnet (offshore),Indian scad,20.0,15.6
2024,4,5208103,Indonesia,Line | Handline,Handline,Common dolphinfish,23.0,0.382
2024,4,5208105,Indonesia,Line | Handline,Handline,Common dolphinfish,6.0,1.916
2024,4,5208106,Indonesia,Line | Handline,Handline,Common dolphinfish,116.0,0.733
2024,4,5208107,Indonesia,Line | Handline,Handline,Common dolphinfish,22.0,0.04
2024,4,5208108,Indonesia,Line | Handline,Handline,Common dolphinfish,19.0,0.922
2024,4,5208109,Indonesia,Line | Handline,Handline,Common dolphinfish,8.0,0.081
2024,4,5209081,Sri Lanka,Purse seine | Other,Ringnet (offshore),Indian scad,20.0,17.6
2024,4,5209085,Sri Lanka,Purse seine | Other,Ringnet (offshore),Indian scad,20.0,12.0
2024,4,5209086,Sri Lanka,Purse seine | Other,Ringnet (offshore),Indian scad,20.0,12.0
2024,4,5209105,Indonesia,Line | Handline,Handline,Common dolphinfish,25.0,0.709
2024,4,5209107,Indonesia,Line | Handline,Handline,Common dolphinfish,11.0,0.09
2024,4,5209107,Indonesia,Line | Handline,Handline,Blue shark,11.0,0.042
2024,4,5209109,Indonesia,Line | Handline,Handline,Common dolphinfish,3.0,0.14
2024,4,5209111,Indonesia,Purse seine | LS,Small purse seine,Common dolphinfish,19.0,0.69
2024,4,5209112,Indonesia,Purse seine | LS,Small purse seine,Common dolphinfish,2.0,0.014
2024,4,5209118,Indonesia,Purse seine | LS,Purse seine,Common dolphinfish,8.0,0.1
2024,4,5210109,Indonesia,Line | Handline,Handline,Common dolphinfish,1.0,0.65
2024,4,5210109,Indonesia,Purse seine | LS,Purse seine,Common dolphinfish,8.0,0.64
2024,4,5210111,Indonesia,Purse seine | LS,Purse seine,Common dolphinfish,8.0,0.145
2024,4,5210119,Indonesia,Purse seine | LS,Purse seine,Common dolphinfish,17.0,0.5
2024,4,5210124,Indonesia,Line | Handline,Handline,Common dolphinfish,2.0,0.062
2024,4,5210124,Indonesia,Purse seine | LS,Purse seine,Common dolphinfish,11.0,0.62
2024,4,5210125,Indonesia,Purse seine | LS,Purse seine,Common dolphinfish,11.0,0.25
2024,4,5211112,Indonesia,Line | Handline,Handline,Common dolphinfish,5.0,0.1
2024,4,5212109,Indonesia,Line | Handline,Handline,Common dolphinfish,32.0,0.185
2024,4,5212110,Indonesia,Purse seine | LS,Purse seine,Common dolphinfish,1.0,0.105
2024,4,5213108,Indonesia,Line | Handline,Handline,Common dolphinfish,11.0,0.2
2024,4,5213118,Indonesia,Purse seine | LS,Purse seine,Common dolphinfish,4.0,0.07
2024,4,5214105,Indonesia,Line | Handline,Handline,Common dolphinfish,18.0,0.161
2024,4,5215115,Indonesia,Purse seine | LS,Purse seine,Common dolphinfish,3.0,0.13
2024,4,5216113,Indonesia,Line | Handline,Handline,Common dolphinfish,3.0,0.025
2024,4,5216114,Indonesia,Purse seine | LS,Purse seine,Common dolphinfish,2.0,0.1
2024,4,5216115,Indonesia,Purse seine | LS,Purse seine,Common dolphinfish,5.0,0.1
2024,4,6100075,Sri Lanka,Gillnet,Gillnet,Rough triggerfish,935.0,3.4
2024,4,6100075,Sri Lanka,Gillnet,Gillnet,Rainbow runner,935.0,1.5
2024,4,6100075,Sri Lanka,Gillnet,Gillnet,Indian scad,935.0,1.5
2024,4,6100075,Sri Lanka,Gillnet,Gillnet,Giant manta,935.0,0.3
2024,4,6100075,Sri Lanka,Gillnet,Gillnet,Blue shark,935.0,0.9
2024,4,6100075,Sri Lanka,Gillnet,Gillnet,Silky shark,935.0,0.2
2024,4,6100075,Sri Lanka,Purse seine | Other,Ringnet,Bigeye scad,1115.0,5.7
2024,4,6100075,Sri Lanka,Purse seine | Other,Ringnet,Rough triggerfish,1115.0,25.1
2024,4,6100075,Sri Lanka,Purse seine | Other,Ringnet,Rainbow runner,1115.0,10.2
2024,4,6100075,Sri Lanka,Purse seine | Other,Ringnet,Indian scad,1115.0,193.8
2024,4,6100075,Sri Lanka,Longline | Fresh,Longline (fresh),Blue shark,1649.0,0.3
2024,4,6100075,Sri Lanka,Longline | Fresh,Longline (fresh),Silky shark,1649.0,0.2
2024,4,6100080,Sri Lanka,Gillnet,Gillnet,Indian scad,459.0,1.3
2024,4,6100080,Sri Lanka,Line | Coastal longline,Coastal longline,Blue shark,198.0,14.0
2024,4,6100080,Sri Lanka,Purse seine | Other,Ringnet,Rough triggerfish,1886.0,15.5
2024,4,6100080,Sri Lanka,Purse seine | Other,Ringnet,Indian mackerel,1886.0,5.7
2024,4,6100080,Sri Lanka,Purse seine | Other,Ringnet,Indian scad,1886.0,308.3
2024,4,6105075,Sri Lanka,Gillnet,Gillnet,Common dolphinfish,2988.0,5.0
2024,4,6105075,Sri Lanka,Gillnet,Gillnet,Giant manta,2988.0,3.5
2024,4,6105075,Sri Lanka,Gillnet,Gillnet,Silky shark,2988.0,5.1
2024,4,6105075,Sri Lanka,Gillnet,Gillnet,Shortfin mako,2988.0,0.3
2024,4,6105075,Sri Lanka,Gillnet,Gillnet,Great hammerhead,2988.0,0.1
2024,4,6105075,Sri Lanka,Gillnet,Gillnet,Scalloped hammerhead,2988.0,0.1
2024,4,6105075,Sri Lanka,Line | Coastal longline,Coastal longline,Common dolphinfish,4184.0,3.0
2024,4,6105075,Sri Lanka,Line | Coastal longline,Coastal longline,Giant manta,4184.0,0.4
2024,4,6105075,Sri Lanka,Line | Coastal longline,Coastal longline,Blue shark,4184.0,2.7
2024,4,6105075,Sri Lanka,Line | Coastal longline,Coastal longline,Silky shark,4184.0,3.4
2024,4,6105075,Sri Lanka,Line | Coastal longline,Coastal longline,Great hammerhead,4184.0,0.7
2024,4,6105075,Sri Lanka,Line | Coastal longline,Coastal longline,Scalloped hammerhead,4184.0,3.5
2024,4,6105075,Sri Lanka,Line | Trolling,Troll line,Bigeye scad,1044.0,2.5
2024,4,6105075,Sri Lanka,Other,Beach seine,Dorab wolf-herring,1692.0,2.5
2024,4,6105075,Sri Lanka,Other,Beach seine,Needle cuttlefish,1692.0,6.3
2024,4,6105075,Sri Lanka,Other,Beach seine,Indian mackerel,1692.0,3.8
2024,4,6105075,Sri Lanka,Purse seine | Other,Ringnet,Rough triggerfish,3100.0,35.6
2024,4,6105075,Sri Lanka,Purse seine | Other,Ringnet,Indian mackerel,3100.0,14.2
2024,4,6105075,Sri Lanka,Purse seine | Other,Ringnet,Rainbow runner,3100.0,11.0
2024,4,6105075,Sri Lanka,Purse seine | Other,Ringnet,Indian scad,3100.0,654.7
2024,4,6105075,Sri Lanka,Purse seine | Other,Ringnet,Silky shark,3100.0,1.7
2024,4,6105080,Sri Lanka,Baitboat,Baitboat,Bigeye scad,221.0,5.1
2024,4,6105080,Sri Lanka,Gillnet,Gillnet,Indian scad,7661.0,6.7
2024,4,6105080,Sri Lanka,Gillnet,Gillnet,Giant manta,7661.0,4.3
2024,4,6105080,Sri Lanka,Gillnet,Gillnet,Silky shark,7661.0,0.3
2024,4,6105080,Sri Lanka,Gillnet,Gillnet,Shortfin mako,7661.0,0.1
2024,4,6105080,Sri Lanka,Gillnet,Gillnet,Great hammerhead,7661.0,0.1
2024,4,6105080,Sri Lanka,Line | Coastal longline,Coastal longline,Common dolphinfish,5851.0,1.1
2024,4,6105080,Sri Lanka,Line | Coastal longline,Coastal longline,Blue shark,5851.0,5.2
2024,4,6105080,Sri Lanka,Line | Coastal longline,Coastal longline,Silky shark,5851.0,10.8
2024,4,6105080,Sri Lanka,Line | Coastal longline,Coastal longline,Great hammerhead,5851.0,0.4
2024,4,6105080,Sri Lanka,Line | Coastal longline,Coastal longline,Scalloped hammerhead,5851.0,0.9
2024,4,6105080,Sri Lanka,Line | Handline,Handline,Rainbow runner,178.0,0.6
2024,4,6105080,Sri Lanka,Other,Beach seine,Dorab wolf-herring,2821.0,1.4
2024,4,6105080,Sri Lanka,Other,Beach seine,Needle cuttlefish,2821.0,19.9
2024,4,6105080,Sri Lanka,Other,Beach seine,Indian mackerel,2821.0,158.2
2024,4,6105080,Sri Lanka,Purse seine | Other,Ringnet,Bigeye scad,3214.0,33.4
2024,4,6105080,Sri Lanka,Purse seine | Other,Ringnet,Rough triggerfish,3214.0,55.3
2024,4,6105080,Sri Lanka,Purse seine | Other,Ringnet,Rainbow runner,3214.0,0.9
2024,4,6105080,Sri Lanka,Purse seine | Other,Ringnet,Indian scad,3214.0,547.9
2024,4,6105085,Sri Lanka,Line | Coastal longline,Coastal longline,Blue shark,120.0,9.8
2024,4,6105085,Sri Lanka,Purse seine | Other,Ringnet,Bigeye scad,2902.0,72.1
2024,4,6105085,Sri Lanka,Purse seine | Other,Ringnet,Rough triggerfish,2902.0,80.3
2024,4,6105085,Sri Lanka,Purse seine | Other,Ringnet,Rainbow runner,2902.0,0.1
2024,4,6105085,Sri Lanka,Purse seine | Other,Ringnet,Indian scad,2902.0,407.3
2024,4,6105085,Sri Lanka,Longline | Fresh,Longline (fresh),Blue shark,631.0,0.4
2024,4,6110080,Sri Lanka,Line | Coastal longline,Coastal longline,Rainbow runner,1426.0,0.2
2024,4,6110080,Sri Lanka,Line | Coastal longline,Coastal longline,Blue shark,1426.0,0.1
2024,4,6110080,Sri Lanka,Purse seine | Other,Ringnet,Rough triggerfish,3422.0,10.6
2024,4,6110080,Sri Lanka,Purse seine | Other,Ringnet,Rainbow runner,3422.0,4.5
2024,4,6110080,Sri Lanka,Purse seine | Other,Ringnet,Indian scad,3422.0,602.4
2024,4,6120055,I. R. Iran,Gillnet,Gillnet,Common dolphinfish,3327.0,0.3
2024,4,6120060,I. R. Iran,Gillnet,Gillnet,Common dolphinfish,15255.0,4.7
2024,4,6120060,I. R. Iran,Gillnet,Gillnet,Whitecheek shark,15255.0,4.3
2024,4,6120060,I. R. Iran,Gillnet,Gillnet,Spottail shark,15255.0,8.7
2024,4,6120060,I. R. Iran,Gillnet,Gillnet,Milk shark,15255.0,26.1
2024,4,6120060,I. R. Iran,Line | Trolling,Troll line,Common dolphinfish,4012.0,20.3
2024,4,6120060,I. R. Iran,Line | Trolling,Troll line,Spottail shark,4012.0,1.4
2024,4,6120060,I. R. Iran,Line | Trolling,Troll line,Milk shark,4012.0,4.7
2024,4,6125045,I. R. Iran,Gillnet,Gillnet,Whitecheek shark,254.0,0.1
2024,4,6125045,I. R. Iran,Gillnet,Gillnet,Spottail shark,254.0,0.1
2024,4,6125045,I. R. Iran,Gillnet,Gillnet,Milk shark,254.0,0.5
2024,4,6125045,I. R. Iran,Line | Trolling,Troll line,Spottail shark,65.0,0.1
2024,4,6125045,I. R. Iran,Line | Trolling,Troll line,Milk shark,65.0,0.5
2024,4,6125050,I. R. Iran,Gillnet,Gillnet,Common dolphinfish,20895.0,0.1
2024,4,6125050,I. R. Iran,Gillnet,Gillnet,Whitecheek shark,20895.0,0.4
2024,4,6125050,I. R. Iran,Gillnet,Gillnet,Spottail shark,20895.0,0.8
2024,4,6125050,I. R. Iran,Gillnet,Gillnet,Milk shark,20895.0,2.4
2024,4,6125050,I. R. Iran,Line | Trolling,Troll line,Common dolphinfish,3662.0,0.9
2024,4,6125050,I. R. Iran,Line | Trolling,Troll line,Spottail shark,3662.0,0.2
2024,4,6125050,I. R. Iran,Line | Trolling,Troll line,Milk shark,3662.0,0.6
2024,4,6125055,I. R. Iran,Gillnet,Gillnet,Common dolphinfish,13374.0,0.6
2024,4,6125055,I. R. Iran,Gillnet,Gillnet,Whitecheek shark,13374.0,1.2
2024,4,6125055,I. R. Iran,Gillnet,Gillnet,Spottail shark,13374.0,2.5
2024,4,6125055,I. R. Iran,Gillnet,Gillnet,Milk shark,13374.0,7.4
2024,4,6125055,I. R. Iran,Line | Trolling,Troll line,Common dolphinfish,2437.0,4.5
2024,4,6125055,I. R. Iran,Line | Trolling,Troll line,Spottail shark,2437.0,0.6
2024,4,6125055,I. R. Iran,Line | Trolling,Troll line,Milk shark,2437.0,2.0
2024,4,6125060,I. R. Iran,Gillnet,Gillnet,Common dolphinfish,1295.0,0.4
2024,4,6125060,I. R. Iran,Gillnet,Gillnet,Whitecheek shark,1295.0,0.2
2024,4,6125060,I. R. Iran,Gillnet,Gillnet,Spottail shark,1295.0,0.4
2024,4,6125060,I. R. Iran,Gillnet,Gillnet,Milk shark,1295.0,1.3
2024,4,6125060,I. R. Iran,Line | Coastal longline,Coastal longline,Common dolphinfish,337.894255370244,0.73
2024,4,6125060,I. R. Iran,Line | Trolling,Troll line,Common dolphinfish,595.0,3.0
2024,4,6125060,I. R. Iran,Line | Trolling,Troll line,Spottail shark,595.0,0.1
2024,4,6125060,I. R. Iran,Line | Trolling,Troll line,Milk shark,595.0,0.4
2024,4,6200035,Kenya,Gillnet,Gillnet,Common dolphinfish,12000.0,4.46333
2024,4,6200035,Kenya,Line | Coastal longline,Coastal longline,Common dolphinfish,1360.0,0.001
2024,4,6200035,Kenya,Line | Coastal longline,Coastal longline,Escolar,1360.0,0.0074
2024,4,6200035,Kenya,Line | Coastal longline,Coastal longline,Blue shark,1360.0,0.783
2024,4,6200035,Kenya,Line | Coastal longline,Coastal longline,Silky shark,1360.0,0.1852
2024,4,6200035,Kenya,Line | Coastal longline,Coastal longline,Shortfin mako,1360.0,0.0628
2024,4,6200035,Kenya,Line | Handline,Handline,Great barracuda,7750.0,36.38
2024,4,6200035,Kenya,Line | Trolling,Troll line,Great barracuda,1200.0,15.58
2024,4,6200040,Kenya,Gillnet,Gillnet,Common dolphinfish,12000.0,3.50667
2024,4,6200040,Kenya,Line | Coastal longline,Coastal longline,Common dolphinfish,1360.0,0.00067
2024,4,6200040,Kenya,Line | Coastal longline,Coastal longline,Escolar,1360.0,0.00493
2024,4,6200040,Kenya,Line | Coastal longline,Coastal longline,Blue shark,1360.0,0.522
2024,4,6200040,Kenya,Line | Coastal longline,Coastal longline,Silky shark,1360.0,0.12347
2024,4,6200040,Kenya,Line | Coastal longline,Coastal longline,Shortfin mako,1360.0,0.04187
2024,4,6200040,Kenya,Line | Handline,Handline,Great barracuda,7750.0,24.25333
2024,4,6200040,Kenya,Line | Trolling,Troll line,Great barracuda,1200.0,10.38667
2024,4,6200055,Sri Lanka,Longline | Fresh,Longline (fresh),Blue shark,632.0,0.1
2024,4,6200055,Sri Lanka,Longline | Fresh,Longline (fresh),Silky shark,632.0,0.4
2024,4,6200060,Sri Lanka,Longline | Fresh,Longline (fresh),Blue shark,5125.0,0.7
2024,4,6200060,Sri Lanka,Longline | Fresh,Longline (fresh),Silky shark,5125.0,2.1
2024,4,6200060,Sri Lanka,Longline | Fresh,Longline (fresh),Shortfin mako,5125.0,1.0
2024,4,6200065,Sri Lanka,Longline | Fresh,Longline (fresh),Blue shark,8073.0,1.4
2024,4,6200065,Sri Lanka,Longline | Fresh,Longline (fresh),Silky shark,8073.0,0.3
2024,4,6200075,Sri Lanka,Longline | Fresh,Longline (fresh),Blue shark,8881.0,0.3
2024,4,6200075,Sri Lanka,Longline | Fresh,Longline (fresh),Silky shark,8881.0,0.5
2024,4,6205040,Comoros,Line | Coastal longline,Coastal longline,Common dolphinfish,23186.7341918457,0.12773
2024,4,6205040,Comoros,Line | Handline,Handline,Common dolphinfish,10627.391988929,0.3156
2024,4,6205040,Comoros,Line | Trolling,Troll line,Common dolphinfish,16276.7073676036,9.65057
2024,4,6205040,Comoros,Line | Trolling,Troll line,Blue shark,16276.7073676036,0.02764
2024,4,6205040,Comoros,Line | Trolling,Troll line,Silky shark,16276.7073676036,8.03227
2024,4,6205060,Sri Lanka,Longline | Fresh,Longline (fresh),Blue shark,597.0,0.4
2024,4,6205060,Sri Lanka,Longline | Fresh,Longline (fresh),Shortfin mako,597.0,0.1
2024,4,6205065,Sri Lanka,Longline | Fresh,Longline (fresh),Blue shark,1650.0,2.0
2024,4,6205065,Sri Lanka,Longline | Fresh,Longline (fresh),Silky shark,1650.0,0.9
2024,4,6205065,Sri Lanka,Longline | Fresh,Longline (fresh),Shortfin mako,1650.0,0.4
2024,4,6205075,Sri Lanka,Longline | Fresh,Longline (fresh),Blue shark,6528.0,1.9
2024,4,6205075,Sri Lanka,Longline | Fresh,Longline (fresh),Silky shark,6528.0,1.0
2024,4,6205075,Sri Lanka,Longline | Fresh,Longline (fresh),Great hammerhead,6528.0,0.1
2024,4,6205080,Sri Lanka,Longline | Fresh,Longline (fresh),Blue shark,3229.0,4.4
2024,4,6205080,Sri Lanka,Longline | Fresh,Longline (fresh),Silky shark,3229.0,0.3
2024,5,5100077,Sri Lanka,Purse seine | Other,Ringnet (offshore),Indian scad,20.0,5.5
2024,5,5100078,Sri Lanka,Purse seine | Other,Ringnet (offshore),Indian scad,20.0,1.1
2024,5,5100079,Sri Lanka,Purse seine | Other,Ringnet (offshore),Indian scad,20.0,5.0
2024,5,5100082,Sri Lanka,Purse seine | Other,Ringnet (offshore),Indian scad,20.0,0.1
2024,5,5100084,Sri Lanka,Purse seine | Other,Ringnet (offshore),Indian scad,20.0,4.0
2024,5,5100085,Sri Lanka,Purse seine | Other,Ringnet (offshore),Indian scad,40.0,6.6
2024,5,5101077,Sri Lanka,Purse seine | Other,Ringnet (offshore),Indian scad,20.0,1.0
2024,5,5101078,Sri Lanka,Purse seine | Other,Ringnet (offshore),Rough triggerfish,20.0,0.3
2024,5,5101078,Sri Lanka,Purse seine | Other,Ringnet (offshore),Indian scad,20.0,1.5
2024,5,5102077,Sri Lanka,Gillnet,Gillnet (offshore),Giant manta,130.0,0.1
2024,5,5102078,Sri Lanka,Purse seine | Other,Ringnet (offshore),Indian scad,40.0,6.0
2024,5,5102082,Sri Lanka,Purse seine | Other,Ringnet (offshore),Indian scad,20.0,1.1
2024,5,5102084,Sri Lanka,Purse seine | Other,Ringnet (offshore),Indian mackerel,20.0,3.0
2024,5,5103077,Sri Lanka,Gillnet,Gillnet (offshore),Giant manta,738.0,0.9
2024,5,5103077,Sri Lanka,Gillnet,Gillnet (offshore),Blue shark,738.0,0.9
2024,5,5103077,Sri Lanka,Purse seine | Other,Ringnet (offshore),Rough triggerfish,59.0,1.8
2024,5,5103077,Sri Lanka,Purse seine | Other,Ringnet (offshore),Indian scad,59.0,7.2
2024,5,5103078,Sri Lanka,Gillnet,Gillnet (offshore),Blue shark,109.0,0.6
2024,5,5103078,Sri Lanka,Purse seine | Other,Ringnet (offshore),Indian scad,59.0,2.5
2024,5,5103084,Sri Lanka,Purse seine | Other,Ringnet (offshore),Indian scad,20.0,2.0
2024,5,5104058,Sri Lanka,Purse seine | Other,Ringnet (offshore),Indian scad,20.0,2.0
2024,5,5104077,Sri Lanka,Purse seine | Other,Ringnet (offshore),Rainbow runner,79.0,1.0
2024,5,5104077,Sri Lanka,Purse seine | Other,Ringnet (offshore),Indian scad,79.0,6.3
2024,5,5104089,Sri Lanka,Purse seine | Other,Ringnet (offshore),Indian scad,20.0,1.5
2024,5,5105067,Sri Lanka,Gillnet,Gillnet (offshore),Giant manta,22.0,0.4
2024,5,5105073,Maldives,Baitboat,Baitboat (offshore),Common dolphinfish,141.0,0.117349536898316
2024,5,5105073,Maldives,Baitboat,Baitboat (offshore),Rainbow runner,141.0,0.343514098920525
2024,5,5105073,Maldives,Baitboat,Baitboat (offshore),Common dolphinfish,141.0,0.243233585571055
2024,5,5105073,Maldives,Baitboat,Baitboat (offshore),Rainbow runner,141.0,0.227444738788373
2024,5,5105086,Sri Lanka,Purse seine | Other,Ringnet (offshore),Indian scad,20.0,2.0
2024,5,5105089,Sri Lanka,Purse seine | Other,Ringnet (offshore),Indian scad,20.0,1.5
2024,5,5106068,Sri Lanka,Purse seine | Other,Ringnet (offshore),Indian scad,20.0,6.0
2024,5,5106069,Sri Lanka,Purse seine | Other,Ringnet (offshore),Indian scad,20.0,4.5
2024,5,5107066,Sri Lanka,Purse seine | Other,Ringnet (offshore),Rainbow runner,40.0,0.2
2024,5,5107066,Sri Lanka,Purse seine | Other,Ringnet (offshore),Indian scad,40.0,9.2
2024,5,5107067,Sri Lanka,Purse seine | Other,Ringnet (offshore),Rough triggerfish,20.0,0.3
2024,5,5107067,Sri Lanka,Purse seine | Other,Ringnet (offshore),Indian scad,20.0,1.0
2024,5,5107068,Sri Lanka,Purse seine | Other,Ringnet (offshore),Rough triggerfish,79.0,0.7
2024,5,5107068,Sri Lanka,Purse seine | Other,Ringnet (offshore),Rainbow runner,79.0,2.3
2024,5,5107068,Sri Lanka,Purse seine | Other,Ringnet (offshore),Indian scad,79.0,13.3
2024,5,5107085,Sri Lanka,Purse seine | Other,Ringnet (offshore),Indian scad,40.0,4.0
2024,5,5107086,Sri Lanka,Purse seine | Other,Ringnet (offshore),Indian scad,79.0,7.0
2024,5,5107087,Sri Lanka,Purse seine | Other,Ringnet (offshore),Indian scad,59.0,14.0
2024,5,5107088,Sri Lanka,Purse seine | Other,Ringnet (offshore),Rough triggerfish,20.0,0.3
2024,5,5107088,Sri Lanka,Purse seine | Other,Ringnet (offshore),Indian scad,20.0,3.2
2024,5,5107089,Sri Lanka,Purse seine | Other,Ringnet (offshore),Rough triggerfish,20.0,0.1
2024,5,5107089,Sri Lanka,Purse seine | Other,Ringnet (offshore),Indian scad,20.0,3.5
2024,5,5108067,Sri Lanka,Purse seine | Other,Ringnet (offshore),Indian scad,40.0,7.3
2024,5,5108068,Sri Lanka,Purse seine | Other,Ringnet (offshore),Rainbow runner,20.0,0.5
2024,5,5108068,Sri Lanka,Purse seine | Other,Ringnet (offshore),Indian scad,20.0,2.0
2024,5,5108088,Sri Lanka,Purse seine | Other,Ringnet (offshore),Indian scad,20.0,2.0
2024,5,5109064,Sri Lanka,Purse seine | Other,Ringnet (offshore),Rainbow runner,20.0,0.1
2024,5,5109064,Sri Lanka,Purse seine | Other,Ringnet (offshore),Indian scad,20.0,0.5
2024,5,5109067,Sri Lanka,Purse seine | Other,Ringnet (offshore),Rough triggerfish,20.0,2.2
2024,5,5109067,Sri Lanka,Purse seine | Other,Ringnet (offshore),Indian scad,20.0,6.5
2024,5,5109068,Sri Lanka,Purse seine | Other,Ringnet (offshore),Rough triggerfish,59.0,0.1
2024,5,5109068,Sri Lanka,Purse seine | Other,Ringnet (offshore),Rainbow runner,59.0,1.5
2024,5,5109068,Sri Lanka,Purse seine | Other,Ringnet (offshore),Indian scad,59.0,12.8
2024,5,5110065,I. R. Iran,Gillnet,Gillnet (offshore),Common dolphinfish,1642.0,100.0
2024,5,5110065,Sri Lanka,Purse seine | Other,Ringnet (offshore),Rough triggerfish,40.0,0.8
2024,5,5110065,Sri Lanka,Purse seine | Other,Ringnet (offshore),Rainbow runner,40.0,0.7
2024,5,5110065,Sri Lanka,Purse seine | Other,Ringnet (offshore),Indian scad,40.0,8.2
2024,5,5110066,Sri Lanka,Purse seine | Other,Ringnet (offshore),Rough triggerfish,79.0,1.6
2024,5,5110066,Sri Lanka,Purse seine | Other,Ringnet (offshore),Rainbow runner,79.0,2.0
2024,5,5110066,Sri Lanka,Purse seine | Other,Ringnet (offshore),Indian scad,79.0,30.0
2024,5,5110067,Sri Lanka,Purse seine | Other,Ringnet (offshore),Rough triggerfish,20.0,0.5
2024,5,5110067,Sri Lanka,Purse seine | Other,Ringnet (offshore),Rainbow runner,20.0,0.7
2024,5,5110067,Sri Lanka,Purse seine | Other,Ringnet (offshore),Indian scad,20.0,6.7
2024,5,5110068,Sri Lanka,Purse seine | Other,Ringnet (offshore),Indian scad,99.0,23.5
2024,5,5111065,Sri Lanka,Purse seine | Other,Ringnet (offshore),Rainbow runner,20.0,0.6
2024,5,5111065,Sri Lanka,Purse seine | Other,Ringnet (offshore),Indian scad,20.0,2.7
2024,5,5111066,Sri Lanka,Purse seine | Other,Ringnet (offshore),Rough triggerfish,40.0,0.6
2024,5,5111066,Sri Lanka,Purse seine | Other,Ringnet (offshore),Indian scad,40.0,15.0
2024,5,5111067,Sri Lanka,Purse seine | Other,Ringnet (offshore),Rough triggerfish,20.0,0.8
2024,5,5111067,Sri Lanka,Purse seine | Other,Ringnet (offshore),Indian scad,20.0,2.8
2024,5,5111068,Sri Lanka,Purse seine | Other,Ringnet (offshore),Indian scad,20.0,30.0
2024,5,5112066,Sri Lanka,Purse seine | Other,Ringnet (offshore),Indian scad,40.0,8.5
2024,5,5112067,Sri Lanka,Purse seine | Other,Ringnet (offshore),Indian scad,20.0,3.0
2024,5,5113065,Sri Lanka,Purse seine | Other,Ringnet (offshore),Rough triggerfish,20.0,2.0
2024,5,5113065,Sri Lanka,Purse seine | Other,Ringnet (offshore),Rainbow runner,20.0,0.8
2024,5,5113065,Sri Lanka,Purse seine | Other,Ringnet (offshore),Indian scad,20.0,2.5
2024,5,5114085,Sri Lanka,Purse seine | Other,Ringnet (offshore),Indian scad,20.0,12.0
2024,5,5200084,Sri Lanka,Purse seine | Other,Ringnet (offshore),Indian scad,20.0,4.0
2024,5,5200085,Sri Lanka,Purse seine | Other,Ringnet (offshore),Indian scad,40.0,6.6
2024,5,5201097,Indonesia,Purse seine | LS,Small purse seine,Dogtooth tuna,3.0,0.305
2024,5,5203078,Sri Lanka,Gillnet,Gillnet (offshore),Blue shark,130.0,0.2
2024,5,5203078,Sri Lanka,Gillnet,Gillnet (offshore),Shortfin mako,130.0,0.1
2024,5,5203079,Sri Lanka,Gillnet,Gillnet (offshore),Blue shark,174.0,0.6
2024,5,5203079,Sri Lanka,Gillnet,Gillnet (offshore),Shortfin mako,174.0,0.1
2024,5,5203081,Sri Lanka,Gillnet,Gillnet (offshore),Blue shark,22.0,0.1
2024,5,5204077,Sri Lanka,Gillnet,Gillnet (offshore),Giant manta,326.0,0.1
2024,5,5204077,Sri Lanka,Gillnet,Gillnet (offshore),Blue shark,326.0,0.2
2024,5,5204077,Sri Lanka,Gillnet,Gillnet (offshore),Silky shark,326.0,0.1
2024,5,5204077,Sri Lanka,Purse seine | Other,Ringnet (offshore),Indian scad,20.0,1.2
2024,5,5204078,Sri Lanka,Gillnet,Gillnet (offshore),Giant manta,369.0,1.5
2024,5,5204079,Sri Lanka,Gillnet,Gillnet (offshore),Blue shark,217.0,0.3
2024,5,5204079,Sri Lanka,Purse seine | Other,Ringnet (offshore),Indian scad,59.0,3.8
2024,5,5204080,Sri Lanka,Gillnet,Gillnet (offshore),Blue shark,152.0,0.5
2024,5,5204080,Sri Lanka,Purse seine | Other,Ringnet (offshore),Indian scad,99.0,5.3
2024,5,5204081,Sri Lanka,Purse seine | Other,Ringnet (offshore),Indian scad,40.0,1.5
2024,5,5205078,Sri Lanka,Gillnet,Gillnet (offshore),Giant manta,152.0,0.7
2024,5,5205079,Sri Lanka,Gillnet,Gillnet (offshore),Giant manta,434.0,0.1
2024,5,5205079,Sri Lanka,Gillnet,Gillnet (offshore),Blue shark,434.0,1.9
2024,5,5205079,Sri Lanka,Purse seine | Other,Ringnet (offshore),Indian scad,59.0,3.8
2024,5,5205080,Sri Lanka,Gillnet,Gillnet (offshore),Giant manta,499.0,0.4
2024,5,5205080,Sri Lanka,Gillnet,Gillnet (offshore),Blue shark,499.0,4.5
2024,5,5205080,Sri Lanka,Gillnet,Gillnet (offshore),Great hammerhead,499.0,0.1
2024,5,5205080,Sri Lanka,Purse seine | Other,Ringnet (offshore),Indian scad,99.0,5.3
2024,5,5205081,Sri Lanka,Gillnet,Gillnet (offshore),Indian scad,87.0,2.5
2024,5,5205081,Sri Lanka,Purse seine | Other,Ringnet (offshore),Indian scad,40.0,1.5
2024,5,5206078,Sri Lanka,Gillnet,Gillnet (offshore),Indian scad,65.0,0.2
2024,5,5206079,Sri Lanka,Purse seine | Other,Ringnet (offshore),Rough triggerfish,20.0,0.3
2024,5,5206079,Sri Lanka,Purse seine | Other,Ringnet (offshore),Indian scad,20.0,1.2
2024,5,5206080,Sri Lanka,Gillnet,Gillnet (offshore),Blue shark,22.0,0.2
2024,5,5206102,Indonesia,Line | Handline,Handline,Common dolphinfish,6.0,0.059
2024,5,5206103,Indonesia,Line | Handline,Handline,Common dolphinfish,6.0,0.08
2024,5,5207101,Indonesia,Line | Handline,Handline,Common dolphinfish,1.0,0.023
2024,5,5207102,Indonesia,Line | Handline,Handline,Common dolphinfish,21.0,0.381
2024,5,5207105,Indonesia,Line | Handline,Handline,Common dolphinfish,6.0,0.13
2024,5,5207105,Indonesia,Purse seine | LS,Small purse seine,Common dolphinfish,4.0,0.144
2024,5,5208084,Sri Lanka,Purse seine | Other,Ringnet (offshore),Indian scad,20.0,1.0
2024,5,5208102,Indonesia,Line | Handline,Handline,Common dolphinfish,21.0,0.103
2024,5,5208103,Indonesia,Line | Handline,Handline,Common dolphinfish,5.0,0.049
2024,5,5208104,Indonesia,Purse seine | LS,Purse seine,Common dolphinfish,8.0,0.102
2024,5,5208105,Indonesia,Line | Handline,Handline,Common dolphinfish,6.0,0.602
2024,5,5208106,Indonesia,Line | Handline,Handline,Common dolphinfish,106.0,1.067
2024,5,5208107,Indonesia,Line | Handline,Handline,Common dolphinfish,49.0,0.227
2024,5,5208108,Indonesia,Line | Handline,Handline,Common dolphinfish,37.0,0.604
2024,5,5208110,Indonesia,Line | Handline,Handline,Common dolphinfish,12.0,0.082
2024,5,5208112,Indonesia,Line | Handline,Handline,Common dolphinfish,9.0,0.3
2024,5,5208112,Indonesia,Purse seine | LS,Small purse seine,Blue mackerel,147.0,0.175
2024,5,5209105,Indonesia,Line | Handline,Handline,Common dolphinfish,21.0,1.558
2024,5,5209107,Indonesia,Line | Handline,Handline,Common dolphinfish,56.0,0.614
2024,5,5209108,Indonesia,Line | Handline,Handline,Common dolphinfish,55.0,0.259
2024,5,5209109,Indonesia,Purse seine | LS,Purse seine,Common dolphinfish,5.0,0.302
2024,5,5209110,Indonesia,Line | Handline,Handline,Common dolphinfish,6.0,0.1
2024,5,5209111,Indonesia,Purse seine | LS,Small purse seine,Common dolphinfish,16.0,0.548
2024,5,5209112,Indonesia,Purse seine | LS,Small purse seine,Common dolphinfish,7.0,0.183
2024,5,5209115,Indonesia,Line | Handline,Handline,Common dolphinfish,1.0,0.05
2024,5,5210101,Indonesia,Line | Handline,Handline,Common dolphinfish,15.0,0.038
2024,5,5210112,Indonesia,Line | Handline,Handline,Common dolphinfish,27.0,0.2
2024,5,5210114,Indonesia,Line | Handline,Handline,Common dolphinfish,111.0,0.1
2024,5,5210116,Indonesia,Line | Handline,Handline,Common dolphinfish,39.0,0.1
2024,5,5210119,Indonesia,Purse seine | LS,Purse seine,Common dolphinfish,19.0,0.5
2024,5,5210124,Indonesia,Purse seine | LS,Purse seine,Common dolphinfish,22.0,0.225
2024,5,5210125,Indonesia,Purse seine | LS,Purse seine,Common dolphinfish,9.0,0.12
2024,5,5211118,Indonesia,Line | Handline,Handline,Common dolphinfish,6.0,0.155
2024,5,5211119,Indonesia,Line | Handline,Handline,Common dolphinfish,3.0,0.1
2024,5,5212109,Indonesia,Line | Handline,Handline,Common dolphinfish,23.0,0.117
2024,5,5212118,Indonesia,Line | Handline,Handline,Common dolphinfish,11.0,0.3
2024,5,5212120,Indonesia,Line | Handline,Handline,Common dolphinfish,2.0,0.1
2024,5,5213108,Indonesia,Line | Handline,Handline,Common dolphinfish,1.0,0.126
2024,5,5215115,Indonesia,Purse seine | LS,Purse seine,Common dolphinfish,1.0,0.03
2024,5,5216115,Indonesia,Purse seine | LS,Purse seine,Common dolphinfish,7.0,0.07
2024,5,6100075,Sri Lanka,Gillnet,Gillnet,Indian scad,1230.0,0.7
2024,5,6100075,Sri Lanka,Gillnet,Gillnet,Giant manta,1230.0,1.1
2024,5,6100075,Sri Lanka,Gillnet,Gillnet,Blue shark,1230.0,3.4
2024,5,6100075,Sri Lanka,Gillnet,Gillnet,Silky shark,1230.0,8.5
2024,5,6100075,Sri Lanka,Gillnet,Gillnet,Shortfin mako,1230.0,0.9
2024,5,6100075,Sri Lanka,Line | Coastal longline,Coastal longline,Silky shark,1547.0,3.5
2024,5,6100075,Sri Lanka,Line | Coastal longline,Coastal longline,Shortfin mako,1547.0,0.3
2024,5,6100075,Sri Lanka,Purse seine | Other,Ringnet,Bigeye scad,2926.0,3.4
2024,5,6100075,Sri Lanka,Purse seine | Other,Ringnet,Rough triggerfish,2926.0,16.9
2024,5,6100075,Sri Lanka,Purse seine | Other,Ringnet,Indian mackerel,2926.0,1.1
2024,5,6100075,Sri Lanka,Purse seine | Other,Ringnet,Rainbow runner,2926.0,4.7
2024,5,6100075,Sri Lanka,Purse seine | Other,Ringnet,Indian scad,2926.0,319.2
2024,5,6100075,Sri Lanka,Longline | Fresh,Longline (fresh),Giant manta,1228.0,0.3
2024,5,6100075,Sri Lanka,Longline | Fresh,Longline (fresh),Blue shark,1228.0,1.4
2024,5,6100080,Sri Lanka,Gillnet,Gillnet,Blue shark,295.0,1.1
2024,5,6100080,Sri Lanka,Gillnet,Gillnet,Silky shark,295.0,2.5
2024,5,6100080,Sri Lanka,Purse seine | Other,Ringnet,Bigeye scad,1639.0,5.7
2024,5,6100080,Sri Lanka,Purse seine | Other,Ringnet,Rough triggerfish,1639.0,17.7
2024,5,6100080,Sri Lanka,Purse seine | Other,Ringnet,Indian mackerel,1639.0,5.2
2024,5,6100080,Sri Lanka,Purse seine | Other,Ringnet,Rainbow runner,1639.0,6.8
2024,5,6100080,Sri Lanka,Purse seine | Other,Ringnet,Indian scad,1639.0,299.1
2024,5,6105060,Sri Lanka,Longline | Fresh,Longline (fresh),Blue shark,105.0,0.1
2024,5,6105065,Sri Lanka,Longline | Fresh,Longline (fresh),Blue shark,140.0,0.1
2024,5,6105075,Sri Lanka,Gillnet,Gillnet,Rough triggerfish,2106.0,0.7
2024,5,6105075,Sri Lanka,Gillnet,Gillnet,Common dolphinfish,2106.0,0.8
2024,5,6105075,Sri Lanka,Gillnet,Gillnet,Rainbow runner,2106.0,0.3
2024,5,6105075,Sri Lanka,Gillnet,Gillnet,Indian scad,2106.0,0.1
2024,5,6105075,Sri Lanka,Gillnet,Gillnet,Giant manta,2106.0,1.4
2024,5,6105075,Sri Lanka,Gillnet,Gillnet,Blue shark,2106.0,0.2
2024,5,6105075,Sri Lanka,Gillnet,Gillnet,Silky shark,2106.0,1.6
2024,5,6105075,Sri Lanka,Gillnet,Gillnet,Smooth hammerhead,2106.0,0.1
2024,5,6105075,Sri Lanka,Line | Coastal longline,Coastal longline,Blue shark,3039.0,0.9
2024,5,6105075,Sri Lanka,Line | Coastal longline,Coastal longline,Silky shark,3039.0,0.7
2024,5,6105075,Sri Lanka,Line | Coastal longline,Coastal longline,Shortfin mako,3039.0,1.5
2024,5,6105075,Sri Lanka,Other,Beach seine,Dorab wolf-herring,983.0,2.5
2024,5,6105075,Sri Lanka,Other,Beach seine,Needle cuttlefish,983.0,3.7
2024,5,6105075,Sri Lanka,Other,Beach seine,Indian mackerel,983.0,3.7
2024,5,6105075,Sri Lanka,Purse seine | Other,Ringnet,Rough triggerfish,3463.0,17.4
2024,5,6105075,Sri Lanka,Purse seine | Other,Ringnet,Common dolphinfish,3463.0,0.4
2024,5,6105075,Sri Lanka,Purse seine | Other,Ringnet,Indian mackerel,3463.0,4.2
2024,5,6105075,Sri Lanka,Purse seine | Other,Ringnet,Rainbow runner,3463.0,17.3
2024,5,6105075,Sri Lanka,Purse seine | Other,Ringnet,Indian scad,3463.0,520.8
2024,5,6105080,Sri Lanka,Gillnet,Gillnet,Common dolphinfish,6048.0,0.5
2024,5,6105080,Sri Lanka,Gillnet,Gillnet,Giant manta,6048.0,1.7
2024,5,6105080,Sri Lanka,Gillnet,Gillnet,Blue shark,6048.0,0.7
2024,5,6105080,Sri Lanka,Line | Coastal longline,Coastal longline,Common dolphinfish,5625.0,0.4
2024,5,6105080,Sri Lanka,Line | Coastal longline,Coastal longline,Rainbow runner,5625.0,0.1
2024,5,6105080,Sri Lanka,Line | Coastal longline,Coastal longline,Giant manta,5625.0,0.4
2024,5,6105080,Sri Lanka,Line | Coastal longline,Coastal longline,Blue shark,5625.0,1.2
2024,5,6105080,Sri Lanka,Line | Coastal longline,Coastal longline,Silky shark,5625.0,16.8
2024,5,6105080,Sri Lanka,Line | Coastal longline,Coastal longline,Shortfin mako,5625.0,1.0
2024,5,6105080,Sri Lanka,Line | Coastal longline,Coastal longline,Great hammerhead,5625.0,0.7
2024,5,6105080,Sri Lanka,Line | Coastal longline,Coastal longline,Scalloped hammerhead,5625.0,0.2
2024,5,6105080,Sri Lanka,Line | Handline,Handline,Indian mackerel,213.0,3.5
2024,5,6105080,Sri Lanka,Other,Beach seine,Dorab wolf-herring,2398.0,1.8
2024,5,6105080,Sri Lanka,Other,Beach seine,Needle cuttlefish,2398.0,22.0
2024,5,6105080,Sri Lanka,Other,Beach seine,Indian mackerel,2398.0,156.6
2024,5,6105080,Sri Lanka,Purse seine | Other,Ringnet,Bigeye scad,2427.0,27.1
2024,5,6105080,Sri Lanka,Purse seine | Other,Ringnet,Rough triggerfish,2427.0,33.1
2024,5,6105080,Sri Lanka,Purse seine | Other,Ringnet,Indian mackerel,2427.0,1.1
2024,5,6105080,Sri Lanka,Purse seine | Other,Ringnet,Rainbow runner,2427.0,2.7
2024,5,6105080,Sri Lanka,Purse seine | Other,Ringnet,Indian scad,2427.0,284.5
2024,5,6105085,Sri Lanka,Purse seine | Other,Ringnet,Bigeye scad,1591.0,27.7
2024,5,6105085,Sri Lanka,Purse seine | Other,Ringnet,Rough triggerfish,1591.0,50.2
2024,5,6105085,Sri Lanka,Purse seine | Other,Ringnet,Indian mackerel,1591.0,10.4
2024,5,6105085,Sri Lanka,Purse seine | Other,Ringnet,Rainbow runner,1591.0,1.1
2024,5,6105085,Sri Lanka,Purse seine | Other,Ringnet,Indian scad,1591.0,339.0
2024,5,6110080,Sri Lanka,Line | Coastal longline,Coastal longline,Rainbow runner,810.0,1.0
2024,5,6110080,Sri Lanka,Line | Coastal longline,Coastal longline,Scalloped hammerhead,810.0,0.2
2024,5,6110080,Sri Lanka,Purse seine | Other,Ringnet,Rough triggerfish,1918.0,19.6
2024,5,6110080,Sri Lanka,Purse seine | Other,Ringnet,Rainbow runner,1918.0,1.7
2024,5,6110080,Sri Lanka,Purse seine | Other,Ringnet,Indian scad,1918.0,272.8
2024,5,6120055,I. R. Iran,Gillnet,Gillnet,Common dolphinfish,3414.0,2.2
2024,5,6120060,I. R. Iran,Gillnet,Gillnet,Common dolphinfish,14988.0,32.8
2024,5,6120060,I. R. Iran,Gillnet,Gillnet,Whitecheek shark,14988.0,4.9
2024,5,6120060,I. R. Iran,Gillnet,Gillnet,Spottail shark,14988.0,9.7
2024,5,6120060,I. R. Iran,Gillnet,Gillnet,Milk shark,14988.0,29.1
2024,5,6120060,I. R. Iran,Line | Trolling,Troll line,Common dolphinfish,937.0,5.0
2024,5,6120060,I. R. Iran,Line | Trolling,Troll line,Spottail shark,937.0,1.6
2024,5,6120060,I. R. Iran,Line | Trolling,Troll line,Milk shark,937.0,5.2
2024,5,6125045,I. R. Iran,Gillnet,Gillnet,Whitecheek shark,431.0,0.1
2024,5,6125045,I. R. Iran,Gillnet,Gillnet,Spottail shark,431.0,0.2
2024,5,6125045,I. R. Iran,Gillnet,Gillnet,Milk shark,431.0,0.6
2024,5,6125045,I. R. Iran,Line | Trolling,Troll line,Spottail shark,55.0,0.1
2024,5,6125045,I. R. Iran,Line | Trolling,Troll line,Milk shark,55.0,0.5
2024,5,6125050,I. R. Iran,Gillnet,Gillnet,Common dolphinfish,24795.0,1.0
2024,5,6125050,I. R. Iran,Gillnet,Gillnet,Whitecheek shark,24795.0,0.4
2024,5,6125050,I. R. Iran,Gillnet,Gillnet,Spottail shark,24795.0,0.8
2024,5,6125050,I. R. Iran,Gillnet,Gillnet,Milk shark,24795.0,2.6
2024,5,6125050,I. R. Iran,Line | Trolling,Troll line,Common dolphinfish,2569.0,0.2
2024,5,6125050,I. R. Iran,Line | Trolling,Troll line,Spottail shark,2569.0,0.2
2024,5,6125050,I. R. Iran,Line | Trolling,Troll line,Milk shark,2569.0,0.7
2024,5,6125055,I. R. Iran,Gillnet,Gillnet,Common dolphinfish,15798.0,4.6
2024,5,6125055,I. R. Iran,Gillnet,Gillnet,Whitecheek shark,15798.0,1.3
2024,5,6125055,I. R. Iran,Gillnet,Gillnet,Spottail shark,15798.0,2.7
2024,5,6125055,I. R. Iran,Gillnet,Gillnet,Milk shark,15798.0,8.3
2024,5,6125055,I. R. Iran,Line | Trolling,Troll line,Common dolphinfish,1312.0,1.0
2024,5,6125055,I. R. Iran,Line | Trolling,Troll line,Spottail shark,1312.0,0.7
2024,5,6125055,I. R. Iran,Line | Trolling,Troll line,Milk shark,1312.0,2.4
2024,5,6125060,I. R. Iran,Gillnet,Gillnet,Common dolphinfish,1466.0,3.1
2024,5,6125060,I. R. Iran,Gillnet,Gillnet,Whitecheek shark,1466.0,0.2
2024,5,6125060,I. R. Iran,Gillnet,Gillnet,Spottail shark,1466.0,0.5
2024,5,6125060,I. R. Iran,Gillnet,Gillnet,Milk shark,1466.0,1.4
2024,5,6125060,I. R. Iran,Line | Coastal longline,Coastal longline,Common dolphinfish,53.5792809359127,0.12
2024,5,6125060,I. R. Iran,Line | Trolling,Troll line,Common dolphinfish,155.0,0.7
2024,5,6125060,I. R. Iran,Line | Trolling,Troll line,Spottail shark,155.0,0.1
2024,5,6125060,I. R. Iran,Line | Trolling,Troll line,Milk shark,155.0,0.4
2024,5,6200035,Kenya,Gillnet,Gillnet,Common dolphinfish,12000.0,4.46333
2024,5,6200035,Kenya,Line | Coastal longline,Coastal longline,Common dolphinfish,1360.0,0.001
2024,5,6200035,Kenya,Line | Coastal longline,Coastal longline,Escolar,1360.0,0.0074
2024,5,6200035,Kenya,Line | Coastal longline,Coastal longline,Blue shark,1360.0,0.783
2024,5,6200035,Kenya,Line | Coastal longline,Coastal longline,Silky shark,1360.0,0.1852
2024,5,6200035,Kenya,Line | Coastal longline,Coastal longline,Shortfin mako,1360.0,0.0628
2024,5,6200035,Kenya,Line | Handline,Handline,Great barracuda,7750.0,36.38
2024,5,6200035,Kenya,Line | Trolling,Troll line,Great barracuda,1200.0,15.58
2024,5,6200040,Kenya,Gillnet,Gillnet,Common dolphinfish,12000.0,3.50667
2024,5,6200040,Kenya,Line | Coastal longline,Coastal longline,Common dolphinfish,1360.0,0.00067
2024,5,6200040,Kenya,Line | Coastal longline,Coastal longline,Escolar,1360.0,0.00493
2024,5,6200040,Kenya,Line | Coastal longline,Coastal longline,Blue shark,1360.0,0.522
2024,5,6200040,Kenya,Line | Coastal longline,Coastal longline,Silky shark,1360.0,0.12347
2024,5,6200040,Kenya,Line | Coastal longline,Coastal longline,Shortfin mako,1360.0,0.04187
2024,5,6200040,Kenya,Line | Handline,Handline,Great barracuda,7750.0,24.25333
2024,5,6200040,Kenya,Line | Trolling,Troll line,Great barracuda,1200.0,10.38667
2024,5,6200055,Sri Lanka,Longline | Fresh,Longline (fresh),Blue shark,245.0,1.5
2024,5,6200055,Sri Lanka,Longline | Fresh,Longline (fresh),Silky shark,245.0,1.2
2024,5,6200055,Sri Lanka,Longline | Fresh,Longline (fresh),Shortfin mako,245.0,0.5
2024,5,6200060,Sri Lanka,Longline | Fresh,Longline (fresh),Blue shark,2387.0,0.6
2024,5,6200065,Sri Lanka,Longline | Fresh,Longline (fresh),Blue shark,7582.0,2.6
2024,5,6200065,Sri Lanka,Longline | Fresh,Longline (fresh),Silky shark,7582.0,0.7
2024,5,6200065,Sri Lanka,Longline | Fresh,Longline (fresh),Shortfin mako,7582.0,1.2
2024,5,6200075,Sri Lanka,Longline | Fresh,Longline (fresh),Giant manta,8881.0,0.1
2024,5,6200075,Sri Lanka,Longline | Fresh,Longline (fresh),Blue shark,8881.0,2.5
2024,5,6200075,Sri Lanka,Longline | Fresh,Longline (fresh),Silky shark,8881.0,0.2
2024,5,6200080,Sri Lanka,Longline | Fresh,Longline (fresh),Blue shark,597.0,0.1
2024,5,6205040,Comoros,Line | Coastal longline,Coastal longline,Common dolphinfish,19656.4360720953,2.64831
2024,5,6205040,Comoros,Line | Trolling,Troll line,Common dolphinfish,11298.498737,13.0254
2024,5,6205040,Comoros,Line | Trolling,Troll line,Blue shark,11298.498737,0.06284
2024,5,6205040,Comoros,Line | Trolling,Troll line,Silky shark,11298.498737,3.7842
2024,5,6205040,Comoros,Line | Trolling,Troll line,Oceanic whitetip shark,11298.498737,0.58166
2024,5,6205060,Sri Lanka,Longline | Fresh,Longline (fresh),Blue shark,5230.0,0.6
2024,5,6205060,Sri Lanka,Longline | Fresh,Longline (fresh),Shortfin mako,5230.0,0.1
2024,5,6205065,Sri Lanka,Longline | Fresh,Longline (fresh),Blue shark,8389.0,1.2
2024,5,6205065,Sri Lanka,Longline | Fresh,Longline (fresh),Silky shark,8389.0,0.5
2024,5,6205065,Sri Lanka,Longline | Fresh,Longline (fresh),Shortfin mako,8389.0,0.2
2024,5,6205075,Sri Lanka,Longline | Fresh,Longline (fresh),Blue shark,11794.0,2.6
2024,5,6205075,Sri Lanka,Longline | Fresh,Longline (fresh),Silky shark,11794.0,0.3
2024,6,5100077,Sri Lanka,Purse seine | Other,Ringnet (offshore),Indian mackerel,99.0,5.0
2024,6,5100077,Sri Lanka,Purse seine | Other,Ringnet (offshore),Indian scad,99.0,17.0
2024,6,5100078,Sri Lanka,Gillnet,Gillnet (offshore),Indian scad,22.0,4.0
2024,6,5100078,Sri Lanka,Purse seine | Other,Ringnet (offshore),Rough triggerfish,178.0,0.8
2024,6,5100078,Sri Lanka,Purse seine | Other,Ringnet (offshore),Rainbow runner,178.0,2.0
2024,6,5100078,Sri Lanka,Purse seine | Other,Ringnet (offshore),Indian scad,178.0,34.7
2024,6,5100079,Sri Lanka,Purse seine | Other,Ringnet (offshore),Indian scad,139.0,28.2
2024,6,5100080,Sri Lanka,Purse seine | Other,Ringnet (offshore),Rough triggerfish,119.0,0.6
2024,6,5100080,Sri Lanka,Purse seine | Other,Ringnet (offshore),Indian scad,119.0,18.5
2024,6,5100081,Sri Lanka,Purse seine | Other,Ringnet (offshore),Indian scad,20.0,1.5
2024,6,5100082,Sri Lanka,Purse seine | Other,Ringnet (offshore),Indian scad,40.0,5.0
2024,6,5100083,Sri Lanka,Purse seine | Other,Ringnet (offshore),Indian scad,20.0,10.0
2024,6,5100084,Sri Lanka,Purse seine | Other,Ringnet (offshore),Rough triggerfish,79.0,0.5
2024,6,5100084,Sri Lanka,Purse seine | Other,Ringnet (offshore),Rainbow runner,79.0,0.5
2024,6,5100084,Sri Lanka,Purse seine | Other,Ringnet (offshore),Indian scad,79.0,40.5
2024,6,5100085,Sri Lanka,Purse seine | Other,Ringnet (offshore),Rough triggerfish,79.0,1.4
2024,6,5100085,Sri Lanka,Purse seine | Other,Ringnet (offshore),Indian scad,79.0,27.0
2024,6,5100086,Sri Lanka,Purse seine | Other,Ringnet (offshore),Indian scad,40.0,5.5
2024,6,5101077,Sri Lanka,Purse seine | Other,Ringnet (offshore),Rainbow runner,59.0,0.8
2024,6,5101077,Sri Lanka,Purse seine | Other,Ringnet (offshore),Indian scad,59.0,17.7
2024,6,5101078,Sri Lanka,Purse seine | Other,Ringnet (offshore),Rainbow runner,59.0,0.5
2024,6,5101078,Sri Lanka,Purse seine | Other,Ringnet (offshore),Indian scad,59.0,4.5
2024,6,5101079,Sri Lanka,Purse seine | Other,Ringnet (offshore),Rough triggerfish,40.0,0.5
2024,6,5101079,Sri Lanka,Purse seine | Other,Ringnet (offshore),Rainbow runner,40.0,0.3
2024,6,5101079,Sri Lanka,Purse seine | Other,Ringnet (offshore),Indian scad,40.0,1.9
2024,6,5101080,Sri Lanka,Purse seine | Other,Ringnet (offshore),Rough triggerfish,40.0,0.5
2024,6,5101080,Sri Lanka,Purse seine | Other,Ringnet (offshore),Rainbow runner,40.0,0.3
2024,6,5101080,Sri Lanka,Purse seine | Other,Ringnet (offshore),Indian scad,40.0,4.4
2024,6,5101083,Sri Lanka,Purse seine | Other,Ringnet (offshore),Rough triggerfish,20.0,0.3
2024,6,5101083,Sri Lanka,Purse seine | Other,Ringnet (offshore),Indian scad,20.0,4.0
2024,6,5101084,Sri Lanka,Purse seine | Other,Ringnet (offshore),Indian scad,20.0,2.5
2024,6,5101085,Sri Lanka,Purse seine | Other,Ringnet (offshore),Indian scad,20.0,2.0
2024,6,5102077,Sri Lanka,Gillnet,Gillnet (offshore),Rough triggerfish,260.0,2.0
2024,6,5102077,Sri Lanka,Gillnet,Gillnet (offshore),Indian scad,260.0,6.0
2024,6,5102077,Sri Lanka,Gillnet,Gillnet (offshore),Shortfin mako,260.0,0.1
2024,6,5102077,Sri Lanka,Purse seine | Other,Ringnet (offshore),Rainbow runner,79.0,0.5
2024,6,5102077,Sri Lanka,Purse seine | Other,Ringnet (offshore),Indian scad,79.0,3.5
2024,6,5102078,Sri Lanka,Purse seine | Other,Ringnet (offshore),Rough triggerfish,20.0,0.1
2024,6,5102078,Sri Lanka,Purse seine | Other,Ringnet (offshore),Indian scad,20.0,2.5
2024,6,5102079,Sri Lanka,Gillnet,Gillnet (offshore),Giant manta,65.0,0.1
2024,6,5102079,Sri Lanka,Gillnet,Gillnet (offshore),Blue shark,65.0,1.2
2024,6,5102079,Sri Lanka,Gillnet,Gillnet (offshore),Silky shark,65.0,3.5
2024,6,5102079,Sri Lanka,Gillnet,Gillnet (offshore),Great hammerhead,65.0,0.1
2024,6,5102079,Sri Lanka,Purse seine | Other,Ringnet (offshore),Indian scad,20.0,0.6
2024,6,5102080,Sri Lanka,Gillnet,Gillnet (offshore),Blue shark,22.0,0.1
2024,6,5103077,Sri Lanka,Gillnet,Gillnet (offshore),Giant manta,781.0,0.5
2024,6,5103077,Sri Lanka,Gillnet,Gillnet (offshore),Blue shark,781.0,1.2
2024,6,5103077,Sri Lanka,Gillnet,Gillnet (offshore),Silky shark,781.0,0.9
2024,6,5103077,Sri Lanka,Gillnet,Gillnet (offshore),Shortfin mako,781.0,0.1
2024,6,5103077,Sri Lanka,Gillnet,Gillnet (offshore),Great hammerhead,781.0,0.3
2024,6,5103077,Sri Lanka,Purse seine | Other,Ringnet (offshore),Rough triggerfish,257.0,2.7
2024,6,5103077,Sri Lanka,Purse seine | Other,Ringnet (offshore),Rainbow runner,257.0,0.2
2024,6,5103077,Sri Lanka,Purse seine | Other,Ringnet (offshore),Indian scad,257.0,27.0
2024,6,5103078,Sri Lanka,Gillnet,Gillnet (offshore),Silky shark,391.0,0.1
2024,6,5103078,Sri Lanka,Purse seine | Other,Ringnet (offshore),Indian scad,40.0,2.0
2024,6,5104077,Sri Lanka,Gillnet,Gillnet (offshore),Giant manta,239.0,0.2
2024,6,5104077,Sri Lanka,Gillnet,Gillnet (offshore),Silky shark,239.0,0.3
2024,6,5104077,Sri Lanka,Purse seine | Other,Ringnet (offshore),Rough triggerfish,79.0,0.9
2024,6,5104077,Sri Lanka,Purse seine | Other,Ringnet (offshore),Rainbow runner,79.0,0.2
2024,6,5104077,Sri Lanka,Purse seine | Other,Ringnet (offshore),Indian scad,79.0,8.0
2024,6,5107068,Sri Lanka,Purse seine | Other,Ringnet (offshore),Indian scad,20.0,2.5
2024,6,5107069,Sri Lanka,Purse seine | Other,Ringnet (offshore),Indian scad,20.0,2.0
2024,6,5108065,Sri Lanka,Gillnet,Gillnet (offshore),Giant manta,22.0,0.2
2024,6,5108068,Sri Lanka,Purse seine | Other,Ringnet (offshore),Indian scad,40.0,4.0
2024,6,5109067,Sri Lanka,Purse seine | Other,Ringnet (offshore),Indian scad,40.0,4.0
2024,6,5110065,I. R. Iran,Gillnet,Gillnet (offshore),Common dolphinfish,2994.0,147.0
2024,6,5111067,Sri Lanka,Purse seine | Other,Ringnet (offshore),Indian scad,20.0,1.5
2024,6,5111068,Sri Lanka,Purse seine | Other,Ringnet (offshore),Indian scad,20.0,2.5
2024,6,5200077,Sri Lanka,Purse seine | Other,Ringnet (offshore),Indian mackerel,20.0,5.0
2024,6,5200078,Sri Lanka,Purse seine | Other,Ringnet (offshore),Rough triggerfish,20.0,0.8
2024,6,5200078,Sri Lanka,Purse seine | Other,Ringnet (offshore),Rainbow runner,20.0,1.2
2024,6,5200078,Sri Lanka,Purse seine | Other,Ringnet (offshore),Indian scad,20.0,7.4
2024,6,5200079,Sri Lanka,Purse seine | Other,Ringnet (offshore),Indian scad,20.0,1.5
2024,6,5200082,Sri Lanka,Purse seine | Other,Ringnet (offshore),Indian scad,40.0,6.0
2024,6,5200083,Sri Lanka,Purse seine | Other,Ringnet (offshore),Indian scad,20.0,1.5
2024,6,5200085,Sri Lanka,Purse seine | Other,Ringnet (offshore),Indian scad,20.0,30.0
2024,6,5200087,Sri Lanka,Purse seine | Other,Ringnet (offshore),Indian scad,20.0,6.0
2024,6,5201077,Sri Lanka,Gillnet,Gillnet (offshore),Blue shark,43.0,1.5
2024,6,5201080,Sri Lanka,Gillnet,Gillnet (offshore),Indian scad,43.0,4.0
2024,6,5202063,Sri Lanka,Gillnet,Gillnet (offshore),Giant manta,87.0,0.1
2024,6,5202079,Sri Lanka,Purse seine | Other,Ringnet (offshore),Indian scad,20.0,2.8
2024,6,5203075,Sri Lanka,Gillnet,Gillnet (offshore),Giant manta,174.0,1.8
2024,6,5203075,Sri Lanka,Gillnet,Gillnet (offshore),Blue shark,174.0,0.4
2024,6,5203077,Sri Lanka,Gillnet,Gillnet (offshore),Giant manta,347.0,0.2
2024,6,5203078,Sri Lanka,Gillnet,Gillnet (offshore),Giant manta,391.0,0.1
2024,6,5204077,Sri Lanka,Gillnet,Gillnet (offshore),Blue shark,499.0,0.1
2024,6,5204077,Sri Lanka,Gillnet,Gillnet (offshore),Shortfin mako,499.0,0.1
2024,6,5204078,Sri Lanka,Purse seine | Other,Ringnet (offshore),Indian scad,20.0,2.5
2024,6,5204079,Sri Lanka,Gillnet,Gillnet (offshore),Giant manta,434.0,0.1
2024,6,5204079,Sri Lanka,Gillnet,Gillnet (offshore),Blue shark,434.0,0.3
2024,6,5204079,Sri Lanka,Purse seine | Other,Ringnet (offshore),Indian scad,40.0,4.0
2024,6,5205078,Sri Lanka,Gillnet,Gillnet (offshore),Indian scad,1042.0,5.0
2024,6,5205078,Sri Lanka,Gillnet,Gillnet (offshore),Giant manta,1042.0,1.1
2024,6,5205078,Sri Lanka,Gillnet,Gillnet (offshore),Great hammerhead,1042.0,0.1
2024,6,5205078,Sri Lanka,Purse seine | Other,Ringnet (offshore),Rough triggerfish,40.0,0.5
2024,6,5205078,Sri Lanka,Purse seine | Other,Ringnet (offshore),Indian scad,40.0,15.5
2024,6,5205079,Sri Lanka,Gillnet,Gillnet (offshore),Giant manta,1302.0,1.4
2024,6,5205079,Sri Lanka,Gillnet,Gillnet (offshore),Great hammerhead,1302.0,0.2
2024,6,5205080,Sri Lanka,Gillnet,Gillnet (offshore),Giant manta,1194.0,2.4
2024,6,5205081,Sri Lanka,Gillnet,Gillnet (offshore),Giant manta,260.0,1.6
2024,6,5206079,Sri Lanka,Gillnet,Gillnet (offshore),Giant manta,65.0,1.4
2024,6,5206079,Sri Lanka,Purse seine | Other,Ringnet (offshore),Indian scad,40.0,0.5
2024,6,5206103,Indonesia,Line | Handline,Handline,Common dolphinfish,11.0,0.037
2024,6,5207102,Indonesia,Line | Handline,Handline,Common dolphinfish,8.0,0.51
2024,6,5207105,Indonesia,Line | Handline,Handline,Common dolphinfish,5.0,0.106
2024,6,5208100,Indonesia,Line | Handline,Handline,Common dolphinfish,8.0,0.307
2024,6,5208103,Indonesia,Line | Handline,Handline,Common dolphinfish,19.0,0.071
2024,6,5208105,Indonesia,Line | Handline,Handline,Common dolphinfish,1.0,0.135
2024,6,5208106,Indonesia,Line | Handline,Handline,Common dolphinfish,83.0,0.984
2024,6,5208108,Indonesia,Line | Handline,Handline,Common dolphinfish,165.0,0.413
2024,6,5208109,Indonesia,Line | Handline,Handline,Common dolphinfish,68.0,1.33
2024,6,5208111,Indonesia,Purse seine | LS,Small purse seine,Common dolphinfish,3.0,0.042
2024,6,5208112,Indonesia,Line | Handline,Handline,Common dolphinfish,6.0,0.4
2024,6,5209104,Indonesia,Line | Handline,Handline,Common dolphinfish,40.0,0.19
2024,6,5209106,Indonesia,Line | Handline,Handline,Common dolphinfish,2.0,0.3
2024,6,5209107,Indonesia,Line | Handline,Handline,Common dolphinfish,47.0,0.225
2024,6,5209107,Indonesia,Line | Handline,Handline,Blue shark,47.0,0.041
2024,6,5209111,Indonesia,Purse seine | LS,Small purse seine,Common dolphinfish,19.0,0.152
2024,6,5209112,Indonesia,Purse seine | LS,Small purse seine,Common dolphinfish,1.0,0.079
2024,6,5209117,Indonesia,Line | Handline,Handline,Common dolphinfish,8.0,0.2
2024,6,5210116,Indonesia,Line | Handline,Handline,Common dolphinfish,36.0,0.2
2024,6,5210119,Indonesia,Purse seine | LS,Purse seine,Common dolphinfish,33.0,3.9
2024,6,5210120,Indonesia,Purse seine | LS,Purse seine,Common dolphinfish,6.0,0.05
2024,6,5211118,Indonesia,Line | Handline,Handline,Common dolphinfish,13.0,0.4
2024,6,5212120,Indonesia,Line | Handline,Handline,Common dolphinfish,6.0,0.016
2024,6,5213121,Indonesia,Purse seine | LS,Purse seine,Common dolphinfish,9.0,0.39
2024,6,5214113,Indonesia,Purse seine | LS,Purse seine,Common dolphinfish,9.0,0.38
2024,6,5214117,Indonesia,Purse seine | LS,Purse seine,Common dolphinfish,3.0,0.1
2024,6,6100065,Sri Lanka,Longline | Fresh,Longline (fresh),Silky shark,140.0,0.1
2024,6,6100075,Sri Lanka,Gillnet,Gillnet,Indian scad,2191.0,1.9
2024,6,6100075,Sri Lanka,Gillnet,Gillnet,Giant manta,2191.0,2.0
2024,6,6100075,Sri Lanka,Gillnet,Gillnet,Blue shark,2191.0,1.2
2024,6,6100075,Sri Lanka,Gillnet,Gillnet,Silky shark,2191.0,1.3
2024,6,6100075,Sri Lanka,Gillnet,Gillnet,Shortfin mako,2191.0,0.1
2024,6,6100075,Sri Lanka,Gillnet,Gillnet,Smooth hammerhead,2191.0,0.2
2024,6,6100075,Sri Lanka,Line | Coastal longline,Coastal longline,Shortfin mako,492.0,0.3
2024,6,6100075,Sri Lanka,Purse seine | Other,Ringnet,Rough triggerfish,5514.0,67.0
2024,6,6100075,Sri Lanka,Purse seine | Other,Ringnet,Common dolphinfish,5514.0,0.6
2024,6,6100075,Sri Lanka,Purse seine | Other,Ringnet,Indian mackerel,5514.0,33.2
2024,6,6100075,Sri Lanka,Purse seine | Other,Ringnet,Rainbow runner,5514.0,19.1
2024,6,6100075,Sri Lanka,Purse seine | Other,Ringnet,Indian scad,5514.0,903.4
2024,6,6100075,Sri Lanka,Purse seine | Other,Ringnet,Silky shark,5514.0,16.8
2024,6,6100075,Sri Lanka,Longline | Fresh,Longline (fresh),Giant manta,948.0,0.2
2024,6,6100075,Sri Lanka,Longline | Fresh,Longline (fresh),Blue shark,948.0,2.3
2024,6,6100075,Sri Lanka,Longline | Fresh,Longline (fresh),Silky shark,948.0,4.3
2024,6,6100075,Sri Lanka,Longline | Fresh,Longline (fresh),Great hammerhead,948.0,0.4
2024,6,6100080,Sri Lanka,Gillnet,Gillnet,Giant manta,323.0,0.3
2024,6,6100080,Sri Lanka,Gillnet,Gillnet,Blue shark,323.0,0.6
2024,6,6100080,Sri Lanka,Purse seine | Other,Ringnet,Rough triggerfish,5675.0,213.4
2024,6,6100080,Sri Lanka,Purse seine | Other,Ringnet,Indian mackerel,5675.0,11.3
2024,6,6100080,Sri Lanka,Purse seine | Other,Ringnet,Rainbow runner,5675.0,89.8
2024,6,6100080,Sri Lanka,Purse seine | Other,Ringnet,Indian scad,5675.0,1604.6
2024,6,6105060,Sri Lanka,Longline | Fresh,Longline (fresh),Silky shark,105.0,0.3
2024,6,6105075,Sri Lanka,Gillnet,Gillnet,Common dolphinfish,6276.0,13.1
2024,6,6105075,Sri Lanka,Gillnet,Gillnet,Indian scad,6276.0,0.2
2024,6,6105075,Sri Lanka,Gillnet,Gillnet,Giant manta,6276.0,5.2
2024,6,6105075,Sri Lanka,Gillnet,Gillnet,Blue shark,6276.0,2.3
2024,6,6105075,Sri Lanka,Gillnet,Gillnet,Silky shark,6276.0,5.1
2024,6,6105075,Sri Lanka,Gillnet,Gillnet,Shortfin mako,6276.0,0.7
2024,6,6105075,Sri Lanka,Gillnet,Gillnet,Great hammerhead,6276.0,0.1
2024,6,6105075,Sri Lanka,Gillnet,Gillnet,Scalloped hammerhead,6276.0,0.1
2024,6,6105075,Sri Lanka,Gillnet,Gillnet,Smooth hammerhead,6276.0,0.1
2024,6,6105075,Sri Lanka,Line | Coastal longline,Coastal longline,Giant manta,1077.0,0.9
2024,6,6105075,Sri Lanka,Line | Coastal longline,Coastal longline,Blue shark,1077.0,0.3
2024,6,6105075,Sri Lanka,Line | Coastal longline,Coastal longline,Silky shark,1077.0,3.5
2024,6,6105075,Sri Lanka,Line | Coastal longline,Coastal longline,Great hammerhead,1077.0,0.2
2024,6,6105075,Sri Lanka,Line | Handline,Handline,Common dolphinfish,1921.0,0.9
2024,6,6105075,Sri Lanka,Other,Beach seine,Dorab wolf-herring,677.0,4.3
2024,6,6105075,Sri Lanka,Other,Beach seine,Needle cuttlefish,677.0,3.9
2024,6,6105075,Sri Lanka,Purse seine | Other,Ringnet,Rough triggerfish,3444.0,30.5
2024,6,6105075,Sri Lanka,Purse seine | Other,Ringnet,Common dolphinfish,3444.0,0.2
2024,6,6105075,Sri Lanka,Purse seine | Other,Ringnet,Indian mackerel,3444.0,21.7
2024,6,6105075,Sri Lanka,Purse seine | Other,Ringnet,Rainbow runner,3444.0,15.7
2024,6,6105075,Sri Lanka,Purse seine | Other,Ringnet,Indian scad,3444.0,398.3
2024,6,6105080,Sri Lanka,Gillnet,Gillnet,Common dolphinfish,7200.0,0.3
2024,6,6105080,Sri Lanka,Gillnet,Gillnet,Indian mackerel,7200.0,6.8
2024,6,6105080,Sri Lanka,Gillnet,Gillnet,Indian scad,7200.0,2.2
2024,6,6105080,Sri Lanka,Gillnet,Gillnet,Giant manta,7200.0,0.9
2024,6,6105080,Sri Lanka,Gillnet,Gillnet,Silky shark,7200.0,0.5
2024,6,6105080,Sri Lanka,Gillnet,Gillnet,Shortfin mako,7200.0,0.2
2024,6,6105080,Sri Lanka,Gillnet,Gillnet,Great hammerhead,7200.0,0.3
2024,6,6105080,Sri Lanka,Gillnet,Gillnet,Scalloped hammerhead,7200.0,0.3
2024,6,6105080,Sri Lanka,Line | Coastal longline,Coastal longline,Bigeye scad,5264.0,2.0
2024,6,6105080,Sri Lanka,Line | Coastal longline,Coastal longline,Indian scad,5264.0,0.1
2024,6,6105080,Sri Lanka,Line | Coastal longline,Coastal longline,Blue shark,5264.0,3.8
2024,6,6105080,Sri Lanka,Line | Coastal longline,Coastal longline,Silky shark,5264.0,12.6
2024,6,6105080,Sri Lanka,Line | Coastal longline,Coastal longline,Great hammerhead,5264.0,0.6
2024,6,6105080,Sri Lanka,Line | Coastal longline,Coastal longline,Scalloped hammerhead,5264.0,0.4
2024,6,6105080,Sri Lanka,Line | Coastal longline,Coastal longline,Smooth hammerhead,5264.0,2.2
2024,6,6105080,Sri Lanka,Line | Handline,Handline,Rainbow runner,499.0,0.1
2024,6,6105080,Sri Lanka,Other,Beach seine,Dorab wolf-herring,2728.0,1.9
2024,6,6105080,Sri Lanka,Other,Beach seine,Needle cuttlefish,2728.0,21.5
2024,6,6105080,Sri Lanka,Other,Beach seine,Indian mackerel,2728.0,175.8
2024,6,6105080,Sri Lanka,Purse seine | Other,Ringnet,Rough triggerfish,1509.0,46.0
2024,6,6105080,Sri Lanka,Purse seine | Other,Ringnet,Rainbow runner,1509.0,12.9
2024,6,6105080,Sri Lanka,Purse seine | Other,Ringnet,Indian scad,1509.0,216.6
2024,6,6105085,Sri Lanka,Purse seine | Other,Ringnet,Rough triggerfish,364.0,6.3
2024,6,6105085,Sri Lanka,Purse seine | Other,Ringnet,Indian mackerel,364.0,4.5
2024,6,6105085,Sri Lanka,Purse seine | Other,Ringnet,Rainbow runner,364.0,1.3
2024,6,6105085,Sri Lanka,Purse seine | Other,Ringnet,Indian scad,364.0,50.7
2024,6,6105085,Sri Lanka,Longline | Fresh,Longline (fresh),Blue shark,105.0,2.5
2024,6,6105085,Sri Lanka,Longline | Fresh,Longline (fresh),Shortfin mako,105.0,0.1
2024,6,6110080,Sri Lanka,Line | Coastal longline,Coastal longline,Giant manta,312.0,0.2
2024,6,6110080,Sri Lanka,Line | Coastal longline,Coastal longline,Silky shark,312.0,0.8
2024,6,6110080,Sri Lanka,Purse seine | Other,Ringnet,Rough triggerfish,198.0,5.7
2024,6,6110080,Sri Lanka,Purse seine | Other,Ringnet,Rainbow runner,198.0,3.4
2024,6,6110080,Sri Lanka,Purse seine | Other,Ringnet,Indian scad,198.0,38.7
2024,6,6120055,I. R. Iran,Gillnet,Gillnet,Common dolphinfish,2313.0,3.3
2024,6,6120060,I. R. Iran,Gillnet,Gillnet,Common dolphinfish,10442.0,48.1
2024,6,6120060,I. R. Iran,Gillnet,Gillnet,Whitecheek shark,10442.0,4.0
2024,6,6120060,I. R. Iran,Gillnet,Gillnet,Spottail shark,10442.0,8.0
2024,6,6120060,I. R. Iran,Gillnet,Gillnet,Milk shark,10442.0,24.0
2024,6,6120060,I. R. Iran,Line | Trolling,Troll line,Common dolphinfish,1317.0,7.4
2024,6,6120060,I. R. Iran,Line | Trolling,Troll line,Spottail shark,1317.0,1.3
2024,6,6120060,I. R. Iran,Line | Trolling,Troll line,Milk shark,1317.0,4.3
2024,6,6125045,I. R. Iran,Gillnet,Gillnet,Whitecheek shark,228.0,0.1
2024,6,6125045,I. R. Iran,Gillnet,Gillnet,Spottail shark,228.0,0.1
2024,6,6125045,I. R. Iran,Gillnet,Gillnet,Milk shark,228.0,0.5
2024,6,6125045,I. R. Iran,Line | Trolling,Troll line,Spottail shark,102.0,0.1
2024,6,6125045,I. R. Iran,Line | Trolling,Troll line,Milk shark,102.0,0.5
2024,6,6125050,I. R. Iran,Gillnet,Gillnet,Common dolphinfish,17043.0,1.4
2024,6,6125050,I. R. Iran,Gillnet,Gillnet,Whitecheek shark,17043.0,0.3
2024,6,6125050,I. R. Iran,Gillnet,Gillnet,Spottail shark,17043.0,0.7
2024,6,6125050,I. R. Iran,Gillnet,Gillnet,Milk shark,17043.0,2.2
2024,6,6125050,I. R. Iran,Line | Trolling,Troll line,Common dolphinfish,4067.0,0.3
2024,6,6125050,I. R. Iran,Line | Trolling,Troll line,Spottail shark,4067.0,0.2
2024,6,6125050,I. R. Iran,Line | Trolling,Troll line,Milk shark,4067.0,0.6
2024,6,6125055,I. R. Iran,Gillnet,Gillnet,Common dolphinfish,10339.0,6.8
2024,6,6125055,I. R. Iran,Gillnet,Gillnet,Whitecheek shark,10339.0,1.2
2024,6,6125055,I. R. Iran,Gillnet,Gillnet,Spottail shark,10339.0,2.2
2024,6,6125055,I. R. Iran,Gillnet,Gillnet,Milk shark,10339.0,6.7
2024,6,6125055,I. R. Iran,Line | Trolling,Troll line,Common dolphinfish,2187.0,1.6
2024,6,6125055,I. R. Iran,Line | Trolling,Troll line,Spottail shark,2187.0,0.4
2024,6,6125055,I. R. Iran,Line | Trolling,Troll line,Milk shark,2187.0,1.8
2024,6,6125060,I. R. Iran,Gillnet,Gillnet,Common dolphinfish,922.0,4.5
2024,6,6125060,I. R. Iran,Gillnet,Gillnet,Whitecheek shark,922.0,0.2
2024,6,6125060,I. R. Iran,Gillnet,Gillnet,Spottail shark,922.0,0.4
2024,6,6125060,I. R. Iran,Gillnet,Gillnet,Milk shark,922.0,1.2
2024,6,6125060,I. R. Iran,Line | Coastal longline,Coastal longline,Common dolphinfish,115.846403598086,0.25
2024,6,6125060,I. R. Iran,Line | Trolling,Troll line,Common dolphinfish,248.0,1.1
2024,6,6125060,I. R. Iran,Line | Trolling,Troll line,Spottail shark,248.0,0.1
2024,6,6125060,I. R. Iran,Line | Trolling,Troll line,Milk shark,248.0,0.3
2024,6,6200035,Kenya,Gillnet,Gillnet,Common dolphinfish,12000.0,4.46333
2024,6,6200035,Kenya,Line | Coastal longline,Coastal longline,Common dolphinfish,1360.0,0.001
2024,6,6200035,Kenya,Line | Coastal longline,Coastal longline,Escolar,1360.0,0.0074
2024,6,6200035,Kenya,Line | Coastal longline,Coastal longline,Blue shark,1360.0,0.783
2024,6,6200035,Kenya,Line | Coastal longline,Coastal longline,Silky shark,1360.0,0.1852
2024,6,6200035,Kenya,Line | Coastal longline,Coastal longline,Shortfin mako,1360.0,0.0628
2024,6,6200035,Kenya,Line | Handline,Handline,Great barracuda,7750.0,36.38
2024,6,6200035,Kenya,Line | Trolling,Troll line,Great barracuda,1200.0,15.58
2024,6,6200040,Kenya,Gillnet,Gillnet,Common dolphinfish,12000.0,3.50667
2024,6,6200040,Kenya,Line | Coastal longline,Coastal longline,Common dolphinfish,1360.0,0.00067
2024,6,6200040,Kenya,Line | Coastal longline,Coastal longline,Escolar,1360.0,0.00493
2024,6,6200040,Kenya,Line | Coastal longline,Coastal longline,Blue shark,1360.0,0.522
2024,6,6200040,Kenya,Line | Coastal longline,Coastal longline,Silky shark,1360.0,0.12347
2024,6,6200040,Kenya,Line | Coastal longline,Coastal longline,Shortfin mako,1360.0,0.04187
2024,6,6200040,Kenya,Line | Handline,Handline,Great barracuda,7750.0,24.25333
2024,6,6200040,Kenya,Line | Trolling,Troll line,Great barracuda,1200.0,10.38667
2024,6,6200055,Sri Lanka,Longline | Fresh,Longline (fresh),Blue shark,175.0,1.3
2024,6,6200055,Sri Lanka,Longline | Fresh,Longline (fresh),Silky shark,175.0,0.1
2024,6,6200055,Sri Lanka,Longline | Fresh,Longline (fresh),Shortfin mako,175.0,0.4
2024,6,6200060,Sri Lanka,Longline | Fresh,Longline (fresh),Blue shark,2633.0,0.4
2024,6,6200060,Sri Lanka,Longline | Fresh,Longline (fresh),Silky shark,2633.0,0.4
2024,6,6200065,Sri Lanka,Longline | Fresh,Longline (fresh),Giant manta,6178.0,0.4
2024,6,6200065,Sri Lanka,Longline | Fresh,Longline (fresh),Blue shark,6178.0,1.1
2024,6,6200065,Sri Lanka,Longline | Fresh,Longline (fresh),Silky shark,6178.0,1.9
2024,6,6200065,Sri Lanka,Longline | Fresh,Longline (fresh),Shortfin mako,6178.0,0.1
2024,6,6200075,Sri Lanka,Longline | Fresh,Longline (fresh),Blue shark,8600.0,0.6
2024,6,6200075,Sri Lanka,Longline | Fresh,Longline (fresh),Silky shark,8600.0,0.1
2024,6,6200075,Sri Lanka,Longline | Fresh,Longline (fresh),Shortfin mako,8600.0,0.2
2024,6,6205040,Comoros,Line | Coastal longline,Coastal longline,Oceanic whitetip shark,23470.5893314619,0.72488
2024,6,6205040,Comoros,Line | Trolling,Troll line,Common dolphinfish,13772.9777395474,9.19801
2024,6,6205040,Comoros,Line | Trolling,Troll line,Silky shark,13772.9777395474,0.69625
2024,6,6205060,Sri Lanka,Longline | Fresh,Longline (fresh),Blue shark,3967.0,1.8
2024,6,6205060,Sri Lanka,Longline | Fresh,Longline (fresh),Silky shark,3967.0,2.0
2024,6,6205060,Sri Lanka,Longline | Fresh,Longline (fresh),Shortfin mako,3967.0,0.1
2024,6,6205065,Sri Lanka,Longline | Fresh,Longline (fresh),Blue shark,3264.0,1.3
2024,6,6205065,Sri Lanka,Longline | Fresh,Longline (fresh),Silky shark,3264.0,0.1
2024,6,6205065,Sri Lanka,Longline | Fresh,Longline (fresh),Shortfin mako,3264.0,0.3
2024,6,6205075,Sri Lanka,Longline | Fresh,Longline (fresh),Blue shark,11548.0,1.3
2024,6,6205075,Sri Lanka,Longline | Fresh,Longline (fresh),Silky shark,11548.0,1.0
2024,7,5100077,Sri Lanka,Purse seine | Other,Ringnet (offshore),Rough triggerfish,40.0,0.6
2024,7,5100077,Sri Lanka,Purse seine | Other,Ringnet (offshore),Rainbow runner,40.0,2.4
2024,7,5100077,Sri Lanka,Purse seine | Other,Ringnet (offshore),Indian scad,40.0,5.5
2024,7,5100078,Sri Lanka,Purse seine | Other,Ringnet (offshore),Indian scad,79.0,10.5
2024,7,5100079,Sri Lanka,Gillnet,Gillnet (offshore),Giant manta,43.0,0.1
2024,7,5100079,Sri Lanka,Purse seine | Other,Ringnet (offshore),Indian scad,40.0,2.0
2024,7,5100080,Sri Lanka,Purse seine | Other,Ringnet (offshore),Rough triggerfish,79.0,0.6
2024,7,5100080,Sri Lanka,Purse seine | Other,Ringnet (offshore),Rainbow runner,79.0,3.0
2024,7,5100080,Sri Lanka,Purse seine | Other,Ringnet (offshore),Indian scad,79.0,21.7
2024,7,5100081,Sri Lanka,Purse seine | Other,Ringnet (offshore),Indian scad,20.0,5.0
2024,7,5100082,Sri Lanka,Purse seine | Other,Ringnet (offshore),Indian scad,20.0,5.0
2024,7,5100083,Sri Lanka,Purse seine | Other,Ringnet (offshore),Indian scad,20.0,5.0
2024,7,5100086,Sri Lanka,Purse seine | Other,Ringnet (offshore),Indian scad,20.0,2.0
2024,7,5100087,Sri Lanka,Purse seine | Other,Ringnet (offshore),Indian scad,20.0,6.0
2024,7,5101077,Sri Lanka,Purse seine | Other,Ringnet (offshore),Rough triggerfish,40.0,0.5
2024,7,5101077,Sri Lanka,Purse seine | Other,Ringnet (offshore),Indian scad,40.0,5.5
2024,7,5101078,Sri Lanka,Purse seine | Other,Ringnet (offshore),Indian scad,40.0,4.0
2024,7,5101079,Sri Lanka,Purse seine | Other,Ringnet (offshore),Indian scad,40.0,2.0
2024,7,5101081,Sri Lanka,Purse seine | Other,Ringnet (offshore),Rough triggerfish,59.0,1.8
2024,7,5101081,Sri Lanka,Purse seine | Other,Ringnet (offshore),Rainbow runner,59.0,2.2
2024,7,5101081,Sri Lanka,Purse seine | Other,Ringnet (offshore),Indian scad,59.0,6.0
2024,7,5101082,Sri Lanka,Purse seine | Other,Ringnet (offshore),Rough triggerfish,40.0,2.4
2024,7,5101082,Sri Lanka,Purse seine | Other,Ringnet (offshore),Rainbow runner,40.0,2.4
2024,7,5101082,Sri Lanka,Purse seine | Other,Ringnet (offshore),Indian scad,40.0,4.4
2024,7,5101083,Sri Lanka,Purse seine | Other,Ringnet (offshore),Indian scad,79.0,8.0
2024,7,5101084,Sri Lanka,Purse seine | Other,Ringnet (offshore),Rough triggerfish,119.0,8.5
2024,7,5101084,Sri Lanka,Purse seine | Other,Ringnet (offshore),Rainbow runner,119.0,0.3
2024,7,5101084,Sri Lanka,Purse seine | Other,Ringnet (offshore),Indian scad,119.0,29.5
2024,7,5101085,Sri Lanka,Purse seine | Other,Ringnet (offshore),Indian scad,20.0,12.0
2024,7,5101086,Sri Lanka,Purse seine | Other,Ringnet (offshore),Indian scad,20.0,2.0
2024,7,5101087,Sri Lanka,Purse seine | Other,Ringnet (offshore),Indian scad,20.0,6.0
2024,7,5102077,Sri Lanka,Purse seine | Other,Ringnet (offshore),Rough triggerfish,79.0,2.8
2024,7,5102077,Sri Lanka,Purse seine | Other,Ringnet (offshore),Rainbow runner,79.0,2.1
2024,7,5102077,Sri Lanka,Purse seine | Other,Ringnet (offshore),Indian scad,79.0,17.1
2024,7,5102078,Sri Lanka,Purse seine | Other,Ringnet (offshore),Rough triggerfish,59.0,2.4
2024,7,5102078,Sri Lanka,Purse seine | Other,Ringnet (offshore),Rainbow runner,59.0,0.9
2024,7,5102078,Sri Lanka,Purse seine | Other,Ringnet (offshore),Indian scad,59.0,8.4
2024,7,5102079,Sri Lanka,Purse seine | Other,Ringnet (offshore),Rainbow runner,20.0,0.3
2024,7,5102079,Sri Lanka,Purse seine | Other,Ringnet (offshore),Indian scad,20.0,0.5
2024,7,5102080,Sri Lanka,Purse seine | Other,Ringnet (offshore),Indian scad,20.0,10.0
2024,7,5102082,Sri Lanka,Purse seine | Other,Ringnet (offshore),Rough triggerfish,59.0,1.4
2024,7,5102082,Sri Lanka,Purse seine | Other,Ringnet (offshore),Rainbow runner,59.0,0.1
2024,7,5102082,Sri Lanka,Purse seine | Other,Ringnet (offshore),Indian scad,59.0,14.0
2024,7,5102083,Sri Lanka,Purse seine | Other,Ringnet (offshore),Indian scad,79.0,17.0
2024,7,5102084,Sri Lanka,Purse seine | Other,Ringnet (offshore),Indian scad,59.0,5.0
2024,7,5102085,Sri Lanka,Purse seine | Other,Ringnet (offshore),Indian scad,40.0,15.0
2024,7,5102087,Sri Lanka,Purse seine | Other,Ringnet (offshore),Rough triggerfish,20.0,0.3
2024,7,5102087,Sri Lanka,Purse seine | Other,Ringnet (offshore),Indian scad,20.0,0.5
2024,7,5102090,Sri Lanka,Purse seine | Other,Ringnet (offshore),Rough triggerfish,20.0,0.4
2024,7,5102090,Sri Lanka,Purse seine | Other,Ringnet (offshore),Indian scad,20.0,4.0
2024,7,5103077,Sri Lanka,Gillnet,Gillnet (offshore),Giant manta,434.0,0.1
2024,7,5103077,Sri Lanka,Gillnet,Gillnet (offshore),Blue shark,434.0,0.5
2024,7,5103077,Sri Lanka,Gillnet,Gillnet (offshore),Silky shark,434.0,0.9
2024,7,5103077,Sri Lanka,Purse seine | Other,Ringnet (offshore),Rough triggerfish,79.0,2.8
2024,7,5103077,Sri Lanka,Purse seine | Other,Ringnet (offshore),Rainbow runner,79.0,2.1
2024,7,5103077,Sri Lanka,Purse seine | Other,Ringnet (offshore),Indian scad,79.0,13.1
2024,7,5103078,Sri Lanka,Gillnet,Gillnet (offshore),Giant manta,109.0,0.2
2024,7,5103078,Sri Lanka,Gillnet,Gillnet (offshore),Blue shark,109.0,0.2
2024,7,5103083,Sri Lanka,Purse seine | Other,Ringnet (offshore),Indian scad,40.0,5.0
2024,7,5103084,Sri Lanka,Purse seine | Other,Ringnet (offshore),Indian scad,20.0,3.8
2024,7,5104077,Sri Lanka,Gillnet,Gillnet (offshore),Blue shark,239.0,0.5
2024,7,5104077,Sri Lanka,Gillnet,Gillnet (offshore),Silky shark,239.0,1.7
2024,7,5104077,Sri Lanka,Gillnet,Gillnet (offshore),Shortfin mako,239.0,0.6
2024,7,5104077,Sri Lanka,Purse seine | Other,Ringnet (offshore),Rough triggerfish,99.0,7.5
2024,7,5104077,Sri Lanka,Purse seine | Other,Ringnet (offshore),Rainbow runner,99.0,0.6
2024,7,5104077,Sri Lanka,Purse seine | Other,Ringnet (offshore),Indian scad,99.0,19.8
2024,7,5104087,Sri Lanka,Purse seine | Other,Ringnet (offshore),Rough triggerfish,40.0,2.8
2024,7,5104087,Sri Lanka,Purse seine | Other,Ringnet (offshore),Indian scad,40.0,5.7
2024,7,5104088,Sri Lanka,Purse seine | Other,Ringnet (offshore),Rough triggerfish,20.0,2.5
2024,7,5104088,Sri Lanka,Purse seine | Other,Ringnet (offshore),Indian scad,20.0,3.4
2024,7,5105055,I. R. Iran,Gillnet,Gillnet (offshore),Common dolphinfish,15412.0,198.0
2024,7,5105073,Maldives,Baitboat,Baitboat (offshore),Rainbow runner,122.0,0.853451177442299
2024,7,5105073,Maldives,Baitboat,Baitboat (offshore),Rainbow runner,122.0,1.06681397180287
2024,7,5105085,Sri Lanka,Gillnet,Gillnet (offshore),Blue shark,87.0,0.1
2024,7,5105085,Sri Lanka,Gillnet,Gillnet (offshore),Silky shark,87.0,0.2
2024,7,5105086,Sri Lanka,Purse seine | Other,Ringnet (offshore),Indian scad,40.0,6.0
2024,7,5105089,Sri Lanka,Purse seine | Other,Ringnet (offshore),Indian scad,20.0,1.5
2024,7,5105094,Indonesia,Purse seine | LS,Small purse seine,Common dolphinfish,12.0,0.056
2024,7,5106086,Sri Lanka,Purse seine | Other,Ringnet (offshore),Indian scad,20.0,2.0
2024,7,5107068,Sri Lanka,Purse seine | Other,Ringnet (offshore),Rough triggerfish,20.0,1.1
2024,7,5107068,Sri Lanka,Purse seine | Other,Ringnet (offshore),Rainbow runner,20.0,1.3
2024,7,5107068,Sri Lanka,Purse seine | Other,Ringnet (offshore),Indian scad,20.0,5.8
2024,7,5107085,Sri Lanka,Purse seine | Other,Ringnet (offshore),Indian scad,20.0,2.5
2024,7,5107086,Sri Lanka,Purse seine | Other,Ringnet (offshore),Rough triggerfish,40.0,4.0
2024,7,5107086,Sri Lanka,Purse seine | Other,Ringnet (offshore),Indian scad,40.0,7.3
2024,7,5200081,Sri Lanka,Purse seine | Other,Ringnet (offshore),Rough triggerfish,20.0,0.5
2024,7,5200081,Sri Lanka,Purse seine | Other,Ringnet (offshore),Indian scad,20.0,1.0
2024,7,5200082,Sri Lanka,Purse seine | Other,Ringnet (offshore),Indian scad,20.0,5.0
2024,7,5201085,Sri Lanka,Gillnet,Gillnet (offshore),Indian scad,22.0,6.0
2024,7,5202076,Sri Lanka,Purse seine | Other,Ringnet (offshore),Indian scad,20.0,2.0
2024,7,5202078,Sri Lanka,Gillnet,Gillnet (offshore),Great hammerhead,65.0,0.1
2024,7,5202079,Sri Lanka,Gillnet,Gillnet (offshore),Giant manta,87.0,0.1
2024,7,5202079,Sri Lanka,Gillnet,Gillnet (offshore),Silky shark,87.0,0.1
2024,7,5202080,Sri Lanka,Purse seine | Other,Ringnet (offshore),Indian scad,20.0,2.7
2024,7,5202085,Sri Lanka,Gillnet,Gillnet (offshore),Indian scad,22.0,6.0
2024,7,5203079,Sri Lanka,Gillnet,Gillnet (offshore),Giant manta,152.0,0.2
2024,7,5203080,Sri Lanka,Purse seine | Other,Ringnet (offshore),Rainbow runner,20.0,0.5
2024,7,5203080,Sri Lanka,Purse seine | Other,Ringnet (offshore),Indian scad,20.0,3.0
2024,7,5204078,Sri Lanka,Purse seine | Other,Ringnet (offshore),Rough triggerfish,20.0,2.5
2024,7,5204078,Sri Lanka,Purse seine | Other,Ringnet (offshore),Indian scad,20.0,9.5
2024,7,5204080,Sri Lanka,Gillnet,Gillnet (offshore),Giant manta,217.0,0.4
2024,7,5204082,Sri Lanka,Gillnet,Gillnet (offshore),Blue shark,22.0,0.1
2024,7,5205078,Sri Lanka,Purse seine | Other,Ringnet (offshore),Indian scad,40.0,1.0
2024,7,5205079,Sri Lanka,Gillnet,Gillnet (offshore),Giant manta,760.0,0.8
2024,7,5205079,Sri Lanka,Gillnet,Gillnet (offshore),Great hammerhead,760.0,0.1
2024,7,5205079,Sri Lanka,Purse seine | Other,Ringnet (offshore),Indian scad,40.0,1.5
2024,7,5205080,Sri Lanka,Gillnet,Gillnet (offshore),Giant manta,477.0,0.4
2024,7,5205080,Sri Lanka,Gillnet,Gillnet (offshore),Great hammerhead,477.0,0.2
2024,7,5205082,Sri Lanka,Gillnet,Gillnet (offshore),Giant manta,87.0,0.4
2024,7,5206059,Sri Lanka,Gillnet,Gillnet (offshore),Blue shark,43.0,0.5
2024,7,5206060,Sri Lanka,Gillnet,Gillnet (offshore),Blue shark,65.0,1.2
2024,7,5206061,Sri Lanka,Gillnet,Gillnet (offshore),Blue shark,65.0,0.3
2024,7,5206062,Sri Lanka,Gillnet,Gillnet (offshore),Blue shark,43.0,0.1
2024,7,5206062,Sri Lanka,Gillnet,Gillnet (offshore),Silky shark,43.0,0.1
2024,7,5207079,Sri Lanka,Gillnet,Gillnet (offshore),Giant manta,174.0,0.2
2024,7,5207083,Sri Lanka,Gillnet,Gillnet (offshore),Giant manta,109.0,0.2
2024,7,5207083,Sri Lanka,Gillnet,Gillnet (offshore),Blue shark,109.0,0.1
2024,7,5207086,Sri Lanka,Purse seine | Other,Ringnet (offshore),Indian scad,20.0,0.5
2024,7,5207087,Sri Lanka,Purse seine | Other,Ringnet (offshore),Indian scad,20.0,0.5
2024,7,5207105,Indonesia,Line | Handline,Handline,Common dolphinfish,9.0,0.404
2024,7,5207105,Indonesia,Purse seine | LS,Small purse seine,Common dolphinfish,5.0,0.089
2024,7,5207106,Indonesia,Line | Handline,Handline,Common dolphinfish,33.0,0.184
2024,7,5208083,Sri Lanka,Gillnet,Gillnet (offshore),Giant manta,109.0,0.2
2024,7,5208103,Indonesia,Line | Handline,Handline,Common dolphinfish,56.0,0.29
2024,7,5208105,Indonesia,Line | Handline,Handline,Common dolphinfish,2.0,0.178
2024,7,5208106,Indonesia,Line | Handline,Handline,Common dolphinfish,84.0,0.07
2024,7,5208106,Indonesia,Line | Handline,Handline (offshore),Common dolphinfish,5.0,0.102
2024,7,5208107,Indonesia,Line | Handline,Handline,Common dolphinfish,74.0,0.319
2024,7,5208108,Indonesia,Line | Handline,Handline,Common dolphinfish,86.0,0.417
2024,7,5208108,Indonesia,Line | Handline,Handline (offshore),Common dolphinfish,14.0,0.12
2024,7,5208109,Indonesia,Line | Handline,Handline,Common dolphinfish,30.0,2.074
2024,7,5208111,Indonesia,Line | Handline,Handline,Common dolphinfish,4.0,0.125
2024,7,5208111,Indonesia,Purse seine | LS,Small purse seine,Common dolphinfish,1.0,0.134
2024,7,5208112,Indonesia,Purse seine | LS,Small purse seine,Common dolphinfish,61.0,0.071
2024,7,5208112,Indonesia,Purse seine | LS,Small purse seine,Opah,61.0,5.985
2024,7,5208112,Indonesia,Purse seine | LS,Small purse seine,Blue mackerel,61.0,67.015
2024,7,5209103,Indonesia,Line | Handline,Handline,Common dolphinfish,4.0,0.056
2024,7,5209104,Indonesia,Line | Handline,Handline,Common dolphinfish,81.0,0.341
2024,7,5209107,Indonesia,Line | Handline,Handline,Common dolphinfish,17.0,0.277
2024,7,5209107,Indonesia,Line | Handline,Handline (offshore),Common dolphinfish,41.0,0.33
2024,7,5209108,Indonesia,Line | Handline,Handline,Common dolphinfish,39.0,0.381
2024,7,5209109,Indonesia,Line | Handline,Handline,Common dolphinfish,9.0,0.072
2024,7,5209109,Indonesia,Line | Handline,Handline (offshore),Common dolphinfish,3.0,0.1
2024,7,5209111,Indonesia,Purse seine | LS,Small purse seine,Common dolphinfish,14.0,0.239
2024,7,5209112,Indonesia,Line | Handline,Handline,Common dolphinfish,31.0,2.3
2024,7,5209112,Indonesia,Purse seine | LS,Small purse seine,Common dolphinfish,3.0,0.26
2024,7,5210119,Indonesia,Purse seine | LS,Purse seine,Common dolphinfish,16.0,0.1
2024,7,5210124,Indonesia,Purse seine | LS,Small purse seine,Common dolphinfish,2.0,0.035
2024,7,5212109,Indonesia,Line | Handline,Handline,Common dolphinfish,31.0,0.052
2024,7,5212119,Indonesia,Line | Handline,Handline,Common dolphinfish,2.0,1.0
2024,7,5212120,Indonesia,Line | Handline,Handline,Common dolphinfish,8.0,0.003
2024,7,5213105,Indonesia,Line | Handline,Handline (offshore),Common dolphinfish,2.0,0.11
2024,7,5213106,Indonesia,Line | Handline,Handline (offshore),Common dolphinfish,10.0,0.2
2024,7,5213107,Indonesia,Line | Handline,Handline (offshore),Common dolphinfish,8.0,0.156
2024,7,5213109,Indonesia,Line | Handline,Handline (offshore),Common dolphinfish,6.0,0.292
2024,7,5214105,Indonesia,Line | Handline,Handline (offshore),Common dolphinfish,32.0,0.137
2024,7,5214106,Indonesia,Line | Handline,Handline (offshore),Common dolphinfish,9.0,0.25
2024,7,5214107,Indonesia,Line | Handline,Handline (offshore),Common dolphinfish,2.0,0.07
2024,7,5214117,Indonesia,Purse seine | LS,Purse seine,Common dolphinfish,4.0,0.02
2024,7,6100075,Sri Lanka,Gillnet,Gillnet,Giant manta,1174.0,0.9
2024,7,6100075,Sri Lanka,Gillnet,Gillnet,Blue shark,1174.0,0.4
2024,7,6100075,Sri Lanka,Gillnet,Gillnet,Silky shark,1174.0,2.0
2024,7,6100075,Sri Lanka,Gillnet,Gillnet,Smooth hammerhead,1174.0,0.1
2024,7,6100075,Sri Lanka,Line | Coastal longline,Coastal longline,Blue shark,1285.0,0.2
2024,7,6100075,Sri Lanka,Line | Coastal longline,Coastal longline,Smooth hammerhead,1285.0,0.2
2024,7,6100075,Sri Lanka,Purse seine | Other,Ringnet,Rough triggerfish,3445.0,47.1
2024,7,6100075,Sri Lanka,Purse seine | Other,Ringnet,Common dolphinfish,3445.0,0.2
2024,7,6100075,Sri Lanka,Purse seine | Other,Ringnet,Indian mackerel,3445.0,6.9
2024,7,6100075,Sri Lanka,Purse seine | Other,Ringnet,Rainbow runner,3445.0,30.1
2024,7,6100075,Sri Lanka,Purse seine | Other,Ringnet,Indian scad,3445.0,753.4
2024,7,6100075,Sri Lanka,Longline | Fresh,Longline (fresh),Blue shark,1158.0,2.0
2024,7,6100075,Sri Lanka,Longline | Fresh,Longline (fresh),Silky shark,1158.0,1.1
2024,7,6100075,Sri Lanka,Longline | Fresh,Longline (fresh),Shortfin mako,1158.0,1.2
2024,7,6100080,Sri Lanka,Gillnet,Gillnet,Indian scad,316.0,2.2
2024,7,6100080,Sri Lanka,Gillnet,Gillnet,Blue shark,316.0,0.1
2024,7,6100080,Sri Lanka,Purse seine | Other,Ringnet,Rough triggerfish,5057.0,217.4
2024,7,6100080,Sri Lanka,Purse seine | Other,Ringnet,Indian mackerel,5057.0,14.7
2024,7,6100080,Sri Lanka,Purse seine | Other,Ringnet,Rainbow runner,5057.0,36.5
2024,7,6100080,Sri Lanka,Purse seine | Other,Ringnet,Indian scad,5057.0,1358.7
2024,7,6105075,Sri Lanka,Gillnet,Gillnet,Bigeye scad,5392.0,0.1
2024,7,6105075,Sri Lanka,Gillnet,Gillnet,Rough triggerfish,5392.0,8.5
2024,7,6105075,Sri Lanka,Gillnet,Gillnet,Common dolphinfish,5392.0,12.8
2024,7,6105075,Sri Lanka,Gillnet,Gillnet,Indian scad,5392.0,1.7
2024,7,6105075,Sri Lanka,Gillnet,Gillnet,Giant manta,5392.0,0.6
2024,7,6105075,Sri Lanka,Gillnet,Gillnet,Blue shark,5392.0,0.2
2024,7,6105075,Sri Lanka,Gillnet,Gillnet,Silky shark,5392.0,0.7
2024,7,6105075,Sri Lanka,Gillnet,Gillnet,Shortfin mako,5392.0,0.5
2024,7,6105075,Sri Lanka,Gillnet,Gillnet,Scalloped hammerhead,5392.0,0.3
2024,7,6105075,Sri Lanka,Gillnet,Gillnet,Smooth hammerhead,5392.0,0.1
2024,7,6105075,Sri Lanka,Line | Coastal longline,Coastal longline,Blue shark,2519.0,27.5
2024,7,6105075,Sri Lanka,Line | Coastal longline,Coastal longline,Silky shark,2519.0,1.3
2024,7,6105075,Sri Lanka,Purse seine | Other,Ringnet,Rough triggerfish,7446.0,122.1
2024,7,6105075,Sri Lanka,Purse seine | Other,Ringnet,Indian mackerel,7446.0,14.7
2024,7,6105075,Sri Lanka,Purse seine | Other,Ringnet,Rainbow runner,7446.0,42.2
2024,7,6105075,Sri Lanka,Purse seine | Other,Ringnet,Indian scad,7446.0,1150.0
2024,7,6105080,Sri Lanka,Gillnet,Gillnet,Rough triggerfish,7200.0,0.1
2024,7,6105080,Sri Lanka,Gillnet,Gillnet,Indian scad,7200.0,4.1
2024,7,6105080,Sri Lanka,Gillnet,Gillnet,Giant manta,7200.0,1.9
2024,7,6105080,Sri Lanka,Gillnet,Gillnet,Silky shark,7200.0,0.8
2024,7,6105080,Sri Lanka,Gillnet,Gillnet,Scalloped hammerhead,7200.0,0.1
2024,7,6105080,Sri Lanka,Gillnet,Gillnet,Smooth hammerhead,7200.0,0.1
2024,7,6105080,Sri Lanka,Line | Coastal longline,Coastal longline,Giant manta,4772.0,1.0
2024,7,6105080,Sri Lanka,Line | Coastal longline,Coastal longline,Blue shark,4772.0,1.6
2024,7,6105080,Sri Lanka,Line | Coastal longline,Coastal longline,Silky shark,4772.0,19.9
2024,7,6105080,Sri Lanka,Line | Coastal longline,Coastal longline,Great hammerhead,4772.0,1.2
2024,7,6105080,Sri Lanka,Line | Coastal longline,Coastal longline,Scalloped hammerhead,4772.0,5.4
2024,7,6105080,Sri Lanka,Line | Coastal longline,Coastal longline,Smooth hammerhead,4772.0,0.6
2024,7,6105080,Sri Lanka,Line | Handline,Handline,Rainbow runner,255.0,0.7
2024,7,6105080,Sri Lanka,Other,Beach seine,Needle cuttlefish,499.0,5.9
2024,7,6105080,Sri Lanka,Purse seine | Other,Ringnet,Rough triggerfish,1618.0,31.8
2024,7,6105080,Sri Lanka,Purse seine | Other,Ringnet,Rainbow runner,1618.0,4.1
2024,7,6105080,Sri Lanka,Purse seine | Other,Ringnet,Indian scad,1618.0,244.7
2024,7,6105085,Sri Lanka,Line | Coastal longline,Coastal longline,Scalloped hammerhead,33.0,0.3
2024,7,6105085,Sri Lanka,Purse seine | Other,Ringnet,Rough triggerfish,1789.0,18.8
2024,7,6105085,Sri Lanka,Purse seine | Other,Ringnet,Rainbow runner,1789.0,3.4
2024,7,6105085,Sri Lanka,Purse seine | Other,Ringnet,Indian scad,1789.0,206.9
2024,7,6105085,Sri Lanka,Longline | Fresh,Longline (fresh),Blue shark,35.0,0.6
2024,7,6110080,Sri Lanka,Gillnet,Gillnet,Silky shark,66.0,0.3
2024,7,6110080,Sri Lanka,Gillnet,Gillnet,Scalloped hammerhead,66.0,0.2
2024,7,6110080,Sri Lanka,Gillnet,Gillnet,Smooth hammerhead,66.0,0.1
2024,7,6110080,Sri Lanka,Line | Coastal longline,Coastal longline,Rainbow runner,230.0,0.2
2024,7,6110080,Sri Lanka,Line | Coastal longline,Coastal longline,Giant manta,230.0,0.1
2024,7,6110080,Sri Lanka,Line | Coastal longline,Coastal longline,Scalloped hammerhead,230.0,1.4
2024,7,6110080,Sri Lanka,Purse seine | Other,Ringnet,Indian scad,16.0,2.3
2024,7,6120055,I. R. Iran,Gillnet,Gillnet,Common dolphinfish,2126.0,6.6
2024,7,6120060,I. R. Iran,Gillnet,Gillnet,Common dolphinfish,8966.0,96.0
2024,7,6120060,I. R. Iran,Gillnet,Gillnet,Whitecheek shark,8966.0,4.1
2024,7,6120060,I. R. Iran,Gillnet,Gillnet,Spottail shark,8966.0,8.3
2024,7,6120060,I. R. Iran,Gillnet,Gillnet,Milk shark,8966.0,24.8
2024,7,6120060,I. R. Iran,Line | Trolling,Troll line,Common dolphinfish,2190.0,16.3
2024,7,6120060,I. R. Iran,Line | Trolling,Troll line,Spottail shark,2190.0,1.4
2024,7,6120060,I. R. Iran,Line | Trolling,Troll line,Milk shark,2190.0,4.5
2024,7,6125045,I. R. Iran,Gillnet,Gillnet,Whitecheek shark,342.0,0.1
2024,7,6125045,I. R. Iran,Gillnet,Gillnet,Spottail shark,342.0,0.1
2024,7,6125045,I. R. Iran,Gillnet,Gillnet,Milk shark,342.0,0.5
2024,7,6125045,I. R. Iran,Line | Trolling,Troll line,Spottail shark,102.0,0.1
2024,7,6125045,I. R. Iran,Line | Trolling,Troll line,Milk shark,102.0,0.5
2024,7,6125050,I. R. Iran,Gillnet,Gillnet,Common dolphinfish,20411.0,2.8
2024,7,6125050,I. R. Iran,Gillnet,Gillnet,Whitecheek shark,20411.0,0.4
2024,7,6125050,I. R. Iran,Gillnet,Gillnet,Spottail shark,20411.0,0.7
2024,7,6125050,I. R. Iran,Gillnet,Gillnet,Milk shark,20411.0,2.3
2024,7,6125050,I. R. Iran,Line | Trolling,Troll line,Common dolphinfish,4225.0,0.8
2024,7,6125050,I. R. Iran,Line | Trolling,Troll line,Spottail shark,4225.0,0.2
2024,7,6125050,I. R. Iran,Line | Trolling,Troll line,Milk shark,4225.0,0.6
2024,7,6125055,I. R. Iran,Gillnet,Gillnet,Common dolphinfish,10243.0,13.6
2024,7,6125055,I. R. Iran,Gillnet,Gillnet,Whitecheek shark,10243.0,1.2
2024,7,6125055,I. R. Iran,Gillnet,Gillnet,Spottail shark,10243.0,2.4
2024,7,6125055,I. R. Iran,Gillnet,Gillnet,Milk shark,10243.0,7.2
2024,7,6125055,I. R. Iran,Line | Trolling,Troll line,Common dolphinfish,2416.0,3.5
2024,7,6125055,I. R. Iran,Line | Trolling,Troll line,Spottail shark,2416.0,0.5
2024,7,6125055,I. R. Iran,Line | Trolling,Troll line,Milk shark,2416.0,2.0
2024,7,6125060,I. R. Iran,Gillnet,Gillnet,Common dolphinfish,1016.0,9.0
2024,7,6125060,I. R. Iran,Gillnet,Gillnet,Whitecheek shark,1016.0,0.2
2024,7,6125060,I. R. Iran,Gillnet,Gillnet,Spottail shark,1016.0,0.4
2024,7,6125060,I. R. Iran,Gillnet,Gillnet,Milk shark,1016.0,1.2
2024,7,6125060,I. R. Iran,Line | Coastal longline,Coastal longline,Common dolphinfish,103.145701303856,0.22
2024,7,6125060,I. R. Iran,Line | Trolling,Troll line,Common dolphinfish,341.0,2.4
2024,7,6125060,I. R. Iran,Line | Trolling,Troll line,Spottail shark,341.0,0.1
2024,7,6125060,I. R. Iran,Line | Trolling,Troll line,Milk shark,341.0,0.3
2024,7,6200035,Kenya,Gillnet,Gillnet,Common dolphinfish,12000.0,3.27933
2024,7,6200035,Kenya,Line | Coastal longline,Coastal longline,Common dolphinfish,1360.0,0.003
2024,7,6200035,Kenya,Line | Coastal longline,Coastal longline,Blue shark,1360.0,0.0612
2024,7,6200035,Kenya,Line | Coastal longline,Coastal longline,Shortfin mako,1360.0,0.0248
2024,7,6200035,Kenya,Line | Handline,Handline,Great barracuda,7750.0,33.72
2024,7,6200035,Kenya,Line | Trolling,Troll line,Great barracuda,1200.0,14.44
2024,7,6200040,Kenya,Gillnet,Gillnet,Common dolphinfish,12000.0,1.8256
2024,7,6200040,Kenya,Line | Coastal longline,Coastal longline,Common dolphinfish,1360.0,0.002
2024,7,6200040,Kenya,Line | Coastal longline,Coastal longline,Blue shark,1360.0,0.0408
2024,7,6200040,Kenya,Line | Coastal longline,Coastal longline,Shortfin mako,1360.0,0.01653
2024,7,6200040,Kenya,Line | Handline,Handline,Great barracuda,7750.0,22.48
2024,7,6200040,Kenya,Line | Trolling,Troll line,Great barracuda,1200.0,9.62667
2024,7,6200055,Sri Lanka,Longline | Fresh,Longline (fresh),Blue shark,667.0,1.5
2024,7,6200055,Sri Lanka,Longline | Fresh,Longline (fresh),Silky shark,667.0,1.2
2024,7,6200060,Sri Lanka,Longline | Fresh,Longline (fresh),Blue shark,5651.0,1.1
2024,7,6200060,Sri Lanka,Longline | Fresh,Longline (fresh),Silky shark,5651.0,1.1
2024,7,6200060,Sri Lanka,Longline | Fresh,Longline (fresh),Shortfin mako,5651.0,0.2
2024,7,6200065,Sri Lanka,Longline | Fresh,Longline (fresh),Blue shark,8494.0,1.4
2024,7,6200065,Sri Lanka,Longline | Fresh,Longline (fresh),Silky shark,8494.0,0.1
2024,7,6200065,Sri Lanka,Longline | Fresh,Longline (fresh),Shortfin mako,8494.0,0.6
2024,7,6200075,Sri Lanka,Longline | Fresh,Longline (fresh),Blue shark,12179.0,0.7
2024,7,6200075,Sri Lanka,Longline | Fresh,Longline (fresh),Silky shark,12179.0,0.2
2024,7,6205040,Comoros,Line | Coastal longline,Coastal longline,Common dolphinfish,24489.18457796,4.15286
2024,7,6205040,Comoros,Line | Coastal longline,Coastal longline,Silky shark,24489.18457796,1.04632
2024,7,6205040,Comoros,Line | Trolling,Troll line,Common dolphinfish,13436.0461102113,10.39617
2024,7,6205040,Comoros,Line | Trolling,Troll line,Silky shark,13436.0461102113,5.84482
2024,7,6205040,Comoros,Line | Trolling,Troll line,Oceanic whitetip shark,13436.0461102113,0.22776
2024,7,6205055,Sri Lanka,Longline | Fresh,Longline (fresh),Blue shark,70.0,0.1
2024,7,6205055,Sri Lanka,Longline | Fresh,Longline (fresh),Silky shark,70.0,0.2
2024,7,6205060,Sri Lanka,Longline | Fresh,Longline (fresh),Blue shark,1053.0,0.6
2024,7,6205060,Sri Lanka,Longline | Fresh,Longline (fresh),Silky shark,1053.0,1.6
2024,7,6205060,Sri Lanka,Longline | Fresh,Longline (fresh),Shortfin mako,1053.0,0.2
2024,7,6205075,Sri Lanka,Longline | Fresh,Longline (fresh),Silky shark,9301.0,0.2
2024,7,6205080,Sri Lanka,Longline | Fresh,Longline (fresh),Blue shark,3124.0,4.3
2024,8,5100080,Sri Lanka,Purse seine | Other,Ringnet (offshore),Indian scad,20.0,2.0
2024,8,5100086,Sri Lanka,Purse seine | Other,Ringnet (offshore),Indian scad,20.0,0.2
2024,8,5100087,Sri Lanka,Purse seine | Other,Ringnet (offshore),Indian scad,20.0,4.0
2024,8,5101077,Sri Lanka,Purse seine | Other,Ringnet (offshore),Rough triggerfish,40.0,0.5
2024,8,5101077,Sri Lanka,Purse seine | Other,Ringnet (offshore),Indian scad,40.0,5.0
2024,8,5101078,Sri Lanka,Purse seine | Other,Ringnet (offshore),Rough triggerfish,59.0,1.4
2024,8,5101078,Sri Lanka,Purse seine | Other,Ringnet (offshore),Indian scad,59.0,5.5
2024,8,5101079,Sri Lanka,Purse seine | Other,Ringnet (offshore),Indian scad,40.0,4.5
2024,8,5101080,Sri Lanka,Purse seine | Other,Ringnet (offshore),Rough triggerfish,40.0,1.0
2024,8,5101080,Sri Lanka,Purse seine | Other,Ringnet (offshore),Indian scad,40.0,12.0
2024,8,5101081,Sri Lanka,Purse seine | Other,Ringnet (offshore),Indian scad,20.0,8.0
2024,8,5101082,Sri Lanka,Purse seine | Other,Ringnet (offshore),Rough triggerfish,20.0,0.1
2024,8,5101082,Sri Lanka,Purse seine | Other,Ringnet (offshore),Rainbow runner,20.0,0.5
2024,8,5101082,Sri Lanka,Purse seine | Other,Ringnet (offshore),Indian scad,20.0,4.0
2024,8,5101083,Sri Lanka,Purse seine | Other,Ringnet (offshore),Rough triggerfish,40.0,0.2
2024,8,5101083,Sri Lanka,Purse seine | Other,Ringnet (offshore),Rainbow runner,40.0,0.2
2024,8,5101083,Sri Lanka,Purse seine | Other,Ringnet (offshore),Indian scad,40.0,9.0
2024,8,5101084,Sri Lanka,Purse seine | Other,Ringnet (offshore),Rough triggerfish,59.0,0.2
2024,8,5101084,Sri Lanka,Purse seine | Other,Ringnet (offshore),Indian scad,59.0,35.0
2024,8,5101098,Indonesia,Purse seine | LS,Small purse seine,Dogtooth tuna,8.0,0.5
2024,8,5102076,Sri Lanka,Purse seine | Other,Ringnet (offshore),Indian scad,20.0,1.5
2024,8,5102077,Sri Lanka,Gillnet,Gillnet (offshore),Giant manta,174.0,0.3
2024,8,5102077,Sri Lanka,Gillnet,Gillnet (offshore),Blue shark,174.0,0.1
2024,8,5102077,Sri Lanka,Purse seine | Other,Ringnet (offshore),Rough triggerfish,158.0,3.5
2024,8,5102077,Sri Lanka,Purse seine | Other,Ringnet (offshore),Rainbow runner,158.0,8.2
2024,8,5102077,Sri Lanka,Purse seine | Other,Ringnet (offshore),Indian scad,158.0,38.3
2024,8,5102078,Sri Lanka,Gillnet,Gillnet (offshore),Indian scad,260.0,4.0
2024,8,5102078,Sri Lanka,Purse seine | Other,Ringnet (offshore),Rough triggerfish,99.0,2.0
2024,8,5102078,Sri Lanka,Purse seine | Other,Ringnet (offshore),Rainbow runner,99.0,0.6
2024,8,5102078,Sri Lanka,Purse seine | Other,Ringnet (offshore),Indian scad,99.0,6.2
2024,8,5102079,Sri Lanka,Gillnet,Gillnet (offshore),Indian scad,152.0,4.0
2024,8,5102079,Sri Lanka,Gillnet,Gillnet (offshore),Giant manta,152.0,0.1
2024,8,5102079,Sri Lanka,Purse seine | Other,Ringnet (offshore),Rough triggerfish,198.0,7.3
2024,8,5102079,Sri Lanka,Purse seine | Other,Ringnet (offshore),Rainbow runner,198.0,3.8
2024,8,5102079,Sri Lanka,Purse seine | Other,Ringnet (offshore),Indian scad,198.0,36.7
2024,8,5102080,Sri Lanka,Purse seine | Other,Ringnet (offshore),Indian scad,20.0,4.0
2024,8,5102081,Sri Lanka,Purse seine | Other,Ringnet (offshore),Indian scad,20.0,4.0
2024,8,5102082,Sri Lanka,Purse seine | Other,Ringnet (offshore),Rough triggerfish,40.0,0.7
2024,8,5102082,Sri Lanka,Purse seine | Other,Ringnet (offshore),Indian scad,40.0,4.0
2024,8,5102083,Sri Lanka,Purse seine | Other,Ringnet (offshore),Rough triggerfish,99.0,0.9
2024,8,5102083,Sri Lanka,Purse seine | Other,Ringnet (offshore),Indian scad,99.0,21.0
2024,8,5102084,Sri Lanka,Purse seine | Other,Ringnet (offshore),Rough triggerfish,79.0,0.2
2024,8,5102084,Sri Lanka,Purse seine | Other,Ringnet (offshore),Indian scad,79.0,13.5
2024,8,5102086,Sri Lanka,Purse seine | Other,Ringnet (offshore),Indian scad,20.0,2.0
2024,8,5102088,Sri Lanka,Purse seine | Other,Ringnet (offshore),Rough triggerfish,20.0,1.0
2024,8,5102088,Sri Lanka,Purse seine | Other,Ringnet (offshore),Indian scad,20.0,6.0
2024,8,5103077,Sri Lanka,Gillnet,Gillnet (offshore),Giant manta,673.0,0.1
2024,8,5103077,Sri Lanka,Gillnet,Gillnet (offshore),Silky shark,673.0,0.3
2024,8,5103077,Sri Lanka,Purse seine | Other,Ringnet (offshore),Rough triggerfish,139.0,3.0
2024,8,5103077,Sri Lanka,Purse seine | Other,Ringnet (offshore),Rainbow runner,139.0,3.5
2024,8,5103077,Sri Lanka,Purse seine | Other,Ringnet (offshore),Indian scad,139.0,37.5
2024,8,5103078,Sri Lanka,Gillnet,Gillnet (offshore),Indian scad,456.0,4.0
2024,8,5103078,Sri Lanka,Gillnet,Gillnet (offshore),Giant manta,456.0,0.2
2024,8,5103078,Sri Lanka,Gillnet,Gillnet (offshore),Blue shark,456.0,0.1
2024,8,5103078,Sri Lanka,Gillnet,Gillnet (offshore),Silky shark,456.0,0.5
2024,8,5103078,Sri Lanka,Purse seine | Other,Ringnet (offshore),Rough triggerfish,139.0,1.0
2024,8,5103078,Sri Lanka,Purse seine | Other,Ringnet (offshore),Indian scad,139.0,24.7
2024,8,5103083,Sri Lanka,Purse seine | Other,Ringnet (offshore),Rough triggerfish,40.0,0.4
2024,8,5103083,Sri Lanka,Purse seine | Other,Ringnet (offshore),Indian scad,40.0,5.5
2024,8,5103084,Sri Lanka,Purse seine | Other,Ringnet (offshore),Rough triggerfish,40.0,1.3
2024,8,5103084,Sri Lanka,Purse seine | Other,Ringnet (offshore),Rainbow runner,40.0,1.4
2024,8,5103084,Sri Lanka,Purse seine | Other,Ringnet (offshore),Indian scad,40.0,10.2
2024,8,5103085,Sri Lanka,Purse seine | Other,Ringnet (offshore),Indian scad,20.0,4.0
2024,8,5104066,Sri Lanka,Purse seine | Other,Ringnet (offshore),Indian scad,20.0,17.5
2024,8,5104068,Sri Lanka,Purse seine | Other,Ringnet (offshore),Rough triggerfish,20.0,2.0
2024,8,5104068,Sri Lanka,Purse seine | Other,Ringnet (offshore),Indian scad,20.0,6.0
2024,8,5104077,Sri Lanka,Gillnet,Gillnet (offshore),Blue shark,499.0,0.1
2024,8,5104077,Sri Lanka,Gillnet,Gillnet (offshore),Silky shark,499.0,0.3
2024,8,5104077,Sri Lanka,Purse seine | Other,Ringnet (offshore),Rough triggerfish,139.0,2.5
2024,8,5104077,Sri Lanka,Purse seine | Other,Ringnet (offshore),Rainbow runner,139.0,2.0
2024,8,5104077,Sri Lanka,Purse seine | Other,Ringnet (offshore),Indian scad,139.0,32.3
2024,8,5104084,Sri Lanka,Purse seine | Other,Ringnet (offshore),Rough triggerfish,20.0,0.3
2024,8,5104084,Sri Lanka,Purse seine | Other,Ringnet (offshore),Indian scad,20.0,3.2
2024,8,5105055,I. R. Iran,Gillnet,Gillnet (offshore),Common dolphinfish,25217.0,475.0
2024,8,5105055,I. R. Iran,Gillnet,Gillnet (offshore),Whitecheek shark,25217.0,4.0
2024,8,5105055,I. R. Iran,Gillnet,Gillnet (offshore),Spottail shark,25217.0,9.0
2024,8,5105055,I. R. Iran,Gillnet,Gillnet (offshore),Silky shark,25217.0,22.0
2024,8,5105055,I. R. Iran,Gillnet,Gillnet (offshore),Oceanic whitetip shark,25217.0,2.0
2024,8,5105055,I. R. Iran,Gillnet,Gillnet (offshore),Milk shark,25217.0,30.0
2024,8,5105055,I. R. Iran,Gillnet,Gillnet (offshore),Shortfin mako,25217.0,1.0
2024,8,5105055,I. R. Iran,Gillnet,Gillnet (offshore),Great hammerhead,25217.0,1.0
2024,8,5105066,Sri Lanka,Purse seine | Other,Ringnet (offshore),Rough triggerfish,20.0,4.5
2024,8,5105066,Sri Lanka,Purse seine | Other,Ringnet (offshore),Indian scad,20.0,8.1
2024,8,5105067,Sri Lanka,Purse seine | Other,Ringnet (offshore),Rough triggerfish,20.0,4.5
2024,8,5105067,Sri Lanka,Purse seine | Other,Ringnet (offshore),Indian scad,20.0,8.0
2024,8,5105068,Sri Lanka,Purse seine | Other,Ringnet (offshore),Rainbow runner,40.0,1.5
2024,8,5105068,Sri Lanka,Purse seine | Other,Ringnet (offshore),Indian scad,40.0,35.5
2024,8,5105073,Maldives,Baitboat,Baitboat (offshore),Rainbow runner,102.0,0.810778618570184
2024,8,5105085,Sri Lanka,Purse seine | Other,Ringnet (offshore),Rough triggerfish,79.0,0.2
2024,8,5105085,Sri Lanka,Purse seine | Other,Ringnet (offshore),Rainbow runner,79.0,0.2
2024,8,5105085,Sri Lanka,Purse seine | Other,Ringnet (offshore),Indian scad,79.0,13.2
2024,8,5105087,Indonesia,Purse seine | LS,Purse seine,Common dolphinfish,3.0,0.2
2024,8,5106086,Sri Lanka,Purse seine | Other,Ringnet (offshore),Rough triggerfish,119.0,2.0
2024,8,5106086,Sri Lanka,Purse seine | Other,Ringnet (offshore),Rainbow runner,119.0,1.5
2024,8,5106086,Sri Lanka,Purse seine | Other,Ringnet (offshore),Indian scad,119.0,25.0
2024,8,5106087,Sri Lanka,Purse seine | Other,Ringnet (offshore),Rough triggerfish,59.0,1.0
2024,8,5106087,Sri Lanka,Purse seine | Other,Ringnet (offshore),Indian scad,59.0,10.7
2024,8,5106088,Sri Lanka,Purse seine | Other,Ringnet (offshore),Indian mackerel,20.0,5.0
2024,8,5107067,Sri Lanka,Purse seine | Other,Ringnet (offshore),Rough triggerfish,59.0,2.1
2024,8,5107067,Sri Lanka,Purse seine | Other,Ringnet (offshore),Rainbow runner,59.0,1.5
2024,8,5107067,Sri Lanka,Purse seine | Other,Ringnet (offshore),Indian scad,59.0,25.2
2024,8,5107068,Sri Lanka,Purse seine | Other,Ringnet (offshore),Rough triggerfish,59.0,1.1
2024,8,5107068,Sri Lanka,Purse seine | Other,Ringnet (offshore),Indian scad,59.0,24.1
2024,8,5107069,Sri Lanka,Purse seine | Other,Ringnet (offshore),Rough triggerfish,40.0,3.8
2024,8,5107069,Sri Lanka,Purse seine | Other,Ringnet (offshore),Rainbow runner,40.0,0.9
2024,8,5107069,Sri Lanka,Purse seine | Other,Ringnet (offshore),Indian scad,40.0,8.1
2024,8,5107085,Sri Lanka,Gillnet,Gillnet (offshore),Giant manta,43.0,0.1
2024,8,5107086,Sri Lanka,Purse seine | Other,Ringnet (offshore),Rough triggerfish,40.0,1.0
2024,8,5107086,Sri Lanka,Purse seine | Other,Ringnet (offshore),Indian scad,40.0,12.5
2024,8,5107087,Sri Lanka,Gillnet,Gillnet (offshore),Giant manta,87.0,0.5
2024,8,5107087,Sri Lanka,Purse seine | Other,Ringnet (offshore),Rough triggerfish,40.0,1.0
2024,8,5107087,Sri Lanka,Purse seine | Other,Ringnet (offshore),Indian scad,40.0,13.0
2024,8,5108067,Sri Lanka,Purse seine | Other,Ringnet (offshore),Rough triggerfish,40.0,6.0
2024,8,5108067,Sri Lanka,Purse seine | Other,Ringnet (offshore),Rainbow runner,40.0,5.0
2024,8,5108067,Sri Lanka,Purse seine | Other,Ringnet (offshore),Indian scad,40.0,17.0
2024,8,5108068,Sri Lanka,Purse seine | Other,Ringnet (offshore),Rough triggerfish,20.0,1.0
2024,8,5108068,Sri Lanka,Purse seine | Other,Ringnet (offshore),Indian scad,20.0,8.0
2024,8,5108069,Sri Lanka,Purse seine | Other,Ringnet (offshore),Rough triggerfish,20.0,4.0
2024,8,5108069,Sri Lanka,Purse seine | Other,Ringnet (offshore),Indian scad,20.0,8.0
2024,8,5112065,Sri Lanka,Purse seine | Other,Ringnet (offshore),Indian scad,20.0,7.0
2024,8,5113065,Sri Lanka,Purse seine | Other,Ringnet (offshore),Indian scad,20.0,7.0
2024,8,5117067,Sri Lanka,Purse seine | Other,Ringnet (offshore),Rough triggerfish,79.0,0.8
2024,8,5117067,Sri Lanka,Purse seine | Other,Ringnet (offshore),Rainbow runner,79.0,2.0
2024,8,5117067,Sri Lanka,Purse seine | Other,Ringnet (offshore),Indian scad,79.0,4.0
2024,8,5201077,Sri Lanka,Purse seine | Other,Ringnet (offshore),Indian scad,20.0,1.5
2024,8,5201083,Sri Lanka,Purse seine | Other,Ringnet (offshore),Rough triggerfish,20.0,10.0
2024,8,5202078,Sri Lanka,Purse seine | Other,Ringnet (offshore),Rough triggerfish,59.0,3.0
2024,8,5202078,Sri Lanka,Purse seine | Other,Ringnet (offshore),Indian scad,59.0,15.0
2024,8,5202082,Sri Lanka,Purse seine | Other,Ringnet (offshore),Indian scad,20.0,5.5
2024,8,5203078,Sri Lanka,Gillnet,Gillnet (offshore),Great hammerhead,304.0,0.4
2024,8,5203079,Sri Lanka,Gillnet,Gillnet (offshore),Great hammerhead,152.0,0.4
2024,8,5203080,Sri Lanka,Gillnet,Gillnet (offshore),Great hammerhead,130.0,0.1
2024,8,5204077,Sri Lanka,Gillnet,Gillnet (offshore),Giant manta,391.0,0.1
2024,8,5204078,Sri Lanka,Gillnet,Gillnet (offshore),Rough triggerfish,608.0,1.0
2024,8,5204078,Sri Lanka,Gillnet,Gillnet (offshore),Indian scad,608.0,14.0
2024,8,5204078,Sri Lanka,Gillnet,Gillnet (offshore),Giant manta,608.0,0.4
2024,8,5204078,Sri Lanka,Gillnet,Gillnet (offshore),Blue shark,608.0,0.1
2024,8,5204078,Sri Lanka,Gillnet,Gillnet (offshore),Great hammerhead,608.0,0.4
2024,8,5204078,Sri Lanka,Purse seine | Other,Ringnet (offshore),Rough triggerfish,40.0,1.0
2024,8,5204078,Sri Lanka,Purse seine | Other,Ringnet (offshore),Indian scad,40.0,8.5
2024,8,5204079,Sri Lanka,Gillnet,Gillnet (offshore),Great hammerhead,304.0,0.4
2024,8,5204086,Sri Lanka,Gillnet,Gillnet (offshore),Great hammerhead,43.0,0.1
2024,8,5204095,Indonesia,Line | Handline,Handline (offshore),Common dolphinfish,2.0,0.1
2024,8,5205077,Sri Lanka,Purse seine | Other,Ringnet (offshore),Rainbow runner,20.0,0.8
2024,8,5205077,Sri Lanka,Purse seine | Other,Ringnet (offshore),Indian scad,20.0,3.0
2024,8,5205078,Sri Lanka,Purse seine | Other,Ringnet (offshore),Indian scad,20.0,4.2
2024,8,5205079,Sri Lanka,Gillnet,Gillnet (offshore),Giant manta,521.0,0.1
2024,8,5205079,Sri Lanka,Purse seine | Other,Ringnet (offshore),Rough triggerfish,20.0,2.2
2024,8,5205079,Sri Lanka,Purse seine | Other,Ringnet (offshore),Rainbow runner,20.0,0.6
2024,8,5205079,Sri Lanka,Purse seine | Other,Ringnet (offshore),Indian scad,20.0,27.6
2024,8,5205080,Sri Lanka,Gillnet,Gillnet (offshore),Indian scad,477.0,1.0
2024,8,5205080,Sri Lanka,Gillnet,Gillnet (offshore),Silky shark,477.0,0.1
2024,8,5205080,Sri Lanka,Gillnet,Gillnet (offshore),Shortfin mako,477.0,0.5
2024,8,5206082,Sri Lanka,Gillnet,Gillnet (offshore),Giant manta,109.0,0.4
2024,8,5206082,Sri Lanka,Gillnet,Gillnet (offshore),Great hammerhead,109.0,0.1
2024,8,5207082,Sri Lanka,Gillnet,Gillnet (offshore),Giant manta,152.0,0.5
2024,8,5207083,Sri Lanka,Gillnet,Gillnet (offshore),Giant manta,195.0,1.1
2024,8,5207084,Sri Lanka,Gillnet,Gillnet (offshore),Giant manta,43.0,0.5
2024,8,5207086,Sri Lanka,Gillnet,Gillnet (offshore),Giant manta,87.0,0.1
2024,8,5207105,Indonesia,Purse seine | LS,Purse seine,Common dolphinfish,7.0,0.693
2024,8,5207106,Indonesia,Purse seine | LS,Purse seine,Common dolphinfish,6.0,0.031
2024,8,5208083,Sri Lanka,Gillnet,Gillnet (offshore),Giant manta,239.0,2.9
2024,8,5208084,Sri Lanka,Gillnet,Gillnet (offshore),Giant manta,109.0,1.2
2024,8,5208087,Sri Lanka,Gillnet,Gillnet (offshore),Giant manta,65.0,0.2
2024,8,5208103,Indonesia,Line | Handline,Handline,Common dolphinfish,34.0,0.06
2024,8,5208104,Indonesia,Line | Handline,Handline,Common dolphinfish,16.0,0.055
2024,8,5208104,Indonesia,Purse seine | LS,Purse seine,Common dolphinfish,8.0,1.126
2024,8,5208105,Indonesia,Line | Handline,Handline,Common dolphinfish,1.0,0.17
2024,8,5208105,Indonesia,Line | Handline,Handline (offshore),Common dolphinfish,8.0,0.225
2024,8,5208106,Indonesia,Line | Handline,Handline,Common dolphinfish,108.0,0.575
2024,8,5208107,Indonesia,Line | Handline,Handline,Common dolphinfish,36.0,0.032
2024,8,5208107,Indonesia,Line | Handline,Handline,Blue shark,36.0,0.1
2024,8,5208108,Indonesia,Line | Handline,Handline,Common dolphinfish,72.0,0.552
2024,8,5208108,Indonesia,Line | Handline,Handline (offshore),Common dolphinfish,5.0,0.05
2024,8,5208109,Indonesia,Line | Handline,Handline,Common dolphinfish,17.0,0.12
2024,8,5208112,Indonesia,Purse seine | LS,Small purse seine,Blue mackerel,32.0,29.91
2024,8,5209082,Sri Lanka,Gillnet,Gillnet (offshore),Silky shark,109.0,0.1
2024,8,5209104,Indonesia,Line | Handline,Handline,Common dolphinfish,17.0,0.08
2024,8,5209105,Indonesia,Line | Handline,Handline,Common dolphinfish,11.0,0.1
2024,8,5209106,Indonesia,Line | Handline,Handline,Common dolphinfish,7.0,0.15
2024,8,5209107,Indonesia,Line | Handline,Handline,Common dolphinfish,11.0,0.043
2024,8,5209107,Indonesia,Line | Handline,Handline (offshore),Common dolphinfish,22.0,0.049
2024,8,5209108,Indonesia,Line | Handline,Handline (offshore),Common dolphinfish,5.0,0.236
2024,8,5209111,Indonesia,Purse seine | LS,Small purse seine,Common dolphinfish,8.0,0.185
2024,8,5209112,Indonesia,Purse seine | LS,Small purse seine,Common dolphinfish,4.0,0.273
2024,8,5209118,Indonesia,Purse seine | LS,Purse seine,Common dolphinfish,8.0,0.01
2024,8,5210109,Indonesia,Purse seine | LS,Purse seine,Common dolphinfish,12.0,0.06
2024,8,5210116,Indonesia,Purse seine | LS,Purse seine,Common dolphinfish,3.0,0.1
2024,8,5210118,Indonesia,Purse seine | LS,Purse seine,Common dolphinfish,27.0,0.04
2024,8,5210124,Indonesia,Purse seine | LS,Small purse seine,Common dolphinfish,2.0,0.035
2024,8,5211119,Indonesia,Purse seine | LS,Purse seine,Common dolphinfish,34.0,0.32
2024,8,5211124,Indonesia,Purse seine | LS,Purse seine,Common dolphinfish,1.0,0.087
2024,8,5212119,Indonesia,Purse seine | LS,Purse seine,Common dolphinfish,10.0,0.5
2024,8,5212120,Indonesia,Purse seine | LS,Purse seine,Common dolphinfish,47.0,0.05
2024,8,5213121,Indonesia,Purse seine | LS,Purse seine,Common dolphinfish,8.0,0.01
2024,8,5214106,Indonesia,Line | Handline,Handline (offshore),Common dolphinfish,50.0,0.3
2024,8,5214107,Indonesia,Line | Handline,Handline (offshore),Common dolphinfish,7.0,0.08
2024,8,6100065,Sri Lanka,Longline | Fresh,Longline (fresh),Blue shark,772.0,0.3
2024,8,6100065,Sri Lanka,Longline | Fresh,Longline (fresh),Silky shark,772.0,0.2
2024,8,6100065,Sri Lanka,Longline | Fresh,Longline (fresh),Shortfin mako,772.0,0.1
2024,8,6100075,Sri Lanka,Gillnet,Gillnet,Bigeye scad,2008.0,0.2
2024,8,6100075,Sri Lanka,Gillnet,Gillnet,Rough triggerfish,2008.0,4.4
2024,8,6100075,Sri Lanka,Gillnet,Gillnet,Indian scad,2008.0,2.1
2024,8,6100075,Sri Lanka,Gillnet,Gillnet,Giant manta,2008.0,1.5
2024,8,6100075,Sri Lanka,Gillnet,Gillnet,Blue shark,2008.0,0.7
2024,8,6100075,Sri Lanka,Gillnet,Gillnet,Silky shark,2008.0,7.7
2024,8,6100075,Sri Lanka,Gillnet,Gillnet,Shortfin mako,2008.0,2.1
2024,8,6100075,Sri Lanka,Gillnet,Gillnet,Smooth hammerhead,2008.0,0.7
2024,8,6100075,Sri Lanka,Line | Coastal longline,Coastal longline,Blue shark,1262.0,0.8
2024,8,6100075,Sri Lanka,Line | Coastal longline,Coastal longline,Silky shark,1262.0,10.1
2024,8,6100075,Sri Lanka,Line | Coastal longline,Coastal longline,Shortfin mako,1262.0,0.1
2024,8,6100075,Sri Lanka,Line | Coastal longline,Coastal longline,Smooth hammerhead,1262.0,0.3
2024,8,6100075,Sri Lanka,Purse seine | Other,Ringnet,Rough triggerfish,6758.0,152.1
2024,8,6100075,Sri Lanka,Purse seine | Other,Ringnet,Indian mackerel,6758.0,52.7
2024,8,6100075,Sri Lanka,Purse seine | Other,Ringnet,Rainbow runner,6758.0,46.8
2024,8,6100075,Sri Lanka,Purse seine | Other,Ringnet,Indian scad,6758.0,1496.1
2024,8,6100080,Sri Lanka,Gillnet,Gillnet,Giant manta,377.0,0.4
2024,8,6100080,Sri Lanka,Gillnet,Gillnet,Blue shark,377.0,0.1
2024,8,6100080,Sri Lanka,Gillnet,Gillnet,Silky shark,377.0,0.2
2024,8,6100080,Sri Lanka,Line | Coastal longline,Coastal longline,Blue shark,1180.0,0.7
2024,8,6100080,Sri Lanka,Line | Coastal longline,Coastal longline,Silky shark,1180.0,4.1
2024,8,6100080,Sri Lanka,Line | Coastal longline,Coastal longline,Great hammerhead,1180.0,0.8
2024,8,6100080,Sri Lanka,Line | Coastal longline,Coastal longline,Smooth hammerhead,1180.0,0.3
2024,8,6100080,Sri Lanka,Purse seine | Other,Ringnet,Rough triggerfish,4772.0,109.9
2024,8,6100080,Sri Lanka,Purse seine | Other,Ringnet,Indian mackerel,4772.0,19.8
2024,8,6100080,Sri Lanka,Purse seine | Other,Ringnet,Rainbow runner,4772.0,21.7
2024,8,6100080,Sri Lanka,Purse seine | Other,Ringnet,Indian scad,4772.0,1190.0
2024,8,6100085,Sri Lanka,Longline | Fresh,Longline (fresh),Blue shark,105.0,0.5
2024,8,6100085,Sri Lanka,Longline | Fresh,Longline (fresh),Silky shark,105.0,3.2
2024,8,6100085,Sri Lanka,Longline | Fresh,Longline (fresh),Great hammerhead,105.0,0.9
2024,8,6100090,Sri Lanka,Longline | Fresh,Longline (fresh),Blue shark,35.0,0.8
2024,8,6105075,Sri Lanka,Gillnet,Gillnet,Common dolphinfish,4362.0,4.1
2024,8,6105075,Sri Lanka,Gillnet,Gillnet,Indian scad,4362.0,2.4
2024,8,6105075,Sri Lanka,Gillnet,Gillnet,Giant manta,4362.0,3.5
2024,8,6105075,Sri Lanka,Gillnet,Gillnet,Blue shark,4362.0,0.1
2024,8,6105075,Sri Lanka,Gillnet,Gillnet,Silky shark,4362.0,1.5
2024,8,6105075,Sri Lanka,Gillnet,Gillnet,Great hammerhead,4362.0,0.1
2024,8,6105075,Sri Lanka,Gillnet,Gillnet,Scalloped hammerhead,4362.0,0.2
2024,8,6105075,Sri Lanka,Line | Coastal longline,Coastal longline,Blue shark,3460.0,48.9
2024,8,6105075,Sri Lanka,Line | Coastal longline,Coastal longline,Silky shark,3460.0,26.2
2024,8,6105075,Sri Lanka,Line | Handline,Handline,Common dolphinfish,194.0,1.1
2024,8,6105075,Sri Lanka,Line | Handline,Handline,Rainbow runner,194.0,0.1
2024,8,6105075,Sri Lanka,Other,Beach seine,Dorab wolf-herring,821.0,0.1
2024,8,6105075,Sri Lanka,Other,Beach seine,Needle cuttlefish,821.0,1.5
2024,8,6105075,Sri Lanka,Other,Beach seine,Indian mackerel,821.0,35.8
2024,8,6105075,Sri Lanka,Purse seine | Other,Ringnet,Rough triggerfish,4412.0,129.7
2024,8,6105075,Sri Lanka,Purse seine | Other,Ringnet,Indian mackerel,4412.0,36.2
2024,8,6105075,Sri Lanka,Purse seine | Other,Ringnet,Rainbow runner,4412.0,50.1
2024,8,6105075,Sri Lanka,Purse seine | Other,Ringnet,Indian scad,4412.0,919.8
2024,8,6105080,Sri Lanka,Gillnet,Gillnet,Rainbow runner,8390.0,0.1
2024,8,6105080,Sri Lanka,Gillnet,Gillnet,Giant manta,8390.0,0.4
2024,8,6105080,Sri Lanka,Gillnet,Gillnet,Blue shark,8390.0,0.1
2024,8,6105080,Sri Lanka,Gillnet,Gillnet,Silky shark,8390.0,0.2
2024,8,6105080,Sri Lanka,Gillnet,Gillnet,Shortfin mako,8390.0,0.3
2024,8,6105080,Sri Lanka,Gillnet,Gillnet,Great hammerhead,8390.0,0.4
2024,8,6105080,Sri Lanka,Gillnet,Gillnet,Scalloped hammerhead,8390.0,0.2
2024,8,6105080,Sri Lanka,Gillnet,Gillnet,Smooth hammerhead,8390.0,0.3
2024,8,6105080,Sri Lanka,Line | Coastal longline,Coastal longline,Giant manta,5822.0,0.4
2024,8,6105080,Sri Lanka,Line | Coastal longline,Coastal longline,Silky shark,5822.0,1.6
2024,8,6105080,Sri Lanka,Line | Coastal longline,Coastal longline,Scalloped hammerhead,5822.0,1.7
2024,8,6105080,Sri Lanka,Line | Handline,Handline,Bigeye scad,256.0,3.6
2024,8,6105080,Sri Lanka,Line | Handline,Handline,Indian mackerel,256.0,5.7
2024,8,6105080,Sri Lanka,Line | Handline,Handline,Rainbow runner,256.0,0.1
2024,8,6105080,Sri Lanka,Other,Beach seine,Needle cuttlefish,1277.0,52.9
2024,8,6105080,Sri Lanka,Purse seine | Other,Ringnet,Rough triggerfish,2247.0,60.0
2024,8,6105080,Sri Lanka,Purse seine | Other,Ringnet,Rainbow runner,2247.0,3.1
2024,8,6105080,Sri Lanka,Purse seine | Other,Ringnet,Indian scad,2247.0,461.3
2024,8,6105085,Sri Lanka,Purse seine | Other,Ringnet,Rough triggerfish,1916.0,92.9
2024,8,6105085,Sri Lanka,Purse seine | Other,Ringnet,Common dolphinfish,1916.0,1.1
2024,8,6105085,Sri Lanka,Purse seine | Other,Ringnet,Indian mackerel,1916.0,2.3
2024,8,6105085,Sri Lanka,Purse seine | Other,Ringnet,Rainbow runner,1916.0,18.5
2024,8,6105085,Sri Lanka,Purse seine | Other,Ringnet,Indian scad,1916.0,364.6
2024,8,6105085,Sri Lanka,Longline | Fresh,Longline (fresh),Blue shark,211.0,4.9
2024,8,6110065,Sri Lanka,Longline | Fresh,Longline (fresh),Silky shark,175.0,0.6
2024,8,6110080,Sri Lanka,Gillnet,Gillnet,Giant manta,148.0,0.1
2024,8,6110080,Sri Lanka,Line | Coastal longline,Coastal longline,Great hammerhead,246.0,0.5
2024,8,6110080,Sri Lanka,Purse seine | Other,Ringnet,Rough triggerfish,298.0,5.7
2024,8,6110080,Sri Lanka,Purse seine | Other,Ringnet,Indian scad,298.0,27.7
2024,8,6120055,I. R. Iran,Gillnet,Gillnet,Common dolphinfish,2653.0,25.3
2024,8,6120060,I. R. Iran,Gillnet,Gillnet,Common dolphinfish,19552.0,371.8
2024,8,6120060,I. R. Iran,Gillnet,Gillnet,Whitecheek shark,19552.0,2.8
2024,8,6120060,I. R. Iran,Gillnet,Gillnet,Spottail shark,19552.0,5.5
2024,8,6120060,I. R. Iran,Gillnet,Gillnet,Silky shark,19552.0,0.4
2024,8,6120060,I. R. Iran,Gillnet,Gillnet,Milk shark,19552.0,12.8
2024,8,6120060,I. R. Iran,Line | Trolling,Troll line,Common dolphinfish,6928.0,74.8
2024,8,6120060,I. R. Iran,Line | Trolling,Troll line,Spottail shark,6928.0,2.1
2024,8,6120060,I. R. Iran,Line | Trolling,Troll line,Milk shark,6928.0,5.4
2024,8,6125045,I. R. Iran,Gillnet,Gillnet,Spottail shark,371.0,0.1
2024,8,6125045,I. R. Iran,Gillnet,Gillnet,Milk shark,371.0,0.3
2024,8,6125045,I. R. Iran,Line | Trolling,Troll line,Spottail shark,177.0,0.3
2024,8,6125045,I. R. Iran,Line | Trolling,Troll line,Milk shark,177.0,0.6
2024,8,6125050,I. R. Iran,Gillnet,Gillnet,Common dolphinfish,19739.0,11.0
2024,8,6125050,I. R. Iran,Gillnet,Gillnet,Whitecheek shark,19739.0,0.2
2024,8,6125050,I. R. Iran,Gillnet,Gillnet,Spottail shark,19739.0,0.5
2024,8,6125050,I. R. Iran,Gillnet,Gillnet,Milk shark,19739.0,1.1
2024,8,6125050,I. R. Iran,Line | Trolling,Troll line,Common dolphinfish,5909.0,3.5
2024,8,6125050,I. R. Iran,Line | Trolling,Troll line,Spottail shark,5909.0,0.3
2024,8,6125050,I. R. Iran,Line | Trolling,Troll line,Milk shark,5909.0,0.7
2024,8,6125055,I. R. Iran,Gillnet,Gillnet,Common dolphinfish,11104.0,52.6
2024,8,6125055,I. R. Iran,Gillnet,Gillnet,Whitecheek shark,11104.0,0.9
2024,8,6125055,I. R. Iran,Gillnet,Gillnet,Spottail shark,11104.0,1.5
2024,8,6125055,I. R. Iran,Gillnet,Gillnet,Milk shark,11104.0,3.6
2024,8,6125055,I. R. Iran,Line | Trolling,Troll line,Common dolphinfish,4564.0,16.5
2024,8,6125055,I. R. Iran,Line | Trolling,Troll line,Spottail shark,4564.0,1.0
2024,8,6125055,I. R. Iran,Line | Trolling,Troll line,Milk shark,4564.0,2.4
2024,8,6125060,I. R. Iran,Gillnet,Gillnet,Common dolphinfish,1352.0,34.8
2024,8,6125060,I. R. Iran,Gillnet,Gillnet,Whitecheek shark,1352.0,0.1
2024,8,6125060,I. R. Iran,Gillnet,Gillnet,Spottail shark,1352.0,0.3
2024,8,6125060,I. R. Iran,Gillnet,Gillnet,Milk shark,1352.0,0.6
2024,8,6125060,I. R. Iran,Line | Coastal longline,Coastal longline,Common dolphinfish,708.433385474962,1.53
2024,8,6125060,I. R. Iran,Line | Trolling,Troll line,Common dolphinfish,1125.0,11.0
2024,8,6125060,I. R. Iran,Line | Trolling,Troll line,Spottail shark,1125.0,0.2
2024,8,6125060,I. R. Iran,Line | Trolling,Troll line,Milk shark,1125.0,0.4
2024,8,6200035,Kenya,Gillnet,Gillnet,Common dolphinfish,12000.0,3.27933
2024,8,6200035,Kenya,Line | Coastal longline,Coastal longline,Common dolphinfish,1360.0,0.003
2024,8,6200035,Kenya,Line | Coastal longline,Coastal longline,Blue shark,1360.0,0.0612
2024,8,6200035,Kenya,Line | Coastal longline,Coastal longline,Shortfin mako,1360.0,0.0248
2024,8,6200035,Kenya,Line | Handline,Handline,Great barracuda,7750.0,33.72
2024,8,6200035,Kenya,Line | Trolling,Troll line,Great barracuda,1200.0,14.44
2024,8,6200040,Kenya,Gillnet,Gillnet,Common dolphinfish,12000.0,1.8256
2024,8,6200040,Kenya,Line | Coastal longline,Coastal longline,Common dolphinfish,1360.0,0.002
2024,8,6200040,Kenya,Line | Coastal longline,Coastal longline,Blue shark,1360.0,0.0408
2024,8,6200040,Kenya,Line | Coastal longline,Coastal longline,Shortfin mako,1360.0,0.01653
2024,8,6200040,Kenya,Line | Handline,Handline,Great barracuda,7750.0,22.48
2024,8,6200040,Kenya,Line | Trolling,Troll line,Great barracuda,1200.0,9.62667
2024,8,6200060,Sri Lanka,Longline | Fresh,Longline (fresh),Blue shark,3440.0,0.1
2024,8,6200060,Sri Lanka,Longline | Fresh,Longline (fresh),Silky shark,3440.0,0.2
2024,8,6200060,Sri Lanka,Longline | Fresh,Longline (fresh),Shortfin mako,3440.0,0.2
2024,8,6200065,Sri Lanka,Longline | Fresh,Longline (fresh),Giant manta,9688.0,0.1
2024,8,6200065,Sri Lanka,Longline | Fresh,Longline (fresh),Blue shark,9688.0,0.4
2024,8,6200065,Sri Lanka,Longline | Fresh,Longline (fresh),Silky shark,9688.0,1.3
2024,8,6200065,Sri Lanka,Longline | Fresh,Longline (fresh),Great hammerhead,9688.0,0.1
2024,8,6200075,Sri Lanka,Longline | Fresh,Longline (fresh),Blue shark,10531.0,0.2
2024,8,6205040,Comoros,Line | Coastal longline,Coastal longline,Common dolphinfish,21560.4203975125,2.76706
2024,8,6205040,Comoros,Line | Trolling,Troll line,Common dolphinfish,11348.8515311493,6.21028
2024,8,6205040,Comoros,Line | Trolling,Troll line,Blue shark,11348.8515311493,0.63216
2024,8,6205040,Comoros,Line | Trolling,Troll line,Silky shark,11348.8515311493,0.3846
2024,8,6205060,Sri Lanka,Longline | Fresh,Longline (fresh),Blue shark,211.0,0.1
2024,8,6205060,Sri Lanka,Longline | Fresh,Longline (fresh),Shortfin mako,211.0,0.1
2024,8,6205075,Sri Lanka,Longline | Fresh,Longline (fresh),Silky shark,8284.0,0.1
2024,9,5100077,Sri Lanka,Gillnet,Gillnet (offshore),Blue shark,43.0,1.4
2024,9,5100077,Sri Lanka,Gillnet,Gillnet (offshore),Silky shark,43.0,0.3
2024,9,5100077,Sri Lanka,Gillnet,Gillnet (offshore),Shortfin mako,43.0,1.0
2024,9,5100077,Sri Lanka,Gillnet,Gillnet (offshore),Great hammerhead,43.0,0.3
2024,9,5101069,Sri Lanka,Purse seine | Other,Ringnet (offshore),Indian scad,20.0,5.8
2024,9,5101077,Sri Lanka,Gillnet,Gillnet (offshore),Blue shark,22.0,1.0
2024,9,5101077,Sri Lanka,Gillnet,Gillnet (offshore),Shortfin mako,22.0,0.2
2024,9,5101077,Sri Lanka,Gillnet,Gillnet (offshore),Great hammerhead,22.0,0.7
2024,9,5101077,Sri Lanka,Purse seine | Other,Ringnet (offshore),Indian scad,20.0,3.0
2024,9,5101078,Sri Lanka,Gillnet,Gillnet (offshore),Blue shark,260.0,0.3
2024,9,5101078,Sri Lanka,Gillnet,Gillnet (offshore),Silky shark,260.0,0.3
2024,9,5101079,Sri Lanka,Purse seine | Other,Ringnet (offshore),Indian scad,20.0,0.5
2024,9,5101081,Sri Lanka,Purse seine | Other,Ringnet (offshore),Indian scad,20.0,3.0
2024,9,5101085,Sri Lanka,Purse seine | Other,Ringnet (offshore),Rough triggerfish,40.0,0.4
2024,9,5101085,Sri Lanka,Purse seine | Other,Ringnet (offshore),Indian scad,40.0,7.5
2024,9,5101086,Sri Lanka,Purse seine | Other,Ringnet (offshore),Rough triggerfish,20.0,0.4
2024,9,5101086,Sri Lanka,Purse seine | Other,Ringnet (offshore),Indian scad,20.0,1.5
2024,9,5101096,Indonesia,Purse seine | LS,Small purse seine,Dogtooth tuna,13.0,0.5
2024,9,5102068,Sri Lanka,Purse seine | Other,Ringnet (offshore),Rough triggerfish,40.0,1.3
2024,9,5102068,Sri Lanka,Purse seine | Other,Ringnet (offshore),Rainbow runner,40.0,4.6
2024,9,5102068,Sri Lanka,Purse seine | Other,Ringnet (offshore),Indian scad,40.0,12.8
2024,9,5102074,Maldives,Baitboat,Baitboat (offshore),Rainbow runner,129.0,0.0128017676616345
2024,9,5102077,Sri Lanka,Purse seine | Other,Ringnet (offshore),Rough triggerfish,158.0,4.0
2024,9,5102077,Sri Lanka,Purse seine | Other,Ringnet (offshore),Rainbow runner,158.0,2.0
2024,9,5102077,Sri Lanka,Purse seine | Other,Ringnet (offshore),Indian scad,158.0,26.1
2024,9,5102078,Sri Lanka,Gillnet,Gillnet (offshore),Indian scad,434.0,3.5
2024,9,5102078,Sri Lanka,Gillnet,Gillnet (offshore),Giant manta,434.0,0.3
2024,9,5102078,Sri Lanka,Gillnet,Gillnet (offshore),Blue shark,434.0,0.3
2024,9,5102078,Sri Lanka,Gillnet,Gillnet (offshore),Silky shark,434.0,0.3
2024,9,5102078,Sri Lanka,Purse seine | Other,Ringnet (offshore),Rough triggerfish,218.0,12.7
2024,9,5102078,Sri Lanka,Purse seine | Other,Ringnet (offshore),Rainbow runner,218.0,4.9
2024,9,5102078,Sri Lanka,Purse seine | Other,Ringnet (offshore),Indian scad,218.0,50.2
2024,9,5102079,Sri Lanka,Gillnet,Gillnet (offshore),Indian scad,477.0,3.5
2024,9,5102079,Sri Lanka,Gillnet,Gillnet (offshore),Giant manta,477.0,0.2
2024,9,5102079,Sri Lanka,Gillnet,Gillnet (offshore),Blue shark,477.0,0.1
2024,9,5102079,Sri Lanka,Gillnet,Gillnet (offshore),Silky shark,477.0,0.1
2024,9,5102079,Sri Lanka,Purse seine | Other,Ringnet (offshore),Indian scad,40.0,3.5
2024,9,5102080,Sri Lanka,Gillnet,Gillnet (offshore),Giant manta,22.0,0.2
2024,9,5102081,Sri Lanka,Purse seine | Other,Ringnet (offshore),Rough triggerfish,79.0,0.8
2024,9,5102081,Sri Lanka,Purse seine | Other,Ringnet (offshore),Rainbow runner,79.0,0.4
2024,9,5102081,Sri Lanka,Purse seine | Other,Ringnet (offshore),Indian scad,79.0,8.2
2024,9,5102082,Sri Lanka,Purse seine | Other,Ringnet (offshore),Rough triggerfish,79.0,0.5
2024,9,5102082,Sri Lanka,Purse seine | Other,Ringnet (offshore),Indian scad,79.0,5.0
2024,9,5102083,Sri Lanka,Purse seine | Other,Ringnet (offshore),Rough triggerfish,20.0,0.5
2024,9,5102084,Sri Lanka,Purse seine | Other,Ringnet (offshore),Rough triggerfish,40.0,0.3
2024,9,5102084,Sri Lanka,Purse seine | Other,Ringnet (offshore),Indian scad,40.0,6.5
2024,9,5102085,Sri Lanka,Purse seine | Other,Ringnet (offshore),Rough triggerfish,79.0,3.2
2024,9,5102085,Sri Lanka,Purse seine | Other,Ringnet (offshore),Indian scad,79.0,25.0
2024,9,5102086,Sri Lanka,Purse seine | Other,Ringnet (offshore),Rough triggerfish,20.0,0.4
2024,9,5102086,Sri Lanka,Purse seine | Other,Ringnet (offshore),Indian scad,20.0,1.5
2024,9,5103067,Sri Lanka,Purse seine | Other,Ringnet (offshore),Rough triggerfish,40.0,9.0
2024,9,5103067,Sri Lanka,Purse seine | Other,Ringnet (offshore),Indian scad,40.0,1.5
2024,9,5103068,Sri Lanka,Purse seine | Other,Ringnet (offshore),Rough triggerfish,79.0,9.0
2024,9,5103068,Sri Lanka,Purse seine | Other,Ringnet (offshore),Indian scad,79.0,18.0
2024,9,5103077,Sri Lanka,Gillnet,Gillnet (offshore),Giant manta,87.0,0.2
2024,9,5103077,Sri Lanka,Gillnet,Gillnet (offshore),Blue shark,87.0,0.9
2024,9,5103077,Sri Lanka,Gillnet,Gillnet (offshore),Silky shark,87.0,0.4
2024,9,5103077,Sri Lanka,Purse seine | Other,Ringnet (offshore),Rough triggerfish,218.0,3.5
2024,9,5103077,Sri Lanka,Purse seine | Other,Ringnet (offshore),Rainbow runner,218.0,0.8
2024,9,5103077,Sri Lanka,Purse seine | Other,Ringnet (offshore),Indian scad,218.0,21.9
2024,9,5103078,Sri Lanka,Purse seine | Other,Ringnet (offshore),Indian scad,20.0,4.0
2024,9,5103082,Sri Lanka,Purse seine | Other,Ringnet (offshore),Rough triggerfish,40.0,0.5
2024,9,5103083,Sri Lanka,Purse seine | Other,Ringnet (offshore),Rough triggerfish,139.0,3.1
2024,9,5103083,Sri Lanka,Purse seine | Other,Ringnet (offshore),Rainbow runner,139.0,1.6
2024,9,5103083,Sri Lanka,Purse seine | Other,Ringnet (offshore),Indian scad,139.0,16.8
2024,9,5103084,Sri Lanka,Purse seine | Other,Ringnet (offshore),Rough triggerfish,59.0,0.8
2024,9,5103084,Sri Lanka,Purse seine | Other,Ringnet (offshore),Indian mackerel,59.0,2.0
2024,9,5103084,Sri Lanka,Purse seine | Other,Ringnet (offshore),Indian scad,59.0,3.0
2024,9,5103085,Sri Lanka,Purse seine | Other,Ringnet (offshore),Rough triggerfish,59.0,0.8
2024,9,5103085,Sri Lanka,Purse seine | Other,Ringnet (offshore),Indian scad,59.0,12.0
2024,9,5103086,Sri Lanka,Purse seine | Other,Ringnet (offshore),Indian scad,20.0,4.0
2024,9,5103087,Sri Lanka,Purse seine | Other,Ringnet (offshore),Rough triggerfish,20.0,5.0
2024,9,5104068,Sri Lanka,Purse seine | Other,Ringnet (offshore),Indian scad,20.0,10.0
2024,9,5104069,Sri Lanka,Purse seine | Other,Ringnet (offshore),Rough triggerfish,20.0,3.0
2024,9,5104069,Sri Lanka,Purse seine | Other,Ringnet (offshore),Indian scad,20.0,13.0
2024,9,5104077,Sri Lanka,Purse seine | Other,Ringnet (offshore),Rough triggerfish,119.0,3.8
2024,9,5104077,Sri Lanka,Purse seine | Other,Ringnet (offshore),Rainbow runner,119.0,1.4
2024,9,5104077,Sri Lanka,Purse seine | Other,Ringnet (offshore),Indian scad,119.0,14.2
2024,9,5104084,Sri Lanka,Purse seine | Other,Ringnet (offshore),Rough triggerfish,40.0,0.5
2024,9,5104084,Sri Lanka,Purse seine | Other,Ringnet (offshore),Indian scad,40.0,5.1
2024,9,5104085,Sri Lanka,Purse seine | Other,Ringnet (offshore),Rough triggerfish,40.0,0.8
2024,9,5104085,Sri Lanka,Purse seine | Other,Ringnet (offshore),Indian scad,40.0,4.5
2024,9,5104087,Sri Lanka,Purse seine | Other,Ringnet (offshore),Rough triggerfish,20.0,0.3
2024,9,5104087,Sri Lanka,Purse seine | Other,Ringnet (offshore),Indian scad,20.0,1.0
2024,9,5104093,Indonesia,Purse seine | LS,Small purse seine,Common dolphinfish,9.0,0.02
2024,9,5105060,I. R. Iran,Gillnet,Gillnet (offshore),Common dolphinfish,22843.0,329.0
2024,9,5105060,I. R. Iran,Gillnet,Gillnet (offshore),Whitecheek shark,22843.0,1.0
2024,9,5105060,I. R. Iran,Gillnet,Gillnet (offshore),Spottail shark,22843.0,2.0
2024,9,5105060,I. R. Iran,Gillnet,Gillnet (offshore),Silky shark,22843.0,6.0
2024,9,5105060,I. R. Iran,Gillnet,Gillnet (offshore),Milk shark,22843.0,8.0
2024,9,5105066,Sri Lanka,Purse seine | Other,Ringnet (offshore),Rough triggerfish,20.0,3.1
2024,9,5105066,Sri Lanka,Purse seine | Other,Ringnet (offshore),Rainbow runner,20.0,2.0
2024,9,5105066,Sri Lanka,Purse seine | Other,Ringnet (offshore),Indian scad,20.0,7.1
2024,9,5105068,Sri Lanka,Purse seine | Other,Ringnet (offshore),Indian scad,40.0,6.3
2024,9,5105085,Sri Lanka,Purse seine | Other,Ringnet (offshore),Rainbow runner,40.0,0.7
2024,9,5105085,Sri Lanka,Purse seine | Other,Ringnet (offshore),Indian scad,40.0,5.0
2024,9,5105087,Sri Lanka,Purse seine | Other,Ringnet (offshore),Rough triggerfish,20.0,0.3
2024,9,5105087,Sri Lanka,Purse seine | Other,Ringnet (offshore),Indian scad,20.0,1.0
2024,9,5105089,Sri Lanka,Purse seine | Other,Ringnet (offshore),Rough triggerfish,20.0,3.8
2024,9,5106066,Sri Lanka,Purse seine | Other,Ringnet (offshore),Rough triggerfish,20.0,3.9
2024,9,5106066,Sri Lanka,Purse seine | Other,Ringnet (offshore),Rainbow runner,20.0,1.8
2024,9,5106066,Sri Lanka,Purse seine | Other,Ringnet (offshore),Indian scad,20.0,7.2
2024,9,5106068,Sri Lanka,Purse seine | Other,Ringnet (offshore),Rough triggerfish,79.0,7.2
2024,9,5106068,Sri Lanka,Purse seine | Other,Ringnet (offshore),Indian scad,79.0,24.1
2024,9,5106085,Sri Lanka,Purse seine | Other,Ringnet (offshore),Rough triggerfish,40.0,1.4
2024,9,5106085,Sri Lanka,Purse seine | Other,Ringnet (offshore),Indian scad,40.0,2.0
2024,9,5106086,Sri Lanka,Purse seine | Other,Ringnet (offshore),Indian scad,20.0,2.0
2024,9,5106087,Sri Lanka,Purse seine | Other,Ringnet (offshore),Rough triggerfish,20.0,0.6
2024,9,5106087,Sri Lanka,Purse seine | Other,Ringnet (offshore),Indian scad,20.0,2.2
2024,9,5106088,Sri Lanka,Purse seine | Other,Ringnet (offshore),Indian scad,20.0,3.0
2024,9,5107067,Sri Lanka,Purse seine | Other,Ringnet (offshore),Rough triggerfish,20.0,0.9
2024,9,5107067,Sri Lanka,Purse seine | Other,Ringnet (offshore),Rainbow runner,20.0,1.4
2024,9,5107067,Sri Lanka,Purse seine | Other,Ringnet (offshore),Indian scad,20.0,17.0
2024,9,5107068,Sri Lanka,Purse seine | Other,Ringnet (offshore),Rough triggerfish,40.0,0.9
2024,9,5107068,Sri Lanka,Purse seine | Other,Ringnet (offshore),Rainbow runner,40.0,1.4
2024,9,5107068,Sri Lanka,Purse seine | Other,Ringnet (offshore),Indian scad,40.0,31.5
2024,9,5107086,Sri Lanka,Purse seine | Other,Ringnet (offshore),Rough triggerfish,20.0,0.4
2024,9,5107086,Sri Lanka,Purse seine | Other,Ringnet (offshore),Rainbow runner,20.0,0.2
2024,9,5107086,Sri Lanka,Purse seine | Other,Ringnet (offshore),Indian scad,20.0,5.0
2024,9,5107088,Sri Lanka,Purse seine | Other,Ringnet (offshore),Rough triggerfish,20.0,3.2
2024,9,5107088,Sri Lanka,Purse seine | Other,Ringnet (offshore),Indian scad,20.0,12.0
2024,9,5108063,Sri Lanka,Purse seine | Other,Ringnet (offshore),Rough triggerfish,20.0,3.0
2024,9,5108063,Sri Lanka,Purse seine | Other,Ringnet (offshore),Rainbow runner,20.0,1.0
2024,9,5108063,Sri Lanka,Purse seine | Other,Ringnet (offshore),Indian scad,20.0,5.0
2024,9,5108064,Sri Lanka,Purse seine | Other,Ringnet (offshore),Rough triggerfish,20.0,3.0
2024,9,5108064,Sri Lanka,Purse seine | Other,Ringnet (offshore),Rainbow runner,20.0,1.0
2024,9,5108064,Sri Lanka,Purse seine | Other,Ringnet (offshore),Indian scad,20.0,5.0
2024,9,5108068,Sri Lanka,Purse seine | Other,Ringnet (offshore),Indian scad,40.0,2.5
2024,9,5109063,Sri Lanka,Purse seine | Other,Ringnet (offshore),Rough triggerfish,20.0,3.0
2024,9,5109063,Sri Lanka,Purse seine | Other,Ringnet (offshore),Rainbow runner,20.0,1.0
2024,9,5109063,Sri Lanka,Purse seine | Other,Ringnet (offshore),Indian scad,20.0,5.0
2024,9,5109064,Sri Lanka,Purse seine | Other,Ringnet (offshore),Rough triggerfish,20.0,3.0
2024,9,5109064,Sri Lanka,Purse seine | Other,Ringnet (offshore),Rainbow runner,20.0,1.0
2024,9,5109064,Sri Lanka,Purse seine | Other,Ringnet (offshore),Indian scad,20.0,5.0
2024,9,5109068,Sri Lanka,Gillnet,Gillnet (offshore),Giant manta,282.0,0.2
2024,9,5109068,Sri Lanka,Gillnet,Gillnet (offshore),Silky shark,282.0,0.3
2024,9,5109085,Sri Lanka,Gillnet,Gillnet (offshore),Shortfin mako,43.0,0.1
2024,9,5110066,Sri Lanka,Gillnet,Gillnet (offshore),Giant manta,109.0,0.1
2024,9,5110066,Sri Lanka,Gillnet,Gillnet (offshore),Silky shark,109.0,0.1
2024,9,5110067,Sri Lanka,Gillnet,Gillnet (offshore),Giant manta,261.0,0.4
2024,9,5110067,Sri Lanka,Gillnet,Gillnet (offshore),Silky shark,261.0,1.0
2024,9,5110068,Sri Lanka,Gillnet,Gillnet (offshore),Silky shark,282.0,0.1
2024,9,5110068,Sri Lanka,Gillnet,Gillnet (offshore),Great hammerhead,282.0,0.1
2024,9,5110085,Sri Lanka,Gillnet,Gillnet (offshore),Giant manta,109.0,0.3
2024,9,5110086,Sri Lanka,Gillnet,Gillnet (offshore),Giant manta,174.0,0.6
2024,9,5110087,Sri Lanka,Purse seine | Other,Ringnet (offshore),Indian scad,20.0,1.0
2024,9,5111087,Sri Lanka,Purse seine | Other,Ringnet (offshore),Indian scad,20.0,1.0
2024,9,5202084,Sri Lanka,Purse seine | Other,Ringnet (offshore),Rough triggerfish,20.0,0.4
2024,9,5202084,Sri Lanka,Purse seine | Other,Ringnet (offshore),Indian scad,20.0,1.5
2024,9,5202085,Sri Lanka,Purse seine | Other,Ringnet (offshore),Rough triggerfish,40.0,0.4
2024,9,5202085,Sri Lanka,Purse seine | Other,Ringnet (offshore),Indian scad,40.0,2.5
2024,9,5203077,Sri Lanka,Purse seine | Other,Ringnet (offshore),Rainbow runner,20.0,3.5
2024,9,5203077,Sri Lanka,Purse seine | Other,Ringnet (offshore),Indian scad,20.0,5.0
2024,9,5203078,Sri Lanka,Gillnet,Gillnet (offshore),Silky shark,87.0,0.2
2024,9,5203078,Sri Lanka,Purse seine | Other,Ringnet (offshore),Rainbow runner,20.0,0.5
2024,9,5203078,Sri Lanka,Purse seine | Other,Ringnet (offshore),Indian scad,20.0,1.6
2024,9,5203079,Sri Lanka,Gillnet,Gillnet (offshore),Silky shark,87.0,0.2
2024,9,5204078,Sri Lanka,Purse seine | Other,Ringnet (offshore),Rough triggerfish,20.0,0.5
2024,9,5204078,Sri Lanka,Purse seine | Other,Ringnet (offshore),Indian scad,20.0,3.0
2024,9,5204081,Sri Lanka,Gillnet,Gillnet (offshore),Silky shark,109.0,0.1
2024,9,5204082,Sri Lanka,Gillnet,Gillnet (offshore),Silky shark,130.0,0.1
2024,9,5205078,Sri Lanka,Purse seine | Other,Ringnet (offshore),Indian scad,59.0,4.5
2024,9,5205079,Sri Lanka,Gillnet,Gillnet (offshore),Shortfin mako,434.0,0.1
2024,9,5205084,Sri Lanka,Gillnet,Gillnet (offshore),Great hammerhead,22.0,0.1
2024,9,5206079,Sri Lanka,Gillnet,Gillnet (offshore),Shortfin mako,195.0,0.1
2024,9,5206084,Sri Lanka,Gillnet,Gillnet (offshore),Great hammerhead,22.0,0.1
2024,9,5206087,Sri Lanka,Purse seine | Other,Ringnet (offshore),Indian scad,20.0,3.5
2024,9,5207105,Indonesia,Line | Handline,Handline,Common dolphinfish,3.0,0.156
2024,9,5207109,Indonesia,Line | Handline,Handline,Common dolphinfish,3.0,0.763
2024,9,5207109,Indonesia,Line | Handline,Handline (offshore),Common dolphinfish,2.0,0.2
2024,9,5208068,Sri Lanka,Gillnet,Gillnet (offshore),Blue shark,22.0,0.1
2024,9,5208083,Sri Lanka,Gillnet,Gillnet (offshore),Great hammerhead,152.0,0.2
2024,9,5208084,Sri Lanka,Gillnet,Gillnet (offshore),Silky shark,87.0,0.1
2024,9,5208084,Sri Lanka,Gillnet,Gillnet (offshore),Great hammerhead,87.0,0.1
2024,9,5208102,Indonesia,Line | Handline,Handline,Common dolphinfish,5.0,0.047
2024,9,5208102,Indonesia,Line | Handline,Handline (offshore),Common dolphinfish,9.0,0.139
2024,9,5208103,Indonesia,Line | Handline,Handline,Common dolphinfish,21.0,0.354
2024,9,5208104,Indonesia,Line | Handline,Handline,Common dolphinfish,21.0,0.035
2024,9,5208104,Indonesia,Line | Handline,Handline (offshore),Common dolphinfish,2.0,0.165
2024,9,5208105,Indonesia,Line | Handline,Handline,Common dolphinfish,4.0,0.55
2024,9,5208106,Indonesia,Line | Handline,Handline,Common dolphinfish,66.0,0.616
2024,9,5208106,Indonesia,Line | Handline,Handline (offshore),Common dolphinfish,1.0,0.05
2024,9,5208107,Indonesia,Line | Handline,Handline,Common dolphinfish,78.0,0.1
2024,9,5208107,Indonesia,Line | Handline,Handline (offshore),Common dolphinfish,9.0,0.26
2024,9,5208108,Indonesia,Line | Handline,Handline,Common dolphinfish,73.0,0.255
2024,9,5208108,Indonesia,Line | Handline,Handline (offshore),Common dolphinfish,9.0,0.06
2024,9,5208112,Indonesia,Purse seine | LS,Small purse seine,Opah,11.0,0.58
2024,9,5209082,Sri Lanka,Gillnet,Gillnet (offshore),Silky shark,195.0,0.4
2024,9,5209083,Sri Lanka,Gillnet,Gillnet (offshore),Giant manta,326.0,0.6
2024,9,5209083,Sri Lanka,Gillnet,Gillnet (offshore),Great hammerhead,326.0,0.2
2024,9,5209084,Sri Lanka,Gillnet,Gillnet (offshore),Giant manta,391.0,0.7
2024,9,5209084,Sri Lanka,Gillnet,Gillnet (offshore),Blue shark,391.0,0.2
2024,9,5209103,Indonesia,Line | Handline,Handline,Common dolphinfish,8.0,0.123
2024,9,5209104,Indonesia,Line | Handline,Handline,Common dolphinfish,16.0,1.079
2024,9,5209108,Indonesia,Line | Handline,Handline,Common dolphinfish,52.0,0.192
2024,9,5209108,Indonesia,Line | Handline,Handline (offshore),Common dolphinfish,22.0,0.182
2024,9,5209109,Indonesia,Line | Handline,Handline (offshore),Common dolphinfish,4.0,0.327
2024,9,5209112,Indonesia,Purse seine | LS,Small purse seine,Common dolphinfish,2.0,0.276
2024,9,5210110,Indonesia,Purse seine | LS,Purse seine,Common dolphinfish,13.0,0.15
2024,9,5210119,Indonesia,Purse seine | LS,Purse seine,Common dolphinfish,36.0,0.02
2024,9,5211119,Indonesia,Purse seine | LS,Purse seine,Common dolphinfish,17.0,0.5
2024,9,5211121,Indonesia,Purse seine | LS,Purse seine,Common dolphinfish,10.0,0.025
2024,9,5213106,Indonesia,Line | Handline,Handline (offshore),Common dolphinfish,1.0,0.056
2024,9,5213107,Indonesia,Line | Handline,Handline (offshore),Common dolphinfish,3.0,0.06
2024,9,5213108,Indonesia,Line | Handline,Handline (offshore),Common dolphinfish,3.0,0.18
2024,9,5214106,Indonesia,Line | Handline,Handline (offshore),Common dolphinfish,42.0,0.12
2024,9,5214108,Indonesia,Line | Handline,Handline (offshore),Common dolphinfish,1.0,0.052
2024,9,5216115,Indonesia,Purse seine | LS,Purse seine,Common dolphinfish,10.0,0.1
2024,9,6100075,Sri Lanka,Gillnet,Gillnet,Giant manta,886.0,5.4
2024,9,6100075,Sri Lanka,Gillnet,Gillnet,Blue shark,886.0,1.3
2024,9,6100075,Sri Lanka,Gillnet,Gillnet,Silky shark,886.0,4.2
2024,9,6100075,Sri Lanka,Line | Coastal longline,Coastal longline,Silky shark,469.0,29.0
2024,9,6100075,Sri Lanka,Purse seine | Other,Ringnet,Rough triggerfish,5579.0,114.8
2024,9,6100075,Sri Lanka,Purse seine | Other,Ringnet,Indian mackerel,5579.0,27.9
2024,9,6100075,Sri Lanka,Purse seine | Other,Ringnet,Rainbow runner,5579.0,71.0
2024,9,6100075,Sri Lanka,Purse seine | Other,Ringnet,Indian scad,5579.0,1271.2
2024,9,6100075,Sri Lanka,Longline | Fresh,Longline (fresh),Blue shark,456.0,3.3
2024,9,6100075,Sri Lanka,Longline | Fresh,Longline (fresh),Silky shark,456.0,0.7
2024,9,6100075,Sri Lanka,Longline | Fresh,Longline (fresh),Shortfin mako,456.0,1.2
2024,9,6100075,Sri Lanka,Longline | Fresh,Longline (fresh),Great hammerhead,456.0,1.0
2024,9,6100080,Sri Lanka,Gillnet,Gillnet,Giant manta,541.0,0.1
2024,9,6100080,Sri Lanka,Gillnet,Gillnet,Blue shark,541.0,0.1
2024,9,6100080,Sri Lanka,Gillnet,Gillnet,Silky shark,541.0,0.7
2024,9,6100080,Sri Lanka,Purse seine | Other,Ringnet,Bigeye scad,5159.0,5.7
2024,9,6100080,Sri Lanka,Purse seine | Other,Ringnet,Rough triggerfish,5159.0,124.0
2024,9,6100080,Sri Lanka,Purse seine | Other,Ringnet,Common dolphinfish,5159.0,1.1
2024,9,6100080,Sri Lanka,Purse seine | Other,Ringnet,Indian mackerel,5159.0,1.1
2024,9,6100080,Sri Lanka,Purse seine | Other,Ringnet,Rainbow runner,5159.0,26.8
2024,9,6100080,Sri Lanka,Purse seine | Other,Ringnet,Indian scad,5159.0,1056.9
2024,9,6100085,Sri Lanka,Longline | Fresh,Longline (fresh),Blue shark,176.0,1.0
2024,9,6100085,Sri Lanka,Longline | Fresh,Longline (fresh),Silky shark,176.0,2.4
2024,9,6100085,Sri Lanka,Longline | Fresh,Longline (fresh),Great hammerhead,176.0,1.5
2024,9,6105075,Sri Lanka,Gillnet,Gillnet,Rough triggerfish,3559.0,1.7
2024,9,6105075,Sri Lanka,Gillnet,Gillnet,Indian scad,3559.0,3.7
2024,9,6105075,Sri Lanka,Gillnet,Gillnet,Giant manta,3559.0,1.7
2024,9,6105075,Sri Lanka,Gillnet,Gillnet,Silky shark,3559.0,0.3
2024,9,6105075,Sri Lanka,Gillnet,Gillnet,Shortfin mako,3559.0,0.1
2024,9,6105075,Sri Lanka,Line | Coastal longline,Coastal longline,Giant manta,3493.0,0.1
2024,9,6105075,Sri Lanka,Line | Handline,Handline,Bigeye scad,127.0,0.4
2024,9,6105075,Sri Lanka,Line | Handline,Handline,Common dolphinfish,127.0,1.1
2024,9,6105075,Sri Lanka,Line | Trolling,Troll line,Bigeye scad,1055.0,0.4
2024,9,6105075,Sri Lanka,Other,Beach seine,Dorab wolf-herring,263.0,2.9
2024,9,6105075,Sri Lanka,Other,Beach seine,Indian mackerel,263.0,4.2
2024,9,6105075,Sri Lanka,Purse seine | Other,Ringnet,Rough triggerfish,3350.0,64.8
2024,9,6105075,Sri Lanka,Purse seine | Other,Ringnet,Indian mackerel,3350.0,7.0
2024,9,6105075,Sri Lanka,Purse seine | Other,Ringnet,Rainbow runner,3350.0,27.7
2024,9,6105075,Sri Lanka,Purse seine | Other,Ringnet,Indian scad,3350.0,700.7
2024,9,6105075,Sri Lanka,Purse seine | Other,Ringnet,Giant manta,3350.0,0.2
2024,9,6105075,Sri Lanka,Purse seine | Other,Ringnet,Blue shark,3350.0,1.0
2024,9,6105080,Sri Lanka,Gillnet,Gillnet,Common dolphinfish,6191.0,2.2
2024,9,6105080,Sri Lanka,Gillnet,Gillnet,Giant manta,6191.0,0.4
2024,9,6105080,Sri Lanka,Gillnet,Gillnet,Silky shark,6191.0,0.1
2024,9,6105080,Sri Lanka,Gillnet,Gillnet,Shortfin mako,6191.0,0.1
2024,9,6105080,Sri Lanka,Gillnet,Gillnet,Great hammerhead,6191.0,0.5
2024,9,6105080,Sri Lanka,Gillnet,Gillnet,Scalloped hammerhead,6191.0,0.1
2024,9,6105080,Sri Lanka,Line | Coastal longline,Coastal longline,Rainbow runner,5330.0,0.7
2024,9,6105080,Sri Lanka,Line | Coastal longline,Coastal longline,Great hammerhead,5330.0,0.1
2024,9,6105080,Sri Lanka,Line | Coastal longline,Coastal longline,Scalloped hammerhead,5330.0,1.9
2024,9,6105080,Sri Lanka,Line | Coastal longline,Coastal longline,Smooth hammerhead,5330.0,3.2
2024,9,6105080,Sri Lanka,Line | Handline,Handline,Bigeye scad,93.0,2.0
2024,9,6105080,Sri Lanka,Line | Handline,Handline,Indian mackerel,93.0,0.4
2024,9,6105080,Sri Lanka,Other,Beach seine,Dorab wolf-herring,1356.0,5.8
2024,9,6105080,Sri Lanka,Other,Beach seine,Needle cuttlefish,1356.0,11.0
2024,9,6105080,Sri Lanka,Purse seine | Other,Ringnet,Rough triggerfish,2295.0,58.2
2024,9,6105080,Sri Lanka,Purse seine | Other,Ringnet,Rainbow runner,2295.0,8.7
2024,9,6105080,Sri Lanka,Purse seine | Other,Ringnet,Indian scad,2295.0,321.8
2024,9,6105085,Sri Lanka,Gillnet,Gillnet,Indian scad,164.0,0.9
2024,9,6105085,Sri Lanka,Purse seine | Other,Ringnet,Rough triggerfish,1154.0,14.7
2024,9,6105085,Sri Lanka,Purse seine | Other,Ringnet,Rainbow runner,1154.0,6.0
2024,9,6105085,Sri Lanka,Purse seine | Other,Ringnet,Indian scad,1154.0,123.7
2024,9,6110065,Sri Lanka,Longline | Fresh,Longline (fresh),Silky shark,1088.0,5.1
2024,9,6110080,Sri Lanka,Gillnet,Gillnet,Indian scad,262.0,1.5
2024,9,6110080,Sri Lanka,Purse seine | Other,Ringnet,Rough triggerfish,383.0,6.2
2024,9,6110080,Sri Lanka,Purse seine | Other,Ringnet,Rainbow runner,383.0,0.1
2024,9,6110080,Sri Lanka,Purse seine | Other,Ringnet,Indian scad,383.0,74.5
2024,9,6115065,Sri Lanka,Longline | Fresh,Longline (fresh),Blue shark,281.0,0.3
2024,9,6115065,Sri Lanka,Longline | Fresh,Longline (fresh),Silky shark,281.0,2.8
2024,9,6115065,Sri Lanka,Longline | Fresh,Longline (fresh),Shortfin mako,281.0,0.1
2024,9,6120055,I. R. Iran,Gillnet,Gillnet,Common dolphinfish,2066.0,14.7
2024,9,6120060,I. R. Iran,Gillnet,Gillnet,Common dolphinfish,9597.0,214.3
2024,9,6120060,I. R. Iran,Gillnet,Gillnet,Whitecheek shark,9597.0,2.7
2024,9,6120060,I. R. Iran,Gillnet,Gillnet,Spottail shark,9597.0,5.3
2024,9,6120060,I. R. Iran,Gillnet,Gillnet,Milk shark,9597.0,15.1
2024,9,6120060,I. R. Iran,Line | Trolling,Troll line,Common dolphinfish,5346.0,41.2
2024,9,6120060,I. R. Iran,Line | Trolling,Troll line,Spottail shark,5346.0,1.2
2024,9,6120060,I. R. Iran,Line | Trolling,Troll line,Milk shark,5346.0,3.7
2024,9,6125045,I. R. Iran,Gillnet,Gillnet,Spottail shark,487.0,0.1
2024,9,6125045,I. R. Iran,Gillnet,Gillnet,Milk shark,487.0,0.3
2024,9,6125045,I. R. Iran,Line | Trolling,Troll line,Spottail shark,276.0,0.1
2024,9,6125045,I. R. Iran,Line | Trolling,Troll line,Milk shark,276.0,0.4
2024,9,6125050,I. R. Iran,Gillnet,Gillnet,Common dolphinfish,20590.0,6.3
2024,9,6125050,I. R. Iran,Gillnet,Gillnet,Whitecheek shark,20590.0,0.2
2024,9,6125050,I. R. Iran,Gillnet,Gillnet,Spottail shark,20590.0,0.5
2024,9,6125050,I. R. Iran,Gillnet,Gillnet,Milk shark,20590.0,1.4
2024,9,6125050,I. R. Iran,Line | Trolling,Troll line,Common dolphinfish,7696.0,1.9
2024,9,6125050,I. R. Iran,Line | Trolling,Troll line,Spottail shark,7696.0,0.2
2024,9,6125050,I. R. Iran,Line | Trolling,Troll line,Milk shark,7696.0,0.5
2024,9,6125055,I. R. Iran,Gillnet,Gillnet,Common dolphinfish,9827.0,30.2
2024,9,6125055,I. R. Iran,Gillnet,Gillnet,Whitecheek shark,9827.0,0.9
2024,9,6125055,I. R. Iran,Gillnet,Gillnet,Spottail shark,9827.0,1.5
2024,9,6125055,I. R. Iran,Gillnet,Gillnet,Milk shark,9827.0,4.3
2024,9,6125055,I. R. Iran,Line | Trolling,Troll line,Common dolphinfish,5129.0,9.1
2024,9,6125055,I. R. Iran,Line | Trolling,Troll line,Spottail shark,5129.0,0.4
2024,9,6125055,I. R. Iran,Line | Trolling,Troll line,Milk shark,5129.0,1.5
2024,9,6125060,I. R. Iran,Gillnet,Gillnet,Common dolphinfish,1221.0,20.0
2024,9,6125060,I. R. Iran,Gillnet,Gillnet,Whitecheek shark,1221.0,0.1
2024,9,6125060,I. R. Iran,Gillnet,Gillnet,Spottail shark,1221.0,0.3
2024,9,6125060,I. R. Iran,Gillnet,Gillnet,Milk shark,1221.0,0.7
2024,9,6125060,I. R. Iran,Line | Coastal longline,Coastal longline,Common dolphinfish,381.026401718455,0.82
2024,9,6125060,I. R. Iran,Line | Trolling,Troll line,Common dolphinfish,944.0,6.1
2024,9,6125060,I. R. Iran,Line | Trolling,Troll line,Spottail shark,944.0,0.1
2024,9,6125060,I. R. Iran,Line | Trolling,Troll line,Milk shark,944.0,0.3
2024,9,6200035,Kenya,Gillnet,Gillnet,Common dolphinfish,12000.0,1.99933
2024,9,6200035,Kenya,Line | Coastal longline,Coastal longline,Common dolphinfish,1360.0,0.003
2024,9,6200035,Kenya,Line | Coastal longline,Coastal longline,Blue shark,1360.0,0.0612
2024,9,6200035,Kenya,Line | Coastal longline,Coastal longline,Shortfin mako,1360.0,0.0248
2024,9,6200035,Kenya,Line | Handline,Handline,Great barracuda,7750.0,33.72
2024,9,6200035,Kenya,Line | Trolling,Troll line,Great barracuda,1200.0,14.44
2024,9,6200040,Kenya,Gillnet,Gillnet,Common dolphinfish,12000.0,1.57067
2024,9,6200040,Kenya,Line | Coastal longline,Coastal longline,Common dolphinfish,1360.0,0.002
2024,9,6200040,Kenya,Line | Coastal longline,Coastal longline,Blue shark,1360.0,0.0408
2024,9,6200040,Kenya,Line | Coastal longline,Coastal longline,Shortfin mako,1360.0,0.01653
2024,9,6200040,Kenya,Line | Handline,Handline,Great barracuda,7750.0,22.48
2024,9,6200040,Kenya,Line | Trolling,Troll line,Great barracuda,1200.0,9.62667
2024,9,6200065,Sri Lanka,Longline | Fresh,Longline (fresh),Silky shark,8214.0,1.0
2024,9,6200065,Sri Lanka,Longline | Fresh,Longline (fresh),Shortfin mako,8214.0,0.2
2024,9,6200075,Sri Lanka,Longline | Fresh,Longline (fresh),Blue shark,10179.0,0.1
2024,9,6200075,Sri Lanka,Longline | Fresh,Longline (fresh),Silky shark,10179.0,0.7
2024,9,6200075,Sri Lanka,Longline | Fresh,Longline (fresh),Shortfin mako,10179.0,0.1
2024,9,6200085,Sri Lanka,Longline | Fresh,Longline (fresh),Blue shark,70.0,0.1
2024,9,6205040,Comoros,Line | Coastal longline,Coastal longline,Common dolphinfish,24756.0166631105,8.98515
2024,9,6205040,Comoros,Line | Coastal longline,Coastal longline,Oceanic whitetip shark,24756.0166631105,3.83202
2024,9,6205040,Comoros,Line | Trolling,Troll line,Common dolphinfish,13114.2726173024,4.83738
2024,9,6205040,Comoros,Line | Trolling,Troll line,Oceanic whitetip shark,13114.2726173024,1.09926
2024,10,5100077,Sri Lanka,Purse seine | Other,Ringnet (offshore),Rough triggerfish,40.0,0.5
2024,10,5100077,Sri Lanka,Purse seine | Other,Ringnet (offshore),Rainbow runner,40.0,1.7
2024,10,5100077,Sri Lanka,Purse seine | Other,Ringnet (offshore),Indian scad,40.0,2.3
2024,10,5100079,Sri Lanka,Gillnet,Gillnet (offshore),Giant manta,87.0,0.1
2024,10,5100085,Sri Lanka,Purse seine | Other,Ringnet (offshore),Indian scad,20.0,1.5
2024,10,5100086,Sri Lanka,Purse seine | Other,Ringnet (offshore),Indian scad,20.0,1.5
2024,10,5101068,Sri Lanka,Purse seine | Other,Ringnet (offshore),Rough triggerfish,20.0,4.0
2024,10,5101068,Sri Lanka,Purse seine | Other,Ringnet (offshore),Indian scad,20.0,10.0
2024,10,5101069,Sri Lanka,Purse seine | Other,Ringnet (offshore),Rough triggerfish,20.0,4.0
2024,10,5101069,Sri Lanka,Purse seine | Other,Ringnet (offshore),Indian scad,20.0,10.0
2024,10,5101077,Sri Lanka,Purse seine | Other,Ringnet (offshore),Rough triggerfish,79.0,1.7
2024,10,5101077,Sri Lanka,Purse seine | Other,Ringnet (offshore),Rainbow runner,79.0,0.8
2024,10,5101077,Sri Lanka,Purse seine | Other,Ringnet (offshore),Indian scad,79.0,15.8
2024,10,5101078,Sri Lanka,Purse seine | Other,Ringnet (offshore),Rough triggerfish,119.0,1.2
2024,10,5101078,Sri Lanka,Purse seine | Other,Ringnet (offshore),Rainbow runner,119.0,0.8
2024,10,5101078,Sri Lanka,Purse seine | Other,Ringnet (offshore),Indian scad,119.0,35.2
2024,10,5101079,Sri Lanka,Purse seine | Other,Ringnet (offshore),Rough triggerfish,99.0,6.0
2024,10,5101079,Sri Lanka,Purse seine | Other,Ringnet (offshore),Indian scad,99.0,13.0
2024,10,5101080,Sri Lanka,Purse seine | Other,Ringnet (offshore),Rough triggerfish,40.0,2.0
2024,10,5101080,Sri Lanka,Purse seine | Other,Ringnet (offshore),Rainbow runner,40.0,3.0
2024,10,5101080,Sri Lanka,Purse seine | Other,Ringnet (offshore),Indian scad,40.0,3.0
2024,10,5101081,Sri Lanka,Purse seine | Other,Ringnet (offshore),Rough triggerfish,20.0,2.5
2024,10,5101081,Sri Lanka,Purse seine | Other,Ringnet (offshore),Rainbow runner,20.0,0.5
2024,10,5101082,Sri Lanka,Purse seine | Other,Ringnet (offshore),Indian scad,59.0,12.0
2024,10,5101083,Sri Lanka,Purse seine | Other,Ringnet (offshore),Indian scad,20.0,5.0
2024,10,5101084,Sri Lanka,Purse seine | Other,Ringnet (offshore),Indian scad,20.0,4.0
2024,10,5101085,Sri Lanka,Purse seine | Other,Ringnet (offshore),Indian scad,40.0,7.3
2024,10,5101086,Sri Lanka,Purse seine | Other,Ringnet (offshore),Rough triggerfish,20.0,0.2
2024,10,5101086,Sri Lanka,Purse seine | Other,Ringnet (offshore),Indian scad,20.0,2.5
2024,10,5102069,Sri Lanka,Purse seine | Other,Ringnet (offshore),Rough triggerfish,40.0,1.0
2024,10,5102069,Sri Lanka,Purse seine | Other,Ringnet (offshore),Rainbow runner,40.0,1.5
2024,10,5102069,Sri Lanka,Purse seine | Other,Ringnet (offshore),Indian scad,40.0,12.0
2024,10,5102077,Sri Lanka,Purse seine | Other,Ringnet (offshore),Rough triggerfish,158.0,2.2
2024,10,5102077,Sri Lanka,Purse seine | Other,Ringnet (offshore),Rainbow runner,158.0,3.5
2024,10,5102077,Sri Lanka,Purse seine | Other,Ringnet (offshore),Indian scad,158.0,31.9
2024,10,5102078,Sri Lanka,Gillnet,Gillnet (offshore),Blue shark,369.0,0.1
2024,10,5102078,Sri Lanka,Purse seine | Other,Ringnet (offshore),Rough triggerfish,218.0,1.9
2024,10,5102078,Sri Lanka,Purse seine | Other,Ringnet (offshore),Rainbow runner,218.0,1.0
2024,10,5102078,Sri Lanka,Purse seine | Other,Ringnet (offshore),Indian scad,218.0,17.0
2024,10,5102079,Sri Lanka,Gillnet,Gillnet (offshore),Silky shark,174.0,0.1
2024,10,5102079,Sri Lanka,Purse seine | Other,Ringnet (offshore),Rough triggerfish,317.0,8.6
2024,10,5102079,Sri Lanka,Purse seine | Other,Ringnet (offshore),Rainbow runner,317.0,2.8
2024,10,5102079,Sri Lanka,Purse seine | Other,Ringnet (offshore),Indian scad,317.0,34.7
2024,10,5102080,Sri Lanka,Purse seine | Other,Ringnet (offshore),Rough triggerfish,317.0,4.7
2024,10,5102080,Sri Lanka,Purse seine | Other,Ringnet (offshore),Rainbow runner,317.0,7.1
2024,10,5102080,Sri Lanka,Purse seine | Other,Ringnet (offshore),Indian scad,317.0,47.2
2024,10,5102080,Sri Lanka,Purse seine | Other,Ringnet (offshore),Blue shark,317.0,0.5
2024,10,5102080,Sri Lanka,Purse seine | Other,Ringnet (offshore),Silky shark,317.0,0.1
2024,10,5102081,Sri Lanka,Purse seine | Other,Ringnet (offshore),Rough triggerfish,317.0,2.6
2024,10,5102081,Sri Lanka,Purse seine | Other,Ringnet (offshore),Rainbow runner,317.0,5.5
2024,10,5102081,Sri Lanka,Purse seine | Other,Ringnet (offshore),Indian scad,317.0,67.0
2024,10,5102081,Sri Lanka,Purse seine | Other,Ringnet (offshore),Silky shark,317.0,0.1
2024,10,5102082,Sri Lanka,Purse seine | Other,Ringnet (offshore),Rough triggerfish,178.0,1.7
2024,10,5102082,Sri Lanka,Purse seine | Other,Ringnet (offshore),Rainbow runner,178.0,3.2
2024,10,5102082,Sri Lanka,Purse seine | Other,Ringnet (offshore),Indian scad,178.0,36.2
2024,10,5102083,Sri Lanka,Purse seine | Other,Ringnet (offshore),Rough triggerfish,158.0,0.7
2024,10,5102083,Sri Lanka,Purse seine | Other,Ringnet (offshore),Rainbow runner,158.0,0.7
2024,10,5102083,Sri Lanka,Purse seine | Other,Ringnet (offshore),Indian scad,158.0,46.8
2024,10,5102084,Sri Lanka,Purse seine | Other,Ringnet (offshore),Indian scad,40.0,42.0
2024,10,5102085,Sri Lanka,Purse seine | Other,Ringnet (offshore),Rough triggerfish,59.0,3.0
2024,10,5102085,Sri Lanka,Purse seine | Other,Ringnet (offshore),Indian scad,59.0,8.4
2024,10,5103066,Sri Lanka,Purse seine | Other,Ringnet (offshore),Rainbow runner,40.0,1.0
2024,10,5103066,Sri Lanka,Purse seine | Other,Ringnet (offshore),Indian scad,40.0,7.0
2024,10,5103077,Sri Lanka,Purse seine | Other,Ringnet (offshore),Indian scad,79.0,27.5
2024,10,5103078,Sri Lanka,Gillnet,Gillnet (offshore),Giant manta,87.0,0.2
2024,10,5103078,Sri Lanka,Gillnet,Gillnet (offshore),Blue shark,87.0,0.2
2024,10,5103078,Sri Lanka,Gillnet,Gillnet (offshore),Silky shark,87.0,0.4
2024,10,5103078,Sri Lanka,Purse seine | Other,Ringnet (offshore),Rough triggerfish,59.0,4.0
2024,10,5103078,Sri Lanka,Purse seine | Other,Ringnet (offshore),Common dolphinfish,59.0,1.0
2024,10,5103078,Sri Lanka,Purse seine | Other,Ringnet (offshore),Rainbow runner,59.0,0.9
2024,10,5103078,Sri Lanka,Purse seine | Other,Ringnet (offshore),Indian scad,59.0,5.2
2024,10,5103083,Sri Lanka,Purse seine | Other,Ringnet (offshore),Indian scad,79.0,13.0
2024,10,5103084,Sri Lanka,Purse seine | Other,Ringnet (offshore),Rainbow runner,79.0,1.0
2024,10,5103084,Sri Lanka,Purse seine | Other,Ringnet (offshore),Indian scad,79.0,16.5
2024,10,5103085,Sri Lanka,Purse seine | Other,Ringnet (offshore),Rough triggerfish,119.0,4.4
2024,10,5103085,Sri Lanka,Purse seine | Other,Ringnet (offshore),Indian scad,119.0,28.8
2024,10,5103086,Sri Lanka,Purse seine | Other,Ringnet (offshore),Indian scad,20.0,5.0
2024,10,5103087,Sri Lanka,Purse seine | Other,Ringnet (offshore),Indian scad,20.0,2.5
2024,10,5103089,Sri Lanka,Purse seine | Other,Ringnet (offshore),Indian scad,20.0,5.0
2024,10,5103090,Sri Lanka,Purse seine | Other,Ringnet (offshore),Indian scad,20.0,5.0
2024,10,5103093,Indonesia,Purse seine | LS,Small purse seine,Common dolphinfish,4.0,0.02
2024,10,5104066,Sri Lanka,Purse seine | Other,Ringnet (offshore),Indian scad,20.0,2.0
2024,10,5104077,Sri Lanka,Gillnet,Gillnet (offshore),Silky shark,22.0,1.3
2024,10,5104077,Sri Lanka,Purse seine | Other,Ringnet (offshore),Rough triggerfish,59.0,1.5
2024,10,5104077,Sri Lanka,Purse seine | Other,Ringnet (offshore),Rainbow runner,59.0,2.5
2024,10,5104077,Sri Lanka,Purse seine | Other,Ringnet (offshore),Indian scad,59.0,17.0
2024,10,5104084,Sri Lanka,Purse seine | Other,Ringnet (offshore),Rough triggerfish,20.0,0.2
2024,10,5104084,Sri Lanka,Purse seine | Other,Ringnet (offshore),Indian scad,20.0,2.5
2024,10,5104085,Sri Lanka,Purse seine | Other,Ringnet (offshore),Rough triggerfish,79.0,10.5
2024,10,5104085,Sri Lanka,Purse seine | Other,Ringnet (offshore),Rainbow runner,79.0,1.8
2024,10,5104085,Sri Lanka,Purse seine | Other,Ringnet (offshore),Indian scad,79.0,18.4
2024,10,5104086,Sri Lanka,Purse seine | Other,Ringnet (offshore),Rough triggerfish,20.0,4.5
2024,10,5104088,Sri Lanka,Purse seine | Other,Ringnet (offshore),Rough triggerfish,40.0,0.3
2024,10,5104088,Sri Lanka,Purse seine | Other,Ringnet (offshore),Indian scad,40.0,2.0
2024,10,5105060,I. R. Iran,Gillnet,Gillnet (offshore),Common dolphinfish,16610.0,300.0
2024,10,5105060,I. R. Iran,Gillnet,Gillnet (offshore),Whitecheek shark,16610.0,5.0
2024,10,5105060,I. R. Iran,Gillnet,Gillnet (offshore),Spottail shark,16610.0,10.0
2024,10,5105060,I. R. Iran,Gillnet,Gillnet (offshore),Silky shark,16610.0,25.0
2024,10,5105060,I. R. Iran,Gillnet,Gillnet (offshore),Oceanic whitetip shark,16610.0,2.0
2024,10,5105060,I. R. Iran,Gillnet,Gillnet (offshore),Milk shark,16610.0,33.0
2024,10,5105060,I. R. Iran,Gillnet,Gillnet (offshore),Shortfin mako,16610.0,2.0
2024,10,5105060,I. R. Iran,Gillnet,Gillnet (offshore),Great hammerhead,16610.0,1.0
2024,10,5105066,Sri Lanka,Purse seine | Other,Ringnet (offshore),Rough triggerfish,20.0,2.3
2024,10,5105066,Sri Lanka,Purse seine | Other,Ringnet (offshore),Indian scad,20.0,8.9
2024,10,5105068,Sri Lanka,Purse seine | Other,Ringnet (offshore),Rough triggerfish,40.0,0.9
2024,10,5105068,Sri Lanka,Purse seine | Other,Ringnet (offshore),Indian scad,40.0,10.5
2024,10,5105085,Sri Lanka,Purse seine | Other,Ringnet (offshore),Indian scad,40.0,26.0
2024,10,5105087,Sri Lanka,Purse seine | Other,Ringnet (offshore),Rough triggerfish,40.0,0.3
2024,10,5105087,Sri Lanka,Purse seine | Other,Ringnet (offshore),Indian scad,40.0,5.5
2024,10,5105088,Sri Lanka,Purse seine | Other,Ringnet (offshore),Rough triggerfish,40.0,0.3
2024,10,5105088,Sri Lanka,Purse seine | Other,Ringnet (offshore),Indian scad,40.0,5.0
2024,10,5106068,Sri Lanka,Gillnet,Gillnet (offshore),Silky shark,22.0,0.1
2024,10,5106086,Sri Lanka,Purse seine | Other,Ringnet (offshore),Rough triggerfish,40.0,0.5
2024,10,5106086,Sri Lanka,Purse seine | Other,Ringnet (offshore),Indian scad,40.0,3.0
2024,10,5106088,Sri Lanka,Purse seine | Other,Ringnet (offshore),Indian scad,40.0,11.0
2024,10,5106089,Sri Lanka,Purse seine | Other,Ringnet (offshore),Indian scad,20.0,6.0
2024,10,5107068,Sri Lanka,Purse seine | Other,Ringnet (offshore),Rough triggerfish,40.0,0.8
2024,10,5107068,Sri Lanka,Purse seine | Other,Ringnet (offshore),Indian scad,40.0,10.0
2024,10,5107086,Sri Lanka,Purse seine | Other,Ringnet (offshore),Rough triggerfish,59.0,0.2
2024,10,5107086,Sri Lanka,Purse seine | Other,Ringnet (offshore),Indian scad,59.0,9.5
2024,10,5107088,Sri Lanka,Purse seine | Other,Ringnet (offshore),Indian scad,40.0,4.0
2024,10,5108068,Sri Lanka,Purse seine | Other,Ringnet (offshore),Rough triggerfish,40.0,0.8
2024,10,5108068,Sri Lanka,Purse seine | Other,Ringnet (offshore),Indian mackerel,40.0,3.0
2024,10,5108068,Sri Lanka,Purse seine | Other,Ringnet (offshore),Indian scad,40.0,2.5
2024,10,5108069,Sri Lanka,Gillnet,Gillnet (offshore),Giant manta,455.0,0.1
2024,10,5108069,Sri Lanka,Gillnet,Gillnet (offshore),Blue shark,455.0,0.1
2024,10,5108069,Sri Lanka,Gillnet,Gillnet (offshore),Silky shark,455.0,0.2
2024,10,5108085,Sri Lanka,Purse seine | Other,Ringnet (offshore),Rough triggerfish,40.0,0.3
2024,10,5108085,Sri Lanka,Purse seine | Other,Ringnet (offshore),Indian scad,40.0,0.7
2024,10,5108086,Sri Lanka,Purse seine | Other,Ringnet (offshore),Rough triggerfish,59.0,0.5
2024,10,5108086,Sri Lanka,Purse seine | Other,Ringnet (offshore),Indian scad,59.0,4.2
2024,10,5108087,Sri Lanka,Purse seine | Other,Ringnet (offshore),Indian scad,40.0,2.5
2024,10,5108088,Sri Lanka,Purse seine | Other,Ringnet (offshore),Indian scad,40.0,4.0
2024,10,5109068,Sri Lanka,Gillnet,Gillnet (offshore),Giant manta,261.0,0.4
2024,10,5109068,Sri Lanka,Gillnet,Gillnet (offshore),Blue shark,261.0,0.2
2024,10,5109068,Sri Lanka,Gillnet,Gillnet (offshore),Silky shark,261.0,0.2
2024,10,5109068,Sri Lanka,Gillnet,Gillnet (offshore),Shortfin mako,261.0,0.2
2024,10,5109086,Sri Lanka,Purse seine | Other,Ringnet (offshore),Indian scad,20.0,2.5
2024,10,5109087,Sri Lanka,Purse seine | Other,Ringnet (offshore),Indian scad,40.0,3.8
2024,10,5109088,Sri Lanka,Purse seine | Other,Ringnet (offshore),Rough triggerfish,20.0,1.0
2024,10,5109088,Sri Lanka,Purse seine | Other,Ringnet (offshore),Indian scad,20.0,1.3
2024,10,5110067,Sri Lanka,Gillnet,Gillnet (offshore),Giant manta,434.0,0.1
2024,10,5110067,Sri Lanka,Gillnet,Gillnet (offshore),Silky shark,434.0,0.1
2024,10,5110068,Sri Lanka,Purse seine | Other,Ringnet (offshore),Rough triggerfish,20.0,0.9
2024,10,5110068,Sri Lanka,Purse seine | Other,Ringnet (offshore),Rainbow runner,20.0,1.2
2024,10,5110068,Sri Lanka,Purse seine | Other,Ringnet (offshore),Indian scad,20.0,7.3
2024,10,5110084,Sri Lanka,Purse seine | Other,Ringnet (offshore),Indian scad,20.0,2.0
2024,10,5110086,Sri Lanka,Purse seine | Other,Ringnet (offshore),Indian scad,20.0,1.0
2024,10,5110087,Sri Lanka,Purse seine | Other,Ringnet (offshore),Rough triggerfish,40.0,0.2
2024,10,5110087,Sri Lanka,Purse seine | Other,Ringnet (offshore),Rainbow runner,40.0,0.4
2024,10,5110087,Sri Lanka,Purse seine | Other,Ringnet (offshore),Indian scad,40.0,4.0
2024,10,5111062,Sri Lanka,Gillnet,Gillnet (offshore),Silky shark,22.0,0.5
2024,10,5111062,Sri Lanka,Gillnet,Gillnet (offshore),Shortfin mako,22.0,0.3
2024,10,5111062,Sri Lanka,Gillnet,Gillnet (offshore),Great hammerhead,22.0,0.5
2024,10,5111085,Sri Lanka,Purse seine | Other,Ringnet (offshore),Rough triggerfish,20.0,5.2
2024,10,5112066,Sri Lanka,Purse seine | Other,Ringnet (offshore),Indian scad,20.0,3.5
2024,10,5201081,Sri Lanka,Purse seine | Other,Ringnet (offshore),Indian scad,20.0,6.0
2024,10,5202077,Sri Lanka,Purse seine | Other,Ringnet (offshore),Devil fish,40.0,14.0
2024,10,5202078,Sri Lanka,Gillnet,Gillnet (offshore),Giant manta,43.0,1.4
2024,10,5202078,Sri Lanka,Purse seine | Other,Ringnet (offshore),Rainbow runner,20.0,0.8
2024,10,5202078,Sri Lanka,Purse seine | Other,Ringnet (offshore),Indian scad,20.0,3.8
2024,10,5202079,Sri Lanka,Gillnet,Gillnet (offshore),Giant manta,87.0,0.4
2024,10,5202080,Sri Lanka,Purse seine | Other,Ringnet (offshore),Rainbow runner,20.0,0.8
2024,10,5202080,Sri Lanka,Purse seine | Other,Ringnet (offshore),Indian scad,20.0,3.5
2024,10,5202085,Sri Lanka,Purse seine | Other,Ringnet (offshore),Indian mackerel,20.0,0.8
2024,10,5202098,Indonesia,Purse seine | LS,Small purse seine,Blue mackerel,5.0,1.0
2024,10,5203077,Sri Lanka,Purse seine | Other,Ringnet (offshore),Rainbow runner,20.0,0.5
2024,10,5203077,Sri Lanka,Purse seine | Other,Ringnet (offshore),Indian scad,20.0,2.0
2024,10,5203078,Sri Lanka,Purse seine | Other,Ringnet (offshore),Rainbow runner,20.0,0.5
2024,10,5203078,Sri Lanka,Purse seine | Other,Ringnet (offshore),Indian scad,20.0,2.0
2024,10,5203079,Sri Lanka,Gillnet,Gillnet (offshore),Giant manta,87.0,0.4
2024,10,5204077,Sri Lanka,Gillnet,Gillnet (offshore),Blue shark,43.0,0.5
2024,10,5204077,Sri Lanka,Gillnet,Gillnet (offshore),Silky shark,43.0,1.3
2024,10,5204077,Sri Lanka,Gillnet,Gillnet (offshore),Shortfin mako,43.0,0.2
2024,10,5204077,Sri Lanka,Gillnet,Gillnet (offshore),Great hammerhead,43.0,0.1
2024,10,5205077,Sri Lanka,Gillnet,Gillnet (offshore),Blue shark,22.0,0.2
2024,10,5205077,Sri Lanka,Gillnet,Gillnet (offshore),Silky shark,22.0,0.1
2024,10,5205077,Sri Lanka,Gillnet,Gillnet (offshore),Shortfin mako,22.0,0.2
2024,10,5205077,Sri Lanka,Gillnet,Gillnet (offshore),Great hammerhead,22.0,0.1
2024,10,5205078,Sri Lanka,Purse seine | Other,Ringnet (offshore),Rough triggerfish,20.0,1.0
2024,10,5205078,Sri Lanka,Purse seine | Other,Ringnet (offshore),Indian scad,20.0,4.0
2024,10,5205079,Sri Lanka,Gillnet,Gillnet (offshore),Giant manta,195.0,0.2
2024,10,5206079,Sri Lanka,Gillnet,Gillnet (offshore),Giant manta,152.0,0.2
2024,10,5206079,Sri Lanka,Purse seine | Other,Ringnet (offshore),Indian scad,20.0,1.5
2024,10,5207082,Sri Lanka,Purse seine | Other,Ringnet (offshore),Indian scad,20.0,0.4
2024,10,5207084,Sri Lanka,Purse seine | Other,Ringnet (offshore),Indian scad,20.0,3.0
2024,10,5207104,Indonesia,Line | Handline,Handline,Common dolphinfish,1.0,0.686
2024,10,5207104,Indonesia,Purse seine | LS,Small purse seine,Common dolphinfish,5.0,0.254
2024,10,5208080,Sri Lanka,Purse seine | Other,Ringnet (offshore),Indian scad,20.0,5.0
2024,10,5208081,Sri Lanka,Gillnet,Gillnet (offshore),Indian scad,65.0,0.4
2024,10,5208081,Sri Lanka,Purse seine | Other,Ringnet (offshore),Indian scad,59.0,6.2
2024,10,5208102,Indonesia,Line | Handline,Handline,Common dolphinfish,7.0,1.163
2024,10,5208102,Indonesia,Line | Handline,Handline (offshore),Common dolphinfish,7.0,0.217
2024,10,5208103,Indonesia,Line | Handline,Handline,Common dolphinfish,15.0,0.15
2024,10,5208104,Indonesia,Line | Handline,Handline,Common dolphinfish,17.0,0.803
2024,10,5208104,Indonesia,Line | Handline,Handline (offshore),Common dolphinfish,9.0,0.068
2024,10,5208105,Indonesia,Line | Handline,Handline,Common dolphinfish,9.0,0.19
2024,10,5208106,Indonesia,Line | Handline,Handline,Common dolphinfish,66.0,3.141
2024,10,5208106,Indonesia,Line | Handline,Handline (offshore),Common dolphinfish,1.0,0.2
2024,10,5208107,Indonesia,Line | Handline,Handline,Common dolphinfish,48.0,0.887
2024,10,5208107,Indonesia,Line | Handline,Handline (offshore),Common dolphinfish,14.0,0.038
2024,10,5208108,Indonesia,Line | Handline,Handline,Common dolphinfish,41.0,0.397
2024,10,5208108,Indonesia,Line | Handline,Handline (offshore),Common dolphinfish,15.0,0.448
2024,10,5208109,Indonesia,Line | Handline,Handline,Common dolphinfish,15.0,0.045
2024,10,5209067,Sri Lanka,Gillnet,Gillnet (offshore),Giant manta,87.0,0.1
2024,10,5209068,Sri Lanka,Purse seine | Other,Ringnet (offshore),Rainbow runner,20.0,0.9
2024,10,5209068,Sri Lanka,Purse seine | Other,Ringnet (offshore),Indian scad,20.0,6.5
2024,10,5209080,Sri Lanka,Purse seine | Other,Ringnet (offshore),Indian scad,20.0,5.0
2024,10,5209081,Sri Lanka,Purse seine | Other,Ringnet (offshore),Indian scad,99.0,9.7
2024,10,5209086,Sri Lanka,Purse seine | Other,Ringnet (offshore),Indian scad,20.0,3.5
2024,10,5209103,Indonesia,Line | Handline,Handline,Common dolphinfish,13.0,0.862
2024,10,5209104,Indonesia,Line | Handline,Handline,Common dolphinfish,10.0,0.122
2024,10,5209105,Indonesia,Line | Handline,Handline,Common dolphinfish,4.0,0.1
2024,10,5209108,Indonesia,Line | Handline,Handline,Common dolphinfish,16.0,0.09
2024,10,5209108,Indonesia,Line | Handline,Handline (offshore),Common dolphinfish,4.0,0.08
2024,10,5209109,Indonesia,Line | Handline,Handline (offshore),Common dolphinfish,11.0,0.05
2024,10,5209110,Indonesia,Line | Handline,Handline,Common dolphinfish,1.0,0.1
2024,10,5209112,Indonesia,Purse seine | LS,Small purse seine,Common dolphinfish,2.0,0.583
2024,10,5209113,Indonesia,Line | Handline,Handline,Common dolphinfish,11.0,0.003
2024,10,5210101,Indonesia,Line | Handline,Handline,Common dolphinfish,16.0,0.509
2024,10,5210110,Indonesia,Line | Handline,Handline (offshore),Common dolphinfish,3.0,0.3
2024,10,5211109,Indonesia,Line | Handline,Handline (offshore),Common dolphinfish,15.0,0.328
2024,10,5211118,Indonesia,Purse seine | LS,Purse seine,Common dolphinfish,10.0,0.05
2024,10,5211119,Indonesia,Purse seine | LS,Purse seine,Common dolphinfish,20.0,0.005
2024,10,5212120,Indonesia,Purse seine | LS,Purse seine,Common dolphinfish,12.0,0.015
2024,10,5214105,Indonesia,Line | Handline,Handline (offshore),Common dolphinfish,7.0,0.2
2024,10,5214106,Indonesia,Line | Handline,Handline (offshore),Common dolphinfish,8.0,0.08
2024,10,5214117,Indonesia,Purse seine | LS,Purse seine,Common dolphinfish,9.0,0.2
2024,10,6100075,Sri Lanka,Gillnet,Gillnet,Indian scad,1410.0,2.2
2024,10,6100075,Sri Lanka,Gillnet,Gillnet,Giant manta,1410.0,1.6
2024,10,6100075,Sri Lanka,Gillnet,Gillnet,Devil fish,1410.0,0.7
2024,10,6100075,Sri Lanka,Gillnet,Gillnet,Blue shark,1410.0,0.5
2024,10,6100075,Sri Lanka,Gillnet,Gillnet,Silky shark,1410.0,0.9
2024,10,6100075,Sri Lanka,Line | Coastal longline,Coastal longline,Silky shark,746.0,0.3
2024,10,6100075,Sri Lanka,Purse seine | Other,Ringnet,Bigeye scad,6706.0,3.4
2024,10,6100075,Sri Lanka,Purse seine | Other,Ringnet,Rough triggerfish,6706.0,121.0
2024,10,6100075,Sri Lanka,Purse seine | Other,Ringnet,Indian mackerel,6706.0,14.4
2024,10,6100075,Sri Lanka,Purse seine | Other,Ringnet,Rainbow runner,6706.0,56.0
2024,10,6100075,Sri Lanka,Purse seine | Other,Ringnet,Indian scad,6706.0,2275.9
2024,10,6100080,Sri Lanka,Gillnet,Gillnet,Giant manta,1066.0,1.9
2024,10,6100080,Sri Lanka,Gillnet,Gillnet,Blue shark,1066.0,0.3
2024,10,6100080,Sri Lanka,Gillnet,Gillnet,Silky shark,1066.0,0.9
2024,10,6100080,Sri Lanka,Gillnet,Gillnet,Shortfin mako,1066.0,0.3
2024,10,6100080,Sri Lanka,Purse seine | Other,Ringnet,Rough triggerfish,6954.0,149.4
2024,10,6100080,Sri Lanka,Purse seine | Other,Ringnet,Indian mackerel,6954.0,2.3
2024,10,6100080,Sri Lanka,Purse seine | Other,Ringnet,Rainbow runner,6954.0,48.9
2024,10,6100080,Sri Lanka,Purse seine | Other,Ringnet,Indian scad,6954.0,1813.9
2024,10,6105075,Sri Lanka,Gillnet,Gillnet,Rainbow runner,2214.0,0.7
2024,10,6105075,Sri Lanka,Gillnet,Gillnet,Giant manta,2214.0,0.3
2024,10,6105075,Sri Lanka,Gillnet,Gillnet,Blue shark,2214.0,0.3
2024,10,6105075,Sri Lanka,Gillnet,Gillnet,Silky shark,2214.0,0.6
2024,10,6105075,Sri Lanka,Gillnet,Gillnet,Shortfin mako,2214.0,0.1
2024,10,6105075,Sri Lanka,Gillnet,Gillnet,Smooth hammerhead,2214.0,0.1
2024,10,6105075,Sri Lanka,Line | Coastal longline,Coastal longline,Silky shark,2607.0,5.3
2024,10,6105075,Sri Lanka,Line | Handline,Handline,Silky shark,80.0,2.9
2024,10,6105075,Sri Lanka,Other,Beach seine,Needle cuttlefish,611.0,16.5
2024,10,6105075,Sri Lanka,Other,Beach seine,Indian mackerel,611.0,27.9
2024,10,6105075,Sri Lanka,Purse seine | Other,Ringnet,Rough triggerfish,3273.0,70.1
2024,10,6105075,Sri Lanka,Purse seine | Other,Ringnet,Indian mackerel,3273.0,14.5
2024,10,6105075,Sri Lanka,Purse seine | Other,Ringnet,Rainbow runner,3273.0,22.0
2024,10,6105075,Sri Lanka,Purse seine | Other,Ringnet,Indian scad,3273.0,759.8
2024,10,6105075,Sri Lanka,Purse seine | Other,Ringnet,Giant manta,3273.0,0.9
2024,10,6105075,Sri Lanka,Purse seine | Other,Ringnet,Silky shark,3273.0,10.6
2024,10,6105080,Sri Lanka,Gillnet,Gillnet,Common dolphinfish,6494.0,0.7
2024,10,6105080,Sri Lanka,Gillnet,Gillnet,Giant manta,6494.0,0.4
2024,10,6105080,Sri Lanka,Gillnet,Gillnet,Silky shark,6494.0,0.2
2024,10,6105080,Sri Lanka,Gillnet,Gillnet,Smooth hammerhead,6494.0,0.2
2024,10,6105080,Sri Lanka,Line | Coastal longline,Coastal longline,Indian scad,4772.0,2.2
2024,10,6105080,Sri Lanka,Line | Coastal longline,Coastal longline,Silky shark,4772.0,14.5
2024,10,6105080,Sri Lanka,Line | Coastal longline,Coastal longline,Scalloped hammerhead,4772.0,0.7
2024,10,6105080,Sri Lanka,Line | Handline,Handline,Bigeye scad,967.0,9.0
2024,10,6105080,Sri Lanka,Line | Handline,Handline,Indian mackerel,967.0,11.2
2024,10,6105080,Sri Lanka,Other,Beach seine,Dorab wolf-herring,525.0,1.6
2024,10,6105080,Sri Lanka,Other,Beach seine,Needle cuttlefish,525.0,10.6
2024,10,6105080,Sri Lanka,Other,Beach seine,Indian mackerel,525.0,63.4
2024,10,6105080,Sri Lanka,Purse seine | Other,Ringnet,Rough triggerfish,2034.0,43.4
2024,10,6105080,Sri Lanka,Purse seine | Other,Ringnet,Indian mackerel,2034.0,6.8
2024,10,6105080,Sri Lanka,Purse seine | Other,Ringnet,Rainbow runner,2034.0,1.8
2024,10,6105080,Sri Lanka,Purse seine | Other,Ringnet,Indian scad,2034.0,326.8
2024,10,6105085,Sri Lanka,Gillnet,Gillnet,Indian scad,115.0,1.5
2024,10,6105085,Sri Lanka,Purse seine | Other,Ringnet,Rough triggerfish,2328.0,64.1
2024,10,6105085,Sri Lanka,Purse seine | Other,Ringnet,Rainbow runner,2328.0,8.4
2024,10,6105085,Sri Lanka,Purse seine | Other,Ringnet,Indian scad,2328.0,313.2
2024,10,6110065,Sri Lanka,Longline | Fresh,Longline (fresh),Silky shark,1614.0,1.0
2024,10,6110080,Sri Lanka,Gillnet,Gillnet,Rainbow runner,82.0,4.1
2024,10,6110080,Sri Lanka,Line | Coastal longline,Coastal longline,Indian mackerel,131.0,0.9
2024,10,6110080,Sri Lanka,Purse seine | Other,Ringnet,Bigeye scad,1328.0,2.3
2024,10,6110080,Sri Lanka,Purse seine | Other,Ringnet,Rough triggerfish,1328.0,42.7
2024,10,6110080,Sri Lanka,Purse seine | Other,Ringnet,Rainbow runner,1328.0,2.9
2024,10,6110080,Sri Lanka,Purse seine | Other,Ringnet,Indian scad,1328.0,216.1
2024,10,6115065,Sri Lanka,Longline | Fresh,Longline (fresh),Blue shark,667.0,0.3
2024,10,6115065,Sri Lanka,Longline | Fresh,Longline (fresh),Silky shark,667.0,0.8
2024,10,6115065,Sri Lanka,Longline | Fresh,Longline (fresh),Shortfin mako,667.0,0.1
2024,10,6120055,I. R. Iran,Gillnet,Gillnet,Common dolphinfish,1910.0,12.8
2024,10,6120060,I. R. Iran,Gillnet,Gillnet,Common dolphinfish,9059.0,189.0
2024,10,6120060,I. R. Iran,Gillnet,Gillnet,Whitecheek shark,9059.0,4.2
2024,10,6120060,I. R. Iran,Gillnet,Gillnet,Spottail shark,9059.0,8.4
2024,10,6120060,I. R. Iran,Gillnet,Gillnet,Silky shark,9059.0,0.4
2024,10,6120060,I. R. Iran,Gillnet,Gillnet,Milk shark,9059.0,21.3
2024,10,6120060,I. R. Iran,Line | Trolling,Troll line,Common dolphinfish,6077.0,53.8
2024,10,6120060,I. R. Iran,Line | Trolling,Troll line,Spottail shark,6077.0,2.7
2024,10,6120060,I. R. Iran,Line | Trolling,Troll line,Milk shark,6077.0,7.4
2024,10,6125045,I. R. Iran,Gillnet,Gillnet,Whitecheek shark,532.0,0.1
2024,10,6125045,I. R. Iran,Gillnet,Gillnet,Spottail shark,532.0,0.1
2024,10,6125045,I. R. Iran,Gillnet,Gillnet,Milk shark,532.0,0.4
2024,10,6125045,I. R. Iran,Line | Trolling,Troll line,Spottail shark,300.0,0.3
2024,10,6125045,I. R. Iran,Line | Trolling,Troll line,Milk shark,300.0,0.8
2024,10,6125050,I. R. Iran,Gillnet,Gillnet,Common dolphinfish,19349.0,5.6
2024,10,6125050,I. R. Iran,Gillnet,Gillnet,Whitecheek shark,19349.0,0.4
2024,10,6125050,I. R. Iran,Gillnet,Gillnet,Spottail shark,19349.0,0.7
2024,10,6125050,I. R. Iran,Gillnet,Gillnet,Milk shark,19349.0,2.0
2024,10,6125050,I. R. Iran,Line | Trolling,Troll line,Common dolphinfish,7740.0,2.5
2024,10,6125050,I. R. Iran,Line | Trolling,Troll line,Spottail shark,7740.0,0.4
2024,10,6125050,I. R. Iran,Line | Trolling,Troll line,Milk shark,7740.0,1.0
2024,10,6125055,I. R. Iran,Gillnet,Gillnet,Common dolphinfish,9277.0,26.6
2024,10,6125055,I. R. Iran,Gillnet,Gillnet,Whitecheek shark,9277.0,1.2
2024,10,6125055,I. R. Iran,Gillnet,Gillnet,Spottail shark,9277.0,2.4
2024,10,6125055,I. R. Iran,Gillnet,Gillnet,Milk shark,9277.0,6.1
2024,10,6125055,I. R. Iran,Line | Trolling,Troll line,Common dolphinfish,5197.0,12.0
2024,10,6125055,I. R. Iran,Line | Trolling,Troll line,Spottail shark,5197.0,1.2
2024,10,6125055,I. R. Iran,Line | Trolling,Troll line,Milk shark,5197.0,3.2
2024,10,6125060,I. R. Iran,Gillnet,Gillnet,Common dolphinfish,1196.0,17.7
2024,10,6125060,I. R. Iran,Gillnet,Gillnet,Whitecheek shark,1196.0,0.2
2024,10,6125060,I. R. Iran,Gillnet,Gillnet,Spottail shark,1196.0,0.4
2024,10,6125060,I. R. Iran,Gillnet,Gillnet,Milk shark,1196.0,1.1
2024,10,6125060,I. R. Iran,Line | Coastal longline,Coastal longline,Common dolphinfish,9330.57196021704,20.1
2024,10,6125060,I. R. Iran,Line | Trolling,Troll line,Common dolphinfish,1065.0,7.9
2024,10,6125060,I. R. Iran,Line | Trolling,Troll line,Spottail shark,1065.0,0.2
2024,10,6125060,I. R. Iran,Line | Trolling,Troll line,Milk shark,1065.0,0.6
2024,10,6200035,Kenya,Gillnet,Gillnet,Common dolphinfish,12000.0,3.37933
2024,10,6200035,Kenya,Line | Coastal longline,Coastal longline,Common dolphinfish,1360.0,0.005
2024,10,6200035,Kenya,Line | Coastal longline,Coastal longline,Great barracuda,1360.0,0.001
2024,10,6200035,Kenya,Line | Coastal longline,Coastal longline,Escolar,1360.0,0.0088
2024,10,6200035,Kenya,Line | Coastal longline,Coastal longline,Blue shark,1360.0,0.4184
2024,10,6200035,Kenya,Line | Coastal longline,Coastal longline,Silky shark,1360.0,0.0474
2024,10,6200035,Kenya,Line | Coastal longline,Coastal longline,Shortfin mako,1360.0,0.0666
2024,10,6200035,Kenya,Line | Handline,Handline,Great barracuda,7750.0,28.8
2024,10,6200035,Kenya,Line | Trolling,Troll line,Great barracuda,1200.0,12.34
2024,10,6200040,Kenya,Gillnet,Gillnet,Common dolphinfish,12000.0,1.6176
2024,10,6200040,Kenya,Line | Coastal longline,Coastal longline,Common dolphinfish,1360.0,0.00333
2024,10,6200040,Kenya,Line | Coastal longline,Coastal longline,Great barracuda,1360.0,0.00067
2024,10,6200040,Kenya,Line | Coastal longline,Coastal longline,Escolar,1360.0,0.00587
2024,10,6200040,Kenya,Line | Coastal longline,Coastal longline,Blue shark,1360.0,0.27893
2024,10,6200040,Kenya,Line | Coastal longline,Coastal longline,Silky shark,1360.0,0.0316
2024,10,6200040,Kenya,Line | Coastal longline,Coastal longline,Shortfin mako,1360.0,0.0444
2024,10,6200040,Kenya,Line | Handline,Handline,Great barracuda,7750.0,19.2
2024,10,6200040,Kenya,Line | Trolling,Troll line,Great barracuda,1200.0,8.22667
2024,10,6200055,Sri Lanka,Longline | Fresh,Longline (fresh),Blue shark,210.0,0.1
2024,10,6200075,Sri Lanka,Longline | Fresh,Longline (fresh),Giant manta,11057.0,0.1
2024,10,6200075,Sri Lanka,Longline | Fresh,Longline (fresh),Blue shark,11057.0,0.1
2024,10,6200075,Sri Lanka,Longline | Fresh,Longline (fresh),Silky shark,11057.0,1.3
2024,10,6205040,Comoros,Line | Coastal longline,Coastal longline,Common dolphinfish,26180.9966230781,2.22552
2024,10,6205040,Comoros,Line | Coastal longline,Coastal longline,Silky shark,26180.9966230781,0.15599
2024,10,6205040,Comoros,Line | Coastal longline,Coastal longline,Great hammerhead,26180.9966230781,0.08167
2024,10,6205040,Comoros,Line | Trolling,Troll line,Common dolphinfish,12218.6547615834,2.41118
2024,10,6205040,Comoros,Line | Trolling,Troll line,Silky shark,12218.6547615834,2.53045
2024,10,6205060,Sri Lanka,Longline | Fresh,Longline (fresh),Blue shark,878.0,0.1
2024,10,6205065,Sri Lanka,Longline | Fresh,Longline (fresh),Blue shark,4598.0,1.0
2024,10,6205065,Sri Lanka,Longline | Fresh,Longline (fresh),Silky shark,4598.0,1.1
2024,10,6205065,Sri Lanka,Longline | Fresh,Longline (fresh),Shortfin mako,4598.0,1.0
2024,10,6205075,Sri Lanka,Longline | Fresh,Longline (fresh),Blue shark,9337.0,0.1
2024,10,6205075,Sri Lanka,Longline | Fresh,Longline (fresh),Silky shark,9337.0,0.4
2024,11,5100077,Sri Lanka,Gillnet,Gillnet (offshore),Giant manta,413.0,0.1
2024,11,5100077,Sri Lanka,Gillnet,Gillnet (offshore),Blue shark,413.0,0.2
2024,11,5100077,Sri Lanka,Gillnet,Gillnet (offshore),Silky shark,413.0,0.5
2024,11,5100077,Sri Lanka,Purse seine | Other,Ringnet (offshore),Rough triggerfish,59.0,0.5
2024,11,5100077,Sri Lanka,Purse seine | Other,Ringnet (offshore),Indian scad,59.0,10.0
2024,11,5100078,Sri Lanka,Gillnet,Gillnet (offshore),Giant manta,412.0,0.1
2024,11,5100078,Sri Lanka,Gillnet,Gillnet (offshore),Blue shark,412.0,0.1
2024,11,5100078,Sri Lanka,Purse seine | Other,Ringnet (offshore),Rough triggerfish,59.0,0.2
2024,11,5100078,Sri Lanka,Purse seine | Other,Ringnet (offshore),Rainbow runner,59.0,0.2
2024,11,5100078,Sri Lanka,Purse seine | Other,Ringnet (offshore),Indian scad,59.0,12.5
2024,11,5100079,Sri Lanka,Gillnet,Gillnet (offshore),Blue shark,391.0,0.2
2024,11,5100079,Sri Lanka,Purse seine | Other,Ringnet (offshore),Indian scad,20.0,1.5
2024,11,5100080,Sri Lanka,Gillnet,Gillnet (offshore),Giant manta,304.0,0.2
2024,11,5100081,Sri Lanka,Purse seine | Other,Ringnet (offshore),Rough triggerfish,40.0,0.2
2024,11,5100081,Sri Lanka,Purse seine | Other,Ringnet (offshore),Rainbow runner,40.0,1.0
2024,11,5100081,Sri Lanka,Purse seine | Other,Ringnet (offshore),Indian scad,40.0,4.0
2024,11,5100082,Sri Lanka,Purse seine | Other,Ringnet (offshore),Indian scad,20.0,2.5
2024,11,5100084,Sri Lanka,Purse seine | Other,Ringnet (offshore),Rough triggerfish,20.0,0.1
2024,11,5100084,Sri Lanka,Purse seine | Other,Ringnet (offshore),Rainbow runner,20.0,0.6
2024,11,5100084,Sri Lanka,Purse seine | Other,Ringnet (offshore),Indian scad,20.0,4.5
2024,11,5100085,Sri Lanka,Purse seine | Other,Ringnet (offshore),Rough triggerfish,59.0,0.1
2024,11,5100085,Sri Lanka,Purse seine | Other,Ringnet (offshore),Rainbow runner,59.0,0.6
2024,11,5100085,Sri Lanka,Purse seine | Other,Ringnet (offshore),Indian scad,59.0,8.5
2024,11,5101077,Sri Lanka,Gillnet,Gillnet (offshore),Indian scad,543.0,0.2
2024,11,5101077,Sri Lanka,Gillnet,Gillnet (offshore),Blue shark,543.0,1.1
2024,11,5101077,Sri Lanka,Gillnet,Gillnet (offshore),Silky shark,543.0,0.5
2024,11,5101077,Sri Lanka,Purse seine | Other,Ringnet (offshore),Rough triggerfish,178.0,2.1
2024,11,5101077,Sri Lanka,Purse seine | Other,Ringnet (offshore),Rainbow runner,178.0,1.1
2024,11,5101077,Sri Lanka,Purse seine | Other,Ringnet (offshore),Indian scad,178.0,51.0
2024,11,5101078,Sri Lanka,Gillnet,Gillnet (offshore),Silky shark,260.0,0.2
2024,11,5101078,Sri Lanka,Purse seine | Other,Ringnet (offshore),Indian scad,99.0,42.7
2024,11,5101079,Sri Lanka,Purse seine | Other,Ringnet (offshore),Rough triggerfish,158.0,2.8
2024,11,5101079,Sri Lanka,Purse seine | Other,Ringnet (offshore),Rainbow runner,158.0,1.1
2024,11,5101079,Sri Lanka,Purse seine | Other,Ringnet (offshore),Indian scad,158.0,24.5
2024,11,5101080,Sri Lanka,Purse seine | Other,Ringnet (offshore),Rough triggerfish,79.0,2.0
2024,11,5101080,Sri Lanka,Purse seine | Other,Ringnet (offshore),Rainbow runner,79.0,0.8
2024,11,5101080,Sri Lanka,Purse seine | Other,Ringnet (offshore),Indian scad,79.0,6.5
2024,11,5101081,Sri Lanka,Purse seine | Other,Ringnet (offshore),Rough triggerfish,79.0,2.9
2024,11,5101081,Sri Lanka,Purse seine | Other,Ringnet (offshore),Rainbow runner,79.0,2.5
2024,11,5101081,Sri Lanka,Purse seine | Other,Ringnet (offshore),Indian scad,79.0,14.8
2024,11,5101082,Sri Lanka,Purse seine | Other,Ringnet (offshore),Rough triggerfish,40.0,3.2
2024,11,5101082,Sri Lanka,Purse seine | Other,Ringnet (offshore),Indian scad,40.0,5.9
2024,11,5101083,Sri Lanka,Purse seine | Other,Ringnet (offshore),Rough triggerfish,79.0,0.5
2024,11,5101083,Sri Lanka,Purse seine | Other,Ringnet (offshore),Indian scad,79.0,4.0
2024,11,5101084,Sri Lanka,Purse seine | Other,Ringnet (offshore),Rough triggerfish,79.0,2.5
2024,11,5101084,Sri Lanka,Purse seine | Other,Ringnet (offshore),Rainbow runner,79.0,2.6
2024,11,5101084,Sri Lanka,Purse seine | Other,Ringnet (offshore),Indian scad,79.0,8.0
2024,11,5101085,Sri Lanka,Purse seine | Other,Ringnet (offshore),Rough triggerfish,99.0,1.2
2024,11,5101085,Sri Lanka,Purse seine | Other,Ringnet (offshore),Rainbow runner,99.0,0.6
2024,11,5101085,Sri Lanka,Purse seine | Other,Ringnet (offshore),Indian scad,99.0,13.0
2024,11,5101086,Sri Lanka,Purse seine | Other,Ringnet (offshore),Rough triggerfish,40.0,3.0
2024,11,5101086,Sri Lanka,Purse seine | Other,Ringnet (offshore),Indian scad,40.0,9.4
2024,11,5101087,Sri Lanka,Purse seine | Other,Ringnet (offshore),Rough triggerfish,20.0,1.0
2024,11,5101087,Sri Lanka,Purse seine | Other,Ringnet (offshore),Indian scad,20.0,2.0
2024,11,5101089,Sri Lanka,Purse seine | Other,Ringnet (offshore),Rough triggerfish,20.0,0.3
2024,11,5101089,Sri Lanka,Purse seine | Other,Ringnet (offshore),Indian scad,20.0,3.5
2024,11,5101090,Sri Lanka,Purse seine | Other,Ringnet (offshore),Rough triggerfish,20.0,0.5
2024,11,5101090,Sri Lanka,Purse seine | Other,Ringnet (offshore),Indian scad,20.0,3.5
2024,11,5101091,Sri Lanka,Purse seine | Other,Ringnet (offshore),Indian scad,20.0,26.0
2024,11,5102077,Sri Lanka,Gillnet,Gillnet (offshore),Giant manta,304.0,0.3
2024,11,5102077,Sri Lanka,Gillnet,Gillnet (offshore),Blue shark,304.0,0.2
2024,11,5102077,Sri Lanka,Gillnet,Gillnet (offshore),Silky shark,304.0,0.3
2024,11,5102077,Sri Lanka,Purse seine | Other,Ringnet (offshore),Rough triggerfish,178.0,5.1
2024,11,5102077,Sri Lanka,Purse seine | Other,Ringnet (offshore),Rainbow runner,178.0,3.8
2024,11,5102077,Sri Lanka,Purse seine | Other,Ringnet (offshore),Indian scad,178.0,45.3
2024,11,5102078,Sri Lanka,Gillnet,Gillnet (offshore),Rough triggerfish,456.0,1.1
2024,11,5102078,Sri Lanka,Gillnet,Gillnet (offshore),Rainbow runner,456.0,2.1
2024,11,5102078,Sri Lanka,Gillnet,Gillnet (offshore),Indian scad,456.0,4.0
2024,11,5102078,Sri Lanka,Gillnet,Gillnet (offshore),Giant manta,456.0,0.1
2024,11,5102078,Sri Lanka,Gillnet,Gillnet (offshore),Blue shark,456.0,0.1
2024,11,5102078,Sri Lanka,Gillnet,Gillnet (offshore),Silky shark,456.0,0.2
2024,11,5102078,Sri Lanka,Purse seine | Other,Ringnet (offshore),Rough triggerfish,119.0,4.6
2024,11,5102078,Sri Lanka,Purse seine | Other,Ringnet (offshore),Rainbow runner,119.0,4.0
2024,11,5102078,Sri Lanka,Purse seine | Other,Ringnet (offshore),Indian scad,119.0,16.3
2024,11,5102079,Sri Lanka,Gillnet,Gillnet (offshore),Silky shark,282.0,0.1
2024,11,5102079,Sri Lanka,Purse seine | Other,Ringnet (offshore),Rough triggerfish,119.0,0.5
2024,11,5102079,Sri Lanka,Purse seine | Other,Ringnet (offshore),Rainbow runner,119.0,0.5
2024,11,5102079,Sri Lanka,Purse seine | Other,Ringnet (offshore),Indian scad,119.0,17.8
2024,11,5102080,Sri Lanka,Purse seine | Other,Ringnet (offshore),Rainbow runner,40.0,1.5
2024,11,5102080,Sri Lanka,Purse seine | Other,Ringnet (offshore),Indian scad,40.0,13.0
2024,11,5102081,Sri Lanka,Purse seine | Other,Ringnet (offshore),Rough triggerfish,59.0,1.3
2024,11,5102081,Sri Lanka,Purse seine | Other,Ringnet (offshore),Rainbow runner,59.0,0.7
2024,11,5102081,Sri Lanka,Purse seine | Other,Ringnet (offshore),Indian scad,59.0,8.0
2024,11,5102082,Sri Lanka,Gillnet,Gillnet (offshore),Blue shark,22.0,0.1
2024,11,5102082,Sri Lanka,Purse seine | Other,Ringnet (offshore),Rough triggerfish,59.0,9.8
2024,11,5102082,Sri Lanka,Purse seine | Other,Ringnet (offshore),Indian scad,59.0,25.8
2024,11,5102083,Sri Lanka,Gillnet,Gillnet (offshore),Blue shark,22.0,0.1
2024,11,5102083,Sri Lanka,Purse seine | Other,Ringnet (offshore),Rough triggerfish,40.0,0.4
2024,11,5102083,Sri Lanka,Purse seine | Other,Ringnet (offshore),Rainbow runner,40.0,1.1
2024,11,5102083,Sri Lanka,Purse seine | Other,Ringnet (offshore),Indian scad,40.0,5.2
2024,11,5102084,Sri Lanka,Purse seine | Other,Ringnet (offshore),Rough triggerfish,59.0,0.7
2024,11,5102084,Sri Lanka,Purse seine | Other,Ringnet (offshore),Indian scad,59.0,14.2
2024,11,5102085,Sri Lanka,Purse seine | Other,Ringnet (offshore),Indian scad,40.0,13.2
2024,11,5102088,Sri Lanka,Purse seine | Other,Ringnet (offshore),Rough triggerfish,20.0,0.8
2024,11,5102088,Sri Lanka,Purse seine | Other,Ringnet (offshore),Indian scad,20.0,9.0
2024,11,5102089,Sri Lanka,Purse seine | Other,Ringnet (offshore),Indian scad,20.0,2.0
2024,11,5103077,Sri Lanka,Gillnet,Gillnet (offshore),Silky shark,196.0,0.1
2024,11,5103077,Sri Lanka,Purse seine | Other,Ringnet (offshore),Rough triggerfish,158.0,2.8
2024,11,5103077,Sri Lanka,Purse seine | Other,Ringnet (offshore),Rainbow runner,158.0,4.9
2024,11,5103077,Sri Lanka,Purse seine | Other,Ringnet (offshore),Indian scad,158.0,29.7
2024,11,5103078,Sri Lanka,Gillnet,Gillnet (offshore),Blue shark,152.0,0.2
2024,11,5103078,Sri Lanka,Gillnet,Gillnet (offshore),Silky shark,152.0,0.4
2024,11,5103078,Sri Lanka,Gillnet,Gillnet (offshore),Shortfin mako,152.0,0.1
2024,11,5103078,Sri Lanka,Purse seine | Other,Ringnet (offshore),Rough triggerfish,79.0,2.9
2024,11,5103078,Sri Lanka,Purse seine | Other,Ringnet (offshore),Rainbow runner,79.0,0.7
2024,11,5103078,Sri Lanka,Purse seine | Other,Ringnet (offshore),Indian scad,79.0,20.2
2024,11,5103091,Indonesia,Purse seine | LS,Purse seine,Common dolphinfish,5.0,0.05
2024,11,5104068,Sri Lanka,Gillnet,Gillnet (offshore),Silky shark,22.0,0.1
2024,11,5104077,Sri Lanka,Purse seine | Other,Ringnet (offshore),Rough triggerfish,79.0,2.1
2024,11,5104077,Sri Lanka,Purse seine | Other,Ringnet (offshore),Rainbow runner,79.0,2.3
2024,11,5104077,Sri Lanka,Purse seine | Other,Ringnet (offshore),Indian scad,79.0,28.2
2024,11,5105060,I. R. Iran,Gillnet,Gillnet (offshore),Common dolphinfish,37299.0,761.0
2024,11,5105060,I. R. Iran,Gillnet,Gillnet (offshore),Whitecheek shark,37299.0,10.0
2024,11,5105060,I. R. Iran,Gillnet,Gillnet (offshore),Spottail shark,37299.0,21.0
2024,11,5105060,I. R. Iran,Gillnet,Gillnet (offshore),Silky shark,37299.0,53.0
2024,11,5105060,I. R. Iran,Gillnet,Gillnet (offshore),Oceanic whitetip shark,37299.0,4.0
2024,11,5105060,I. R. Iran,Gillnet,Gillnet (offshore),Milk shark,37299.0,71.0
2024,11,5105060,I. R. Iran,Gillnet,Gillnet (offshore),Shortfin mako,37299.0,3.0
2024,11,5105060,I. R. Iran,Gillnet,Gillnet (offshore),Great hammerhead,37299.0,1.0
2024,11,5105060,I. R. Iran,Gillnet,Gillnet (offshore),Scalloped hammerhead,37299.0,1.0
2024,11,5105085,Sri Lanka,Purse seine | Other,Ringnet (offshore),Rough triggerfish,20.0,0.3
2024,11,5105085,Sri Lanka,Purse seine | Other,Ringnet (offshore),Indian scad,20.0,10.0
2024,11,5105086,Sri Lanka,Purse seine | Other,Ringnet (offshore),Rough triggerfish,40.0,2.3
2024,11,5105086,Sri Lanka,Purse seine | Other,Ringnet (offshore),Indian scad,40.0,11.0
2024,11,5105088,Sri Lanka,Purse seine | Other,Ringnet (offshore),Rough triggerfish,20.0,2.0
2024,11,5105088,Sri Lanka,Purse seine | Other,Ringnet (offshore),Indian scad,20.0,1.5
2024,11,5105094,Indonesia,Purse seine | LS,Small purse seine,Common dolphinfish,10.0,0.1
2024,11,5106086,Sri Lanka,Purse seine | Other,Ringnet (offshore),Rough triggerfish,79.0,6.0
2024,11,5106086,Sri Lanka,Purse seine | Other,Ringnet (offshore),Indian scad,79.0,14.8
2024,11,5109060,Sri Lanka,Gillnet,Gillnet (offshore),Blue shark,22.0,0.1
2024,11,5111062,Sri Lanka,Gillnet,Gillnet (offshore),Blue shark,22.0,0.1
2024,11,5111062,Sri Lanka,Gillnet,Gillnet (offshore),Silky shark,22.0,0.6
2024,11,5111062,Sri Lanka,Gillnet,Gillnet (offshore),Shortfin mako,22.0,0.3
2024,11,5111062,Sri Lanka,Gillnet,Gillnet (offshore),Great hammerhead,22.0,0.5
2024,11,5115087,Sri Lanka,Purse seine | Other,Ringnet (offshore),Indian scad,20.0,3.0
2024,11,5200078,Sri Lanka,Gillnet,Gillnet (offshore),Giant manta,521.0,0.3
2024,11,5200079,Sri Lanka,Gillnet,Gillnet (offshore),Silky shark,412.0,2.0
2024,11,5200079,Sri Lanka,Purse seine | Other,Ringnet (offshore),Indian scad,20.0,1.0
2024,11,5200080,Sri Lanka,Gillnet,Gillnet (offshore),Indian scad,369.0,8.0
2024,11,5200080,Sri Lanka,Gillnet,Gillnet (offshore),Shortfin mako,369.0,0.1
2024,11,5200085,Sri Lanka,Purse seine | Other,Ringnet (offshore),Indian scad,20.0,4.0
2024,11,5201077,Sri Lanka,Gillnet,Gillnet (offshore),Giant manta,130.0,0.2
2024,11,5201078,Sri Lanka,Gillnet,Gillnet (offshore),Giant manta,217.0,0.5
2024,11,5201079,Sri Lanka,Gillnet,Gillnet (offshore),Indian scad,174.0,5.0
2024,11,5202077,Sri Lanka,Gillnet,Gillnet (offshore),Blue shark,65.0,0.1
2024,11,5202078,Sri Lanka,Gillnet,Gillnet (offshore),Blue shark,174.0,0.1
2024,11,5202079,Sri Lanka,Gillnet,Gillnet (offshore),Blue shark,434.0,0.1
2024,11,5202080,Sri Lanka,Gillnet,Gillnet (offshore),Blue shark,564.0,2.9
2024,11,5202080,Sri Lanka,Gillnet,Gillnet (offshore),Silky shark,564.0,0.4
2024,11,5202083,Sri Lanka,Purse seine | Other,Ringnet (offshore),Indian scad,20.0,5.0
2024,11,5203078,Sri Lanka,Gillnet,Gillnet (offshore),Blue shark,174.0,0.3
2024,11,5203078,Sri Lanka,Gillnet,Gillnet (offshore),Silky shark,174.0,0.1
2024,11,5203079,Sri Lanka,Gillnet,Gillnet (offshore),Blue shark,391.0,0.1
2024,11,5203079,Sri Lanka,Gillnet,Gillnet (offshore),Silky shark,391.0,0.1
2024,11,5203080,Sri Lanka,Gillnet,Gillnet (offshore),Blue shark,326.0,2.8
2024,11,5203080,Sri Lanka,Gillnet,Gillnet (offshore),Silky shark,326.0,0.1
2024,11,5204077,Sri Lanka,Gillnet,Gillnet (offshore),Blue shark,109.0,1.6
2024,11,5204077,Sri Lanka,Gillnet,Gillnet (offshore),Silky shark,109.0,2.4
2024,11,5204077,Sri Lanka,Gillnet,Gillnet (offshore),Shortfin mako,109.0,0.1
2024,11,5204077,Sri Lanka,Gillnet,Gillnet (offshore),Great hammerhead,109.0,0.2
2024,11,5205077,Sri Lanka,Gillnet,Gillnet (offshore),Blue shark,65.0,1.1
2024,11,5205077,Sri Lanka,Gillnet,Gillnet (offshore),Silky shark,65.0,1.8
2024,11,5205077,Sri Lanka,Gillnet,Gillnet (offshore),Shortfin mako,65.0,0.1
2024,11,5205077,Sri Lanka,Gillnet,Gillnet (offshore),Great hammerhead,65.0,0.2
2024,11,5205084,Sri Lanka,Purse seine | Other,Ringnet (offshore),Rainbow runner,20.0,0.5
2024,11,5205084,Sri Lanka,Purse seine | Other,Ringnet (offshore),Indian scad,20.0,0.5
2024,11,5206078,Sri Lanka,Purse seine | Other,Ringnet (offshore),Rough triggerfish,20.0,2.0
2024,11,5206078,Sri Lanka,Purse seine | Other,Ringnet (offshore),Rainbow runner,20.0,3.0
2024,11,5206078,Sri Lanka,Purse seine | Other,Ringnet (offshore),Indian scad,20.0,4.0
2024,11,5206082,Sri Lanka,Gillnet,Gillnet (offshore),Giant manta,65.0,0.1
2024,11,5207106,Indonesia,Purse seine | LS,Small purse seine,Common dolphinfish,2.0,0.464
2024,11,5207106,Indonesia,Purse seine | LS,Purse seine,Common dolphinfish,6.0,1.359
2024,11,5207109,Indonesia,Line | Handline,Handline,Common dolphinfish,1.0,0.042
2024,11,5208081,Sri Lanka,Purse seine | Other,Ringnet (offshore),Indian scad,20.0,2.3
2024,11,5208102,Indonesia,Line | Handline,Handline,Common dolphinfish,6.0,0.05
2024,11,5208102,Indonesia,Line | Handline,Handline (offshore),Common dolphinfish,1.0,0.17
2024,11,5208103,Indonesia,Line | Handline,Handline,Common dolphinfish,13.0,0.05
2024,11,5208105,Indonesia,Line | Handline,Handline,Common dolphinfish,11.0,0.13
2024,11,5208105,Indonesia,Line | Handline,Handline (offshore),Common dolphinfish,6.0,0.07
2024,11,5208106,Indonesia,Line | Handline,Handline,Common dolphinfish,32.0,0.127
2024,11,5208106,Indonesia,Line | Handline,Handline (offshore),Common dolphinfish,2.0,0.02
2024,11,5208107,Indonesia,Line | Handline,Handline,Common dolphinfish,10.0,0.1
2024,11,5208108,Indonesia,Line | Handline,Handline,Common dolphinfish,9.0,0.06
2024,11,5208109,Indonesia,Line | Handline,Handline,Common dolphinfish,1.0,0.038
2024,11,5208112,Indonesia,Purse seine | LS,Small purse seine,Common dolphinfish,1.0,0.316
2024,11,5208116,Indonesia,Purse seine | LS,Purse seine,Common dolphinfish,3.0,1.0
2024,11,5209104,Indonesia,Line | Handline,Handline,Common dolphinfish,2.0,1.05
2024,11,5209105,Indonesia,Line | Handline,Handline,Common dolphinfish,6.0,0.05
2024,11,5209106,Indonesia,Line | Handline,Handline,Common dolphinfish,5.0,0.195
2024,11,5209108,Indonesia,Line | Handline,Handline (offshore),Common dolphinfish,4.0,0.583
2024,11,5209109,Indonesia,Line | Handline,Handline,Common dolphinfish,2.0,0.047
2024,11,5209111,Indonesia,Purse seine | LS,Small purse seine,Common dolphinfish,4.0,0.478
2024,11,5210109,Indonesia,Line | Handline,Handline,Common dolphinfish,10.0,0.535
2024,11,5210112,Indonesia,Line | Handline,Handline,Common dolphinfish,1.0,0.005
2024,11,5210124,Indonesia,Purse seine | LS,Purse seine,Common dolphinfish,12.0,0.397
2024,11,5211111,Indonesia,Line | Handline,Handline,Common dolphinfish,1.0,0.001
2024,11,5211113,Indonesia,Line | Handline,Handline,Common dolphinfish,3.0,0.005
2024,11,5211114,Indonesia,Line | Handline,Handline,Common dolphinfish,3.0,0.063
2024,11,5212112,Indonesia,Line | Handline,Handline,Common dolphinfish,2.0,0.001
2024,11,5213109,Indonesia,Line | Handline,Handline (offshore),Common dolphinfish,4.0,1.017
2024,11,5216115,Indonesia,Purse seine | LS,Purse seine,Common dolphinfish,1.0,0.2
2024,11,6100075,Sri Lanka,Gillnet,Gillnet,Blue shark,1200.0,0.8
2024,11,6100075,Sri Lanka,Gillnet,Gillnet,Silky shark,1200.0,6.3
2024,11,6100075,Sri Lanka,Gillnet,Gillnet,Shortfin mako,1200.0,0.3
2024,11,6100075,Sri Lanka,Gillnet,Gillnet,Smooth hammerhead,1200.0,0.3
2024,11,6100075,Sri Lanka,Line | Coastal longline,Coastal longline,Blue shark,1363.0,0.6
2024,11,6100075,Sri Lanka,Line | Coastal longline,Coastal longline,Silky shark,1363.0,18.5
2024,11,6100075,Sri Lanka,Line | Coastal longline,Coastal longline,Shortfin mako,1363.0,1.1
2024,11,6100075,Sri Lanka,Line | Coastal longline,Coastal longline,Smooth hammerhead,1363.0,0.9
2024,11,6100075,Sri Lanka,Purse seine | Other,Ringnet,Rough triggerfish,6150.0,96.5
2024,11,6100075,Sri Lanka,Purse seine | Other,Ringnet,Indian mackerel,6150.0,11.3
2024,11,6100075,Sri Lanka,Purse seine | Other,Ringnet,Rainbow runner,6150.0,69.0
2024,11,6100075,Sri Lanka,Purse seine | Other,Ringnet,Indian scad,6150.0,1381.3
2024,11,6100075,Sri Lanka,Purse seine | Other,Ringnet,Silky shark,6150.0,0.1
2024,11,6100075,Sri Lanka,Longline | Fresh,Longline (fresh),Blue shark,667.0,1.2
2024,11,6100075,Sri Lanka,Longline | Fresh,Longline (fresh),Silky shark,667.0,0.5
2024,11,6100080,Sri Lanka,Gillnet,Gillnet,Rough triggerfish,853.0,1.5
2024,11,6100080,Sri Lanka,Gillnet,Gillnet,Rainbow runner,853.0,0.8
2024,11,6100080,Sri Lanka,Gillnet,Gillnet,Indian scad,853.0,0.6
2024,11,6100080,Sri Lanka,Gillnet,Gillnet,Giant manta,853.0,0.1
2024,11,6100080,Sri Lanka,Gillnet,Gillnet,Silky shark,853.0,0.2
2024,11,6100080,Sri Lanka,Gillnet,Gillnet,Smooth hammerhead,853.0,0.9
2024,11,6100080,Sri Lanka,Purse seine | Other,Ringnet,Rough triggerfish,5172.0,196.3
2024,11,6100080,Sri Lanka,Purse seine | Other,Ringnet,Rainbow runner,5172.0,39.0
2024,11,6100080,Sri Lanka,Purse seine | Other,Ringnet,Indian scad,5172.0,1184.2
2024,11,6105065,Sri Lanka,Longline | Fresh,Longline (fresh),Indian scad,807.0,0.1
2024,11,6105065,Sri Lanka,Longline | Fresh,Longline (fresh),Great hammerhead,807.0,0.1
2024,11,6105075,Sri Lanka,Gillnet,Gillnet,Rough triggerfish,1286.0,0.7
2024,11,6105075,Sri Lanka,Gillnet,Gillnet,Indian scad,1286.0,0.2
2024,11,6105075,Sri Lanka,Gillnet,Gillnet,Giant manta,1286.0,0.1
2024,11,6105075,Sri Lanka,Gillnet,Gillnet,Silky shark,1286.0,0.4
2024,11,6105075,Sri Lanka,Gillnet,Gillnet,Smooth hammerhead,1286.0,0.1
2024,11,6105075,Sri Lanka,Line | Coastal longline,Coastal longline,Blue shark,2164.0,0.2
2024,11,6105075,Sri Lanka,Line | Coastal longline,Coastal longline,Silky shark,2164.0,12.9
2024,11,6105075,Sri Lanka,Line | Coastal longline,Coastal longline,Smooth hammerhead,2164.0,0.1
2024,11,6105075,Sri Lanka,Line | Handline,Handline,Bigeye scad,280.0,0.8
2024,11,6105075,Sri Lanka,Line | Handline,Handline,Common dolphinfish,280.0,1.1
2024,11,6105075,Sri Lanka,Other,Beach seine,Dorab wolf-herring,964.0,2.0
2024,11,6105075,Sri Lanka,Other,Beach seine,Needle cuttlefish,964.0,9.4
2024,11,6105075,Sri Lanka,Other,Beach seine,Indian mackerel,964.0,21.0
2024,11,6105075,Sri Lanka,Purse seine | Other,Ringnet,Rough triggerfish,2957.0,26.1
2024,11,6105075,Sri Lanka,Purse seine | Other,Ringnet,Rainbow runner,2957.0,15.1
2024,11,6105075,Sri Lanka,Purse seine | Other,Ringnet,Indian scad,2957.0,610.0
2024,11,6105075,Sri Lanka,Purse seine | Other,Ringnet,Silky shark,2957.0,0.1
2024,11,6105080,Sri Lanka,Baitboat,Baitboat,Bigeye scad,137.0,12.1
2024,11,6105080,Sri Lanka,Gillnet,Gillnet,Indian scad,2034.0,6.0
2024,11,6105080,Sri Lanka,Gillnet,Gillnet,Giant manta,2034.0,1.0
2024,11,6105080,Sri Lanka,Gillnet,Gillnet,Blue shark,2034.0,0.1
2024,11,6105080,Sri Lanka,Gillnet,Gillnet,Silky shark,2034.0,2.2
2024,11,6105080,Sri Lanka,Gillnet,Gillnet,Shortfin mako,2034.0,0.1
2024,11,6105080,Sri Lanka,Gillnet,Gillnet,Scalloped hammerhead,2034.0,12.3
2024,11,6105080,Sri Lanka,Line | Coastal longline,Coastal longline,Indian scad,2509.0,2.5
2024,11,6105080,Sri Lanka,Line | Coastal longline,Coastal longline,Blue shark,2509.0,1.9
2024,11,6105080,Sri Lanka,Line | Handline,Handline,Bigeye scad,1101.0,33.1
2024,11,6105080,Sri Lanka,Line | Handline,Handline,Indian mackerel,1101.0,15.5
2024,11,6105080,Sri Lanka,Line | Trolling,Troll line,Bigeye scad,976.0,1.8
2024,11,6105080,Sri Lanka,Other,Beach seine,Dorab wolf-herring,716.0,1.3
2024,11,6105080,Sri Lanka,Other,Beach seine,Needle cuttlefish,716.0,12.4
2024,11,6105080,Sri Lanka,Other,Beach seine,Indian mackerel,716.0,40.3
2024,11,6105080,Sri Lanka,Purse seine | Other,Ringnet,Rough triggerfish,1727.0,29.2
2024,11,6105080,Sri Lanka,Purse seine | Other,Ringnet,Rainbow runner,1727.0,8.8
2024,11,6105080,Sri Lanka,Purse seine | Other,Ringnet,Indian scad,1727.0,307.9
2024,11,6105085,Sri Lanka,Purse seine | Other,Ringnet,Rough triggerfish,1623.0,33.3
2024,11,6105085,Sri Lanka,Purse seine | Other,Ringnet,Indian scad,1623.0,165.9
2024,11,6110060,Sri Lanka,Longline | Fresh,Longline (fresh),Silky shark,562.0,0.7
2024,11,6110065,Sri Lanka,Longline | Fresh,Longline (fresh),Indian scad,2843.0,1.0
2024,11,6110065,Sri Lanka,Longline | Fresh,Longline (fresh),Silky shark,2843.0,0.7
2024,11,6110080,Sri Lanka,Purse seine | Other,Ringnet,Rough triggerfish,262.0,2.3
2024,11,6110080,Sri Lanka,Purse seine | Other,Ringnet,Rainbow runner,262.0,1.2
2024,11,6110080,Sri Lanka,Purse seine | Other,Ringnet,Indian scad,262.0,65.1
2024,11,6115065,Sri Lanka,Longline | Fresh,Longline (fresh),Silky shark,246.0,0.1
2024,11,6120055,I. R. Iran,Gillnet,Gillnet,Common dolphinfish,2621.0,35.5
2024,11,6120060,I. R. Iran,Gillnet,Gillnet,Common dolphinfish,13440.0,519.9
2024,11,6120060,I. R. Iran,Gillnet,Gillnet,Whitecheek shark,13440.0,5.2
2024,11,6120060,I. R. Iran,Gillnet,Gillnet,Spottail shark,13440.0,10.5
2024,11,6120060,I. R. Iran,Gillnet,Gillnet,Silky shark,13440.0,0.8
2024,11,6120060,I. R. Iran,Gillnet,Gillnet,Oceanic whitetip shark,13440.0,0.2
2024,11,6120060,I. R. Iran,Gillnet,Gillnet,Milk shark,13440.0,21.6
2024,11,6120060,I. R. Iran,Gillnet,Gillnet,Shortfin mako,13440.0,0.2
2024,11,6120060,I. R. Iran,Line | Trolling,Troll line,Common dolphinfish,9460.0,126.8
2024,11,6120060,I. R. Iran,Line | Trolling,Troll line,Spottail shark,9460.0,4.8
2024,11,6120060,I. R. Iran,Line | Trolling,Troll line,Milk shark,9460.0,11.0
2024,11,6125045,I. R. Iran,Gillnet,Gillnet,Whitecheek shark,435.0,0.1
2024,11,6125045,I. R. Iran,Gillnet,Gillnet,Spottail shark,435.0,0.2
2024,11,6125045,I. R. Iran,Gillnet,Gillnet,Milk shark,435.0,0.4
2024,11,6125045,I. R. Iran,Line | Trolling,Troll line,Spottail shark,183.0,0.5
2024,11,6125045,I. R. Iran,Line | Trolling,Troll line,Milk shark,183.0,1.2
2024,11,6125050,I. R. Iran,Gillnet,Gillnet,Common dolphinfish,19691.0,15.3
2024,11,6125050,I. R. Iran,Gillnet,Gillnet,Whitecheek shark,19691.0,0.5
2024,11,6125050,I. R. Iran,Gillnet,Gillnet,Spottail shark,19691.0,0.9
2024,11,6125050,I. R. Iran,Gillnet,Gillnet,Milk shark,19691.0,2.0
2024,11,6125050,I. R. Iran,Line | Trolling,Troll line,Common dolphinfish,5812.0,5.9
2024,11,6125050,I. R. Iran,Line | Trolling,Troll line,Spottail shark,5812.0,0.6
2024,11,6125050,I. R. Iran,Line | Trolling,Troll line,Milk shark,5812.0,1.6
2024,11,6125055,I. R. Iran,Gillnet,Gillnet,Common dolphinfish,10725.0,73.7
2024,11,6125055,I. R. Iran,Gillnet,Gillnet,Whitecheek shark,10725.0,1.5
2024,11,6125055,I. R. Iran,Gillnet,Gillnet,Spottail shark,10725.0,2.9
2024,11,6125055,I. R. Iran,Gillnet,Gillnet,Milk shark,10725.0,6.2
2024,11,6125055,I. R. Iran,Line | Trolling,Troll line,Common dolphinfish,5127.0,28.1
2024,11,6125055,I. R. Iran,Line | Trolling,Troll line,Spottail shark,5127.0,2.0
2024,11,6125055,I. R. Iran,Line | Trolling,Troll line,Milk shark,5127.0,4.8
2024,11,6125060,I. R. Iran,Gillnet,Gillnet,Common dolphinfish,1688.0,48.6
2024,11,6125060,I. R. Iran,Gillnet,Gillnet,Whitecheek shark,1688.0,0.3
2024,11,6125060,I. R. Iran,Gillnet,Gillnet,Spottail shark,1688.0,0.5
2024,11,6125060,I. R. Iran,Gillnet,Gillnet,Milk shark,1688.0,1.1
2024,11,6125060,I. R. Iran,Line | Coastal longline,Coastal longline,Common dolphinfish,25089.117760337,54.04
2024,11,6125060,I. R. Iran,Line | Trolling,Troll line,Common dolphinfish,1462.0,18.7
2024,11,6125060,I. R. Iran,Line | Trolling,Troll line,Spottail shark,1462.0,0.4
2024,11,6125060,I. R. Iran,Line | Trolling,Troll line,Milk shark,1462.0,0.8
2024,11,6200035,Kenya,Gillnet,Gillnet,Common dolphinfish,12000.0,3.37933
2024,11,6200035,Kenya,Line | Coastal longline,Coastal longline,Common dolphinfish,1360.0,0.005
2024,11,6200035,Kenya,Line | Coastal longline,Coastal longline,Great barracuda,1360.0,0.001
2024,11,6200035,Kenya,Line | Coastal longline,Coastal longline,Escolar,1360.0,0.0088
2024,11,6200035,Kenya,Line | Coastal longline,Coastal longline,Blue shark,1360.0,0.4184
2024,11,6200035,Kenya,Line | Coastal longline,Coastal longline,Silky shark,1360.0,0.0474
2024,11,6200035,Kenya,Line | Coastal longline,Coastal longline,Shortfin mako,1360.0,0.0666
2024,11,6200035,Kenya,Line | Handline,Handline,Great barracuda,7750.0,28.8
2024,11,6200035,Kenya,Line | Trolling,Troll line,Great barracuda,1200.0,12.34
2024,11,6200040,Kenya,Gillnet,Gillnet,Common dolphinfish,12000.0,1.6176
2024,11,6200040,Kenya,Line | Coastal longline,Coastal longline,Common dolphinfish,1360.0,0.00333
2024,11,6200040,Kenya,Line | Coastal longline,Coastal longline,Great barracuda,1360.0,0.00067
2024,11,6200040,Kenya,Line | Coastal longline,Coastal longline,Escolar,1360.0,0.00587
2024,11,6200040,Kenya,Line | Coastal longline,Coastal longline,Blue shark,1360.0,0.27893
2024,11,6200040,Kenya,Line | Coastal longline,Coastal longline,Silky shark,1360.0,0.0316
2024,11,6200040,Kenya,Line | Coastal longline,Coastal longline,Shortfin mako,1360.0,0.0444
2024,11,6200040,Kenya,Line | Handline,Handline,Great barracuda,7750.0,19.2
2024,11,6200040,Kenya,Line | Trolling,Troll line,Great barracuda,1200.0,8.22667
2024,11,6200055,Sri Lanka,Longline | Fresh,Longline (fresh),Blue shark,35.0,0.1
2024,11,6200065,Sri Lanka,Longline | Fresh,Longline (fresh),Shortfin mako,1194.0,0.1
2024,11,6200075,Sri Lanka,Longline | Fresh,Longline (fresh),Blue shark,14461.0,0.1
2024,11,6200075,Sri Lanka,Longline | Fresh,Longline (fresh),Silky shark,14461.0,0.5
2024,11,6205040,Comoros,Line | Coastal longline,Coastal longline,Common dolphinfish,27867.3142242695,2.92211
2024,11,6205040,Comoros,Line | Coastal longline,Coastal longline,Blue shark,27867.3142242695,0.93087
2024,11,6205040,Comoros,Line | Handline,Handline,Blue shark,10321.2853556143,11.76885
2024,11,6205040,Comoros,Line | Handline,Handline,Oceanic whitetip shark,10321.2853556143,15.65606
2024,11,6205040,Comoros,Line | Trolling,Troll line,Common dolphinfish,14786.5496395677,11.96011
2024,11,6205040,Comoros,Line | Trolling,Troll line,Blue shark,14786.5496395677,0.14819
2024,11,6205040,Comoros,Line | Trolling,Troll line,Silky shark,14786.5496395677,1.18633
2024,11,6205040,Comoros,Line | Trolling,Troll line,Oceanic whitetip shark,14786.5496395677,1.16014
2024,11,6205060,Sri Lanka,Longline | Fresh,Longline (fresh),Blue shark,2141.0,0.4
2024,11,6205060,Sri Lanka,Longline | Fresh,Longline (fresh),Silky shark,2141.0,1.8
2024,11,6205065,Sri Lanka,Longline | Fresh,Longline (fresh),Giant manta,4212.0,0.2
2024,11,6205065,Sri Lanka,Longline | Fresh,Longline (fresh),Blue shark,4212.0,0.7
2024,11,6205065,Sri Lanka,Longline | Fresh,Longline (fresh),Silky shark,4212.0,0.9
2024,11,6205065,Sri Lanka,Longline | Fresh,Longline (fresh),Shortfin mako,4212.0,0.7
2024,11,6205075,Sri Lanka,Longline | Fresh,Longline (fresh),Silky shark,11654.0,0.1
2024,11,6205080,Sri Lanka,Longline | Fresh,Longline (fresh),Blue shark,2317.0,0.2
2024,11,6205080,Sri Lanka,Longline | Fresh,Longline (fresh),Shortfin mako,2317.0,0.1
2024,12,5100077,Sri Lanka,Gillnet,Gillnet (offshore),Blue shark,130.0,0.1
2024,12,5100077,Sri Lanka,Gillnet,Gillnet (offshore),Silky shark,130.0,0.1
2024,12,5100077,Sri Lanka,Gillnet,Gillnet (offshore),Great hammerhead,130.0,0.1
2024,12,5100078,Sri Lanka,Gillnet,Gillnet (offshore),Giant manta,477.0,0.2
2024,12,5100078,Sri Lanka,Gillnet,Gillnet (offshore),Blue shark,477.0,0.1
2024,12,5100078,Sri Lanka,Purse seine | Other,Ringnet (offshore),Rough triggerfish,79.0,1.0
2024,12,5100078,Sri Lanka,Purse seine | Other,Ringnet (offshore),Rainbow runner,79.0,2.6
2024,12,5100078,Sri Lanka,Purse seine | Other,Ringnet (offshore),Indian scad,79.0,12.4
2024,12,5100079,Sri Lanka,Gillnet,Gillnet (offshore),Giant manta,260.0,0.3
2024,12,5100079,Sri Lanka,Gillnet,Gillnet (offshore),Blue shark,260.0,0.1
2024,12,5100079,Sri Lanka,Purse seine | Other,Ringnet (offshore),Rough triggerfish,79.0,3.0
2024,12,5100079,Sri Lanka,Purse seine | Other,Ringnet (offshore),Indian scad,79.0,13.2
2024,12,5100080,Sri Lanka,Purse seine | Other,Ringnet (offshore),Rainbow runner,99.0,1.0
2024,12,5100080,Sri Lanka,Purse seine | Other,Ringnet (offshore),Indian scad,99.0,11.0
2024,12,5100081,Sri Lanka,Gillnet,Gillnet (offshore),Giant manta,630.0,0.2
2024,12,5100081,Sri Lanka,Gillnet,Gillnet (offshore),Silky shark,630.0,0.1
2024,12,5100081,Sri Lanka,Purse seine | Other,Ringnet (offshore),Indian scad,119.0,3.0
2024,12,5100082,Sri Lanka,Purse seine | Other,Ringnet (offshore),Rough triggerfish,79.0,0.1
2024,12,5100082,Sri Lanka,Purse seine | Other,Ringnet (offshore),Rainbow runner,79.0,0.6
2024,12,5100082,Sri Lanka,Purse seine | Other,Ringnet (offshore),Indian scad,79.0,10.3
2024,12,5100083,Sri Lanka,Purse seine | Other,Ringnet (offshore),Rough triggerfish,119.0,2.9
2024,12,5100083,Sri Lanka,Purse seine | Other,Ringnet (offshore),Rainbow runner,119.0,6.2
2024,12,5100083,Sri Lanka,Purse seine | Other,Ringnet (offshore),Indian scad,119.0,11.8
2024,12,5100084,Sri Lanka,Gillnet,Gillnet (offshore),Giant manta,239.0,0.1
2024,12,5100084,Sri Lanka,Gillnet,Gillnet (offshore),Silky shark,239.0,0.1
2024,12,5100084,Sri Lanka,Purse seine | Other,Ringnet (offshore),Rough triggerfish,119.0,1.5
2024,12,5100084,Sri Lanka,Purse seine | Other,Ringnet (offshore),Indian scad,119.0,12.0
2024,12,5100085,Sri Lanka,Purse seine | Other,Ringnet (offshore),Indian scad,59.0,2.5
2024,12,5100086,Sri Lanka,Gillnet,Gillnet (offshore),Giant manta,347.0,0.1
2024,12,5100086,Sri Lanka,Purse seine | Other,Ringnet (offshore),Rough triggerfish,257.0,1.4
2024,12,5100086,Sri Lanka,Purse seine | Other,Ringnet (offshore),Rainbow runner,257.0,1.0
2024,12,5100086,Sri Lanka,Purse seine | Other,Ringnet (offshore),Indian scad,257.0,35.8
2024,12,5100087,Sri Lanka,Purse seine | Other,Ringnet (offshore),Indian scad,40.0,3.8
2024,12,5100089,Sri Lanka,Purse seine | Other,Ringnet (offshore),Indian scad,20.0,3.9
2024,12,5100090,Sri Lanka,Purse seine | Other,Ringnet (offshore),Indian scad,20.0,6.0
2024,12,5100091,Sri Lanka,Purse seine | Other,Ringnet (offshore),Rough triggerfish,40.0,0.1
2024,12,5100091,Sri Lanka,Purse seine | Other,Ringnet (offshore),Rainbow runner,40.0,0.1
2024,12,5100091,Sri Lanka,Purse seine | Other,Ringnet (offshore),Indian scad,40.0,7.6
2024,12,5101077,Sri Lanka,Purse seine | Other,Ringnet (offshore),Rough triggerfish,40.0,0.6
2024,12,5101077,Sri Lanka,Purse seine | Other,Ringnet (offshore),Rainbow runner,40.0,1.3
2024,12,5101077,Sri Lanka,Purse seine | Other,Ringnet (offshore),Indian scad,40.0,4.5
2024,12,5101078,Sri Lanka,Gillnet,Gillnet (offshore),Giant manta,174.0,0.7
2024,12,5101078,Sri Lanka,Gillnet,Gillnet (offshore),Blue shark,174.0,0.1
2024,12,5101078,Sri Lanka,Gillnet,Gillnet (offshore),Silky shark,174.0,0.1
2024,12,5101079,Sri Lanka,Purse seine | Other,Ringnet (offshore),Indian scad,79.0,10.0
2024,12,5101080,Sri Lanka,Purse seine | Other,Ringnet (offshore),Indian scad,20.0,3.0
2024,12,5101081,Sri Lanka,Purse seine | Other,Ringnet (offshore),Indian scad,40.0,4.0
2024,12,5101082,Sri Lanka,Purse seine | Other,Ringnet (offshore),Indian scad,20.0,1.9
2024,12,5101083,Sri Lanka,Purse seine | Other,Ringnet (offshore),Rough triggerfish,40.0,1.0
2024,12,5101083,Sri Lanka,Purse seine | Other,Ringnet (offshore),Indian scad,40.0,3.2
2024,12,5101084,Sri Lanka,Purse seine | Other,Ringnet (offshore),Rough triggerfish,59.0,0.5
2024,12,5101084,Sri Lanka,Purse seine | Other,Ringnet (offshore),Indian scad,59.0,3.7
2024,12,5101085,Sri Lanka,Purse seine | Other,Ringnet (offshore),Indian scad,20.0,4.0
2024,12,5101086,Sri Lanka,Gillnet,Gillnet (offshore),Blue shark,326.0,0.1
2024,12,5101086,Sri Lanka,Purse seine | Other,Ringnet (offshore),Rough triggerfish,119.0,1.5
2024,12,5101086,Sri Lanka,Purse seine | Other,Ringnet (offshore),Rainbow runner,119.0,3.2
2024,12,5101086,Sri Lanka,Purse seine | Other,Ringnet (offshore),Indian scad,119.0,25.3
2024,12,5101087,Sri Lanka,Purse seine | Other,Ringnet (offshore),Rough triggerfish,119.0,1.1
2024,12,5101087,Sri Lanka,Purse seine | Other,Ringnet (offshore),Indian scad,119.0,11.2
2024,12,5101088,Sri Lanka,Purse seine | Other,Ringnet (offshore),Rough triggerfish,59.0,0.8
2024,12,5101088,Sri Lanka,Purse seine | Other,Ringnet (offshore),Rainbow runner,59.0,0.1
2024,12,5101088,Sri Lanka,Purse seine | Other,Ringnet (offshore),Indian scad,59.0,5.5
2024,12,5101096,Indonesia,Purse seine | LS,Small purse seine,Dogtooth tuna,15.0,0.76
2024,12,5102077,Sri Lanka,Purse seine | Other,Ringnet (offshore),Rough triggerfish,79.0,1.0
2024,12,5102077,Sri Lanka,Purse seine | Other,Ringnet (offshore),Rainbow runner,79.0,10.6
2024,12,5102077,Sri Lanka,Purse seine | Other,Ringnet (offshore),Indian scad,79.0,20.3
2024,12,5102078,Sri Lanka,Gillnet,Gillnet (offshore),Giant manta,152.0,0.2
2024,12,5102078,Sri Lanka,Purse seine | Other,Ringnet (offshore),Rough triggerfish,119.0,1.0
2024,12,5102078,Sri Lanka,Purse seine | Other,Ringnet (offshore),Rainbow runner,119.0,11.0
2024,12,5102078,Sri Lanka,Purse seine | Other,Ringnet (offshore),Indian scad,119.0,31.0
2024,12,5102079,Sri Lanka,Gillnet,Gillnet (offshore),Giant manta,174.0,0.4
2024,12,5102079,Sri Lanka,Purse seine | Other,Ringnet (offshore),Rough triggerfish,79.0,1.1
2024,12,5102079,Sri Lanka,Purse seine | Other,Ringnet (offshore),Rainbow runner,79.0,1.2
2024,12,5102079,Sri Lanka,Purse seine | Other,Ringnet (offshore),Indian scad,79.0,13.8
2024,12,5102080,Sri Lanka,Purse seine | Other,Ringnet (offshore),Rainbow runner,59.0,1.0
2024,12,5102080,Sri Lanka,Purse seine | Other,Ringnet (offshore),Indian scad,59.0,4.5
2024,12,5102081,Sri Lanka,Purse seine | Other,Ringnet (offshore),Rainbow runner,20.0,0.5
2024,12,5102081,Sri Lanka,Purse seine | Other,Ringnet (offshore),Indian scad,20.0,1.0
2024,12,5102082,Sri Lanka,Purse seine | Other,Ringnet (offshore),Rough triggerfish,20.0,0.1
2024,12,5102082,Sri Lanka,Purse seine | Other,Ringnet (offshore),Indian scad,20.0,5.7
2024,12,5102083,Sri Lanka,Gillnet,Gillnet (offshore),Silky shark,22.0,0.1
2024,12,5102083,Sri Lanka,Purse seine | Other,Ringnet (offshore),Rough triggerfish,40.0,0.1
2024,12,5102083,Sri Lanka,Purse seine | Other,Ringnet (offshore),Indian scad,40.0,7.7
2024,12,5102084,Sri Lanka,Purse seine | Other,Ringnet (offshore),Rough triggerfish,40.0,0.2
2024,12,5102084,Sri Lanka,Purse seine | Other,Ringnet (offshore),Rainbow runner,40.0,3.0
2024,12,5102084,Sri Lanka,Purse seine | Other,Ringnet (offshore),Indian scad,40.0,8.0
2024,12,5102085,Sri Lanka,Purse seine | Other,Ringnet (offshore),Indian scad,40.0,20.0
2024,12,5102086,Sri Lanka,Purse seine | Other,Ringnet (offshore),Indian scad,20.0,4.0
2024,12,5103077,Sri Lanka,Purse seine | Other,Ringnet (offshore),Rainbow runner,40.0,10.0
2024,12,5103077,Sri Lanka,Purse seine | Other,Ringnet (offshore),Indian scad,40.0,24.0
2024,12,5103078,Sri Lanka,Purse seine | Other,Ringnet (offshore),Rainbow runner,40.0,10.0
2024,12,5103078,Sri Lanka,Purse seine | Other,Ringnet (offshore),Indian scad,40.0,15.0
2024,12,5103083,Sri Lanka,Purse seine | Other,Ringnet (offshore),Rough triggerfish,40.0,3.7
2024,12,5103083,Sri Lanka,Purse seine | Other,Ringnet (offshore),Rainbow runner,40.0,1.6
2024,12,5103083,Sri Lanka,Purse seine | Other,Ringnet (offshore),Indian scad,40.0,11.7
2024,12,5103084,Sri Lanka,Purse seine | Other,Ringnet (offshore),Rough triggerfish,40.0,2.9
2024,12,5103084,Sri Lanka,Purse seine | Other,Ringnet (offshore),Rainbow runner,40.0,5.7
2024,12,5103084,Sri Lanka,Purse seine | Other,Ringnet (offshore),Indian scad,40.0,8.0
2024,12,5103085,Sri Lanka,Purse seine | Other,Ringnet (offshore),Indian scad,20.0,16.0
2024,12,5103086,Sri Lanka,Gillnet,Gillnet (offshore),Silky shark,22.0,0.9
2024,12,5103086,Sri Lanka,Gillnet,Gillnet (offshore),Shortfin mako,22.0,0.1
2024,12,5103086,Sri Lanka,Gillnet,Gillnet (offshore),Great hammerhead,22.0,0.1
2024,12,5103086,Sri Lanka,Purse seine | Other,Ringnet (offshore),Rough triggerfish,20.0,0.5
2024,12,5103086,Sri Lanka,Purse seine | Other,Ringnet (offshore),Indian scad,20.0,3.0
2024,12,5104066,Sri Lanka,Gillnet,Gillnet (offshore),Silky shark,87.0,0.1
2024,12,5104074,Maldives,Baitboat,Baitboat (offshore),Common dolphinfish,75.0,0.0853451177442299
2024,12,5104074,Maldives,Baitboat,Baitboat (offshore),Rainbow runner,75.0,0.0746769780262012
2024,12,5104077,Sri Lanka,Gillnet,Gillnet (offshore),Blue shark,43.0,0.3
2024,12,5104077,Sri Lanka,Gillnet,Gillnet (offshore),Silky shark,43.0,0.4
2024,12,5104077,Sri Lanka,Gillnet,Gillnet (offshore),Shortfin mako,43.0,0.3
2024,12,5104077,Sri Lanka,Purse seine | Other,Ringnet (offshore),Rainbow runner,59.0,0.8
2024,12,5104077,Sri Lanka,Purse seine | Other,Ringnet (offshore),Indian scad,59.0,5.8
2024,12,5104085,Sri Lanka,Purse seine | Other,Ringnet (offshore),Indian scad,20.0,5.0
2024,12,5104086,Sri Lanka,Gillnet,Gillnet (offshore),Silky shark,22.0,0.9
2024,12,5104086,Sri Lanka,Gillnet,Gillnet (offshore),Shortfin mako,22.0,0.1
2024,12,5104086,Sri Lanka,Gillnet,Gillnet (offshore),Great hammerhead,22.0,0.1
2024,12,5104086,Sri Lanka,Purse seine | Other,Ringnet (offshore),Indian scad,20.0,5.0
2024,12,5104087,Sri Lanka,Purse seine | Other,Ringnet (offshore),Indian scad,20.0,2.0
2024,12,5105065,I. R. Iran,Gillnet,Gillnet (offshore),Common dolphinfish,31485.0,528.0
2024,12,5105065,I. R. Iran,Gillnet,Gillnet (offshore),Whitecheek shark,31485.0,12.0
2024,12,5105065,I. R. Iran,Gillnet,Gillnet (offshore),Spottail shark,31485.0,24.0
2024,12,5105065,I. R. Iran,Gillnet,Gillnet (offshore),Silky shark,31485.0,64.0
2024,12,5105065,I. R. Iran,Gillnet,Gillnet (offshore),Oceanic whitetip shark,31485.0,5.0
2024,12,5105065,I. R. Iran,Gillnet,Gillnet (offshore),Milk shark,31485.0,83.0
2024,12,5105065,I. R. Iran,Gillnet,Gillnet (offshore),Shortfin mako,31485.0,4.0
2024,12,5105065,I. R. Iran,Gillnet,Gillnet (offshore),Great hammerhead,31485.0,1.0
2024,12,5105065,I. R. Iran,Gillnet,Gillnet (offshore),Scalloped hammerhead,31485.0,1.0
2024,12,5105085,Sri Lanka,Purse seine | Other,Ringnet (offshore),Indian scad,20.0,5.0
2024,12,5105086,Sri Lanka,Purse seine | Other,Ringnet (offshore),Indian scad,40.0,8.0
2024,12,5106064,Sri Lanka,Purse seine | Other,Ringnet (offshore),Rough triggerfish,20.0,2.0
2024,12,5106064,Sri Lanka,Purse seine | Other,Ringnet (offshore),Rainbow runner,20.0,1.0
2024,12,5106064,Sri Lanka,Purse seine | Other,Ringnet (offshore),Indian scad,20.0,5.0
2024,12,5106073,Maldives,Baitboat,Baitboat,Rainbow runner,46.0,0.0320044191540862
2024,12,5106073,Maldives,Baitboat,Baitboat,Common dolphinfish,46.0,0.0640088383081724
2024,12,5106073,Maldives,Baitboat,Baitboat,Rainbow runner,46.0,0.0586747684491581
2024,12,5107064,Sri Lanka,Purse seine | Other,Ringnet (offshore),Rough triggerfish,20.0,2.0
2024,12,5107064,Sri Lanka,Purse seine | Other,Ringnet (offshore),Rainbow runner,20.0,1.0
2024,12,5107064,Sri Lanka,Purse seine | Other,Ringnet (offshore),Indian scad,20.0,5.0
2024,12,5107065,Sri Lanka,Purse seine | Other,Ringnet (offshore),Indian scad,20.0,1.6
2024,12,5107067,Sri Lanka,Purse seine | Other,Ringnet (offshore),Indian scad,20.0,4.0
2024,12,5107068,Sri Lanka,Purse seine | Other,Ringnet (offshore),Rough triggerfish,99.0,0.3
2024,12,5107068,Sri Lanka,Purse seine | Other,Ringnet (offshore),Indian scad,99.0,35.3
2024,12,5107069,Sri Lanka,Purse seine | Other,Ringnet (offshore),Indian scad,20.0,8.9
2024,12,5107073,Maldives,Baitboat,Baitboat,Rainbow runner,11.0,0.0320044191540862
2024,12,5107073,Maldives,Baitboat,Baitboat,Rainbow runner,11.0,0.0704097221389897
2024,12,5107074,Maldives,Baitboat,Baitboat,Rainbow runner,3.0,0.0023469907379663
2024,12,5108067,Sri Lanka,Purse seine | Other,Ringnet (offshore),Indian scad,20.0,4.0
2024,12,5108068,Sri Lanka,Purse seine | Other,Ringnet (offshore),Indian scad,20.0,4.0
2024,12,5109068,Sri Lanka,Purse seine | Other,Ringnet (offshore),Indian scad,40.0,1.5
2024,12,5109085,Sri Lanka,Purse seine | Other,Ringnet (offshore),Indian scad,20.0,5.0
2024,12,5109086,Sri Lanka,Purse seine | Other,Ringnet (offshore),Indian scad,20.0,6.0
2024,12,5109088,Sri Lanka,Purse seine | Other,Ringnet (offshore),Rough triggerfish,20.0,5.6
2024,12,5109088,Sri Lanka,Purse seine | Other,Ringnet (offshore),Indian scad,20.0,4.5
2024,12,5110068,Sri Lanka,Purse seine | Other,Ringnet (offshore),Indian scad,20.0,5.0
2024,12,5111068,Sri Lanka,Purse seine | Other,Ringnet (offshore),Indian scad,20.0,5.0
2024,12,5111087,Sri Lanka,Purse seine | Other,Ringnet (offshore),Indian scad,20.0,2.6
2024,12,5112060,Sri Lanka,Gillnet,Gillnet (offshore),Silky shark,22.0,0.4
2024,12,5112060,Sri Lanka,Gillnet,Gillnet (offshore),Shortfin mako,22.0,0.2
2024,12,5112060,Sri Lanka,Gillnet,Gillnet (offshore),Great hammerhead,22.0,0.1
2024,12,5112060,Sri Lanka,Purse seine | Other,Ringnet (offshore),Silky shark,20.0,0.4
2024,12,5112060,Sri Lanka,Purse seine | Other,Ringnet (offshore),Shortfin mako,20.0,0.2
2024,12,5112060,Sri Lanka,Purse seine | Other,Ringnet (offshore),Great hammerhead,20.0,0.1
2024,12,5112084,Sri Lanka,Purse seine | Other,Ringnet (offshore),Rough triggerfish,20.0,9.5
2024,12,5112084,Sri Lanka,Purse seine | Other,Ringnet (offshore),Silky shark,20.0,0.5
2024,12,5112086,Sri Lanka,Purse seine | Other,Ringnet (offshore),Indian scad,20.0,4.2
2024,12,5112087,Sri Lanka,Purse seine | Other,Ringnet (offshore),Indian scad,40.0,10.6
2024,12,5113085,Sri Lanka,Purse seine | Other,Ringnet (offshore),Indian scad,20.0,4.5
2024,12,5200077,Sri Lanka,Gillnet,Gillnet (offshore),Blue shark,43.0,0.1
2024,12,5200078,Sri Lanka,Gillnet,Gillnet (offshore),Giant manta,174.0,0.2
2024,12,5200079,Sri Lanka,Gillnet,Gillnet (offshore),Giant manta,174.0,0.2
2024,12,5200083,Sri Lanka,Gillnet,Gillnet (offshore),Blue shark,261.0,0.1
2024,12,5200083,Sri Lanka,Gillnet,Gillnet (offshore),Silky shark,261.0,0.1
2024,12,5200084,Sri Lanka,Gillnet,Gillnet (offshore),Indian scad,260.0,1.0
2024,12,5200084,Sri Lanka,Purse seine | Other,Ringnet (offshore),Indian scad,40.0,1.0
2024,12,5200085,Sri Lanka,Purse seine | Other,Ringnet (offshore),Indian scad,20.0,3.0
2024,12,5200087,Sri Lanka,Purse seine | Other,Ringnet (offshore),Indian scad,40.0,3.0
2024,12,5200088,Sri Lanka,Purse seine | Other,Ringnet (offshore),Indian scad,20.0,2.0
2024,12,5200090,Sri Lanka,Purse seine | Other,Ringnet (offshore),Rainbow runner,20.0,0.5
2024,12,5200090,Sri Lanka,Purse seine | Other,Ringnet (offshore),Indian scad,20.0,4.0
2024,12,5200098,Indonesia,Line | Trolling,Troll line,Common dolphinfish,3.0,0.005
2024,12,5200098,Indonesia,Line | Trolling,Troll line,Dogtooth tuna,3.0,0.015
2024,12,5201077,Sri Lanka,Gillnet,Gillnet (offshore),Blue shark,22.0,0.1
2024,12,5201078,Sri Lanka,Gillnet,Gillnet (offshore),Giant manta,87.0,0.9
2024,12,5201093,Sri Lanka,Purse seine | Other,Ringnet (offshore),Indian scad,20.0,3.0
2024,12,5201094,Sri Lanka,Purse seine | Other,Ringnet (offshore),Indian scad,20.0,3.0
2024,12,5202077,Sri Lanka,Gillnet,Gillnet (offshore),Silky shark,87.0,1.5
2024,12,5202078,Sri Lanka,Gillnet,Gillnet (offshore),Shortfin mako,217.0,0.1
2024,12,5202078,Sri Lanka,Purse seine | Other,Ringnet (offshore),Indian scad,40.0,8.0
2024,12,5202079,Sri Lanka,Purse seine | Other,Ringnet (offshore),Indian scad,40.0,2.0
2024,12,5203077,Sri Lanka,Gillnet,Gillnet (offshore),Silky shark,22.0,3.0
2024,12,5203077,Sri Lanka,Purse seine | Other,Ringnet (offshore),Indian scad,20.0,2.8
2024,12,5203078,Sri Lanka,Purse seine | Other,Ringnet (offshore),Indian scad,20.0,3.0
2024,12,5203079,Sri Lanka,Gillnet,Gillnet (offshore),Blue shark,174.0,0.2
2024,12,5203079,Sri Lanka,Gillnet,Gillnet (offshore),Great hammerhead,174.0,0.1
2024,12,5203080,Sri Lanka,Gillnet,Gillnet (offshore),Giant manta,261.0,2.3
2024,12,5203081,Sri Lanka,Gillnet,Gillnet (offshore),Shortfin mako,65.0,0.1
2024,12,5203085,Sri Lanka,Gillnet,Gillnet (offshore),Blue shark,43.0,0.1
2024,12,5204064,Sri Lanka,Gillnet,Gillnet (offshore),Silky shark,22.0,1.1
2024,12,5204064,Sri Lanka,Gillnet,Gillnet (offshore),Shortfin mako,22.0,0.1
2024,12,5204064,Sri Lanka,Gillnet,Gillnet (offshore),Great hammerhead,22.0,0.1
2024,12,5204078,Sri Lanka,Gillnet,Gillnet (offshore),Silky shark,65.0,0.1
2024,12,5204079,Sri Lanka,Gillnet,Gillnet (offshore),Blue shark,43.0,0.2
2024,12,5204087,Sri Lanka,Gillnet,Gillnet (offshore),Blue shark,65.0,0.2
2024,12,5205064,Sri Lanka,Gillnet,Gillnet (offshore),Silky shark,22.0,6.9
2024,12,5205064,Sri Lanka,Gillnet,Gillnet (offshore),Shortfin mako,22.0,0.5
2024,12,5205064,Sri Lanka,Gillnet,Gillnet (offshore),Great hammerhead,22.0,1.4
2024,12,5205078,Sri Lanka,Purse seine | Other,Ringnet (offshore),Rough triggerfish,40.0,2.0
2024,12,5205078,Sri Lanka,Purse seine | Other,Ringnet (offshore),Rainbow runner,40.0,0.7
2024,12,5205078,Sri Lanka,Purse seine | Other,Ringnet (offshore),Indian scad,40.0,7.5
2024,12,5205079,Sri Lanka,Purse seine | Other,Ringnet (offshore),Indian scad,20.0,0.5
2024,12,5205081,Sri Lanka,Purse seine | Other,Ringnet (offshore),Indian scad,20.0,0.7
2024,12,5205086,Sri Lanka,Gillnet,Gillnet (offshore),Blue shark,87.0,0.1
2024,12,5206082,Sri Lanka,Purse seine | Other,Ringnet (offshore),Rough triggerfish,20.0,0.1
2024,12,5206082,Sri Lanka,Purse seine | Other,Ringnet (offshore),Indian scad,20.0,1.0
2024,12,5206083,Sri Lanka,Purse seine | Other,Ringnet (offshore),Indian scad,20.0,10.0
2024,12,5207066,Sri Lanka,Purse seine | Other,Ringnet (offshore),Indian scad,20.0,18.4
2024,12,5207067,Sri Lanka,Purse seine | Other,Ringnet (offshore),Indian scad,20.0,18.4
2024,12,5207076,Sri Lanka,Purse seine | Other,Ringnet (offshore),Rainbow runner,20.0,3.0
2024,12,5207076,Sri Lanka,Purse seine | Other,Ringnet (offshore),Indian scad,20.0,7.0
2024,12,5207078,Sri Lanka,Purse seine | Other,Ringnet (offshore),Indian scad,20.0,6.0
2024,12,5207082,Sri Lanka,Gillnet,Gillnet (offshore),Giant manta,282.0,0.1
2024,12,5207083,Sri Lanka,Purse seine | Other,Ringnet (offshore),Rainbow runner,59.0,3.5
2024,12,5207083,Sri Lanka,Purse seine | Other,Ringnet (offshore),Indian scad,59.0,10.0
2024,12,5207106,Indonesia,Purse seine | LS,Purse seine,Common dolphinfish,2.0,0.13
2024,12,5208080,Sri Lanka,Purse seine | Other,Ringnet (offshore),Indian scad,20.0,1.5
2024,12,5208081,Sri Lanka,Purse seine | Other,Ringnet (offshore),Indian scad,59.0,8.3
2024,12,5208082,Sri Lanka,Purse seine | Other,Ringnet (offshore),Indian scad,59.0,7.5
2024,12,5208083,Sri Lanka,Purse seine | Other,Ringnet (offshore),Indian scad,59.0,1.5
2024,12,5208102,Indonesia,Line | Handline,Handline (offshore),Common dolphinfish,2.0,0.083
2024,12,5208104,Indonesia,Line | Handline,Handline (offshore),Common dolphinfish,1.0,0.05
2024,12,5208108,Indonesia,Line | Handline,Handline,Common dolphinfish,3.0,0.4
2024,12,5208108,Indonesia,Line | Handline,Handline (offshore),Common dolphinfish,1.0,0.014
2024,12,5208109,Indonesia,Line | Handline,Handline,Common dolphinfish,2.0,0.152
2024,12,5208112,Indonesia,Purse seine | LS,Small purse seine,Common dolphinfish,1.0,0.205
2024,12,5209068,Sri Lanka,Purse seine | Other,Ringnet (offshore),Indian scad,20.0,9.0
2024,12,5209080,Sri Lanka,Purse seine | Other,Ringnet (offshore),Indian scad,20.0,1.5
2024,12,5209081,Sri Lanka,Purse seine | Other,Ringnet (offshore),Indian scad,79.0,11.3
2024,12,5209082,Sri Lanka,Gillnet,Gillnet (offshore),Silky shark,586.0,0.1
2024,12,5209082,Sri Lanka,Gillnet,Gillnet (offshore),Shortfin mako,586.0,0.1
2024,12,5209082,Sri Lanka,Purse seine | Other,Ringnet (offshore),Indian scad,59.0,12.0
2024,12,5209101,Indonesia,Line | Handline,Handline (offshore),Common dolphinfish,3.0,0.06
2024,12,5209106,Indonesia,Line | Handline,Handline,Common dolphinfish,1.0,0.3
2024,12,5209108,Indonesia,Line | Handline,Handline,Common dolphinfish,3.0,0.036
2024,12,5209108,Indonesia,Line | Handline,Handline (offshore),Common dolphinfish,2.0,0.14
2024,12,5210108,Indonesia,Line | Handline,Handline,Common dolphinfish,4.0,0.06
2024,12,5210109,Indonesia,Line | Handline,Handline,Common dolphinfish,2.0,0.088
2024,12,5211112,Indonesia,Line | Handline,Handline,Common dolphinfish,3.0,0.166
2024,12,5213106,Indonesia,Line | Handline,Handline (offshore),Common dolphinfish,2.0,0.077
2024,12,6100075,Sri Lanka,Gillnet,Gillnet,Blue shark,738.0,6.0
2024,12,6100075,Sri Lanka,Gillnet,Gillnet,Silky shark,738.0,5.7
2024,12,6100075,Sri Lanka,Gillnet,Gillnet,Shortfin mako,738.0,0.7
2024,12,6100075,Sri Lanka,Line | Coastal longline,Coastal longline,Shortfin mako,1406.0,0.2
2024,12,6100075,Sri Lanka,Purse seine | Other,Ringnet,Rough triggerfish,2691.0,34.5
2024,12,6100075,Sri Lanka,Purse seine | Other,Ringnet,Common dolphinfish,2691.0,0.1
2024,12,6100075,Sri Lanka,Purse seine | Other,Ringnet,Rainbow runner,2691.0,24.5
2024,12,6100075,Sri Lanka,Purse seine | Other,Ringnet,Indian scad,2691.0,435.8
2024,12,6100075,Sri Lanka,Purse seine | Other,Ringnet,Silky shark,2691.0,0.1
2024,12,6100080,Sri Lanka,Gillnet,Gillnet,Giant manta,1115.0,0.8
2024,12,6100080,Sri Lanka,Gillnet,Gillnet,Blue shark,1115.0,8.6
2024,12,6100080,Sri Lanka,Gillnet,Gillnet,Silky shark,1115.0,10.4
2024,12,6100080,Sri Lanka,Gillnet,Gillnet,Shortfin mako,1115.0,0.4
2024,12,6100080,Sri Lanka,Gillnet,Gillnet,Smooth hammerhead,1115.0,0.4
2024,12,6100080,Sri Lanka,Line | Coastal longline,Coastal longline,Giant manta,1467.0,0.1
2024,12,6100080,Sri Lanka,Line | Coastal longline,Coastal longline,Blue shark,1467.0,18.5
2024,12,6100080,Sri Lanka,Line | Coastal longline,Coastal longline,Silky shark,1467.0,34.7
2024,12,6100080,Sri Lanka,Line | Coastal longline,Coastal longline,Shortfin mako,1467.0,9.5
2024,12,6100080,Sri Lanka,Line | Coastal longline,Coastal longline,Smooth hammerhead,1467.0,1.4
2024,12,6100080,Sri Lanka,Purse seine | Other,Ringnet,Rough triggerfish,6859.0,148.0
2024,12,6100080,Sri Lanka,Purse seine | Other,Ringnet,Common dolphinfish,6859.0,0.6
2024,12,6100080,Sri Lanka,Purse seine | Other,Ringnet,Rainbow runner,6859.0,114.9
2024,12,6100080,Sri Lanka,Purse seine | Other,Ringnet,Indian scad,6859.0,1285.6
2024,12,6100085,Sri Lanka,Longline | Fresh,Longline (fresh),Blue shark,140.0,0.1
2024,12,6100085,Sri Lanka,Longline | Fresh,Longline (fresh),Silky shark,140.0,1.8
2024,12,6100085,Sri Lanka,Longline | Fresh,Longline (fresh),Shortfin mako,140.0,0.2
2024,12,6100085,Sri Lanka,Longline | Fresh,Longline (fresh),Great hammerhead,140.0,0.1
2024,12,6105065,Sri Lanka,Longline | Fresh,Longline (fresh),Blue shark,1755.0,0.2
2024,12,6105065,Sri Lanka,Longline | Fresh,Longline (fresh),Silky shark,1755.0,0.2
2024,12,6105065,Sri Lanka,Longline | Fresh,Longline (fresh),Shortfin mako,1755.0,0.1
2024,12,6105065,Sri Lanka,Longline | Fresh,Longline (fresh),Great hammerhead,1755.0,0.7
2024,12,6105075,Sri Lanka,Gillnet,Gillnet,Bigeye scad,1952.0,0.7
2024,12,6105075,Sri Lanka,Gillnet,Gillnet,Common dolphinfish,1952.0,0.7
2024,12,6105075,Sri Lanka,Gillnet,Gillnet,Indian scad,1952.0,4.1
2024,12,6105075,Sri Lanka,Gillnet,Gillnet,Giant manta,1952.0,0.4
2024,12,6105075,Sri Lanka,Gillnet,Gillnet,Blue shark,1952.0,0.1
2024,12,6105075,Sri Lanka,Gillnet,Gillnet,Silky shark,1952.0,0.1
2024,12,6105075,Sri Lanka,Gillnet,Gillnet,Scalloped hammerhead,1952.0,0.1
2024,12,6105075,Sri Lanka,Line | Coastal longline,Coastal longline,Blue shark,1902.0,0.5
2024,12,6105075,Sri Lanka,Other,Beach seine,Dorab wolf-herring,1320.0,1.4
2024,12,6105075,Sri Lanka,Other,Beach seine,Needle cuttlefish,1320.0,5.9
2024,12,6105075,Sri Lanka,Other,Beach seine,Indian mackerel,1320.0,52.4
2024,12,6105075,Sri Lanka,Purse seine | Other,Ringnet,Rough triggerfish,2132.0,32.2
2024,12,6105075,Sri Lanka,Purse seine | Other,Ringnet,Indian mackerel,2132.0,3.4
2024,12,6105075,Sri Lanka,Purse seine | Other,Ringnet,Rainbow runner,2132.0,20.0
2024,12,6105075,Sri Lanka,Purse seine | Other,Ringnet,Indian scad,2132.0,505.6
2024,12,6105080,Sri Lanka,Gillnet,Gillnet,Common dolphinfish,4004.0,1.0
2024,12,6105080,Sri Lanka,Gillnet,Gillnet,Indian scad,4004.0,0.1
2024,12,6105080,Sri Lanka,Gillnet,Gillnet,Giant manta,4004.0,0.8
2024,12,6105080,Sri Lanka,Gillnet,Gillnet,Blue shark,4004.0,0.8
2024,12,6105080,Sri Lanka,Gillnet,Gillnet,Silky shark,4004.0,0.1
2024,12,6105080,Sri Lanka,Gillnet,Gillnet,Shortfin mako,4004.0,0.1
2024,12,6105080,Sri Lanka,Gillnet,Gillnet,Great hammerhead,4004.0,0.1
2024,12,6105080,Sri Lanka,Line | Coastal longline,Coastal longline,Rainbow runner,4679.0,0.6
2024,12,6105080,Sri Lanka,Line | Coastal longline,Coastal longline,Indian scad,4679.0,1.3
2024,12,6105080,Sri Lanka,Line | Coastal longline,Coastal longline,Blue shark,4679.0,1.7
2024,12,6105080,Sri Lanka,Line | Coastal longline,Coastal longline,Silky shark,4679.0,1.2
2024,12,6105080,Sri Lanka,Line | Coastal longline,Coastal longline,Great hammerhead,4679.0,0.3
2024,12,6105080,Sri Lanka,Line | Coastal longline,Coastal longline,Scalloped hammerhead,4679.0,0.4
2024,12,6105080,Sri Lanka,Line | Handline,Handline,Bigeye scad,558.0,4.4
2024,12,6105080,Sri Lanka,Line | Handline,Handline,Indian mackerel,558.0,39.6
2024,12,6105080,Sri Lanka,Other,Beach seine,Dorab wolf-herring,738.0,0.5
2024,12,6105080,Sri Lanka,Other,Beach seine,Needle cuttlefish,738.0,14.7
2024,12,6105080,Sri Lanka,Purse seine | Other,Ringnet,Rough triggerfish,6544.0,124.6
2024,12,6105080,Sri Lanka,Purse seine | Other,Ringnet,Common dolphinfish,6544.0,0.1
2024,12,6105080,Sri Lanka,Purse seine | Other,Ringnet,Indian mackerel,6544.0,2.3
2024,12,6105080,Sri Lanka,Purse seine | Other,Ringnet,Rainbow runner,6544.0,36.4
2024,12,6105080,Sri Lanka,Purse seine | Other,Ringnet,Indian scad,6544.0,1016.1
2024,12,6105085,Sri Lanka,Gillnet,Gillnet,Bigeye scad,164.0,6.8
2024,12,6105085,Sri Lanka,Gillnet,Gillnet,Scalloped hammerhead,164.0,0.6
2024,12,6105085,Sri Lanka,Purse seine | Other,Ringnet,Rough triggerfish,771.0,28.3
2024,12,6105085,Sri Lanka,Purse seine | Other,Ringnet,Rainbow runner,771.0,4.6
2024,12,6105085,Sri Lanka,Purse seine | Other,Ringnet,Indian scad,771.0,176.4
2024,12,6110060,Sri Lanka,Longline | Fresh,Longline (fresh),Silky shark,281.0,0.4
2024,12,6110060,Sri Lanka,Longline | Fresh,Longline (fresh),Shortfin mako,281.0,0.2
2024,12,6110060,Sri Lanka,Longline | Fresh,Longline (fresh),Great hammerhead,281.0,0.1
2024,12,6110065,Sri Lanka,Longline | Fresh,Longline (fresh),Silky shark,2527.0,0.7
2024,12,6110080,Sri Lanka,Purse seine | Other,Ringnet,Rough triggerfish,1469.0,29.4
2024,12,6110080,Sri Lanka,Purse seine | Other,Ringnet,Rainbow runner,1469.0,3.6
2024,12,6110080,Sri Lanka,Purse seine | Other,Ringnet,Indian scad,1469.0,275.3
2024,12,6115065,Sri Lanka,Longline | Fresh,Longline (fresh),Silky shark,456.0,0.5
2024,12,6120055,I. R. Iran,Gillnet,Gillnet,Common dolphinfish,3070.0,24.0
2024,12,6120060,I. R. Iran,Gillnet,Gillnet,Common dolphinfish,15199.0,352.1
2024,12,6120060,I. R. Iran,Gillnet,Gillnet,Whitecheek shark,15199.0,4.8
2024,12,6120060,I. R. Iran,Gillnet,Gillnet,Spottail shark,15199.0,9.6
2024,12,6120060,I. R. Iran,Gillnet,Gillnet,Silky shark,15199.0,1.0
2024,12,6120060,I. R. Iran,Gillnet,Gillnet,Oceanic whitetip shark,15199.0,0.2
2024,12,6120060,I. R. Iran,Gillnet,Gillnet,Milk shark,15199.0,16.2
2024,12,6120060,I. R. Iran,Gillnet,Gillnet,Shortfin mako,15199.0,0.2
2024,12,6120060,I. R. Iran,Line | Trolling,Troll line,Common dolphinfish,9994.0,93.5
2024,12,6120060,I. R. Iran,Line | Trolling,Troll line,Spottail shark,9994.0,5.6
2024,12,6120060,I. R. Iran,Line | Trolling,Troll line,Milk shark,9994.0,10.4
2024,12,6125045,I. R. Iran,Gillnet,Gillnet,Whitecheek shark,467.0,0.1
2024,12,6125045,I. R. Iran,Gillnet,Gillnet,Spottail shark,467.0,0.2
2024,12,6125045,I. R. Iran,Gillnet,Gillnet,Milk shark,467.0,0.4
2024,12,6125045,I. R. Iran,Line | Trolling,Troll line,Spottail shark,333.0,0.6
2024,12,6125045,I. R. Iran,Line | Trolling,Troll line,Milk shark,333.0,1.1
2024,12,6125050,I. R. Iran,Gillnet,Gillnet,Common dolphinfish,20890.0,10.4
2024,12,6125050,I. R. Iran,Gillnet,Gillnet,Whitecheek shark,20890.0,0.4
2024,12,6125050,I. R. Iran,Gillnet,Gillnet,Spottail shark,20890.0,0.8
2024,12,6125050,I. R. Iran,Gillnet,Gillnet,Milk shark,20890.0,1.5
2024,12,6125050,I. R. Iran,Line | Trolling,Troll line,Common dolphinfish,8650.0,4.3
2024,12,6125050,I. R. Iran,Line | Trolling,Troll line,Spottail shark,8650.0,0.8
2024,12,6125050,I. R. Iran,Line | Trolling,Troll line,Milk shark,8650.0,1.5
2024,12,6125055,I. R. Iran,Gillnet,Gillnet,Common dolphinfish,13092.0,49.7
2024,12,6125055,I. R. Iran,Gillnet,Gillnet,Whitecheek shark,13092.0,1.3
2024,12,6125055,I. R. Iran,Gillnet,Gillnet,Spottail shark,13092.0,2.7
2024,12,6125055,I. R. Iran,Gillnet,Gillnet,Milk shark,13092.0,4.6
2024,12,6125055,I. R. Iran,Line | Trolling,Troll line,Common dolphinfish,7592.0,20.7
2024,12,6125055,I. R. Iran,Line | Trolling,Troll line,Spottail shark,7592.0,2.5
2024,12,6125055,I. R. Iran,Line | Trolling,Troll line,Milk shark,7592.0,4.6
2024,12,6125060,I. R. Iran,Gillnet,Gillnet,Common dolphinfish,1639.0,32.9
2024,12,6125060,I. R. Iran,Gillnet,Gillnet,Whitecheek shark,1639.0,0.2
2024,12,6125060,I. R. Iran,Gillnet,Gillnet,Spottail shark,1639.0,0.5
2024,12,6125060,I. R. Iran,Gillnet,Gillnet,Milk shark,1639.0,0.8
2024,12,6125060,I. R. Iran,Line | Coastal longline,Coastal longline,Common dolphinfish,32545.0037757892,70.1
2024,12,6125060,I. R. Iran,Line | Trolling,Troll line,Common dolphinfish,1665.0,13.8
2024,12,6125060,I. R. Iran,Line | Trolling,Troll line,Spottail shark,1665.0,0.4
2024,12,6125060,I. R. Iran,Line | Trolling,Troll line,Milk shark,1665.0,0.8
2024,12,6200035,Kenya,Gillnet,Gillnet,Common dolphinfish,12000.0,3.37933
2024,12,6200035,Kenya,Line | Coastal longline,Coastal longline,Common dolphinfish,1360.0,0.005
2024,12,6200035,Kenya,Line | Coastal longline,Coastal longline,Great barracuda,1360.0,0.001
2024,12,6200035,Kenya,Line | Coastal longline,Coastal longline,Escolar,1360.0,0.0088
2024,12,6200035,Kenya,Line | Coastal longline,Coastal longline,Blue shark,1360.0,0.4184
2024,12,6200035,Kenya,Line | Coastal longline,Coastal longline,Silky shark,1360.0,0.0474
2024,12,6200035,Kenya,Line | Coastal longline,Coastal longline,Shortfin mako,1360.0,0.0666
2024,12,6200035,Kenya,Line | Handline,Handline,Great barracuda,7750.0,28.8
2024,12,6200035,Kenya,Line | Trolling,Troll line,Great barracuda,1200.0,12.34
2024,12,6200040,Kenya,Gillnet,Gillnet,Common dolphinfish,12000.0,1.6176
2024,12,6200040,Kenya,Line | Coastal longline,Coastal longline,Common dolphinfish,1360.0,0.00333
2024,12,6200040,Kenya,Line | Coastal longline,Coastal longline,Great barracuda,1360.0,0.00067
2024,12,6200040,Kenya,Line | Coastal longline,Coastal longline,Escolar,1360.0,0.00587
2024,12,6200040,Kenya,Line | Coastal longline,Coastal longline,Blue shark,1360.0,0.27893
2024,12,6200040,Kenya,Line | Coastal longline,Coastal longline,Silky shark,1360.0,0.0316
2024,12,6200040,Kenya,Line | Coastal longline,Coastal longline,Shortfin mako,1360.0,0.0444
2024,12,6200040,Kenya,Line | Handline,Handline,Great barracuda,7750.0,19.2
2024,12,6200040,Kenya,Line | Trolling,Troll line,Great barracuda,1200.0,8.22667
2024,12,6200055,Sri Lanka,Longline | Fresh,Longline (fresh),Silky shark,632.0,0.1
2024,12,6200060,Sri Lanka,Longline | Fresh,Longline (fresh),Blue shark,1896.0,0.2
2024,12,6200060,Sri Lanka,Longline | Fresh,Longline (fresh),Silky shark,1896.0,1.3
2024,12,6200060,Sri Lanka,Longline | Fresh,Longline (fresh),Shortfin mako,1896.0,0.1
2024,12,6200060,Sri Lanka,Longline | Fresh,Longline (fresh),Great hammerhead,1896.0,0.1
2024,12,6200065,Sri Lanka,Longline | Fresh,Longline (fresh),Blue shark,2352.0,0.4
2024,12,6200065,Sri Lanka,Longline | Fresh,Longline (fresh),Silky shark,2352.0,0.3
2024,12,6200065,Sri Lanka,Longline | Fresh,Longline (fresh),Shortfin mako,2352.0,0.1
2024,12,6200075,Sri Lanka,Longline | Fresh,Longline (fresh),Blue shark,10881.0,0.1
2024,12,6200080,Sri Lanka,Longline | Fresh,Longline (fresh),Blue shark,1193.0,1.5
2024,12,6200085,Sri Lanka,Longline | Fresh,Longline (fresh),Blue shark,70.0,2.2
2024,12,6205040,Comoros,Line | Coastal longline,Coastal longline,Common dolphinfish,26865.4898038759,5.53282
2024,12,6205040,Comoros,Line | Handline,Handline,Common dolphinfish,10188.1345107172,0.0372
2024,12,6205040,Comoros,Line | Trolling,Troll line,Common dolphinfish,15358.0225164802,15.88503
2024,12,6205040,Comoros,Line | Trolling,Troll line,Silky shark,15358.0225164802,2.36626
2024,12,6205055,Sri Lanka,Longline | Fresh,Longline (fresh),Blue shark,175.0,0.3
2024,12,6205060,Sri Lanka,Longline | Fresh,Longline (fresh),Blue shark,2071.0,0.6
2024,12,6205060,Sri Lanka,Longline | Fresh,Longline (fresh),Silky shark,2071.0,7.4
2024,12,6205060,Sri Lanka,Longline | Fresh,Longline (fresh),Shortfin mako,2071.0,1.1
2024,12,6205060,Sri Lanka,Longline | Fresh,Longline (fresh),Great hammerhead,2071.0,1.4
2024,12,6205065,Sri Lanka,Longline | Fresh,Longline (fresh),Blue shark,3755.0,1.9
2024,12,6205065,Sri Lanka,Longline | Fresh,Longline (fresh),Silky shark,3755.0,0.6
2024,12,6205075,Sri Lanka,Longline | Fresh,Longline (fresh),Blue shark,12355.0,0.6
2024,12,6205075,Sri Lanka,Longline | Fresh,Longline (fresh),Silky shark,12355.0,0.2
